candidate_id,sequence_sha256,length,duplicate_sequence_of,hydrophobic_fraction,cysteine_fraction,literature_status,docking_status,execution_mode,affinity_kcal_mol,contact_residues,contact_atom_pairs,receptor_contract_status,accession_in_historical_827,sequence_in_historical_827,historical_identity_status,historical_sequence_accessions,external_independence,in_historical_827,historical_rank,historical_score,development_set_participation
Q9T0Z9,237c0c8d6d1fc671fe1d6b4fc132154cf7b8044ec87216cbfb35e32c9c2f3c0d,645,,0.3891472868217054,0.0,not_searched,structure_required,not_run_no_structure,,,,requires_review,True,True,accession_and_sequence_match,Q9T0Z9,not_sequence_independent,True,1,0.856763,same_sequence_as_frozen_827
A0A7U4GHF9,3d638b35b546184ac847c1288314396dd0dfb7da01d79fcb31a8d5759bb74eb7,394,,0.41624365482233505,0.005076142131979695,not_searched,structure_required,not_run_no_structure,,,,requires_review,True,True,accession_and_sequence_match,A0A7U4GHF9,not_sequence_independent,True,2,0.607981,same_sequence_as_frozen_827
I7K2S1,31af91cfbc9aa9e674fab1a2bd2b1581405808214a027ab656f63716f9b8f75a,301,,0.42524916943521596,0.009966777408637873,not_searched,structure_required,not_run_no_structure,,,,requires_review,True,True,accession_and_sequence_match,I7K2S1,not_sequence_independent,True,3,0.602209,same_sequence_as_frozen_827
A0A1V0DXW2,d79cea01584a0b61d00656930b19cef1b4a366133d8e8ca7ed6c0f9775600097,249,,0.40963855421686746,0.024096385542168676,not_searched,structure_required,not_run_no_structure,,,,requires_review,True,True,accession_and_sequence_match,A0A1V0DXW2,not_sequence_independent,True,4,0.599320,same_sequence_as_frozen_827
A0AAD2UYA7,4162ecdd071e275c3f9f01dc72a0b5175b5a1e0394dbd5a1cb3340d7fb46b9bc,139,,0.4028776978417266,0.007194244604316547,not_searched,structure_required,not_run_no_structure,,,,requires_review,True,True,accession_and_sequence_match,A0AAD2UYA7,not_sequence_independent,True,5,0.594850,same_sequence_as_frozen_827
S5MLA1,5f5f9211ef028b655d15e9047abd7cb1c6e487af81719a9daa092beac5738a0a,267,,0.3445692883895131,0.0149812734082397,not_searched,structure_required,not_run_no_structure,,,,requires_review,True,True,accession_and_sequence_match,S5MLA1,not_sequence_independent,True,6,0.594084,same_sequence_as_frozen_827
A0A0G2PMU5,699ab633ea6a90a81465b27e99819190b56e586bc629039b6d35f0e2423c6504,479,,0.4321503131524008,0.0041753653444676405,not_searched,structure_required,not_run_no_structure,,,,requires_review,True,True,accession_and_sequence_match,A0A0G2PMU5,not_sequence_independent,True,7,0.593066,same_sequence_as_frozen_827
B3VCL5,f48fac3ae786f3fb38b3fee0e1ac105ab43dc6a80cd288c0463e3d4deed67f40,569,,0.38137082601054484,0.0035149384885764497,not_searched,structure_required,not_run_no_structure,,,,requires_review,True,True,accession_and_sequence_match,B3VCL5,not_sequence_independent,True,8,0.592939,same_sequence_as_frozen_827
Q858J8,b52688302df2559fdf274b7d94dc047f197964ad1e9e2f0a9cfa4c768bc7f388,558,,0.3924731182795699,0.0035842293906810036,not_searched,structure_required,not_run_no_structure,,,,requires_review,True,True,accession_and_sequence_match,Q858J8,not_sequence_independent,True,9,0.592645,same_sequence_as_frozen_827
A0AAE7V5N4,671b0a26d696e9d51ee6847d290c5472f9fabb476cf9b9ed0a08d2e284251307,387,,0.3875968992248062,0.002583979328165375,not_searched,structure_required,not_run_no_structure,,,,requires_review,True,True,accession_and_sequence_match,A0AAE7V5N4,not_sequence_independent,True,10,0.591996,same_sequence_as_frozen_827
A0A6M3G9R6,37276c3a50e79940a814c237c70db0dbb257dbdba752b9d03f0ef451023bf234,249,,0.42971887550200805,0.020080321285140562,not_searched,structure_required,not_run_no_structure,,,,requires_review,True,True,accession_and_sequence_match,A0A6M3G9R6,not_sequence_independent,True,11,0.590372,same_sequence_as_frozen_827
A0A0P0LE96,e92abc0cdf34f2e59b61c8a28763e87d31c64cda99dc6bb5f7299896ad81d52f,637,,0.37990580847723704,0.0015698587127158557,not_searched,structure_required,not_run_no_structure,,,,requires_review,True,True,accession_and_sequence_match,A0A0P0LE96,not_sequence_independent,True,12,0.589310,same_sequence_as_frozen_827
A0A0H3NKM1,f3019dacd9c075b4e0f69b495d859ded7f5894231b202e2fba138c1ce9f6f2a5,387,,0.4082687338501292,0.0,not_searched,structure_required,not_run_no_structure,,,,requires_review,True,True,accession_and_sequence_match,A0A0H3NKM1,not_sequence_independent,True,13,0.588103,same_sequence_as_frozen_827
A0A0U2DXE3,6c8c50932ac02f35aaef97a084d9d364f171171b08a5f71d29587014136b1faa,549,,0.3806921675774135,0.0,not_searched,structure_required,not_run_no_structure,,,,requires_review,True,True,accession_and_sequence_match,A0A0U2DXE3,not_sequence_independent,True,14,0.586512,same_sequence_as_frozen_827
S5M3B5,89e47e574cb0175826eedd63e6981c304334ccda689d988569ca9c40bbb0a060,527,,0.3510436432637571,0.0056925996204933585,not_searched,structure_required,not_run_no_structure,,,,requires_review,True,True,accession_and_sequence_match,S5M3B5,not_sequence_independent,True,15,0.585871,same_sequence_as_frozen_827
A0A7U4GE98,050f48d6bbb1c2af986a6d09cd5207f83b8c12dd65fd07606b21eef83a04f0c2,158,,0.46835443037974683,0.0,not_searched,structure_required,not_run_no_structure,,,,requires_review,True,True,accession_and_sequence_match,A0A7U4GE98,not_sequence_independent,True,16,0.585492,same_sequence_as_frozen_827
A0AAE9FSZ1,1c0cffb89096a4367505ba7d2a130c45a67699827289cac5a4168744a1456253,387,,0.4082687338501292,0.0,not_searched,structure_required,not_run_no_structure,,,,requires_review,True,True,accession_and_sequence_match,A0AAE9FSZ1,not_sequence_independent,True,17,0.585420,same_sequence_as_frozen_827
A0AAE9FUR5,0b0a5d194507b490da99957bc67691e4831ffc6f90bf0a31ab40a0970f3b21a5,452,,0.4247787610619469,0.0022123893805309734,not_searched,structure_required,not_run_no_structure,,,,requires_review,True,True,accession_and_sequence_match,A0AAE9FUR5,not_sequence_independent,True,18,0.582468,same_sequence_as_frozen_827
A0AAT9S6U3,efe60e0c4edc1bce817107f1e953ab39400334b5852696582c6a4c5d8e6cdade,622,,0.3971061093247588,0.003215434083601286,not_searched,structure_required,not_run_no_structure,,,,requires_review,True,True,accession_and_sequence_match,A0AAT9S6U3,not_sequence_independent,True,19,0.582123,same_sequence_as_frozen_827
A0AAX4Q2K6,5e8b50c56777c4991e12e0f2ded55a1099d85ddcbcd4393261c7a87becf9fc6d,115,,0.4,0.008695652173913044,not_searched,structure_required,not_run_no_structure,,,,requires_review,True,True,accession_and_sequence_match,A0AAX4Q2K6;A0AAX4M7A4,not_sequence_independent,True,20,0.579390,same_sequence_as_frozen_827
A0A449C531,2f706398545e9484cf3ab23de0e4d902e5f2983144699b324256cbe738e03593,660,,0.4015151515151515,0.004545454545454545,not_searched,structure_required,not_run_no_structure,,,,requires_review,True,True,accession_and_sequence_match,A0A449C531,not_sequence_independent,True,21,0.574831,same_sequence_as_frozen_827
A0AAE7S353,af70e7c90ab2426588f1267b520d5833a38dc7838ea79ad6b2b98908339c5dee,669,,0.40657698056801195,0.0029895366218236174,not_searched,structure_required,not_run_no_structure,,,,requires_review,True,True,accession_and_sequence_match,A0AAE7S353,not_sequence_independent,True,22,0.572380,same_sequence_as_frozen_827
A0A9P1PWH0,7e60bd943abfc9e1cb1b7e4fae29212ad5b208240d2d771505110ca0ca645295,369,,0.3902439024390244,0.0,not_searched,structure_required,not_run_no_structure,,,,requires_review,True,True,accession_and_sequence_match,A0A9P1PWH0,not_sequence_independent,True,23,0.570609,same_sequence_as_frozen_827
Q858U5,b01cd292eb360577ff4b8238e56e8bb274479e8bdbe6c7f38f2952522f54a612,387,,0.3798449612403101,0.002583979328165375,not_searched,structure_required,not_run_no_structure,,,,requires_review,True,True,accession_and_sequence_match,Q858U5,not_sequence_independent,True,24,0.568694,same_sequence_as_frozen_827
A0A7U4JZS3,2cac81f244e27885be637b43068da76fff60c1cab369ba5833ba5674a22b36ce,210,,0.41904761904761906,0.0,not_searched,structure_required,not_run_no_structure,,,,requires_review,True,True,accession_and_sequence_match,A0A7U4JZS3,not_sequence_independent,True,25,0.568445,same_sequence_as_frozen_827
I7LHK5,a19d5b056f427239366299a89fa3bed3f09f4a6ce19dbbc486db245683ff9805,391,,0.4117647058823529,0.005115089514066497,not_searched,structure_required,not_run_no_structure,,,,requires_review,True,True,accession_and_sequence_match,I7LHK5,not_sequence_independent,True,26,0.568044,same_sequence_as_frozen_827
A0A0H3NZ47,d80697b26d5ffe3b4736b6527e486ccd8cf2312ac98625679b5f5030f7c5bb83,388,,0.4072164948453608,0.0,not_searched,structure_required,not_run_no_structure,,,,requires_review,True,True,accession_and_sequence_match,A0A0H3NZ47,not_sequence_independent,True,27,0.567341,same_sequence_as_frozen_827
A0A449C3Z7,43673ebc598b71fc36926840a497682eff2af35975666ab1aed35ce712cd2865,229,,0.34497816593886466,0.004366812227074236,not_searched,structure_required,not_run_no_structure,,,,requires_review,True,True,accession_and_sequence_match,A0A449C3Z7,not_sequence_independent,True,28,0.567132,same_sequence_as_frozen_827
I7K3G3,0d19a5553db33839e3e9d7f1ca2514c718c0e489dff7097164eecfa3420186d8,669,,0.4319880418535127,0.004484304932735426,not_searched,structure_required,not_run_no_structure,,,,requires_review,True,True,accession_and_sequence_match,I7K3G3,not_sequence_independent,True,29,0.567110,same_sequence_as_frozen_827
A0A449C5Q6,04ac1b6e91280345743e73baf98a13155d5aa5ffce3f68edca46fc3bf7579fe0,260,,0.35384615384615387,0.015384615384615385,not_searched,structure_required,not_run_no_structure,,,,requires_review,True,True,accession_and_sequence_match,A0A449C5Q6,not_sequence_independent,True,30,0.566082,same_sequence_as_frozen_827
I6Q9A1,d80b009022fb672290626551547c1c9dd640ed8b2ce166890938dce88ce4687d,558,,0.3942652329749104,0.0035842293906810036,not_searched,structure_required,not_run_no_structure,,,,requires_review,True,True,accession_and_sequence_match,I6Q9A1,not_sequence_independent,True,31,0.565565,same_sequence_as_frozen_827
A0A7D3UKK9,248fe57028a83e391ef05d43c707513edde6079c1819688a95ad6d8b328826f3,387,,0.3850129198966408,0.002583979328165375,not_searched,structure_required,not_run_no_structure,,,,requires_review,True,True,accession_and_sequence_match,A0A7D3UKK9;A0A7D3UH03,not_sequence_independent,True,32,0.565495,same_sequence_as_frozen_827
A0A449C440,76db5d59aa15d8db44a6c9f68dc6368e96ba22dd46797eea03aa47c29fcfb11a,288,,0.3923611111111111,0.010416666666666666,not_searched,structure_required,not_run_no_structure,,,,requires_review,True,True,accession_and_sequence_match,A0A449C440,not_sequence_independent,True,33,0.565236,same_sequence_as_frozen_827
F4N2J8,29627bbbe8ea7dfe2e35208c062a4d62f00d351d957679077a1167c0ec281378,155,,0.4645161290322581,0.0,not_searched,structure_required,not_run_no_structure,,,,requires_review,True,True,accession_and_sequence_match,F4N2J8,not_sequence_independent,True,34,0.564662,same_sequence_as_frozen_827
A0A449C5Z2,1dd7cfdf14ac10499a242a2a50492f988b9e12532004ff5282369331d697e3ae,288,,0.3923611111111111,0.010416666666666666,not_searched,structure_required,not_run_no_structure,,,,requires_review,True,True,accession_and_sequence_match,A0A449C5Z2,not_sequence_independent,True,35,0.564507,same_sequence_as_frozen_827
F4N729,cd565017b4e6079c3c291738af8dbf2470f107cc115a7a8b4567e32bbe435367,93,,0.41935483870967744,0.010752688172043012,not_searched,structure_required,not_run_no_structure,,,,requires_review,True,True,accession_and_sequence_match,F4N729,not_sequence_independent,True,36,0.564356,same_sequence_as_frozen_827
S5ML14,607ce748a4e1fab093556e28c0e0c90fdef605cf8172eaf0be544952202a513a,660,,0.4015151515151515,0.004545454545454545,not_searched,structure_required,not_run_no_structure,,,,requires_review,True,True,accession_and_sequence_match,S5ML14,not_sequence_independent,True,37,0.563844,same_sequence_as_frozen_827
I7LHJ5,4e6298264c5c9d8277fc76adabec82cca067fc5e5dad4c5bff54a37d0dd7dc9c,219,,0.4018264840182648,0.0,not_searched,structure_required,not_run_no_structure,,,,requires_review,True,True,accession_and_sequence_match,I7LHJ5,not_sequence_independent,True,38,0.563662,same_sequence_as_frozen_827
A0A449C555,d4fca03c0ade8d07aecf959b3e1f22413af38e6613ae461a59c17e209607554e,249,,0.42168674698795183,0.020080321285140562,not_searched,structure_required,not_run_no_structure,,,,requires_review,True,True,accession_and_sequence_match,A0A449C555,not_sequence_independent,True,39,0.563009,same_sequence_as_frozen_827
A0AAE9FQ76,6d9f69b6a2a2d5b21dd2584529617d084247e0a796e02e2a82dca4480ee65042,383,,0.4177545691906005,0.0026109660574412533,not_searched,structure_required,not_run_no_structure,,,,requires_review,True,True,accession_and_sequence_match,A0AAE9FQ76,not_sequence_independent,True,40,0.561838,same_sequence_as_frozen_827
A0A1V0DXT2,4cf9be016acb222c9dd82907ec96196678519449cf00555117b10875c818a327,650,,0.4323076923076923,0.003076923076923077,not_searched,structure_required,not_run_no_structure,,,,requires_review,True,True,accession_and_sequence_match,A0A1V0DXT2,not_sequence_independent,True,41,0.561406,same_sequence_as_frozen_827
I7K324,628e0cfdf66a9ac8811855af973f3e5a7faeaeda92f37c3b328834a7ec1497ca,608,,0.3832236842105263,0.009868421052631578,not_searched,structure_required,not_run_no_structure,,,,requires_review,True,True,accession_and_sequence_match,I7K324,not_sequence_independent,True,42,0.560964,same_sequence_as_frozen_827
A0A0G2PMY8,725a0d6fec836debf2a97c3bc879782b127ba0b7d0db368c536fa10e0f2bc334,302,,0.4602649006622517,0.006622516556291391,not_searched,structure_required,not_run_no_structure,,,,requires_review,True,True,accession_and_sequence_match,A0A0G2PMY8,not_sequence_independent,True,43,0.560227,same_sequence_as_frozen_827
A0A088F649,d04c570455dadb2885ec7beccd299a76d7320d05ac41aa68161a025d3151a77a,648,,0.3904320987654321,0.0015432098765432098,not_searched,structure_required,not_run_no_structure,,,,requires_review,True,True,accession_and_sequence_match,A0A088F649,not_sequence_independent,True,44,0.558317,same_sequence_as_frozen_827
S5M9F2,1b77bafe97676059c7945334f5b2df29004279673d1af9686ce84ae0000d71f3,390,,0.4128205128205128,0.005128205128205128,not_searched,structure_required,not_run_no_structure,,,,requires_review,True,True,accession_and_sequence_match,S5M9F2,not_sequence_independent,True,45,0.557936,same_sequence_as_frozen_827
A0AAE7CTI2,81f52f281797e2a3702f544a73dc81aacaf4a9638add7bc3e6f56900d19e1735,175,,0.4057142857142857,0.0,not_searched,structure_required,not_run_no_structure,,,,requires_review,True,True,accession_and_sequence_match,A0AAE7CTI2,not_sequence_independent,True,46,0.557703,same_sequence_as_frozen_827
A0A0B4ZXE3,3124183e9821df432db7ac3c768868a86e973dbef06e467487b2cb79b378a225,608,,0.3832236842105263,0.009868421052631578,not_searched,structure_required,not_run_no_structure,,,,requires_review,True,True,accession_and_sequence_match,A0A0B4ZXE3,not_sequence_independent,True,47,0.557289,same_sequence_as_frozen_827
A0A0H3NZ57,743e21f9b05dae4a29b622853aea9b32658cf3fdfe77ccae6a2d0c884fee96dc,430,,0.4046511627906977,0.01627906976744186,not_searched,structure_required,not_run_no_structure,,,,requires_review,True,True,accession_and_sequence_match,A0A0H3NZ57;A0A7T9XU34,not_sequence_independent,True,48,0.557146,same_sequence_as_frozen_827
S5MRA5,c60d3696ead8f7842f23b321a2e85f8ae3f9104b6bf012aa89e9c5f9b9c29e51,334,,0.38622754491017963,0.014970059880239521,not_searched,structure_required,not_run_no_structure,,,,requires_review,True,True,accession_and_sequence_match,S5MRA5,not_sequence_independent,True,49,0.556463,same_sequence_as_frozen_827
A0A0B5A4Q9,cfb1b0edf5a228825f7dfae24d63985f58af86415032b76c5abcc0525b434e54,175,,0.4114285714285714,0.017142857142857144,not_searched,structure_required,not_run_no_structure,,,,requires_review,True,True,accession_and_sequence_match,A0A0B5A4Q9,not_sequence_independent,True,50,0.555314,same_sequence_as_frozen_827
A0A3B8DLH1,9c3da55da037d84892cdd5db6064e19c91cdb3333519a4cafea9423840f828a8,288,,0.3958333333333333,0.010416666666666666,not_searched,structure_required,not_run_no_structure,,,,requires_review,True,True,accession_and_sequence_match,A0A3B8DLH1,not_sequence_independent,True,51,0.555214,same_sequence_as_frozen_827
A0A449C3U4,79f68b4c624ff7b2110c55de3605bd682d1957a8c6a6caaf7813391e44ea1321,334,,0.38023952095808383,0.014970059880239521,not_searched,structure_required,not_run_no_structure,,,,requires_review,True,True,accession_and_sequence_match,A0A449C3U4,not_sequence_independent,True,52,0.555182,same_sequence_as_frozen_827
A0AAX4Q199,05ca9265f46ef736acf4f89b5bf4cec2148b16c56c4ee13605d4fae053b874c1,389,,0.38046272493573263,0.0,not_searched,structure_required,not_run_no_structure,,,,requires_review,True,True,accession_and_sequence_match,A0AAX4Q199;A0AAX4M766,not_sequence_independent,True,53,0.554484,same_sequence_as_frozen_827
A0A6M3GA37,2c217471858defdc752c220402df9ee8d3451f1b257cab61c1ca7b0e9e732dfc,219,,0.4155251141552511,0.0,not_searched,structure_required,not_run_no_structure,,,,requires_review,True,True,accession_and_sequence_match,A0A6M3GA37,not_sequence_independent,True,54,0.554394,same_sequence_as_frozen_827
A0A1V0DXR7,c030ff42fc3bbff5f22656d93eb4a73fdf681a74e48dd6cdcbb089d3dbf2953b,314,,0.3885350318471338,0.01592356687898089,not_searched,structure_required,not_run_no_structure,,,,requires_review,True,True,accession_and_sequence_match,A0A1V0DXR7,not_sequence_independent,True,55,0.554173,same_sequence_as_frozen_827
A0A0G2PMU8,5064f6fcec4467f4c520f81f523bede6bcb7c74c31d38b22320b5989adc258f2,116,,0.41379310344827586,0.0,not_searched,structure_required,not_run_no_structure,,,,requires_review,True,True,accession_and_sequence_match,A0A0G2PMU8,not_sequence_independent,True,56,0.553840,same_sequence_as_frozen_827
A0AAE9JYJ2,120f3af6759a264e52478235dfbaa81810e5f380065545658e80af9f323aabd8,386,,0.4015544041450777,0.0,not_searched,structure_required,not_run_no_structure,,,,requires_review,True,True,accession_and_sequence_match,A0AAE9JYJ2,not_sequence_independent,True,57,0.553770,same_sequence_as_frozen_827
I7J474,ffe762bf42609b725c0518ff6f72a43197722791892ee8fc63033e80c2d6664e,364,,0.3708791208791209,0.0027472527472527475,not_searched,structure_required,not_run_no_structure,,,,requires_review,True,True,accession_and_sequence_match,I7J474;S5MRE6,not_sequence_independent,True,58,0.553753,same_sequence_as_frozen_827
I7KR83,df2d099338d5c31a67515047bc0a21c189f8f9fb36971df1ceade94dc69581f6,288,,0.4270833333333333,0.006944444444444444,not_searched,structure_required,not_run_no_structure,,,,requires_review,True,True,accession_and_sequence_match,I7KR83,not_sequence_independent,True,59,0.553015,same_sequence_as_frozen_827
A0ZXG5,d014e9f121fd72e570d570d0bbf9b3c8d0cabe55c16ac46ecd2105b4d7fe782e,569,,0.38137082601054484,0.0035149384885764497,not_searched,structure_required,not_run_no_structure,,,,requires_review,True,True,accession_and_sequence_match,A0ZXG5,not_sequence_independent,True,60,0.553007,same_sequence_as_frozen_827
A0A449C435,672a53ea2d2286f730ed76d4c5f08b2e1b959fc130853cd00fa68ccd6956630e,196,,0.45408163265306123,0.00510204081632653,not_searched,structure_required,not_run_no_structure,,,,requires_review,True,True,accession_and_sequence_match,A0A449C435,not_sequence_independent,True,61,0.551842,same_sequence_as_frozen_827
A0A7U4K0B3,b5b44457b38e48f8f34693faee6ae52e118267f4a60339edf4a9bcda19bb25fb,155,,0.4645161290322581,0.0,not_searched,structure_required,not_run_no_structure,,,,requires_review,True,True,accession_and_sequence_match,A0A7U4K0B3,not_sequence_independent,True,62,0.551361,same_sequence_as_frozen_827
A0AAE9FRM6,4e190b980574b21f7a969d040dd80de5b0f6af2dca0924009fba2fb2e3a0d51c,391,,0.44501278772378516,0.0025575447570332483,not_searched,structure_required,not_run_no_structure,,,,requires_review,True,True,accession_and_sequence_match,A0AAE9FRM6,not_sequence_independent,True,63,0.551334,same_sequence_as_frozen_827
A0AAE7PDX0,f714de0ba23f8323ef126203da7cc2f5d44e81f44385fa6f1eaea034037fc583,384,,0.3802083333333333,0.013020833333333334,not_searched,structure_required,not_run_no_structure,,,,requires_review,True,True,accession_and_sequence_match,A0AAE7PDX0,not_sequence_independent,True,64,0.551201,same_sequence_as_frozen_827
A0A2C9CXH4,9909ec758661fd1e45d2c2fc8bb7ec113883ceded26712a7cc0d7a10b92aa7e4,291,,0.39862542955326463,0.024054982817869417,not_searched,structure_required,not_run_no_structure,,,,requires_review,True,True,accession_and_sequence_match,A0A2C9CXH4;A0A2C9CYF4,not_sequence_independent,True,65,0.551017,same_sequence_as_frozen_827
A0A7D3UH03,248fe57028a83e391ef05d43c707513edde6079c1819688a95ad6d8b328826f3,387,A0A7D3UKK9,0.3850129198966408,0.002583979328165375,not_searched,structure_required,not_run_no_structure,,,,requires_review,True,True,accession_and_sequence_match,A0A7D3UKK9;A0A7D3UH03,not_sequence_independent,True,66,0.550893,same_sequence_as_frozen_827
A0AA51VH76,48b98c90c4a18ffd2a09e4f6ff16cf2dcfeab9427f82fbca6470ed42415c2227,559,,0.37924865831842575,0.0035778175313059034,not_searched,structure_required,not_run_no_structure,,,,requires_review,True,True,accession_and_sequence_match,A0AA51VH76,not_sequence_independent,True,67,0.550719,same_sequence_as_frozen_827
A0A2H1UJ87,22a1d747511f18cc857c257a7ce53920f6125862962fcad60dc7f0d89058f2dd,520,,0.375,0.0019230769230769232,not_searched,structure_required,not_run_no_structure,,,,requires_review,True,True,accession_and_sequence_match,A0A2H1UJ87;A0A2D0PDR4;A0A2H1UJ90,not_sequence_independent,True,68,0.550419,same_sequence_as_frozen_827
A0A449C528,ba66f857772480b5cf0b8efdd5551124bbe5f4f238a153f0667abcc4fd5cbe94,288,,0.3888888888888889,0.010416666666666666,not_searched,structure_required,not_run_no_structure,,,,requires_review,True,True,accession_and_sequence_match,A0A449C528,not_sequence_independent,True,69,0.550334,same_sequence_as_frozen_827
A0A6M3GA49,159abe8f58dd77d29862503519a2c442aece6f10cf05df0aecd3b00188ec4c46,660,,0.403030303030303,0.004545454545454545,not_searched,structure_required,not_run_no_structure,,,,requires_review,True,True,accession_and_sequence_match,A0A6M3GA49,not_sequence_independent,True,70,0.550267,same_sequence_as_frozen_827
A0A1V0DXD5,daf6db49e9a1364fd6ffad5eac8abdb1f89f7c8a4a1d254396500802750b9915,289,,0.3944636678200692,0.0034602076124567475,not_searched,structure_required,not_run_no_structure,,,,requires_review,True,True,accession_and_sequence_match,A0A1V0DXD5,not_sequence_independent,True,71,0.550246,same_sequence_as_frozen_827
A0A3B8DLJ2,6f4d5e0334002805ace884c84d06ad49b30fb72006e758c002e1a9240ababea8,219,,0.4155251141552511,0.0,not_searched,structure_required,not_run_no_structure,,,,requires_review,True,True,accession_and_sequence_match,A0A3B8DLJ2;A0A449C3S4,not_sequence_independent,True,72,0.550044,same_sequence_as_frozen_827
A0AAE7PDK2,7bcf2e151a6f658f0221f3377dccc250e6b3d07e723801d6ca576983f0d61113,176,,0.36363636363636365,0.017045454545454544,not_searched,structure_required,not_run_no_structure,,,,requires_review,True,True,accession_and_sequence_match,A0AAE7PDK2,not_sequence_independent,True,73,0.549229,same_sequence_as_frozen_827
F4N728,7d445189e2f584bbf2b94cc19513900eb235811ee122d8ef1382265cb26bd03e,160,,0.425,0.01875,not_searched,structure_required,not_run_no_structure,,,,requires_review,True,True,accession_and_sequence_match,F4N728,not_sequence_independent,True,74,0.549019,same_sequence_as_frozen_827
A0AAE9JVZ5,b9eb1d0ea2da37f8418fe2f839432f3c245324d01d42848e49252746b353315e,363,,0.36639118457300274,0.0,not_searched,structure_required,not_run_no_structure,,,,requires_review,True,True,accession_and_sequence_match,A0AAE9JVZ5,not_sequence_independent,True,75,0.548762,same_sequence_as_frozen_827
A0A449C5C7,1b0b186f668edacaa8e8fb4cde25f22ca7559860a0c6bba59938608e5d16ce1b,334,,0.38622754491017963,0.014970059880239521,not_searched,structure_required,not_run_no_structure,,,,requires_review,True,True,accession_and_sequence_match,A0A449C5C7,not_sequence_independent,True,76,0.548731,same_sequence_as_frozen_827
I7LH81,bf33fb7cbbaf7ab3fc2b3401420bd3e4ec7f934fe0d20cfdb66b18a78373ff72,334,,0.38922155688622756,0.014970059880239521,not_searched,structure_required,not_run_no_structure,,,,requires_review,True,True,accession_and_sequence_match,I7LH81,not_sequence_independent,True,77,0.548722,same_sequence_as_frozen_827
A0A1V0DXT5,b2e413efadfc3a1db0e2cd185f6dee8de7b5ced2172e482a058312b4a3b34f4c,224,,0.39732142857142855,0.0,not_searched,structure_required,not_run_no_structure,,,,requires_review,True,True,accession_and_sequence_match,A0A1V0DXT5,not_sequence_independent,True,78,0.548588,same_sequence_as_frozen_827
A0A6M3G969,1430accbc644ca24791119775a93a23100d06bf79301b5d3efa07f8129fdcf46,239,,0.4309623430962343,0.03347280334728033,not_searched,structure_required,not_run_no_structure,,,,requires_review,True,True,accession_and_sequence_match,A0A6M3G969,not_sequence_independent,True,79,0.548237,same_sequence_as_frozen_827
A0AAX4Q2X2,f7a5e3b1382a78cd7009fb060e41c99cfe086efbb2623b0a6d3e24265f531240,302,,0.4271523178807947,0.006622516556291391,not_searched,structure_required,not_run_no_structure,,,,requires_review,True,True,accession_and_sequence_match,A0AAX4Q2X2,not_sequence_independent,True,80,0.547988,same_sequence_as_frozen_827
A0A2D0PE70,4014be7c3ef4e103e5b9829fd014cbcfaf85532cd94d88bf1df5ab2ef9fd4468,520,,0.3769230769230769,0.0019230769230769232,not_searched,structure_required,not_run_no_structure,,,,requires_review,True,True,accession_and_sequence_match,A0A2D0PE70,not_sequence_independent,True,81,0.547392,same_sequence_as_frozen_827
A0A0H3NU58,191db7b8b8722060d46efe82c9dbaea1d1c045e403e1236214d89e958bbeb7ba,302,,0.4503311258278146,0.006622516556291391,not_searched,structure_required,not_run_no_structure,,,,requires_review,True,True,accession_and_sequence_match,A0A0H3NU58;A0A7T9XU25,not_sequence_independent,True,82,0.546590,same_sequence_as_frozen_827
A0A449C3S4,6f4d5e0334002805ace884c84d06ad49b30fb72006e758c002e1a9240ababea8,219,A0A3B8DLJ2,0.4155251141552511,0.0,not_searched,structure_required,not_run_no_structure,,,,requires_review,True,True,accession_and_sequence_match,A0A3B8DLJ2;A0A449C3S4,not_sequence_independent,True,83,0.546548,same_sequence_as_frozen_827
S5MRE6,ffe762bf42609b725c0518ff6f72a43197722791892ee8fc63033e80c2d6664e,364,I7J474,0.3708791208791209,0.0027472527472527475,not_searched,structure_required,not_run_no_structure,,,,requires_review,True,True,accession_and_sequence_match,I7J474;S5MRE6,not_sequence_independent,True,84,0.546476,same_sequence_as_frozen_827
A0A3B8DL31,2a666ca6318f09aa43a03334b79128df3a18f9c0c6069f1512bdd1c7786c7019,216,,0.3611111111111111,0.0,not_searched,structure_required,not_run_no_structure,,,,requires_review,True,True,accession_and_sequence_match,A0A3B8DL31,not_sequence_independent,True,85,0.546421,same_sequence_as_frozen_827
A0AA86IWK5,2f400e1a1324d766d1e42dff8725a8a32b9d6118187d7d6db69e34e5481bd2b1,224,,0.39732142857142855,0.0,not_searched,structure_required,not_run_no_structure,,,,requires_review,True,True,accession_and_sequence_match,A0AA86IWK5,not_sequence_independent,True,86,0.546154,same_sequence_as_frozen_827
I7J3W0,84a2d81af953409da4c8b8cd4640fcc620f99bd9193b2cf0a6e07d4f0bc0ff66,285,,0.3929824561403509,0.007017543859649123,not_searched,structure_required,not_run_no_structure,,,,requires_review,True,True,accession_and_sequence_match,I7J3W0,not_sequence_independent,True,87,0.546077,same_sequence_as_frozen_827
A0A0B5A4J3,d6f9008ad57bfacf5d573b0f63e7921cca64d6de7dfe858373e11a248d8a4276,288,,0.4236111111111111,0.006944444444444444,not_searched,structure_required,not_run_no_structure,,,,requires_review,True,True,accession_and_sequence_match,A0A0B5A4J3,not_sequence_independent,True,88,0.544643,same_sequence_as_frozen_827
A0A449C6D2,b5711a30bdef7d5d69cab4168d5ec50d2c9609e387af6ea87afa33618e04aa6a,364,,0.3708791208791209,0.0027472527472527475,not_searched,structure_required,not_run_no_structure,,,,requires_review,True,True,accession_and_sequence_match,A0A449C6D2,not_sequence_independent,True,89,0.544182,same_sequence_as_frozen_827
A0A0B5A2V7,13a994adaf0ac733e77d8603838499fdde843f7b52f701672b297c2aaa943672,379,,0.42480211081794195,0.002638522427440633,not_searched,structure_required,not_run_no_structure,,,,requires_review,True,True,accession_and_sequence_match,A0A0B5A2V7,not_sequence_independent,True,90,0.543767,same_sequence_as_frozen_827
A0A449C638,2b68d55f296d4d1e2d84608f1b51b0dd61472867144c16719f63cadf298afb42,391,,0.4117647058823529,0.005115089514066497,not_searched,structure_required,not_run_no_structure,,,,requires_review,True,True,accession_and_sequence_match,A0A449C638,not_sequence_independent,True,91,0.543410,same_sequence_as_frozen_827
A0A449C6B7,604fafc01e6d46e56cdf010248900fb8da594177d1da207abf2e2312ef0a0ec0,249,,0.41767068273092367,0.020080321285140562,not_searched,structure_required,not_run_no_structure,,,,requires_review,True,True,accession_and_sequence_match,A0A449C6B7,not_sequence_independent,True,92,0.543227,same_sequence_as_frozen_827
A0A6M3G916,3cac0b6d3f7228ede3995a3a979b8bd912b056ba6c5378c2f8d6324af2410d67,288,,0.3888888888888889,0.010416666666666666,not_searched,structure_required,not_run_no_structure,,,,requires_review,True,True,accession_and_sequence_match,A0A6M3G916,not_sequence_independent,True,93,0.542840,same_sequence_as_frozen_827
S5M3A7,11d1ee65f34fefbfb32c941afbebe2e337e4f98f35e6fbcade45dafdc0a61c9a,196,,0.45408163265306123,0.00510204081632653,not_searched,structure_required,not_run_no_structure,,,,requires_review,True,True,accession_and_sequence_match,S5M3A7,not_sequence_independent,True,94,0.542790,same_sequence_as_frozen_827
I7K354,c9164f21de26e79a3b697a2e2946ae15424510e9a3cc10d01ea8ee2a0703418f,348,,0.3793103448275862,0.0028735632183908046,not_searched,structure_required,not_run_no_structure,,,,requires_review,True,True,accession_and_sequence_match,I7K354,not_sequence_independent,True,95,0.542149,same_sequence_as_frozen_827
A0A7D3QKX7,37d84f894940dacef7e744931fff795f60fa1b51dc3b7634d121eaf6f12106d6,387,,0.3850129198966408,0.002583979328165375,not_searched,structure_required,not_run_no_structure,,,,requires_review,True,True,accession_and_sequence_match,A0A7D3QKX7,not_sequence_independent,True,96,0.540865,same_sequence_as_frozen_827
A0A449C4D0,6ed67736947b06c5b3c9499057e4c50c0a734de342012f26c6a5e68dc89fa5d3,259,,0.3474903474903475,0.007722007722007722,not_searched,structure_required,not_run_no_structure,,,,requires_review,True,True,accession_and_sequence_match,A0A449C4D0,not_sequence_independent,True,97,0.540580,same_sequence_as_frozen_827
A0A7D3V1W8,7616c3d1d09ec787d4b14966d1f37c17dde8551ad938d52d7b2cf02e9ca7596a,302,,0.45364238410596025,0.009933774834437087,not_searched,structure_required,not_run_no_structure,,,,requires_review,True,True,accession_and_sequence_match,A0A7D3V1W8,not_sequence_independent,True,98,0.540304,same_sequence_as_frozen_827
A0A0B5A2N3,dfdceecd033f31b8485385a05a5a2d2364c7cd6621adb0b42f30e844fa58aa6d,249,,0.40963855421686746,0.024096385542168676,not_searched,structure_required,not_run_no_structure,,,,requires_review,True,True,accession_and_sequence_match,A0A0B5A2N3,not_sequence_independent,True,99,0.540085,same_sequence_as_frozen_827
A0A449C3T4,c76f1f618c3b18e6c12ee56277b0d825fb9565f654d947db1eb98c3a3002d0ae,249,,0.42971887550200805,0.020080321285140562,not_searched,structure_required,not_run_no_structure,,,,requires_review,True,True,accession_and_sequence_match,A0A449C3T4,not_sequence_independent,True,100,0.540035,same_sequence_as_frozen_827
A0AAX4M7A4,5e8b50c56777c4991e12e0f2ded55a1099d85ddcbcd4393261c7a87becf9fc6d,115,A0AAX4Q2K6,0.4,0.008695652173913044,not_searched,structure_required,not_run_no_structure,,,,requires_review,True,True,accession_and_sequence_match,A0AAX4Q2K6;A0AAX4M7A4,not_sequence_independent,True,101,0.540031,same_sequence_as_frozen_827
A0AAX4Q2U9,2b6b20df2e215a9f284c803201b39ff8ada378ee3dd5803de9d9b84c0d8ea4ee,206,,0.4174757281553398,0.0,not_searched,structure_required,not_run_no_structure,,,,requires_review,True,True,accession_and_sequence_match,A0AAX4Q2U9;A0AAX4M771,not_sequence_independent,True,102,0.539675,same_sequence_as_frozen_827
A0AAD2UWV2,f299fa7ed782e1725c2f71977ea15791de52632e1f9574beb589951bcfd8df78,466,,0.4334763948497854,0.008583690987124463,not_searched,structure_required,not_run_no_structure,,,,requires_review,True,True,accession_and_sequence_match,A0AAD2UWV2,not_sequence_independent,True,103,0.539347,same_sequence_as_frozen_827
A0A0H3NZ59,5de49a2fb62ad509b5a473cc5b1416941405bc94957fb03292741fef8c212031,211,,0.41232227488151657,0.014218009478672985,not_searched,structure_required,not_run_no_structure,,,,requires_review,True,True,accession_and_sequence_match,A0A0H3NZ59;A0A7U0AV15,not_sequence_independent,True,104,0.539163,same_sequence_as_frozen_827
I7KRU3,64d7db01e5833bafd37f2de4275733855e76a9e2aae78f852eb267f23a69611a,177,,0.4350282485875706,0.01694915254237288,not_searched,structure_required,not_run_no_structure,,,,requires_review,True,True,accession_and_sequence_match,I7KRU3;S5ML49,not_sequence_independent,True,105,0.539061,same_sequence_as_frozen_827
A0A7D3QQ81,76793b46462363d4eb0761e439fb1c621183e49a1db33d14ceb2ad8d01fb93b0,211,,0.3696682464454976,0.014218009478672985,not_searched,structure_required,not_run_no_structure,,,,requires_review,True,True,accession_and_sequence_match,A0A7D3QQ81,not_sequence_independent,True,106,0.538787,same_sequence_as_frozen_827
A0AAE7V728,a6fe5d52340c5a57d05a56c55aeb55c687b87310ac95ad2a07998f375a7ba375,302,,0.4503311258278146,0.009933774834437087,not_searched,structure_required,not_run_no_structure,,,,requires_review,True,True,accession_and_sequence_match,A0AAE7V728;A0A7D3QJ92,not_sequence_independent,True,107,0.538631,same_sequence_as_frozen_827
A0AAE9FLD0,52d34f1c06f30f4dbb6e8b7001331436c3ed5ada0df578664ac638f4e44457dd,116,,0.43103448275862066,0.0,not_searched,structure_required,not_run_no_structure,,,,requires_review,True,True,accession_and_sequence_match,A0AAE9FLD0,not_sequence_independent,True,108,0.538442,same_sequence_as_frozen_827
A0A1V0DXX1,bf5377f39d746d87923e0251031d936895e578712b3f959c6c4870ec084b5c2a,348,,0.3793103448275862,0.0028735632183908046,not_searched,structure_required,not_run_no_structure,,,,requires_review,True,True,accession_and_sequence_match,A0A1V0DXX1,not_sequence_independent,True,109,0.538002,same_sequence_as_frozen_827
A0AAX4M7M8,570c57ee973c818abad8db422772b26d47c18018c9d560524b5f1f11b911ec87,211,,0.3791469194312796,0.009478672985781991,not_searched,structure_required,not_run_no_structure,,,,requires_review,True,True,accession_and_sequence_match,A0AAX4M7M8;A0AAX4Q195,not_sequence_independent,True,110,0.537890,same_sequence_as_frozen_827
A0A7T9XU25,191db7b8b8722060d46efe82c9dbaea1d1c045e403e1236214d89e958bbeb7ba,302,A0A0H3NU58,0.4503311258278146,0.006622516556291391,not_searched,structure_required,not_run_no_structure,,,,requires_review,True,True,accession_and_sequence_match,A0A0H3NU58;A0A7T9XU25,not_sequence_independent,True,111,0.537662,same_sequence_as_frozen_827
A0A449C5D9,bae6fd3db6f25329d4979da4bb796f665d2c665ba887884ddaf139ecbc6896ac,208,,0.4182692307692308,0.03365384615384615,not_searched,structure_required,not_run_no_structure,,,,requires_review,True,True,accession_and_sequence_match,A0A449C5D9,not_sequence_independent,True,112,0.537211,same_sequence_as_frozen_827
A0A0H3NP24,a4cee65edf974d29704d4033c0d45743b8866df476d9a20379e7c2ece003a66c,118,,0.3898305084745763,0.0,not_searched,structure_required,not_run_no_structure,,,,requires_review,True,True,accession_and_sequence_match,A0A0H3NP24,not_sequence_independent,True,113,0.537075,same_sequence_as_frozen_827
A0A3B8DLI7,5d5b7750033ad263a3aa2ed64e714dba04a2047b05c665d2a4bc7f684c73d56b,196,,0.44387755102040816,0.00510204081632653,not_searched,structure_required,not_run_no_structure,,,,requires_review,True,True,accession_and_sequence_match,A0A3B8DLI7;A0A449C4X7,not_sequence_independent,True,114,0.536984,same_sequence_as_frozen_827
A0A1V0DXS1,8caed1e0fcd0e449c2307832d0f793e4ca68f1ea4a7dfcc2add3c720dbe1a07e,288,,0.4340277777777778,0.006944444444444444,not_searched,structure_required,not_run_no_structure,,,,requires_review,True,True,accession_and_sequence_match,A0A1V0DXS1,not_sequence_independent,True,115,0.536501,same_sequence_as_frozen_827
A0A2D0PCZ8,42b7940564c3a76c8aad97e622d31ef2672faef474ee997e61e217dbce5ad95c,520,,0.375,0.0019230769230769232,not_searched,structure_required,not_run_no_structure,,,,requires_review,True,True,accession_and_sequence_match,A0A2D0PCZ8,not_sequence_independent,True,116,0.536223,same_sequence_as_frozen_827
A0A449C3Q1,afbdf08bf9ae46d9808227a8aaff04d36766f904139a7ad979e273d68faa4561,601,,0.3577371048252912,0.008319467554076539,not_searched,structure_required,not_run_no_structure,,,,requires_review,True,True,accession_and_sequence_match,A0A449C3Q1,not_sequence_independent,True,117,0.536072,same_sequence_as_frozen_827
A0A2D0PE10,97f3b942e418373182d31829cfc9876c343c50ee8319fbc06cde831c269f5517,520,,0.375,0.0019230769230769232,not_searched,structure_required,not_run_no_structure,,,,requires_review,True,True,accession_and_sequence_match,A0A2D0PE10;A0A2D0PDX6;A0A2D0PDA0,not_sequence_independent,True,118,0.536000,same_sequence_as_frozen_827
A0A0H3NSE3,de51f72fcd0a7b57a19fdddbbb91e108a30a5784d6eef99d60ce590dea589b63,380,,0.4105263157894737,0.002631578947368421,not_searched,structure_required,not_run_no_structure,,,,requires_review,True,True,accession_and_sequence_match,A0A0H3NSE3;A0A7T9XT11,not_sequence_independent,True,119,0.535494,same_sequence_as_frozen_827
A0A2H1X991,d4ae2b2bf8d1578d1ba198657f5d83dd344df5c251d8dd0f528a1ffc4372ae9d,520,,0.3730769230769231,0.0019230769230769232,not_searched,structure_required,not_run_no_structure,,,,requires_review,True,True,accession_and_sequence_match,A0A2H1X991;A0A2H1X986,not_sequence_independent,True,120,0.535354,same_sequence_as_frozen_827
A0A6M3G8D1,9dba963c0baa1e6cf75240c57d05a6956ba62d98ab81a625a6945eba9088847a,277,,0.35379061371841153,0.01444043321299639,not_searched,structure_required,not_run_no_structure,,,,requires_review,True,True,accession_and_sequence_match,A0A6M3G8D1,not_sequence_independent,True,121,0.535013,same_sequence_as_frozen_827
A0AAE6YPH1,2325979ebe64609469ac80b608e7fab5db22dac80087bb1e3ab048e29b929428,211,,0.3744075829383886,0.014218009478672985,not_searched,structure_required,not_run_no_structure,,,,requires_review,True,True,accession_and_sequence_match,A0AAE6YPH1,not_sequence_independent,True,122,0.534840,same_sequence_as_frozen_827
A0AAE9FRR2,624883a43a9af2916499320bb99ba9a9dba65532f2574368c79ee7bed37df5f4,213,,0.38497652582159625,0.014084507042253521,not_searched,structure_required,not_run_no_structure,,,,requires_review,True,True,accession_and_sequence_match,A0AAE9FRR2,not_sequence_independent,True,123,0.534695,same_sequence_as_frozen_827
A0AA51VJM6,21197d950550b65d549b9fafb9ea88e87832054d8f3e1fd6eaa53cc0283732ac,520,,0.37115384615384617,0.0,not_searched,structure_required,not_run_no_structure,,,,requires_review,True,True,accession_and_sequence_match,A0AA51VJM6,not_sequence_independent,True,124,0.534592,same_sequence_as_frozen_827
A0AAE9FQ04,b8b2f611a634980d1cff63e95dcf9a5e7dcf53bbf397cc0a5540407b7678aae9,213,,0.38497652582159625,0.014084507042253521,not_searched,structure_required,not_run_no_structure,,,,requires_review,True,True,accession_and_sequence_match,A0AAE9FQ04,not_sequence_independent,True,125,0.534506,same_sequence_as_frozen_827
A0A6M3G876,95bb9a672489a22e56cff332af0c30826906311efdca1802c73b5ad29ede7eb0,364,,0.3708791208791209,0.0027472527472527475,not_searched,structure_required,not_run_no_structure,,,,requires_review,True,True,accession_and_sequence_match,A0A6M3G876,not_sequence_independent,True,126,0.534470,same_sequence_as_frozen_827
S5M7B3,119d81a92e10a9d426e4f0495a3b5ce9ca5e2e9f1a9e8328a128c30783fa35ec,288,,0.3958333333333333,0.010416666666666666,not_searched,structure_required,not_run_no_structure,,,,requires_review,True,True,accession_and_sequence_match,S5M7B3,not_sequence_independent,True,127,0.533819,same_sequence_as_frozen_827
A0A449C608,ba884122d5ed51a18ed327a97db07630235737c505b603afc8c0465312d59e57,196,,0.4489795918367347,0.00510204081632653,not_searched,structure_required,not_run_no_structure,,,,requires_review,True,True,accession_and_sequence_match,A0A449C608,not_sequence_independent,True,128,0.533714,same_sequence_as_frozen_827
A0A7D3QML5,187cfb9b158b55a76f889adbc16793d9b530a504e87bdcf9793e349d0b4d90b9,302,,0.4470198675496689,0.009933774834437087,not_searched,structure_required,not_run_no_structure,,,,requires_review,True,True,accession_and_sequence_match,A0A7D3QML5,not_sequence_independent,True,129,0.533683,same_sequence_as_frozen_827
A0AAX4Q195,570c57ee973c818abad8db422772b26d47c18018c9d560524b5f1f11b911ec87,211,A0AAX4M7M8,0.3791469194312796,0.009478672985781991,not_searched,structure_required,not_run_no_structure,,,,requires_review,True,True,accession_and_sequence_match,A0AAX4M7M8;A0AAX4Q195,not_sequence_independent,True,130,0.533097,same_sequence_as_frozen_827
A0A0B4ZZM3,823b1b8413611300b2f374e8c5ac5cd3714d1a57f10290650d352aa6f3ba8434,207,,0.45410628019323673,0.033816425120772944,not_searched,structure_required,not_run_no_structure,,,,requires_review,True,True,accession_and_sequence_match,A0A0B4ZZM3,not_sequence_independent,True,131,0.532897,same_sequence_as_frozen_827
A0A449C619,31a37b1ae224065605ec42ef824000753eced9711ed97fbbb417b69346df2497,219,,0.410958904109589,0.0,not_searched,structure_required,not_run_no_structure,,,,requires_review,True,True,accession_and_sequence_match,A0A449C619,not_sequence_independent,True,132,0.532666,same_sequence_as_frozen_827
I7LH90,1d6f911d919b2347d4e9674691083d6ad88ae7dcae94bd5a5f4d6b790ee41279,174,,0.43103448275862066,0.0,not_searched,structure_required,not_run_no_structure,,,,requires_review,True,True,accession_and_sequence_match,I7LH90,not_sequence_independent,True,133,0.532644,same_sequence_as_frozen_827
A0AAE9FKC7,2432a28d9e879530129845ebd860ff87f83e33e37c662dc6fee12a8fff580d68,211,,0.4075829383886256,0.014218009478672985,not_searched,structure_required,not_run_no_structure,,,,requires_review,True,True,accession_and_sequence_match,A0AAE9FKC7,not_sequence_independent,True,134,0.532401,same_sequence_as_frozen_827
A1JNF1,9c66f70e15ca6cede90a2218d2dba89b3ed09b0f77b34accccea8ab4182f513b,215,,0.3813953488372093,0.013953488372093023,not_searched,structure_required,not_run_no_structure,,,,requires_review,True,True,accession_and_sequence_match,A1JNF1,not_sequence_independent,True,135,0.531330,same_sequence_as_frozen_827
A0A7D3QJ92,a6fe5d52340c5a57d05a56c55aeb55c687b87310ac95ad2a07998f375a7ba375,302,A0AAE7V728,0.4503311258278146,0.009933774834437087,not_searched,structure_required,not_run_no_structure,,,,requires_review,True,True,accession_and_sequence_match,A0AAE7V728;A0A7D3QJ92,not_sequence_independent,True,136,0.530840,same_sequence_as_frozen_827
A0A6M3G874,2d36abcb71cc025212b6015e8d6bf8dbd6ae205a2de558fa28dd145958fa86ee,391,,0.4117647058823529,0.005115089514066497,not_searched,structure_required,not_run_no_structure,,,,requires_review,True,True,accession_and_sequence_match,A0A6M3G874,not_sequence_independent,True,137,0.530496,same_sequence_as_frozen_827
S5ML49,64d7db01e5833bafd37f2de4275733855e76a9e2aae78f852eb267f23a69611a,177,I7KRU3,0.4350282485875706,0.01694915254237288,not_searched,structure_required,not_run_no_structure,,,,requires_review,True,True,accession_and_sequence_match,I7KRU3;S5ML49,not_sequence_independent,True,138,0.530145,same_sequence_as_frozen_827
A0A449C567,b8184f85824c98c4fd1318525a0bafb6291ee360c42b2a79267d83f7cdc59a15,391,,0.4117647058823529,0.005115089514066497,not_searched,structure_required,not_run_no_structure,,,,requires_review,True,True,accession_and_sequence_match,A0A449C567,not_sequence_independent,True,139,0.529901,same_sequence_as_frozen_827
A0AAE6YNJ4,99436ee727b518996af5a9730251574483dbf317659a66901ff9bf0b00551ab8,302,,0.45364238410596025,0.009933774834437087,not_searched,structure_required,not_run_no_structure,,,,requires_review,True,True,accession_and_sequence_match,A0AAE6YNJ4,not_sequence_independent,True,140,0.529851,same_sequence_as_frozen_827
A0A6M3G8B9,0bf520a709e3cd9e09da97259d25b24a0afc33691b6aa0fd12d8be518aa4f161,216,,0.35648148148148145,0.0,not_searched,structure_required,not_run_no_structure,,,,requires_review,True,True,accession_and_sequence_match,A0A6M3G8B9,not_sequence_independent,True,141,0.529787,same_sequence_as_frozen_827
A0A3B8DYI1,46c698733a3555a789af628d58c3c4af0f067b96047b4c30f6fb3eea5a10a808,265,,0.35471698113207545,0.01509433962264151,not_searched,structure_required,not_run_no_structure,,,,requires_review,True,True,accession_and_sequence_match,A0A3B8DYI1,not_sequence_independent,True,142,0.529710,same_sequence_as_frozen_827
I7K3U3,8a0030bbd0d956b67754f46d848606e7fe0f2fab302f36fba0792cff2cad2d4a,132,,0.3939393939393939,0.007575757575757576,not_searched,structure_required,not_run_no_structure,,,,requires_review,True,True,accession_and_sequence_match,I7K3U3;A0A6M3G945,not_sequence_independent,True,143,0.529549,same_sequence_as_frozen_827
I7KRG5,0c31e14dc955b6730d174d853662967d5a0af3bb7802436c162f3560ce77f80b,175,,0.4114285714285714,0.017142857142857144,not_searched,structure_required,not_run_no_structure,,,,requires_review,True,True,accession_and_sequence_match,I7KRG5,not_sequence_independent,True,144,0.529117,same_sequence_as_frozen_827
A0A1V0DXW6,05896bc215d19f69116b05c88f59c2f5d95ee80c8b5b6cf3e3aec2ebbcc26e5e,379,,0.42480211081794195,0.002638522427440633,not_searched,structure_required,not_run_no_structure,,,,requires_review,True,True,accession_and_sequence_match,A0A1V0DXW6,not_sequence_independent,True,145,0.529087,same_sequence_as_frozen_827
I7K349,57572f028896b43cbc1eeb5adc1d8cb610a5873374b679131089bfae89569c42,207,,0.45410628019323673,0.033816425120772944,not_searched,structure_required,not_run_no_structure,,,,requires_review,True,True,accession_and_sequence_match,I7K349,not_sequence_independent,True,146,0.528777,same_sequence_as_frozen_827
A0A449C4X7,5d5b7750033ad263a3aa2ed64e714dba04a2047b05c665d2a4bc7f684c73d56b,196,A0A3B8DLI7,0.44387755102040816,0.00510204081632653,not_searched,structure_required,not_run_no_structure,,,,requires_review,True,True,accession_and_sequence_match,A0A3B8DLI7;A0A449C4X7,not_sequence_independent,True,147,0.528572,same_sequence_as_frozen_827
S5M3D7,c2a113df13829c5d394c60d6b34a96a380f0441ae6fe254804eec716a3ebd6a9,132,,0.38636363636363635,0.007575757575757576,not_searched,structure_required,not_run_no_structure,,,,requires_review,True,True,accession_and_sequence_match,S5M3D7;A0A449C3X5;A0A449C610,not_sequence_independent,True,148,0.528339,same_sequence_as_frozen_827
A0AAE9FSY2,c5e9b47b2bfd7abb3b316697bb36d54c7661bfde852bfcc62cabd36d5b6adceb,302,,0.47019867549668876,0.006622516556291391,not_searched,structure_required,not_run_no_structure,,,,requires_review,True,True,accession_and_sequence_match,A0AAE9FSY2,not_sequence_independent,True,149,0.527787,same_sequence_as_frozen_827
A0A7U4GCC7,5e60078f5022020eba6408a6f8e7248d57e62aea377dfdf3b32cb1f912e00453,555,,0.43963963963963965,0.0036036036036036037,not_searched,structure_required,not_run_no_structure,,,,requires_review,True,True,accession_and_sequence_match,A0A7U4GCC7,not_sequence_independent,True,150,0.527703,same_sequence_as_frozen_827
S5M7E4,feac0b4e4d5c1feb8a0969eb5cd97372e39cb857fa39c3b126b53d3ca8e7cd7f,249,,0.42168674698795183,0.020080321285140562,not_searched,structure_required,not_run_no_structure,,,,requires_review,True,True,accession_and_sequence_match,S5M7E4,not_sequence_independent,True,151,0.527578,same_sequence_as_frozen_827
A0A449C3W7,ebfb73d8e379659d6594d98dde48b50dce8814b33af913c389cf8680999bcabb,364,,0.37362637362637363,0.0027472527472527475,not_searched,structure_required,not_run_no_structure,,,,requires_review,True,True,accession_and_sequence_match,A0A449C3W7,not_sequence_independent,True,152,0.527416,same_sequence_as_frozen_827
A0A449C5Z9,e23af39f036a1a7bfdc64ccadbee64de11830b578708bc809a3261599edb9117,152,,0.4276315789473684,0.019736842105263157,not_searched,structure_required,not_run_no_structure,,,,requires_review,True,True,accession_and_sequence_match,A0A449C5Z9;A0A449C597;A0A449C473;A0A6M3G872,not_sequence_independent,True,153,0.526956,same_sequence_as_frozen_827
S5ML17,040be1e68ad368a2c6482671b0a8785e77da58a422574385943d2832b915243e,219,,0.3972602739726027,0.0,not_searched,structure_required,not_run_no_structure,,,,requires_review,True,True,accession_and_sequence_match,S5ML17,not_sequence_independent,True,154,0.526756,same_sequence_as_frozen_827
A0AAE9FRD5,7ff1b51a87329ebfddb53bdd4b196cee109f29578007f7730c4a3ed11dcdce1f,155,,0.4645161290322581,0.0,not_searched,structure_required,not_run_no_structure,,,,requires_review,True,True,accession_and_sequence_match,A0AAE9FRD5,not_sequence_independent,True,155,0.525785,same_sequence_as_frozen_827
A0A2C9CZQ3,6ec1dc0e2041a72e74353d252f67911df51b7391210e7c01733a4da53f6e9d57,104,,0.4423076923076923,0.0,not_searched,structure_required,not_run_no_structure,,,,requires_review,True,True,accession_and_sequence_match,A0A2C9CZQ3;A0A2C9CYV8,not_sequence_independent,True,156,0.525670,same_sequence_as_frozen_827
A0AA86IYU9,83a5d20c9ecb405a2581545e4d8521d0434a83122b6aceccfd389bba2e50aef0,122,,0.38524590163934425,0.0,not_searched,structure_required,not_run_no_structure,,,,requires_review,True,True,accession_and_sequence_match,A0AA86IYU9,not_sequence_independent,True,157,0.525529,same_sequence_as_frozen_827
A0A2C9CYF4,9909ec758661fd1e45d2c2fc8bb7ec113883ceded26712a7cc0d7a10b92aa7e4,291,A0A2C9CXH4,0.39862542955326463,0.024054982817869417,not_searched,structure_required,not_run_no_structure,,,,requires_review,True,True,accession_and_sequence_match,A0A2C9CXH4;A0A2C9CYF4,not_sequence_independent,True,158,0.525222,same_sequence_as_frozen_827
A0A3B8E1I5,ec4dc0b62a4d4bf1c761d3fe8a508eac9c274d3b8017ed6885ca68eebbae1604,601,,0.3577371048252912,0.008319467554076539,not_searched,structure_required,not_run_no_structure,,,,requires_review,True,True,accession_and_sequence_match,A0A3B8E1I5,not_sequence_independent,True,159,0.524946,same_sequence_as_frozen_827
A0A7U4GG50,093d5c794d294031bd09619a543bfc9fc8ad2a7cdb554a7a39c0fe33ac3d2662,399,,0.43358395989974935,0.007518796992481203,not_searched,structure_required,not_run_no_structure,,,,requires_review,True,True,accession_and_sequence_match,A0A7U4GG50,not_sequence_independent,True,160,0.524850,same_sequence_as_frozen_827
I7J3Y3,f2e66e102d3142fd1c6eee4420f52b9d7ebbece1f71db057bb65e4a0c9eeeba2,192,,0.4791666666666667,0.0,not_searched,structure_required,not_run_no_structure,,,,requires_review,True,True,accession_and_sequence_match,I7J3Y3,not_sequence_independent,True,161,0.524711,same_sequence_as_frozen_827
I7KRT2,9dfdea0e8611792eb79b0aee13da89d344b2d8589c7648641b6578d39fb53956,527,,0.3510436432637571,0.0056925996204933585,not_searched,structure_required,not_run_no_structure,,,,requires_review,True,True,accession_and_sequence_match,I7KRT2,not_sequence_independent,True,162,0.524466,same_sequence_as_frozen_827
A0A7D3QKS7,00bae73f29372ffc4f0a9d0275ab5227ceb9e532b74a8d5f562f6ef21bc2d61a,175,,0.3942857142857143,0.0,not_searched,structure_required,not_run_no_structure,,,,requires_review,True,True,accession_and_sequence_match,A0A7D3QKS7,not_sequence_independent,True,163,0.523825,same_sequence_as_frozen_827
A0A1V0DXV4,ce0a186fd6a658e10ac967d993d74e9642a1de109ac18eb51901b8e5f7e4f45a,207,,0.4492753623188406,0.033816425120772944,not_searched,structure_required,not_run_no_structure,,,,requires_review,True,True,accession_and_sequence_match,A0A1V0DXV4,not_sequence_independent,True,164,0.523567,same_sequence_as_frozen_827
A0A7U4GDH6,f9b505a505c6b08e3d31f9df966fd7b586b153a150fea5fe930f88ac72758819,406,,0.3817733990147783,0.0024630541871921183,not_searched,structure_required,not_run_no_structure,,,,requires_review,True,True,accession_and_sequence_match,A0A7U4GDH6,not_sequence_independent,True,165,0.523175,same_sequence_as_frozen_827
A0A0H3NQY6,31d2481956634396cb1771258240340f76075306ef769032bbc3c32992dc705d,93,,0.41935483870967744,0.010752688172043012,not_searched,structure_required,not_run_no_structure,,,,requires_review,True,True,accession_and_sequence_match,A0A0H3NQY6,not_sequence_independent,True,166,0.523083,same_sequence_as_frozen_827
A0A449C532,19cebf4c7fd935e824a2addef9ac99b1720ad95066d33615639df08dccd0937e,132,,0.3939393939393939,0.007575757575757576,not_searched,structure_required,not_run_no_structure,,,,requires_review,True,True,accession_and_sequence_match,A0A449C532,not_sequence_independent,True,167,0.522623,same_sequence_as_frozen_827
A0AAE7TQG4,12495a29b4ffa388d4d1157d4dbe8f4effa4704d0bdd1a183b0300979debf001,176,,0.36363636363636365,0.017045454545454544,not_searched,structure_required,not_run_no_structure,,,,requires_review,True,True,accession_and_sequence_match,A0AAE7TQG4,not_sequence_independent,True,168,0.522106,same_sequence_as_frozen_827
A0A449C648,108c5d5aa6d9e280a950b35d22cb192f77fbcbc58ad417da23d69a7d71b4f78e,208,,0.41346153846153844,0.03365384615384615,not_searched,structure_required,not_run_no_structure,,,,requires_review,True,True,accession_and_sequence_match,A0A449C648,not_sequence_independent,True,169,0.521927,same_sequence_as_frozen_827
I7LF14,907b524a8727bb7813c8737d9726626848799a8f64ff085a5be400250b3e6dbd,288,,0.3923611111111111,0.010416666666666666,not_searched,structure_required,not_run_no_structure,,,,requires_review,True,True,accession_and_sequence_match,I7LF14,not_sequence_independent,True,170,0.521844,same_sequence_as_frozen_827
A0A3B8DL36,28fa4afe87ebc9bb46fa36053e4d91e3d25f95a2f52536ef3fbb773f0c1e8069,132,,0.3939393939393939,0.007575757575757576,not_searched,structure_required,not_run_no_structure,,,,requires_review,True,True,accession_and_sequence_match,A0A3B8DL36,not_sequence_independent,True,171,0.521843,same_sequence_as_frozen_827
A0AAE7TR04,fd6c32af2c3a12f8f167667b0265a856fdc491e0d72ae59766a2630f55db355c,176,,0.36363636363636365,0.011363636363636364,not_searched,structure_required,not_run_no_structure,,,,requires_review,True,True,accession_and_sequence_match,A0AAE7TR04,not_sequence_independent,True,172,0.521478,same_sequence_as_frozen_827
A0AAE7PH03,bfd54e1583981abbf4431534c633e7592fb95b878ac9bbd1ce763e6a19679abd,384,,0.3854166666666667,0.013020833333333334,not_searched,structure_required,not_run_no_structure,,,,requires_review,True,True,accession_and_sequence_match,A0AAE7PH03,not_sequence_independent,True,173,0.521421,same_sequence_as_frozen_827
A0AAE6YNV4,8889d12ab36111b56918ad1578ac1b55e658acca6bd369a00e5e58c1a9e60bf3,387,,0.38242894056847543,0.002583979328165375,not_searched,structure_required,not_run_no_structure,,,,requires_review,True,True,accession_and_sequence_match,A0AAE6YNV4,not_sequence_independent,True,174,0.520785,same_sequence_as_frozen_827
I6Q8T5,a37481208ec4ab11255ef31086c29790823f520b1d9d25c7a024d5c88e16addf,558,,0.3924731182795699,0.0035842293906810036,not_searched,structure_required,not_run_no_structure,,,,requires_review,True,True,accession_and_sequence_match,I6Q8T5,not_sequence_independent,True,175,0.520537,same_sequence_as_frozen_827
A0A1V0DXR4,335870e109a48014b7cbaa7517c1b2871685736ba9bcd1d0645c6ae4c825f85c,192,,0.4791666666666667,0.0,not_searched,structure_required,not_run_no_structure,,,,requires_review,True,True,accession_and_sequence_match,A0A1V0DXR4,not_sequence_independent,True,176,0.520516,same_sequence_as_frozen_827
F4N708,389ca91b6c19c71e78fc9baa0a7a08b7de13947ad3fcc63110a6a14774d02f8e,315,,0.37142857142857144,0.0,not_searched,structure_required,not_run_no_structure,,,,requires_review,True,True,accession_and_sequence_match,F4N708,not_sequence_independent,True,177,0.519959,same_sequence_as_frozen_827
A0A449C3X5,c2a113df13829c5d394c60d6b34a96a380f0441ae6fe254804eec716a3ebd6a9,132,S5M3D7,0.38636363636363635,0.007575757575757576,not_searched,structure_required,not_run_no_structure,,,,requires_review,True,True,accession_and_sequence_match,S5M3D7;A0A449C3X5;A0A449C610,not_sequence_independent,True,178,0.519835,same_sequence_as_frozen_827
A0AAE9JXJ1,cce8b65c32cf698ea93ea85a38fca8ea76ffc956291c498056eb84e80ee91266,140,,0.40714285714285714,0.0,not_searched,structure_required,not_run_no_structure,,,,requires_review,True,True,accession_and_sequence_match,A0AAE9JXJ1;A0AAE9FQP6,not_sequence_independent,True,179,0.518935,same_sequence_as_frozen_827
A0A449C469,4471f0d4a527231e697a2ef5847a063d05ac2881ffcf8184504879c82698166c,208,,0.4182692307692308,0.03365384615384615,not_searched,structure_required,not_run_no_structure,,,,requires_review,True,True,accession_and_sequence_match,A0A449C469,not_sequence_independent,True,180,0.518756,same_sequence_as_frozen_827
A0A449C5X9,e9c86fef13f6dab689fba529c0c71f1781afa5497e5f042142f884f3a0ce0bc7,601,,0.3610648918469218,0.008319467554076539,not_searched,structure_required,not_run_no_structure,,,,requires_review,True,True,accession_and_sequence_match,A0A449C5X9,not_sequence_independent,True,181,0.518472,same_sequence_as_frozen_827
A0A449C542,96d277e947078ad4c4dc8403b2e6ad2b1871468c7c13c029bba0474c9f806960,364,,0.3708791208791209,0.0027472527472527475,not_searched,structure_required,not_run_no_structure,,,,requires_review,True,True,accession_and_sequence_match,A0A449C542,not_sequence_independent,True,182,0.518406,same_sequence_as_frozen_827
A0A3B8DYS4,3edfe630ee445df3756c1577b201bfe8cf8875e68895eb8d116aabd239e32b0d,76,,0.40789473684210525,0.0,not_searched,structure_required,not_run_no_structure,,,,requires_review,True,True,accession_and_sequence_match,A0A3B8DYS4;A0A449C3Q7;A0A6M3G8P6;A0A449C4V3,not_sequence_independent,True,183,0.517930,same_sequence_as_frozen_827
A0A449C597,e23af39f036a1a7bfdc64ccadbee64de11830b578708bc809a3261599edb9117,152,A0A449C5Z9,0.4276315789473684,0.019736842105263157,not_searched,structure_required,not_run_no_structure,,,,requires_review,True,True,accession_and_sequence_match,A0A449C5Z9;A0A449C597;A0A449C473;A0A6M3G872,not_sequence_independent,True,184,0.517877,same_sequence_as_frozen_827
A0A0B5A4M1,4000bf2d939615e603032420f8ee7887c61b85f4fd5bd0637c2cb6dafbb322de,174,,0.42528735632183906,0.0,not_searched,structure_required,not_run_no_structure,,,,requires_review,True,True,accession_and_sequence_match,A0A0B5A4M1,not_sequence_independent,True,185,0.517603,same_sequence_as_frozen_827
A0A0B5A2T1,9c385d83860fa21ad3e4b0445a5eaa710b6f26e7155e517008ae997cb912c887,334,,0.38922155688622756,0.014970059880239521,not_searched,structure_required,not_run_no_structure,,,,requires_review,True,True,accession_and_sequence_match,A0A0B5A2T1,not_sequence_independent,True,186,0.517408,same_sequence_as_frozen_827
A0A7U4GDF9,15076f62f53e269e9c7479433879b8dc997fb601be81dc381ab9c3609eb79a40,216,,0.375,0.009259259259259259,not_searched,structure_required,not_run_no_structure,,,,requires_review,True,True,accession_and_sequence_match,A0A7U4GDF9,not_sequence_independent,True,187,0.516850,same_sequence_as_frozen_827
A0A3B8DYH7,52d7551e8d92917a69419c596884a74b79c8ee5532fca7a8ffbdab2580c1e248,390,,0.4128205128205128,0.005128205128205128,not_searched,structure_required,not_run_no_structure,,,,requires_review,True,True,accession_and_sequence_match,A0A3B8DYH7,not_sequence_independent,True,188,0.516702,same_sequence_as_frozen_827
A0A2D0PDX6,97f3b942e418373182d31829cfc9876c343c50ee8319fbc06cde831c269f5517,520,A0A2D0PE10,0.375,0.0019230769230769232,not_searched,structure_required,not_run_no_structure,,,,requires_review,True,True,accession_and_sequence_match,A0A2D0PE10;A0A2D0PDX6;A0A2D0PDA0,not_sequence_independent,True,189,0.515930,same_sequence_as_frozen_827
S5M7K0,4966f03ec8573373217838accdb56da4421f7fbb0ec2c1466b22d4bed78f6601,216,,0.3472222222222222,0.0,not_searched,structure_required,not_run_no_structure,,,,requires_review,True,True,accession_and_sequence_match,S5M7K0,not_sequence_independent,True,190,0.515625,same_sequence_as_frozen_827
A0A7D3UL75,d6664700c606c9d93a85390f316aae21c29e5812381588bb6116593fcab9bb9a,211,,0.3791469194312796,0.014218009478672985,not_searched,structure_required,not_run_no_structure,,,,requires_review,True,True,accession_and_sequence_match,A0A7D3UL75,not_sequence_independent,True,191,0.515410,same_sequence_as_frozen_827
A0AAE7V5W0,b64bae15ff8784aae51485f573dd47d01670a453d984853700c27421f12769f2,211,,0.3744075829383886,0.018957345971563982,not_searched,structure_required,not_run_no_structure,,,,requires_review,True,True,accession_and_sequence_match,A0AAE7V5W0,not_sequence_independent,True,192,0.515398,same_sequence_as_frozen_827
A0A9P1PUV5,20fa113d4461c286ff9a78fc483ec7ddd4a2523b8a5c148cdbd2d239eaa64b29,557,,0.4380610412926391,0.0017953321364452424,not_searched,structure_required,not_run_no_structure,,,,requires_review,True,True,accession_and_sequence_match,A0A9P1PUV5,not_sequence_independent,True,193,0.514869,same_sequence_as_frozen_827
A0AAE7S224,ea6bebb5b1a264cc5f584a0da9dee4e50684d968d95733482b8bdf8acbf63b35,175,,0.38857142857142857,0.0,not_searched,structure_required,not_run_no_structure,,,,requires_review,True,True,accession_and_sequence_match,A0AAE7S224,not_sequence_independent,True,194,0.514626,same_sequence_as_frozen_827
A0ABP1YI01,4366732b782ac7fd5235021d196bac699f778066aac123f1b939c427bdd61732,379,,0.42744063324538256,0.0079155672823219,not_searched,structure_required,not_run_no_structure,,,,requires_review,True,True,accession_and_sequence_match,A0ABP1YI01,not_sequence_independent,True,195,0.514535,same_sequence_as_frozen_827
A0A449C541,b58f7b4d4a78da073add3bc6554bcd7f18766705d89d88a2df1db5f9da9a1da1,219,,0.410958904109589,0.0,not_searched,structure_required,not_run_no_structure,,,,requires_review,True,True,accession_and_sequence_match,A0A449C541,not_sequence_independent,True,196,0.513276,same_sequence_as_frozen_827
A0A2C9CYV8,6ec1dc0e2041a72e74353d252f67911df51b7391210e7c01733a4da53f6e9d57,104,A0A2C9CZQ3,0.4423076923076923,0.0,not_searched,structure_required,not_run_no_structure,,,,requires_review,True,True,accession_and_sequence_match,A0A2C9CZQ3;A0A2C9CYV8,not_sequence_independent,True,197,0.513064,same_sequence_as_frozen_827
A0A0B4ZZK4,55f76a2f6f8eb10b0337076b6d904c8f240e18c4853899ea78813473713ca3e6,224,,0.4017857142857143,0.0,not_searched,structure_required,not_run_no_structure,,,,requires_review,True,True,accession_and_sequence_match,A0A0B4ZZK4,not_sequence_independent,True,198,0.513016,same_sequence_as_frozen_827
A0ABP1YEP8,75affd1055534bfa916380b452b063c5154000f41da3f3f68d404deb965fdf74,448,,0.45982142857142855,0.002232142857142857,not_searched,structure_required,not_run_no_structure,,,,requires_review,True,True,accession_and_sequence_match,A0ABP1YEP8,not_sequence_independent,True,199,0.512639,same_sequence_as_frozen_827
A0AAE9FQP6,cce8b65c32cf698ea93ea85a38fca8ea76ffc956291c498056eb84e80ee91266,140,A0AAE9JXJ1,0.40714285714285714,0.0,not_searched,structure_required,not_run_no_structure,,,,requires_review,True,True,accession_and_sequence_match,A0AAE9JXJ1;A0AAE9FQP6,not_sequence_independent,True,200,0.512231,same_sequence_as_frozen_827
A0AAE7V7A7,d7106d0bd2098a289f26f05dc2032a5c364122949a390781ccf4601340eef530,115,,0.3826086956521739,0.008695652173913044,not_searched,structure_required,not_run_no_structure,,,,requires_review,True,True,accession_and_sequence_match,A0AAE7V7A7,not_sequence_independent,True,201,0.511788,same_sequence_as_frozen_827
A0AA86J4Z9,8ed33f4c737660841282cfba4a0b88ea4e241be1ca6319a2eb210d2624d2dbd1,133,,0.3609022556390977,0.0,not_searched,structure_required,not_run_no_structure,,,,requires_review,True,True,accession_and_sequence_match,A0AA86J4Z9,not_sequence_independent,True,202,0.511711,same_sequence_as_frozen_827
A0AAX4M766,05ca9265f46ef736acf4f89b5bf4cec2148b16c56c4ee13605d4fae053b874c1,389,A0AAX4Q199,0.38046272493573263,0.0,not_searched,structure_required,not_run_no_structure,,,,requires_review,True,True,accession_and_sequence_match,A0AAX4Q199;A0AAX4M766,not_sequence_independent,True,203,0.511169,same_sequence_as_frozen_827
A0AAX4M771,2b6b20df2e215a9f284c803201b39ff8ada378ee3dd5803de9d9b84c0d8ea4ee,206,A0AAX4Q2U9,0.4174757281553398,0.0,not_searched,structure_required,not_run_no_structure,,,,requires_review,True,True,accession_and_sequence_match,A0AAX4Q2U9;A0AAX4M771,not_sequence_independent,True,204,0.511108,same_sequence_as_frozen_827
A0A0B4ZXG6,8c53c5fbb6e8c1a2cefacd1cc87193869451c1203b1d59870e0a0e255e1cfd3a,80,,0.4125,0.0125,not_searched,structure_required,not_run_no_structure,,,,requires_review,True,True,accession_and_sequence_match,A0A0B4ZXG6,not_sequence_independent,True,205,0.510424,same_sequence_as_frozen_827
A0AAE9FPR6,7ce7d5ead7d8201c092226ffd2240be3cba776feef417749db47f23936e11b85,118,,0.3983050847457627,0.00847457627118644,not_searched,structure_required,not_run_no_structure,,,,requires_review,True,True,accession_and_sequence_match,A0AAE9FPR6,not_sequence_independent,True,206,0.510063,same_sequence_as_frozen_827
A1JK73,eb19d1061f1a02f26aa985a5b9edd3a3e7c0419a2adfe71230748f201ae87ad5,394,,0.45685279187817257,0.005076142131979695,not_searched,structure_required,not_run_no_structure,,,,requires_review,True,True,accession_and_sequence_match,A1JK73,not_sequence_independent,True,207,0.508606,same_sequence_as_frozen_827
A0AA86J574,c65241a2ca0ea94176df233b03e6932fccde248ae10d08b43d83dd43d733c6cb,249,,0.37349397590361444,0.008032128514056224,not_searched,structure_required,not_run_no_structure,,,,requires_review,True,True,accession_and_sequence_match,A0AA86J574,not_sequence_independent,True,208,0.508458,same_sequence_as_frozen_827
I7KRB0,1defc3cc2b46d161e3235734310489854e7107da6f26eea002a16d0d07abda11,80,,0.4125,0.0125,not_searched,structure_required,not_run_no_structure,,,,requires_review,True,True,accession_and_sequence_match,I7KRB0,not_sequence_independent,True,209,0.507909,same_sequence_as_frozen_827
A0AAE6YPB5,915d193a8762edbd27453520265a4304f29b79bec54117882e53ef0f79205f25,115,,0.391304347826087,0.008695652173913044,not_searched,structure_required,not_run_no_structure,,,,requires_review,True,True,accession_and_sequence_match,A0AAE6YPB5,not_sequence_independent,True,210,0.507712,same_sequence_as_frozen_827
A0A6M3G945,8a0030bbd0d956b67754f46d848606e7fe0f2fab302f36fba0792cff2cad2d4a,132,I7K3U3,0.3939393939393939,0.007575757575757576,not_searched,structure_required,not_run_no_structure,,,,requires_review,True,True,accession_and_sequence_match,I7K3U3;A0A6M3G945,not_sequence_independent,True,211,0.507499,same_sequence_as_frozen_827
S5MRE0,4c4ccea08d4e1c03138738472c5a287304f974a75397695820979430cb1f3d96,208,,0.4182692307692308,0.03365384615384615,not_searched,structure_required,not_run_no_structure,,,,requires_review,True,True,accession_and_sequence_match,S5MRE0,not_sequence_independent,True,212,0.507286,same_sequence_as_frozen_827
A0AAE9FV72,636399346ce23b9b35b5e8a4ef8e2c51bec57c8e03780173b5d270b835aebf4e,116,,0.46551724137931033,0.0,not_searched,structure_required,not_run_no_structure,,,,requires_review,True,True,accession_and_sequence_match,A0AAE9FV72,not_sequence_independent,True,213,0.506936,same_sequence_as_frozen_827
A0A3B8E5R1,fd240f48f0d7ad844092d6ad13ac1caaba205bfe61fff6fde4c32a2ec7bdcd24,208,,0.41346153846153844,0.03365384615384615,not_searched,structure_required,not_run_no_structure,,,,requires_review,True,True,accession_and_sequence_match,A0A3B8E5R1,not_sequence_independent,True,214,0.506665,same_sequence_as_frozen_827
A0AAE9FSV4,ea28b73c4de17ebb49e39d6dccb52f37b83c570a5cdacde42a5713e8bc2fa348,116,,0.4224137931034483,0.0,not_searched,structure_required,not_run_no_structure,,,,requires_review,True,True,accession_and_sequence_match,A0AAE9FSV4,not_sequence_independent,True,215,0.506527,same_sequence_as_frozen_827
A0ABP1XZ23,8000ee50b471df4604ce94c4d42be59c5d33f19487f9d934ae817bc778b362a4,410,,0.47317073170731705,0.0,not_searched,structure_required,not_run_no_structure,,,,requires_review,True,True,accession_and_sequence_match,A0ABP1XZ23,not_sequence_independent,True,216,0.506451,same_sequence_as_frozen_827
I7LEG3,04c9ed27ed031421e35b1dd070bc33de5c857f0f18c1fd4af721809c29a5c257,128,,0.4296875,0.0,not_searched,structure_required,not_run_no_structure,,,,requires_review,True,True,accession_and_sequence_match,I7LEG3,not_sequence_independent,True,217,0.506166,same_sequence_as_frozen_827
A0A9P1UYK8,aefd78d6cf66525b54ab01a14d3d257c65d902088c25d15e62c121b865731bad,460,,0.40652173913043477,0.010869565217391304,not_searched,structure_required,not_run_no_structure,,,,requires_review,True,True,accession_and_sequence_match,A0A9P1UYK8,not_sequence_independent,True,218,0.505745,same_sequence_as_frozen_827
A0ABM9SIE6,b6480289082a2048eab816b4ef0a5f830401513d4c10bf151984204378d0328f,211,,0.4075829383886256,0.014218009478672985,not_searched,structure_required,not_run_no_structure,,,,requires_review,True,True,accession_and_sequence_match,A0ABM9SIE6,not_sequence_independent,True,219,0.505562,same_sequence_as_frozen_827
A0A449C473,e23af39f036a1a7bfdc64ccadbee64de11830b578708bc809a3261599edb9117,152,A0A449C597,0.4276315789473684,0.019736842105263157,not_searched,structure_required,not_run_no_structure,,,,requires_review,True,True,accession_and_sequence_match,A0A449C5Z9;A0A449C597;A0A449C473;A0A6M3G872,not_sequence_independent,True,220,0.505216,same_sequence_as_frozen_827
A0A7U4GE85,0e08a825d09139d6a2cc527dc2a040c7ad2f1ddccc9edd2949d309da6e9b8e38,468,,0.43803418803418803,0.00641025641025641,not_searched,structure_required,not_run_no_structure,,,,requires_review,True,True,accession_and_sequence_match,A0A7U4GE85,not_sequence_independent,True,221,0.505059,same_sequence_as_frozen_827
A0A7D3V4S6,346fee2d91802e19033d266729a37ae792bce18d461c1b4fd8736c399cb4b5e9,211,,0.3744075829383886,0.014218009478672985,not_searched,structure_required,not_run_no_structure,,,,requires_review,True,True,accession_and_sequence_match,A0A7D3V4S6,not_sequence_independent,True,222,0.504989,same_sequence_as_frozen_827
A0A2D0PDR4,22a1d747511f18cc857c257a7ce53920f6125862962fcad60dc7f0d89058f2dd,520,A0A2H1UJ87,0.375,0.0019230769230769232,not_searched,structure_required,not_run_no_structure,,,,requires_review,True,True,accession_and_sequence_match,A0A2H1UJ87;A0A2D0PDR4;A0A2H1UJ90,not_sequence_independent,True,223,0.504706,same_sequence_as_frozen_827
A0A7T9XT11,de51f72fcd0a7b57a19fdddbbb91e108a30a5784d6eef99d60ce590dea589b63,380,A0A0H3NSE3,0.4105263157894737,0.002631578947368421,not_searched,structure_required,not_run_no_structure,,,,requires_review,True,True,accession_and_sequence_match,A0A0H3NSE3;A0A7T9XT11,not_sequence_independent,True,224,0.504372,same_sequence_as_frozen_827
A0AAE9JYN2,6edf1e24d9022ed483aaa9ad67fe83aae973b6a0f0a1e015ddb52816d09d0efb,116,,0.4224137931034483,0.0,not_searched,structure_required,not_run_no_structure,,,,requires_review,True,True,accession_and_sequence_match,A0AAE9JYN2,not_sequence_independent,True,225,0.503852,same_sequence_as_frozen_827
A1JNA9,f497654b05df2f93dc6dd26e7b35617bc9c1cbc2d108d157d630d2fd95fc7cdf,369,,0.3902439024390244,0.0,not_searched,structure_required,not_run_no_structure,,,,requires_review,True,True,accession_and_sequence_match,A1JNA9,not_sequence_independent,True,226,0.503453,same_sequence_as_frozen_827
A0AAE9JW72,42b44597ef6b46111e8a7bfe09967c530bef1c9be097bd7721959d9485ef9641,213,,0.38028169014084506,0.014084507042253521,not_searched,structure_required,not_run_no_structure,,,,requires_review,True,True,accession_and_sequence_match,A0AAE9JW72,not_sequence_independent,True,227,0.503322,same_sequence_as_frozen_827
A0A9P1PT53,b303c703ed7493f0564866ffd3e22f7846fec6523467838f44b90b0832ed765a,443,,0.417607223476298,0.009029345372460496,not_searched,structure_required,not_run_no_structure,,,,requires_review,True,True,accession_and_sequence_match,A0A9P1PT53,not_sequence_independent,True,228,0.502787,same_sequence_as_frozen_827
I7LEN8,50980a022c523613019fa33b2f8300bd029613885ced0678510f3bd6e2d5fca9,249,,0.40963855421686746,0.024096385542168676,not_searched,structure_required,not_run_no_structure,,,,requires_review,True,True,accession_and_sequence_match,I7LEN8,not_sequence_independent,True,229,0.502486,same_sequence_as_frozen_827
Q858V3,262e2dce3a83f413159fef40eb3490466ca749cdd97b8b042bfb1f22f2631977,175,,0.37714285714285717,0.0,not_searched,structure_required,not_run_no_structure,,,,requires_review,True,True,accession_and_sequence_match,Q858V3,not_sequence_independent,True,230,0.502191,same_sequence_as_frozen_827
A0ABP1YG46,f30371cf4a1ae35f65d8bf4b1c02a61df57b3740e941bb3473243639dd70f40b,357,,0.41456582633053224,0.011204481792717087,not_searched,structure_required,not_run_no_structure,,,,requires_review,True,True,accession_and_sequence_match,A0ABP1YG46,not_sequence_independent,True,231,0.501838,same_sequence_as_frozen_827
A0A0H3NU55,5c7661255b6417f8d4e5b85e80815c82ac330382b777dd1e5451930b4340ba28,87,,0.4482758620689655,0.0,not_searched,structure_required,not_run_no_structure,,,,requires_review,True,True,accession_and_sequence_match,A0A0H3NU55,not_sequence_independent,True,232,0.500641,same_sequence_as_frozen_827
A0A449C3Q7,3edfe630ee445df3756c1577b201bfe8cf8875e68895eb8d116aabd239e32b0d,76,A0A3B8DYS4,0.40789473684210525,0.0,not_searched,structure_required,not_run_no_structure,,,,requires_review,True,True,accession_and_sequence_match,A0A3B8DYS4;A0A449C3Q7;A0A6M3G8P6;A0A449C4V3,not_sequence_independent,True,233,0.500589,same_sequence_as_frozen_827
A0A449C610,c2a113df13829c5d394c60d6b34a96a380f0441ae6fe254804eec716a3ebd6a9,132,A0A449C3X5,0.38636363636363635,0.007575757575757576,not_searched,structure_required,not_run_no_structure,,,,requires_review,True,True,accession_and_sequence_match,S5M3D7;A0A449C3X5;A0A449C610,not_sequence_independent,True,234,0.500528,same_sequence_as_frozen_827
A0ABP1YH51,203346ec2af5f5b14777fd9f635cebb589920da430958ff0f091dec537c9065a,395,,0.4253164556962025,0.005063291139240506,not_searched,structure_required,not_run_no_structure,,,,requires_review,True,True,accession_and_sequence_match,A0ABP1YH51,not_sequence_independent,True,235,0.500372,same_sequence_as_frozen_827
A0A2D0PE26,9d1397d58108a337d5c687f84fdaa289f1533e04a8b954d05b1f7f5518bfbfb4,520,,0.375,0.0019230769230769232,not_searched,structure_required,not_run_no_structure,,,,requires_review,True,True,accession_and_sequence_match,A0A2D0PE26,not_sequence_independent,True,236,0.500274,same_sequence_as_frozen_827
A0A0H5HBD5,5fbfb415fe10d3339b32e76cfb5d9a93ae390eaef4bad1621f5cda6c1102c6dc,116,,0.43103448275862066,0.0,not_searched,structure_required,not_run_no_structure,,,,requires_review,True,True,accession_and_sequence_match,A0A0H5HBD5,not_sequence_independent,True,237,0.499945,same_sequence_as_frozen_827
A0ABM9S2F3,a0420c566a75f06c02ead6f59fd672763628269d43a90b5a66f44b034c3b243a,402,,0.44527363184079605,0.0024875621890547263,not_searched,structure_required,not_run_no_structure,,,,requires_review,True,True,accession_and_sequence_match,A0ABM9S2F3,not_sequence_independent,True,238,0.499888,same_sequence_as_frozen_827
A0ABM9S2J3,3eea19fd0600cfc0ce5e85d55c22b8c97749fe9d05906207cb3c0c68fe19aa62,352,,0.42329545454545453,0.008522727272727272,not_searched,structure_required,not_run_no_structure,,,,requires_review,True,True,accession_and_sequence_match,A0ABM9S2J3,not_sequence_independent,True,239,0.499863,same_sequence_as_frozen_827
A0A6M3G872,e23af39f036a1a7bfdc64ccadbee64de11830b578708bc809a3261599edb9117,152,A0A449C473,0.4276315789473684,0.019736842105263157,not_searched,structure_required,not_run_no_structure,,,,requires_review,True,True,accession_and_sequence_match,A0A449C5Z9;A0A449C597;A0A449C473;A0A6M3G872,not_sequence_independent,True,240,0.499533,same_sequence_as_frozen_827
A0A0H5GK99,4bbc61ba69641863557df261741f10427e1248ab63f09c7d23e0993b9e339d0f,357,,0.4117647058823529,0.0028011204481792717,not_searched,structure_required,not_run_no_structure,,,,requires_review,True,True,accession_and_sequence_match,A0A0H5GK99,not_sequence_independent,True,241,0.499244,same_sequence_as_frozen_827
A0A0H3NQF5,00ee628f2b7359ea1f96b3e7a0a70052969236b511b4e9fbd368a224c5d53c97,87,,0.47126436781609193,0.0,not_searched,structure_required,not_run_no_structure,,,,requires_review,True,True,accession_and_sequence_match,A0A0H3NQF5,not_sequence_independent,True,242,0.498712,same_sequence_as_frozen_827
A0AAE9FL40,40ae5c25746686776c9e498ca5c295931d600c72657fc23f3a370733d4ffad5b,302,,0.45695364238410596,0.006622516556291391,not_searched,structure_required,not_run_no_structure,,,,requires_review,True,True,accession_and_sequence_match,A0AAE9FL40,not_sequence_independent,True,243,0.496944,same_sequence_as_frozen_827
A0A2H1UJ90,22a1d747511f18cc857c257a7ce53920f6125862962fcad60dc7f0d89058f2dd,520,A0A2D0PDR4,0.375,0.0019230769230769232,not_searched,structure_required,not_run_no_structure,,,,requires_review,True,True,accession_and_sequence_match,A0A2H1UJ87;A0A2D0PDR4;A0A2H1UJ90,not_sequence_independent,True,244,0.496800,same_sequence_as_frozen_827
A0A6M3G8P6,3edfe630ee445df3756c1577b201bfe8cf8875e68895eb8d116aabd239e32b0d,76,A0A449C3Q7,0.40789473684210525,0.0,not_searched,structure_required,not_run_no_structure,,,,requires_review,True,True,accession_and_sequence_match,A0A3B8DYS4;A0A449C3Q7;A0A6M3G8P6;A0A449C4V3,not_sequence_independent,True,245,0.496633,same_sequence_as_frozen_827
A0A0B5A2L0,5b1a0d9883e5f765f7211eb6139a28704c25f37401ba69fef2843f0abec67f9f,192,,0.4739583333333333,0.0,not_searched,structure_required,not_run_no_structure,,,,requires_review,True,True,accession_and_sequence_match,A0A0B5A2L0,not_sequence_independent,True,246,0.496488,same_sequence_as_frozen_827
A0A449C6B2,a1c16d52570f0024870712b3f8f292a28f7b29acde6ea66f675c3dc230d8660d,218,,0.37155963302752293,0.0,not_searched,structure_required,not_run_no_structure,,,,requires_review,True,True,accession_and_sequence_match,A0A449C6B2,not_sequence_independent,True,247,0.495705,same_sequence_as_frozen_827
A0A0H5H8V4,a2b43ff489a91804edf8bf27b14bb08d0ae25e6bb93e454d3a699849f5904664,308,,0.4253246753246753,0.003246753246753247,not_searched,structure_required,not_run_no_structure,,,,requires_review,True,True,accession_and_sequence_match,A0A0H5H8V4,not_sequence_independent,True,248,0.494883,same_sequence_as_frozen_827
F4N731,93471b935d5015e8c512ad9c3645af66a106eec67cde03dba277722e07bfb8f9,302,,0.4503311258278146,0.006622516556291391,not_searched,structure_required,not_run_no_structure,,,,requires_review,True,True,accession_and_sequence_match,F4N731,not_sequence_independent,True,249,0.494357,same_sequence_as_frozen_827
A0A7U4K299,e3d43fc2eac0d5ea801d1e73e5c260d08b1ec9c61ccc420a4b5af55498efe2cf,188,,0.3829787234042553,0.0,not_searched,structure_required,not_run_no_structure,,,,requires_review,True,True,accession_and_sequence_match,A0A7U4K299,not_sequence_independent,True,250,0.494170,same_sequence_as_frozen_827
A0A9P1PUI1,3ffebcead9c81411cfea4742899e42de3a5d2ab68fce385cca4575fe67150089,268,,0.4216417910447761,0.0,not_searched,structure_required,not_run_no_structure,,,,requires_review,True,True,accession_and_sequence_match,A0A9P1PUI1,not_sequence_independent,True,251,0.493773,same_sequence_as_frozen_827
A0ABM9S1Y8,b12d11943a554f443761b33268677d829aa2104276852ae1161593bd2b218ecc,188,,0.39893617021276595,0.0,not_searched,structure_required,not_run_no_structure,,,,requires_review,True,True,accession_and_sequence_match,A0ABM9S1Y8,not_sequence_independent,True,252,0.493220,same_sequence_as_frozen_827
A0AAD2Z2V4,71807bd2945656f5c28f8e8683b70ef63079660267003f1ca38dd7f74a9ceaf2,206,,0.4029126213592233,0.0,not_searched,structure_required,not_run_no_structure,,,,requires_review,True,True,accession_and_sequence_match,A0AAD2Z2V4,not_sequence_independent,True,253,0.492962,same_sequence_as_frozen_827
A0AAD2Z484,77e55abb13c3f4a4bcbd0f61fa72961fe20760398f1f67cb4525a7729b87c123,378,,0.4312169312169312,0.007936507936507936,not_searched,structure_required,not_run_no_structure,,,,requires_review,True,True,accession_and_sequence_match,A0AAD2Z484,not_sequence_independent,True,254,0.489587,same_sequence_as_frozen_827
A0ABM9SIR4,02214e4db4f8a9cc215068291bd6e20a2f85695d8b2d3ac212f6a6050f33f60c,302,,0.4503311258278146,0.006622516556291391,not_searched,structure_required,not_run_no_structure,,,,requires_review,True,True,accession_and_sequence_match,A0ABM9SIR4,not_sequence_independent,True,255,0.489487,same_sequence_as_frozen_827
A0A9P1PVU6,8852df6a39d3a2ed013d82191e850efe8c6ca4857ec3926e9eb154aaf247efdb,272,,0.39705882352941174,0.003676470588235294,not_searched,structure_required,not_run_no_structure,,,,requires_review,True,True,accession_and_sequence_match,A0A9P1PVU6,not_sequence_independent,True,256,0.489471,same_sequence_as_frozen_827
A0ABP1Y817,288a50ed51b0c629fe9fd37ee6924c552c4df20efbd098df4859fa41e00713af,357,,0.39215686274509803,0.0056022408963585435,not_searched,structure_required,not_run_no_structure,,,,requires_review,True,True,accession_and_sequence_match,A0ABP1Y817,not_sequence_independent,True,257,0.488909,same_sequence_as_frozen_827
A0A449C4V3,3edfe630ee445df3756c1577b201bfe8cf8875e68895eb8d116aabd239e32b0d,76,A0A6M3G8P6,0.40789473684210525,0.0,not_searched,structure_required,not_run_no_structure,,,,requires_review,True,True,accession_and_sequence_match,A0A3B8DYS4;A0A449C3Q7;A0A6M3G8P6;A0A449C4V3,not_sequence_independent,True,258,0.488647,same_sequence_as_frozen_827
F4N725,06d519e11cae59ea27fedb57bf4ef1da0b15130f3991e7b3b8302faa5bc6d33f,87,,0.42528735632183906,0.011494252873563218,not_searched,structure_required,not_run_no_structure,,,,requires_review,True,True,accession_and_sequence_match,F4N725,not_sequence_independent,True,259,0.488255,same_sequence_as_frozen_827
A0A7U4GDF4,e14d1962e07b3464f0a0d5b56402071baab3a2cb5243eb404750aefb91aabf1d,353,,0.42776203966005666,0.0056657223796034,not_searched,structure_required,not_run_no_structure,,,,requires_review,True,True,accession_and_sequence_match,A0A7U4GDF4,not_sequence_independent,True,260,0.487408,same_sequence_as_frozen_827
A0A3G8F0J9,1103946a36646b99199cb4216d5bc0f845106296644024e2f2fdc75e3357ed15,625,,0.3712,0.0,not_searched,structure_required,not_run_no_structure,,,,requires_review,True,True,accession_and_sequence_match,A0A3G8F0J9,not_sequence_independent,True,261,0.486959,same_sequence_as_frozen_827
A0A2H1UJE7,d91138b8be54697ffb64d8f69b7e7441ef6adfbcd19fac550c8dfe1417b09759,522,,0.3716475095785441,0.0019157088122605363,not_searched,structure_required,not_run_no_structure,,,,requires_review,True,True,accession_and_sequence_match,A0A2H1UJE7,not_sequence_independent,True,262,0.486876,same_sequence_as_frozen_827
A0AAD2V1D7,75a5584e6673daddb44871fc8cba81ebb00f0e8ff93e74d41cf7ee7e7ea14761,603,,0.4228855721393035,0.003316749585406302,not_searched,structure_required,not_run_no_structure,,,,requires_review,True,True,accession_and_sequence_match,A0AAD2V1D7,not_sequence_independent,True,263,0.486818,same_sequence_as_frozen_827
A0A0H5H5S4,8e5bbdc069a6d38a5c4e66317a2fe90adcb5e4d83e841e114d458b9b68a432fa,116,,0.4396551724137931,0.0,not_searched,structure_required,not_run_no_structure,,,,requires_review,True,True,accession_and_sequence_match,A0A0H5H5S4,not_sequence_independent,True,264,0.485525,same_sequence_as_frozen_827
A0A7U0AV15,5de49a2fb62ad509b5a473cc5b1416941405bc94957fb03292741fef8c212031,211,A0A0H3NZ59,0.41232227488151657,0.014218009478672985,not_searched,structure_required,not_run_no_structure,,,,requires_review,True,True,accession_and_sequence_match,A0A0H3NZ59;A0A7U0AV15,not_sequence_independent,True,265,0.484725,same_sequence_as_frozen_827
A0A0H5HAG0,ae7106c4c676b8237aee86e164c7848cd7a2d083b070db7e51a98692872bf68c,213,,0.38967136150234744,0.014084507042253521,not_searched,structure_required,not_run_no_structure,,,,requires_review,True,True,accession_and_sequence_match,A0A0H5HAG0,not_sequence_independent,True,266,0.483608,same_sequence_as_frozen_827
F2Q846,5cb61e21a6e4c11d56a672cbeeeed20fffd994cd9a32c3360ffd520625f1f43f,684,,0.3611111111111111,0.014619883040935672,not_searched,structure_required,not_run_no_structure,,,,requires_review,True,True,accession_and_sequence_match,F2Q846,not_sequence_independent,True,267,0.483504,same_sequence_as_frozen_827
A0AAD2Z5G5,69048f4eb1213ff8cc32e6bf3562e4ca3585c094a81c2f78010505a212b9d3b2,124,,0.4032258064516129,0.0,not_searched,structure_required,not_run_no_structure,,,,requires_review,True,True,accession_and_sequence_match,A0AAD2Z5G5,not_sequence_independent,True,268,0.482656,same_sequence_as_frozen_827
A0AAT9S9R9,6dc5e31347d71f84f8bb59a4ff9ae81071c1e35beac49a9539a40d59f62f7eac,47,,0.5106382978723404,0.0,not_searched,structure_required,not_run_no_structure,,,,requires_review,True,True,accession_and_sequence_match,A0AAT9S9R9,not_sequence_independent,True,269,0.482592,same_sequence_as_frozen_827
A0A2D0PDA0,97f3b942e418373182d31829cfc9876c343c50ee8319fbc06cde831c269f5517,520,A0A2D0PDX6,0.375,0.0019230769230769232,not_searched,structure_required,not_run_no_structure,,,,requires_review,True,True,accession_and_sequence_match,A0A2D0PE10;A0A2D0PDX6;A0A2D0PDA0,not_sequence_independent,True,270,0.482212,same_sequence_as_frozen_827
A0AAD2UW33,d427f656fd428327094f387708f8771db53f832ce32d2186fab1484ad80912ef,356,,0.3960674157303371,0.008426966292134831,not_searched,structure_required,not_run_no_structure,,,,requires_review,True,True,accession_and_sequence_match,A0AAD2UW33,not_sequence_independent,True,271,0.481512,same_sequence_as_frozen_827
A0A0H5G2H5,fddc251a1005857bdb609dad1bdea9589110b21eb10ae1d42548e748ebce64e1,179,,0.36312849162011174,0.0111731843575419,not_searched,structure_required,not_run_no_structure,,,,requires_review,True,True,accession_and_sequence_match,A0A0H5G2H5,not_sequence_independent,True,272,0.481090,same_sequence_as_frozen_827
A0A7T9XU34,743e21f9b05dae4a29b622853aea9b32658cf3fdfe77ccae6a2d0c884fee96dc,430,A0A0H3NZ57,0.4046511627906977,0.01627906976744186,not_searched,structure_required,not_run_no_structure,,,,requires_review,True,True,accession_and_sequence_match,A0A0H3NZ57;A0A7T9XU34,not_sequence_independent,True,273,0.481050,same_sequence_as_frozen_827
A0A0T7P7W8,8e1c016ec4fcbca9cef4ab097c2dd85db84158f8f7826f05aaa88eba9472d1ba,352,,0.4346590909090909,0.008522727272727272,not_searched,structure_required,not_run_no_structure,,,,requires_review,True,True,accession_and_sequence_match,A0A0T7P7W8,not_sequence_independent,True,274,0.481037,same_sequence_as_frozen_827
A1JK75,728355bfbd3b3ed8728a423150fb61ac44ce864a629baa22b0f809640062d25f,514,,0.433852140077821,0.0019455252918287938,not_searched,structure_required,not_run_no_structure,,,,requires_review,True,True,accession_and_sequence_match,A1JK75,not_sequence_independent,True,275,0.480786,same_sequence_as_frozen_827
A0ABP1Y7A6,1a69d7245a4aa997aa3eb2f7fe99e65984ae5aa0d57aee9942a68570b791fc17,378,,0.41798941798941797,0.010582010582010581,not_searched,structure_required,not_run_no_structure,,,,requires_review,True,True,accession_and_sequence_match,A0ABP1Y7A6;A0AA36LMJ6,not_sequence_independent,True,276,0.479709,same_sequence_as_frozen_827
A0ABM9S4S5,3b32de5cd40724cb8cfd389a396f95641cacd5c4bcd77a1a97889adcbf11dbfb,380,,0.40789473684210525,0.0,not_searched,structure_required,not_run_no_structure,,,,requires_review,True,True,accession_and_sequence_match,A0ABM9S4S5,not_sequence_independent,True,277,0.479381,same_sequence_as_frozen_827
A0A7T9XU28,60c0bfea43680efc6db88de4d76076fe2ba3229908374d9894c9aa32f3824855,213,,0.38028169014084506,0.014084507042253521,not_searched,structure_required,not_run_no_structure,,,,requires_review,True,True,accession_and_sequence_match,A0A7T9XU28,not_sequence_independent,True,278,0.479307,same_sequence_as_frozen_827
A0A7U4GEA5,07142cfd7f647a12ce015b3e730f025d182f0e51103f7af90329bca74fccacbe,378,,0.42857142857142855,0.007936507936507936,not_searched,structure_required,not_run_no_structure,,,,requires_review,True,True,accession_and_sequence_match,A0A7U4GEA5,not_sequence_independent,True,279,0.478699,same_sequence_as_frozen_827
A0A7U0ASF4,efebc78370236bc404ad8378c7dc0fb86beeee0f92187bd6db07abf773814c18,157,,0.47770700636942676,0.0,not_searched,structure_required,not_run_no_structure,,,,requires_review,True,True,accession_and_sequence_match,A0A7U0ASF4,not_sequence_independent,True,280,0.478691,same_sequence_as_frozen_827
A1JMQ3,ea2057c5cd4026ef02f75573544206ab902c197e76c5bfe688b9f71efd811e58,294,,0.43197278911564624,0.01020408163265306,not_searched,structure_required,not_run_no_structure,,,,requires_review,True,True,accession_and_sequence_match,A1JMQ3,not_sequence_independent,True,281,0.478182,same_sequence_as_frozen_827
A0ABP1Y442,23ae57efd5794281ef11187eff3862814e04cd097d206f4d46af99a98bf13443,379,,0.44591029023746703,0.0079155672823219,not_searched,structure_required,not_run_no_structure,,,,requires_review,True,True,accession_and_sequence_match,A0ABP1Y442,not_sequence_independent,True,282,0.477926,same_sequence_as_frozen_827
A0A0T7PAJ5,9c1c3900f5a680c1725ff4ef6d95b7f3e9b0d9519906003e462275b34c39ee89,260,,0.45384615384615384,0.007692307692307693,not_searched,structure_required,not_run_no_structure,,,,requires_review,True,True,accession_and_sequence_match,A0A0T7PAJ5,not_sequence_independent,True,283,0.477410,same_sequence_as_frozen_827
A0A9P1V089,a4965510ad94a2304d43d026a0daccc6de743d9c4be7dad79a510bc73c318ec8,394,,0.45685279187817257,0.005076142131979695,not_searched,structure_required,not_run_no_structure,,,,requires_review,True,True,accession_and_sequence_match,A0A9P1V089,not_sequence_independent,True,284,0.475935,same_sequence_as_frozen_827
A0A0H5EYN4,a9fd678dd943a29400f016d7dd5a028c24646d564ba2607ff1656fa4a92a32f2,380,,0.4105263157894737,0.0,not_searched,structure_required,not_run_no_structure,,,,requires_review,True,True,accession_and_sequence_match,A0A0H5EYN4,not_sequence_independent,True,285,0.472940,same_sequence_as_frozen_827
A0A0H5GK90,c8203f48ca7153076d11ddd84f0e90d87e0f97e72dba13a41fb7982b5a8d3b20,361,,0.37119113573407203,0.00554016620498615,not_searched,structure_required,not_run_no_structure,,,,requires_review,True,True,accession_and_sequence_match,A0A0H5GK90,not_sequence_independent,True,286,0.472875,same_sequence_as_frozen_827
A0A9P1PUD9,55bf771105c0c240307dbf15a14f2405126174351e4858dc5d80041dfe6ecfc8,196,,0.413265306122449,0.00510204081632653,not_searched,structure_required,not_run_no_structure,,,,requires_review,True,True,accession_and_sequence_match,A0A9P1PUD9,not_sequence_independent,True,287,0.472414,same_sequence_as_frozen_827
A0A7U4K0Q6,e57c42f4de26e2c57706e13ab6105d2a9c665cf31d2f0a75b1a19bc53bf4ba0a,357,,0.4173669467787115,0.011204481792717087,not_searched,structure_required,not_run_no_structure,,,,requires_review,True,True,accession_and_sequence_match,A0A7U4K0Q6,not_sequence_independent,True,288,0.472150,same_sequence_as_frozen_827
A0A0H5H5L7,7e77951bda97f846408cb8d521481eb5d4560541d324dcfbb8bab9c7768ba8c7,388,,0.40463917525773196,0.0,not_searched,structure_required,not_run_no_structure,,,,requires_review,True,True,accession_and_sequence_match,A0A0H5H5L7,not_sequence_independent,True,289,0.472065,same_sequence_as_frozen_827
S5M3A2,3edcc09bde452919f1a1428e7f67dea78a2132b966e638edf463ae1891b55ff9,80,,0.3875,0.0,not_searched,structure_required,not_run_no_structure,,,,requires_review,True,True,accession_and_sequence_match,S5M3A2;A0A449C694,not_sequence_independent,True,290,0.471144,same_sequence_as_frozen_827
A0A9P1PW91,e1ad99bad3db4a0a2504c9fb6f4bf717adc7ade4bdddcaab012352a992e691ba,212,,0.3867924528301887,0.014150943396226415,not_searched,structure_required,not_run_no_structure,,,,requires_review,True,True,accession_and_sequence_match,A0A9P1PW91,not_sequence_independent,True,291,0.471103,same_sequence_as_frozen_827
A0ABM9SIJ1,087d125732845082d1ff1587d0bf1ef27cff5a700ad6f9bba9e95de74e62ad93,118,,0.3898305084745763,0.00847457627118644,not_searched,structure_required,not_run_no_structure,,,,requires_review,True,True,accession_and_sequence_match,A0ABM9SIJ1,not_sequence_independent,True,292,0.471001,same_sequence_as_frozen_827
A0A7U0AT10,b3dafb77790f962697d015bf137c7c8871918fa7b02cebcb99f0ae47cd7defe9,394,,0.4263959390862944,0.007614213197969543,not_searched,structure_required,not_run_no_structure,,,,requires_review,True,True,accession_and_sequence_match,A0A7U0AT10,not_sequence_independent,True,293,0.470822,same_sequence_as_frozen_827
A0A7U0AVA4,d966f80f514fcd70984012562bfb0b876fb83ca9c25924ef4337f7f01af47564,302,,0.46357615894039733,0.006622516556291391,not_searched,structure_required,not_run_no_structure,,,,requires_review,True,True,accession_and_sequence_match,A0A7U0AVA4,not_sequence_independent,True,294,0.470806,same_sequence_as_frozen_827
A0A9P1PWI0,10fc887f4d6f27830ea87adb683f2a34590afb6b97d9c2f2b991e848b05f89d8,302,,0.48013245033112584,0.006622516556291391,not_searched,structure_required,not_run_no_structure,,,,requires_review,True,True,accession_and_sequence_match,A0A9P1PWI0,not_sequence_independent,True,295,0.470735,same_sequence_as_frozen_827
A1JND9,1c668d2f902f63479a8cd6e6a19fc9a3e4de703d42998fc76e0d17a0791ee323,204,,0.45588235294117646,0.0,not_searched,structure_required,not_run_no_structure,,,,requires_review,True,True,accession_and_sequence_match,A1JND9,not_sequence_independent,True,296,0.469689,same_sequence_as_frozen_827
A0A0T7PAK2,20b925a1000d8da8420d361d13fdd5c95fe8209e030a5b55b990a2f8f698f3fd,114,,0.49122807017543857,0.0,not_searched,structure_required,not_run_no_structure,,,,requires_review,True,True,accession_and_sequence_match,A0A0T7PAK2,not_sequence_independent,True,297,0.469247,same_sequence_as_frozen_827
A0A7U0AWS6,4674c666418e50d0eec762df3e95faeb6221f9454ce931b72599ffc83177810e,382,,0.39790575916230364,0.0,not_searched,structure_required,not_run_no_structure,,,,requires_review,True,True,accession_and_sequence_match,A0A7U0AWS6,not_sequence_independent,True,298,0.467953,same_sequence_as_frozen_827
A0ABP1YED8,2ac6211a10867d5f4f905aa8aa8cbfbb7f4bc5ea94fca2f896b5013b487e48d9,375,,0.4666666666666667,0.0,not_searched,structure_required,not_run_no_structure,,,,requires_review,True,True,accession_and_sequence_match,A0ABP1YED8,not_sequence_independent,True,299,0.467747,same_sequence_as_frozen_827
A0A9P1V3L8,a144755a2edf10b017cf26e436e55ac3847927592edd84acef73291d7b969d63,203,,0.45320197044334976,0.0,not_searched,structure_required,not_run_no_structure,,,,requires_review,True,True,accession_and_sequence_match,A0A9P1V3L8,not_sequence_independent,True,300,0.466992,same_sequence_as_frozen_827
A0A9P1PV32,184da48e6e99fe53dc88bdf331f7500ebd3795aaa90a1f53880c66eaf571aaee,157,,0.4585987261146497,0.0,not_searched,structure_required,not_run_no_structure,,,,requires_review,True,True,accession_and_sequence_match,A0A9P1PV32,not_sequence_independent,True,301,0.465101,same_sequence_as_frozen_827
A0A449C694,3edcc09bde452919f1a1428e7f67dea78a2132b966e638edf463ae1891b55ff9,80,S5M3A2,0.3875,0.0,not_searched,structure_required,not_run_no_structure,,,,requires_review,True,True,accession_and_sequence_match,S5M3A2;A0A449C694,not_sequence_independent,True,302,0.463744,same_sequence_as_frozen_827
A0A7U4K153,973e44823c47b02f99cc2e8a7bd5c4a04ad62cc20043bbf78d81fed2bc6922ca,42,,0.5,0.0,not_searched,structure_required,not_run_no_structure,,,,requires_review,True,True,accession_and_sequence_match,A0A7U4K153,not_sequence_independent,True,303,0.463029,same_sequence_as_frozen_827
A0A2H1X986,d4ae2b2bf8d1578d1ba198657f5d83dd344df5c251d8dd0f528a1ffc4372ae9d,520,A0A2H1X991,0.3730769230769231,0.0019230769230769232,not_searched,structure_required,not_run_no_structure,,,,requires_review,True,True,accession_and_sequence_match,A0A2H1X991;A0A2H1X986,not_sequence_independent,True,304,0.462491,same_sequence_as_frozen_827
A0A0H5H701,06c8b36a9740278f273c8a8ba886c05a576e11aa5e04815ba6bfde5205dcc5fc,140,,0.42142857142857143,0.0,not_searched,structure_required,not_run_no_structure,,,,requires_review,True,True,accession_and_sequence_match,A0A0H5H701,not_sequence_independent,True,305,0.461647,same_sequence_as_frozen_827
A0ABP1YGH5,76cbd4cfa7dc3243feda733a81d9e5032b94c0ac8af78858f98b2e807cd96b93,378,,0.42592592592592593,0.007936507936507936,not_searched,structure_required,not_run_no_structure,,,,requires_review,True,True,accession_and_sequence_match,A0ABP1YGH5,not_sequence_independent,True,306,0.461440,same_sequence_as_frozen_827
A0A9P1UYL2,ccbbda5db9aa1df62254221100ac960f737dfe5672aab230b372201f7613b2d0,193,,0.39378238341968913,0.0051813471502590676,not_searched,structure_required,not_run_no_structure,,,,requires_review,True,True,accession_and_sequence_match,A0A9P1UYL2,not_sequence_independent,True,307,0.460682,same_sequence_as_frozen_827
A0AAD2Z3Y9,491684bf04f6196f659f611da692c3c4d50eb8a0276405d8132c9950aaa22aa8,75,,0.41333333333333333,0.0,not_searched,structure_required,not_run_no_structure,,,,requires_review,True,True,accession_and_sequence_match,A0AAD2Z3Y9,not_sequence_independent,True,308,0.460362,same_sequence_as_frozen_827
A0A0H5HA66,89e3edab78f5219cd60827760ba96dbadd193fc7383aab82e468c4661bda0c3f,387,,0.4134366925064599,0.0,not_searched,structure_required,not_run_no_structure,,,,requires_review,True,True,accession_and_sequence_match,A0A0H5HA66,not_sequence_independent,True,309,0.460304,same_sequence_as_frozen_827
A0A0T9PR46,471dedcb26b7d7f65dc8fc517ee528b3fc3dbf6866b873f2b1db4c843c3feccb,399,,0.40601503759398494,0.007518796992481203,not_searched,structure_required,not_run_no_structure,,,,requires_review,True,True,accession_and_sequence_match,A0A0T9PR46,not_sequence_independent,True,310,0.459735,same_sequence_as_frozen_827
A0ABM9S4S8,6e01244c6cec4d263243b14dc7573dfd6b8bfb776d6392b60c5e4bc2ad1d883e,157,,0.4713375796178344,0.012738853503184714,not_searched,structure_required,not_run_no_structure,,,,requires_review,True,True,accession_and_sequence_match,A0ABM9S4S8,not_sequence_independent,True,311,0.458854,same_sequence_as_frozen_827
A0A9P1PT68,f906cf8013543ccbe5e764bf9bed6c10457504f948e632d61556b3673c775c6b,408,,0.4338235294117647,0.007352941176470588,not_searched,structure_required,not_run_no_structure,,,,requires_review,True,True,accession_and_sequence_match,A0A9P1PT68,not_sequence_independent,True,312,0.458363,same_sequence_as_frozen_827
A0A9P1V1H6,0c33c978bbc9b2fef08311d10b0392be0bba92a49642b9faaabbf1fdeed1f324,200,,0.405,0.015,not_searched,structure_required,not_run_no_structure,,,,requires_review,True,True,accession_and_sequence_match,A0A9P1V1H6,not_sequence_independent,True,313,0.453939,same_sequence_as_frozen_827
A0A857F0P1,d38c110ec22313919159a2047c32aa06c3d74b3419becdfa40776da35b6cac9b,387,,0.40310077519379844,0.0,not_searched,structure_required,not_run_no_structure,,,,requires_review,True,True,accession_and_sequence_match,A0A857F0P1,not_sequence_independent,True,314,0.451948,same_sequence_as_frozen_827
F4N727,a1e50c9bfabade55ea9df0add1d33124f23b0d5923921313fd3ac4e69e0ced87,247,,0.3967611336032389,0.020242914979757085,not_searched,structure_required,not_run_no_structure,,,,requires_review,True,True,accession_and_sequence_match,F4N727,not_sequence_independent,True,315,0.450100,same_sequence_as_frozen_827
A0AB73QMA1,13ec48082525ecd11e50c2168da4c1e88fe6949ff3695fc46a25821b82ca95c2,369,,0.3875338753387534,0.0,not_searched,structure_required,not_run_no_structure,,,,requires_review,True,True,accession_and_sequence_match,A0AB73QMA1,not_sequence_independent,True,316,0.448617,same_sequence_as_frozen_827
A0AAD2Z8P4,4b13ee49a0edfc956bd802bf30a7f03f36b8be63627aed8577c24bcf9fbea9f4,146,,0.3904109589041096,0.0,not_searched,structure_required,not_run_no_structure,,,,requires_review,True,True,accession_and_sequence_match,A0AAD2Z8P4,not_sequence_independent,True,317,0.447322,same_sequence_as_frozen_827
A0A0H5LRI9,22c4dcac3d3484c6919966f04d5c7bb2ee58653cc9a710fd607ea687dea76aa9,376,,0.38563829787234044,0.0,not_searched,structure_required,not_run_no_structure,,,,requires_review,True,True,accession_and_sequence_match,A0A0H5LRI9,not_sequence_independent,True,318,0.445236,same_sequence_as_frozen_827
A0A0B4ZZ77,ab51a4842cc61c9e92312176b679e2508f3fc94ee196f65829844d9d99062c25,38,,0.5526315789473685,0.0,not_searched,structure_required,not_run_no_structure,,,,requires_review,True,True,accession_and_sequence_match,A0A0B4ZZ77,not_sequence_independent,True,319,0.444115,same_sequence_as_frozen_827
A0AAD2UW21,fcad575963c34745872f1cee7f8af53ac1ff96a1a0100efbcee8908a2af477c1,148,,0.43243243243243246,0.0,not_searched,structure_required,not_run_no_structure,,,,requires_review,True,True,accession_and_sequence_match,A0AAD2UW21,not_sequence_independent,True,320,0.441884,same_sequence_as_frozen_827
A0A0H5H5S7,7de38cfea95a20f059ea4d97d337e362054da0ecd3181a35cdb82d4ea8d95d23,213,,0.37089201877934275,0.014084507042253521,not_searched,structure_required,not_run_no_structure,,,,requires_review,True,True,accession_and_sequence_match,A0A0H5H5S7,not_sequence_independent,True,321,0.440792,same_sequence_as_frozen_827
A0A0T9Q3J3,9fa1adfe9a9f2618e2d2e13dc41ca0c292bb998a9899d7e56a88a51e29fe8771,468,,0.4465811965811966,0.00641025641025641,not_searched,structure_required,not_run_no_structure,,,,requires_review,True,True,accession_and_sequence_match,A0A0T9Q3J3,not_sequence_independent,True,322,0.437663,same_sequence_as_frozen_827
A0A0T9PX62,4a1a01751cb5354987ffe2502e01237e97ba1281e76fcd2a79809d08df225007,468,,0.44871794871794873,0.00641025641025641,not_searched,structure_required,not_run_no_structure,,,,requires_review,True,True,accession_and_sequence_match,A0A0T9PX62,not_sequence_independent,True,323,0.437311,same_sequence_as_frozen_827
A0AAW7K9U6,4f29e6d10fc700d20e1b1423e99427bbf92075b168e6f331d9ef1fa923680399,626,,0.36900958466453676,0.004792332268370607,not_searched,structure_required,not_run_no_structure,,,,requires_review,True,True,accession_and_sequence_match,A0AAW7K9U6,not_sequence_independent,True,324,0.436697,same_sequence_as_frozen_827
A0A0H3B5E1,3ca2fef8a1cb98c55f9cfbcebe33b80f42d9ab6cd05c010c68373534fc19fa8e,364,,0.3626373626373626,0.0,not_searched,structure_required,not_run_no_structure,,,,requires_review,True,True,accession_and_sequence_match,A0A0H3B5E1,not_sequence_independent,True,325,0.436121,same_sequence_as_frozen_827
A0A0T9QCI9,fb3b127a06e653dcd682c4f683d70634289c0c81e93c0f61af281ac16543b1bb,368,,0.375,0.0,not_searched,structure_required,not_run_no_structure,,,,requires_review,True,True,accession_and_sequence_match,A0A0T9QCI9,not_sequence_independent,True,326,0.435480,same_sequence_as_frozen_827
A0ABX5QXK4,721298d8f0dbab22c374a2480c371f76b6e10c7b1f0025c95a0f24c47fbeb5f5,353,,0.41359773371104813,0.0056657223796034,not_searched,structure_required,not_run_no_structure,,,,requires_review,True,True,accession_and_sequence_match,A0ABX5QXK4,not_sequence_independent,True,327,0.434274,same_sequence_as_frozen_827
A0A0T9RET2,d885d30de1e8d65bc2790b5417a21e9b717bee9f77a5d56d8f59f77c787d98d2,659,,0.38088012139605465,0.012139605462822459,not_searched,structure_required,not_run_no_structure,,,,requires_review,True,True,accession_and_sequence_match,A0A0T9RET2,not_sequence_independent,True,328,0.434009,same_sequence_as_frozen_827
A0AAD2Z3C0,06950f0b6b4875cdacd5c8b74319d23cf505172d40e2d5d6ffb2fe4f04fb944e,156,,0.44871794871794873,0.0,not_searched,structure_required,not_run_no_structure,,,,requires_review,True,True,accession_and_sequence_match,A0AAD2Z3C0,not_sequence_independent,True,329,0.432584,same_sequence_as_frozen_827
A0ABM9Y807,934645c701247bf1c36b41cc0ab17392256a866678771642ce5686f1f1cd0389,388,,0.4020618556701031,0.0,not_searched,structure_required,not_run_no_structure,,,,requires_review,True,True,accession_and_sequence_match,A0ABM9Y807,not_sequence_independent,True,330,0.431836,same_sequence_as_frozen_827
A0AAV3BI89,793cf56b794121107ff6565589ddfc6d12e57c80859d0a5b9624f4bce87281a8,468,,0.4465811965811966,0.00641025641025641,not_searched,structure_required,not_run_no_structure,,,,requires_review,True,True,accession_and_sequence_match,A0AAV3BI89;A0A0E1NTH1;A0AB72ZKZ2;A0A2U2GXH7;A0AAX2I0V1;A0ABN5RBQ6,not_sequence_independent,True,331,0.431539,same_sequence_as_frozen_827
A0ABM9SSL7,623135830f172289e9549a1d9cc812ddfde416c27192b41efc5cb24a52fb9354,395,,0.43037974683544306,0.005063291139240506,not_searched,structure_required,not_run_no_structure,,,,requires_review,True,True,accession_and_sequence_match,A0ABM9SSL7,not_sequence_independent,True,332,0.428809,same_sequence_as_frozen_827
A0ABM9TCZ7,1fb918f72248e56ab894da6dc308186cda352b1ea05f10471c9b870310679171,351,,0.42165242165242167,0.008547008547008548,not_searched,structure_required,not_run_no_structure,,,,requires_review,True,True,accession_and_sequence_match,A0ABM9TCZ7,not_sequence_independent,True,333,0.428595,same_sequence_as_frozen_827
A0A0H3B6N5,1a726b8cbd744b00e9668990ebb2b5609af3a079686420e7e1b5bae3a3ad082b,356,,0.41292134831460675,0.011235955056179775,not_searched,structure_required,not_run_no_structure,,,,requires_review,True,True,accession_and_sequence_match,A0A0H3B6N5,not_sequence_independent,True,334,0.428213,same_sequence_as_frozen_827
A0AA36LLT8,588f32e9102f81cdad8e8d8a7a6b1d60620f74cc90784e46c22d9171e6542e93,388,,0.4072164948453608,0.0,not_searched,structure_required,not_run_no_structure,,,,requires_review,True,True,accession_and_sequence_match,A0AA36LLT8,not_sequence_independent,True,335,0.427940,same_sequence_as_frozen_827
A0A0T9UVK0,de1eba062f8083b96f29f30610b95c731606f94ec5d59a2b29afb3952177c22b,302,,0.4470198675496689,0.006622516556291391,not_searched,structure_required,not_run_no_structure,,,,requires_review,True,True,accession_and_sequence_match,A0A0T9UVK0,not_sequence_independent,True,336,0.427528,same_sequence_as_frozen_827
A0A0T9KM81,1367c34ab8fd44c0e2bea696d71361c45575ef3150dd5c503eaaf9ed4fb4c8fa,302,,0.45695364238410596,0.006622516556291391,not_searched,structure_required,not_run_no_structure,,,,requires_review,True,True,accession_and_sequence_match,A0A0T9KM81,not_sequence_independent,True,337,0.427500,same_sequence_as_frozen_827
A0ABM9Y805,72fa02e1e72b0daf0875e647cdcadb6c8a26ec8e142c2eaaf16edeef6e31753b,223,,0.3811659192825112,0.013452914798206279,not_searched,structure_required,not_run_no_structure,,,,requires_review,True,True,accession_and_sequence_match,A0ABM9Y805,not_sequence_independent,True,338,0.426627,same_sequence_as_frozen_827
A0AB73PI84,5d4a04476f16a090a88b4a85bf0f43c7c82dbc23199fcb09719a80bcd36f9341,384,,0.4036458333333333,0.0078125,not_searched,structure_required,not_run_no_structure,,,,requires_review,True,True,accession_and_sequence_match,A0AB73PI84,not_sequence_independent,True,339,0.425783,same_sequence_as_frozen_827
A0A0E1NTH1,793cf56b794121107ff6565589ddfc6d12e57c80859d0a5b9624f4bce87281a8,468,A0AAV3BI89,0.4465811965811966,0.00641025641025641,not_searched,structure_required,not_run_no_structure,,,,requires_review,True,True,accession_and_sequence_match,A0AAV3BI89;A0A0E1NTH1;A0AB72ZKZ2;A0A2U2GXH7;A0AAX2I0V1;A0ABN5RBQ6,not_sequence_independent,True,340,0.425604,same_sequence_as_frozen_827
A0ABW9EXB2,9b29e70a3eab38a7d00f2650e0a8cdc30f4bd236e6e1bface861ef3f56a3c5e1,468,,0.4465811965811966,0.00641025641025641,not_searched,structure_required,not_run_no_structure,,,,requires_review,True,True,accession_and_sequence_match,A0ABW9EXB2,not_sequence_independent,True,341,0.425465,same_sequence_as_frozen_827
A0AB72ZKZ2,793cf56b794121107ff6565589ddfc6d12e57c80859d0a5b9624f4bce87281a8,468,A0A0E1NTH1,0.4465811965811966,0.00641025641025641,not_searched,structure_required,not_run_no_structure,,,,requires_review,True,True,accession_and_sequence_match,A0AAV3BI89;A0A0E1NTH1;A0AB72ZKZ2;A0A2U2GXH7;A0AAX2I0V1;A0ABN5RBQ6,not_sequence_independent,True,342,0.424921,same_sequence_as_frozen_827
A0A0T9KX64,d238ae0626ae21dcda667e33f3c30ab09399b3d15584cb254c3f970dc1289cdc,394,,0.4137055837563452,0.01015228426395939,not_searched,structure_required,not_run_no_structure,,,,requires_review,True,True,accession_and_sequence_match,A0A0T9KX64,not_sequence_independent,True,343,0.424167,same_sequence_as_frozen_827
Q66BM0,0c225502b8064123b5c1e4564b06665aa3cfaf4a1614839004dc8d2f551ecf89,213,,0.38028169014084506,0.014084507042253521,not_searched,structure_required,not_run_no_structure,,,,requires_review,True,True,accession_and_sequence_match,Q66BM0,not_sequence_independent,True,344,0.423770,same_sequence_as_frozen_827
A0AAI8ZUU9,acac72d2bf6ab94d8b755921826f34f22b4a3ed5edd774a1d1f23b3c9a1245a4,357,,0.39215686274509803,0.0056022408963585435,not_searched,structure_required,not_run_no_structure,,,,requires_review,True,True,accession_and_sequence_match,A0AAI8ZUU9,not_sequence_independent,True,345,0.423715,same_sequence_as_frozen_827
A0ABM6UUX5,afb043f418ea074f4ff64b0d640f442c39b8d97aa916ac85af1aa48d219562fc,420,,0.4238095238095238,0.002380952380952381,not_searched,structure_required,not_run_no_structure,,,,requires_review,True,True,accession_and_sequence_match,A0ABM6UUX5,not_sequence_independent,True,346,0.423528,same_sequence_as_frozen_827
A0ABP2EH72,cdf55e4aef43c8e55a22de2064f552396d30968a3d59583958e3f8b94c54de50,644,,0.36024844720496896,0.015527950310559006,not_searched,structure_required,not_run_no_structure,,,,requires_review,True,True,accession_and_sequence_match,A0ABP2EH72,not_sequence_independent,True,347,0.423425,same_sequence_as_frozen_827
A0A0A8VKM3,56f295f5a747628a575b7904a98d3d886d7ec836a5d9179801f9226f61460f31,469,,0.43710021321961623,0.008528784648187633,not_searched,structure_required,not_run_no_structure,,,,requires_review,True,True,accession_and_sequence_match,A0A0A8VKM3,not_sequence_independent,True,348,0.423045,same_sequence_as_frozen_827
A0AA36LPU1,160a323d422eb48bad2f7527f7a4fe5b6f8689fb68cf5c8325eff2a5a295eb2e,397,,0.46851385390428213,0.0,not_searched,structure_required,not_run_no_structure,,,,requires_review,True,True,accession_and_sequence_match,A0AA36LPU1,not_sequence_independent,True,349,0.422967,same_sequence_as_frozen_827
A0A0T9LS41,2a5df772af38ef5508bd7d2337746ebc903bae73e9c0a4589c4c8208d5025327,364,,0.37362637362637363,0.0027472527472527475,not_searched,structure_required,not_run_no_structure,,,,requires_review,True,True,accession_and_sequence_match,A0A0T9LS41,not_sequence_independent,True,350,0.422318,same_sequence_as_frozen_827
A0A0H3B6E3,5352e8d4c1c0d46beb9f2679bf19d682388f73bb3ad66b1a17acd0e40e91d706,351,,0.42165242165242167,0.008547008547008548,not_searched,structure_required,not_run_no_structure,,,,requires_review,True,True,accession_and_sequence_match,A0A0H3B6E3;A0AAX2I043;A0AB72ZL33;A0A0E1NTB1;A0A0H2YL52;A0AAV3BFY5,not_sequence_independent,True,351,0.421966,same_sequence_as_frozen_827
A0AB72ZMY1,845c4a756f316b288f531311a6cb134d676b9e18ca3dd0d57952c762501902dc,518,,0.3918918918918919,0.0019305019305019305,not_searched,structure_required,not_run_no_structure,,,,requires_review,True,True,accession_and_sequence_match,A0AB72ZMY1,not_sequence_independent,True,352,0.421159,same_sequence_as_frozen_827
A0A0T9MH64,95026d83b088e1115aa7403e332f028962c864449278ec9ff6ae3dc3511ddece,116,,0.43103448275862066,0.0,not_searched,structure_required,not_run_no_structure,,,,requires_review,True,True,accession_and_sequence_match,A0A0T9MH64,not_sequence_independent,True,353,0.420777,same_sequence_as_frozen_827
A0A2G4U2G2,a2149e62633d542163ace1dbc6c202026ba4924da90887090798f41bc79eabb5,378,,0.42328042328042326,0.007936507936507936,not_searched,structure_required,not_run_no_structure,,,,requires_review,True,True,accession_and_sequence_match,A0A2G4U2G2;A0ABP2DXX8,not_sequence_independent,True,354,0.420393,same_sequence_as_frozen_827
A0ABX5R0C5,e5bf08d71a5897e7732d5dd672c47d3ae681754a9452d7405e54ac1a0178d457,428,,0.3901869158878505,0.002336448598130841,not_searched,structure_required,not_run_no_structure,,,,requires_review,True,True,accession_and_sequence_match,A0ABX5R0C5,not_sequence_independent,True,355,0.420296,same_sequence_as_frozen_827
A0ABM9XWV8,87c3b50359595bd56b81585f47552bd75f63f34fe01f432d4c63827be11a5a6d,385,,0.4077922077922078,0.005194805194805195,not_searched,structure_required,not_run_no_structure,,,,requires_review,True,True,accession_and_sequence_match,A0ABM9XWV8,not_sequence_independent,True,356,0.419834,same_sequence_as_frozen_827
A0ABM7AH44,2f42b9dbea35f69b4a9591363691353941c662e3bc7c07ad7999851a79d947b3,216,,0.37037037037037035,0.009259259259259259,not_searched,structure_required,not_run_no_structure,,,,requires_review,True,True,accession_and_sequence_match,A0ABM7AH44;A0ABP1Z8F7;A0A0H3AZK0,not_sequence_independent,True,357,0.419820,same_sequence_as_frozen_827
A0A380PQB1,f7bce578dcb271744dbdcf44f6952cf0a80bd03ec991c8a29bbd5dc0e2d73dae,477,,0.4444444444444444,0.0020964360587002098,not_searched,structure_required,not_run_no_structure,,,,requires_review,True,True,accession_and_sequence_match,A0A380PQB1,not_sequence_independent,True,358,0.419625,same_sequence_as_frozen_827
A0ABY5UJG2,9a07e2fbc6cc8fb5dd38d2cc98018e52f0ed845292f89a0e2c5592d96188a24e,399,,0.43859649122807015,0.007518796992481203,not_searched,structure_required,not_run_no_structure,,,,requires_review,True,True,accession_and_sequence_match,A0ABY5UJG2,not_sequence_independent,True,359,0.419267,same_sequence_as_frozen_827
A0A0H3B4K0,ec12e18d35db05a873c2d3ff2f155deb410837a7ba180e63d3cfa563aeed2add,211,,0.4075829383886256,0.014218009478672985,not_searched,structure_required,not_run_no_structure,,,,requires_review,True,True,accession_and_sequence_match,A0A0H3B4K0,not_sequence_independent,True,360,0.419142,same_sequence_as_frozen_827
A0AA36LNC6,49836e31149770fad7d4f61ef9cd19e8c787d04a53a9dab82da7f1e55ac975ff,378,,0.4365079365079365,0.007936507936507936,not_searched,structure_required,not_run_no_structure,,,,requires_review,True,True,accession_and_sequence_match,A0AA36LNC6,not_sequence_independent,True,361,0.418983,same_sequence_as_frozen_827
A0A0T9TRC6,a8de82797535bfec6dd6beb761f27e5ef00a27618ec5b20871959a5e3d2472a6,388,,0.41237113402061853,0.0,not_searched,structure_required,not_run_no_structure,,,,requires_review,True,True,accession_and_sequence_match,A0A0T9TRC6,not_sequence_independent,True,362,0.418810,same_sequence_as_frozen_827
A0A0H3B3D7,ed8fb4817c8665426fd08d1b2210a02b41f58989b09b6e3d8235046bf09b68d8,364,,0.3708791208791209,0.0,not_searched,structure_required,not_run_no_structure,,,,requires_review,True,True,accession_and_sequence_match,A0A0H3B3D7,not_sequence_independent,True,363,0.418365,same_sequence_as_frozen_827
A0A380PNY7,e62839b7cc06390b37ba1d649a09e462e091cb2e01a2932476e5fd9c8f59e3e0,192,,0.390625,0.005208333333333333,not_searched,structure_required,not_run_no_structure,,,,requires_review,True,True,accession_and_sequence_match,A0A380PNY7;A0ABR4W6J9,not_sequence_independent,True,364,0.417724,same_sequence_as_frozen_827
A0ABM6UP52,e96dab83bdacfc4e0e75c09bc90a24eb6d46dfd747b337e28b5fe7412c06f066,389,,0.442159383033419,0.010282776349614395,not_searched,structure_required,not_run_no_structure,,,,requires_review,True,True,accession_and_sequence_match,A0ABM6UP52,not_sequence_independent,True,365,0.417613,same_sequence_as_frozen_827
A0A380PNE2,d99e2fd901408babb9f3b4fc9988d34c2fc178dbc1460cc57e0dd2cadba75fb5,407,,0.47174447174447176,0.002457002457002457,not_searched,structure_required,not_run_no_structure,,,,requires_review,True,True,accession_and_sequence_match,A0A380PNE2;A0ABR4W9H6,not_sequence_independent,True,366,0.417606,same_sequence_as_frozen_827
A0ABM9TDA6,a5b643f828b6ab937b89dedaf173584ac5cad4b577c82f8716b5d328e29f6a49,259,,0.40540540540540543,0.003861003861003861,not_searched,structure_required,not_run_no_structure,,,,requires_review,True,True,accession_and_sequence_match,A0ABM9TDA6,not_sequence_independent,True,367,0.417494,same_sequence_as_frozen_827
A0ABM9TCS0,bc4e5cb0a05321780812ec51f691770b658a0ad21b28dcb68b6f8815512c2d83,468,,0.4465811965811966,0.00641025641025641,not_searched,structure_required,not_run_no_structure,,,,requires_review,True,True,accession_and_sequence_match,A0ABM9TCS0,not_sequence_independent,True,368,0.417424,same_sequence_as_frozen_827
A0A0H5M9D5,45392d354028236cae8d0980e5697067da9ab1007935f1edde1a4001928b5155,436,,0.44495412844036697,0.006880733944954129,not_searched,structure_required,not_run_no_structure,,,,requires_review,True,True,accession_and_sequence_match,A0A0H5M9D5,not_sequence_independent,True,369,0.416959,same_sequence_as_frozen_827
A0A085U5Z0,2bd70219a5a2a0ad301f701b02fa3752788de96a972d5a242add70e7a8fb5201,356,,0.4241573033707865,0.011235955056179775,not_searched,structure_required,not_run_no_structure,,,,requires_review,True,True,accession_and_sequence_match,A0A085U5Z0,not_sequence_independent,True,370,0.416760,same_sequence_as_frozen_827
A0AAV3B8C3,c0d950601293d46fba1ca1c8060dfef6dc89e0bc9bc432e5f753a73755a04dd1,603,,0.37645107794361526,0.004975124378109453,not_searched,structure_required,not_run_no_structure,,,,requires_review,True,True,accession_and_sequence_match,A0AAV3B8C3,not_sequence_independent,True,371,0.416571,same_sequence_as_frozen_827
A0A0T9QDU9,38435485212bf4d97fee01d915861a58f28fc0b8d26c3e794883765d68c2e779,476,,0.4495798319327731,0.008403361344537815,not_searched,structure_required,not_run_no_structure,,,,requires_review,True,True,accession_and_sequence_match,A0A0T9QDU9,not_sequence_independent,True,372,0.416177,same_sequence_as_frozen_827
A1JQS5,36487cd3df6d8c401f8cd1065e670bbbd821c7900f198fc2647ddeaac4ca42ec,152,,0.40131578947368424,0.0,not_searched,structure_required,not_run_no_structure,,,,requires_review,True,True,accession_and_sequence_match,A1JQS5,not_sequence_independent,True,373,0.416164,same_sequence_as_frozen_827
A0ABW9EYQ1,67987fb43fd3035b4cf4f22ad96931a78819ef47f104efdffa2ebbf2e3554092,384,,0.4348958333333333,0.005208333333333333,not_searched,structure_required,not_run_no_structure,,,,requires_review,True,True,accession_and_sequence_match,A0ABW9EYQ1,not_sequence_independent,True,374,0.416021,same_sequence_as_frozen_827
A0AAX2I043,5352e8d4c1c0d46beb9f2679bf19d682388f73bb3ad66b1a17acd0e40e91d706,351,A0A0H3B6E3,0.42165242165242167,0.008547008547008548,not_searched,structure_required,not_run_no_structure,,,,requires_review,True,True,accession_and_sequence_match,A0A0H3B6E3;A0AAX2I043;A0AB72ZL33;A0A0E1NTB1;A0A0H2YL52;A0AAV3BFY5,not_sequence_independent,True,375,0.414547,same_sequence_as_frozen_827
A0A208ZSG0,6f81c05be48164130da79eb50cb12e8247d68251a9ce6791f6be2164662e97e9,133,,0.42105263157894735,0.007518796992481203,not_searched,structure_required,not_run_no_structure,,,,requires_review,True,True,accession_and_sequence_match,A0A208ZSG0,not_sequence_independent,True,376,0.414236,same_sequence_as_frozen_827
A0AA90Y526,ee6539157896712360aa01afadc3e4e8f90a8ddcfc3f62a89f102b1b7af3e818,356,,0.41292134831460675,0.011235955056179775,not_searched,structure_required,not_run_no_structure,,,,requires_review,True,True,accession_and_sequence_match,A0AA90Y526,not_sequence_independent,True,377,0.413912,same_sequence_as_frozen_827
A0A380QTF7,a67aa007d412348bf4421ddf89510151d73520f0520d7424a9a2ae5777034a8b,370,,0.44324324324324327,0.013513513513513514,not_searched,structure_required,not_run_no_structure,,,,requires_review,True,True,accession_and_sequence_match,A0A380QTF7,not_sequence_independent,True,378,0.413756,same_sequence_as_frozen_827
A0A085U317,927d6cf9b8fe635a11408d39a64b5adc39769a55ca213d217f4e81715c8b0c80,538,,0.38847583643122674,0.007434944237918215,not_searched,structure_required,not_run_no_structure,,,,requires_review,True,True,accession_and_sequence_match,A0A085U317,not_sequence_independent,True,379,0.413292,same_sequence_as_frozen_827
A0A2U2GXH7,793cf56b794121107ff6565589ddfc6d12e57c80859d0a5b9624f4bce87281a8,468,A0AB72ZKZ2,0.4465811965811966,0.00641025641025641,not_searched,structure_required,not_run_no_structure,,,,requires_review,True,True,accession_and_sequence_match,A0AAV3BI89;A0A0E1NTH1;A0AB72ZKZ2;A0A2U2GXH7;A0AAX2I0V1;A0ABN5RBQ6,not_sequence_independent,True,380,0.412969,same_sequence_as_frozen_827
A0ABR4W9H6,d99e2fd901408babb9f3b4fc9988d34c2fc178dbc1460cc57e0dd2cadba75fb5,407,A0A380PNE2,0.47174447174447176,0.002457002457002457,not_searched,structure_required,not_run_no_structure,,,,requires_review,True,True,accession_and_sequence_match,A0A380PNE2;A0ABR4W9H6,not_sequence_independent,True,381,0.412908,same_sequence_as_frozen_827
A0AB72ZDV0,b55c6cc1fab21095d61b74d5c9bbca98fa7fbaa85856d600938108517eb6b3fd,211,,0.45023696682464454,0.004739336492890996,not_searched,structure_required,not_run_no_structure,,,,requires_review,True,True,accession_and_sequence_match,A0AB72ZDV0,not_sequence_independent,True,382,0.412701,same_sequence_as_frozen_827
A0ABR4VWS1,eda9d29ff13b504b8f2339e8199e037dc7cd9856c188a151424dcca3a5abc87c,211,,0.41232227488151657,0.014218009478672985,not_searched,structure_required,not_run_no_structure,,,,requires_review,True,True,accession_and_sequence_match,A0ABR4VWS1;A0A380PNP9,not_sequence_independent,True,383,0.412646,same_sequence_as_frozen_827
A0AB73Q5K2,ad709e24580d3433a8715ff7cb7ded77dc5347ac5f0b20b9b3c1181d55cfd405,302,,0.4602649006622517,0.006622516556291391,not_searched,structure_required,not_run_no_structure,,,,requires_review,True,True,accession_and_sequence_match,A0AB73Q5K2,not_sequence_independent,True,384,0.412544,same_sequence_as_frozen_827
A0A0T9UHA7,40e84ccb987083038c20e59f5e1008279a7e72d2e1859fdd15fd4c301453a9e9,468,,0.452991452991453,0.00641025641025641,not_searched,structure_required,not_run_no_structure,,,,requires_review,True,True,accession_and_sequence_match,A0A0T9UHA7,not_sequence_independent,True,385,0.412456,same_sequence_as_frozen_827
A0A0U1R2N4,7986e93daef453c36e969778934165909ad8a364f023d8348e4b43777b31fbb3,364,,0.3708791208791209,0.0,not_searched,structure_required,not_run_no_structure,,,,requires_review,True,True,accession_and_sequence_match,A0A0U1R2N4,not_sequence_independent,True,386,0.412186,same_sequence_as_frozen_827
A0A380PNP9,eda9d29ff13b504b8f2339e8199e037dc7cd9856c188a151424dcca3a5abc87c,211,A0ABR4VWS1,0.41232227488151657,0.014218009478672985,not_searched,structure_required,not_run_no_structure,,,,requires_review,True,True,accession_and_sequence_match,A0ABR4VWS1;A0A380PNP9,not_sequence_independent,True,387,0.412121,same_sequence_as_frozen_827
A0A0T9QV26,a1eb1b67a6a1c6bedf44fa25bb3e9c233b97c84941059aaf00270fe24ad8dbe9,531,,0.384180790960452,0.009416195856873822,not_searched,structure_required,not_run_no_structure,,,,requires_review,True,True,accession_and_sequence_match,A0A0T9QV26,not_sequence_independent,True,388,0.412074,same_sequence_as_frozen_827
A0ABM9XUV6,2be889ffa54b4e37de2189f853a9fbaaab5237efc4e7c56ba629bc2fa6ceef16,470,,0.44468085106382976,0.006382978723404255,not_searched,structure_required,not_run_no_structure,,,,requires_review,True,True,accession_and_sequence_match,A0ABM9XUV6,not_sequence_independent,True,389,0.411565,same_sequence_as_frozen_827
A0A0T9PYB4,dc8a6c10fa7e17b49302411287611a601ec1189dc6d4f93b9d6f931e160fbf86,239,,0.401673640167364,0.0041841004184100415,not_searched,structure_required,not_run_no_structure,,,,requires_review,True,True,accession_and_sequence_match,A0A0T9PYB4,not_sequence_independent,True,390,0.411365,same_sequence_as_frozen_827
A0ABM6BHQ6,da4b9250928a6e29a0c6b515ba51d0eefe7f047d83d1cee2a87f074967e6e914,469,,0.4349680170575693,0.008528784648187633,not_searched,structure_required,not_run_no_structure,,,,requires_review,True,True,accession_and_sequence_match,A0ABM6BHQ6,not_sequence_independent,True,391,0.410698,same_sequence_as_frozen_827
A0A0H3B678,502c5ea020e08cd8bb1eca62d750bf0aa9eb12633455c83d77b677ad94ee49ef,378,,0.42592592592592593,0.010582010582010581,not_searched,structure_required,not_run_no_structure,,,,requires_review,True,True,accession_and_sequence_match,A0A0H3B678,not_sequence_independent,True,392,0.410664,same_sequence_as_frozen_827
A0A0U1QVC6,c86f6fb4c396d96b217b5c24d0a82d4564e869f70cbb8c217999fff366c517a2,259,,0.4015444015444015,0.003861003861003861,not_searched,structure_required,not_run_no_structure,,,,requires_review,True,True,accession_and_sequence_match,A0A0U1QVC6;A0AAX2I0L3;A0A0H2W1J5;A0A0H2YKF3;A0A0H2Y6N9;A0AAV3BFT4;A0ABM5Q1D7;A0AB72ZN12,not_sequence_independent,True,393,0.410585,same_sequence_as_frozen_827
A0AA90XZS1,bed2aea8d9faf3b55589f330057c8cbbdc3c1d6614b561a4402263bb3ed674b5,387,,0.4082687338501292,0.0,not_searched,structure_required,not_run_no_structure,,,,requires_review,True,True,accession_and_sequence_match,A0AA90XZS1,not_sequence_independent,True,394,0.410372,same_sequence_as_frozen_827
A0A0H3B1B9,22eaed67249d190a4994191e077ca05c6c9fb03e63a5f02a80e3f5df7a8e69b4,589,,0.4431239388794567,0.008488964346349746,not_searched,structure_required,not_run_no_structure,,,,requires_review,True,True,accession_and_sequence_match,A0A0H3B1B9,not_sequence_independent,True,395,0.410155,same_sequence_as_frozen_827
A0AB73Q656,43ecbd97ec6556336aa60e38e3af24af2e8bd42e7f92305bc678415a82994608,197,,0.39086294416243655,0.01015228426395939,not_searched,structure_required,not_run_no_structure,,,,requires_review,True,True,accession_and_sequence_match,A0AB73Q656,not_sequence_independent,True,396,0.409821,same_sequence_as_frozen_827
A0A209A9L1,1ca2d977dd993bb0363b424275beb350402e2354ebf51934eedb898f002e3d34,352,,0.45170454545454547,0.008522727272727272,not_searched,structure_required,not_run_no_structure,,,,requires_review,True,True,accession_and_sequence_match,A0A209A9L1,not_sequence_independent,True,397,0.409703,same_sequence_as_frozen_827
A0ABM5UHV5,155f0062a1c76cfcaea266a8af4131b8b789981fd78e44dbfd39262ed8e5bff1,351,,0.4131054131054131,0.008547008547008548,not_searched,structure_required,not_run_no_structure,,,,requires_review,True,True,accession_and_sequence_match,A0ABM5UHV5,not_sequence_independent,True,398,0.409590,same_sequence_as_frozen_827
A0AB72ZL33,5352e8d4c1c0d46beb9f2679bf19d682388f73bb3ad66b1a17acd0e40e91d706,351,A0AAX2I043,0.42165242165242167,0.008547008547008548,not_searched,structure_required,not_run_no_structure,,,,requires_review,True,True,accession_and_sequence_match,A0A0H3B6E3;A0AAX2I043;A0AB72ZL33;A0A0E1NTB1;A0A0H2YL52;A0AAV3BFY5,not_sequence_independent,True,399,0.409542,same_sequence_as_frozen_827
A0A2G4TYK3,68f88c6dc6432b97e478c0e45eb8e76550c25964f5a8710252292ac418b8cb49,684,,0.3654970760233918,0.01023391812865497,not_searched,structure_required,not_run_no_structure,,,,requires_review,True,True,accession_and_sequence_match,A0A2G4TYK3,not_sequence_independent,True,400,0.409420,same_sequence_as_frozen_827
A0ABR4W5R8,7c5a01699170889980b9ac84e1466b5f96f4e1530e56cd7daac514ca274cd236,426,,0.4084507042253521,0.009389671361502348,not_searched,structure_required,not_run_no_structure,,,,requires_review,True,True,accession_and_sequence_match,A0ABR4W5R8;A0A380PNA2,not_sequence_independent,True,401,0.409349,same_sequence_as_frozen_827
A0A0A8VDN9,d480ba52f7cd806f7a45ab38cd67dadeebc2e172082d02e187b59201175677ed,140,,0.37142857142857144,0.0,not_searched,structure_required,not_run_no_structure,,,,requires_review,True,True,accession_and_sequence_match,A0A0A8VDN9,not_sequence_independent,True,402,0.409254,same_sequence_as_frozen_827
A0AAI8ZVG7,3f3f37bf45809123705609882b29e8d1b550c4b86bdc7054f5916abc8700b36b,304,,0.40789473684210525,0.006578947368421052,not_searched,structure_required,not_run_no_structure,,,,requires_review,True,True,accession_and_sequence_match,A0AAI8ZVG7,not_sequence_independent,True,403,0.409108,same_sequence_as_frozen_827
A0A0H5MHG7,2745fd5bba2ca1b94d63568f815f8e67e3f343e0a97663bd13d6bd564e7166fc,644,,0.36335403726708076,0.015527950310559006,not_searched,structure_required,not_run_no_structure,,,,requires_review,True,True,accession_and_sequence_match,A0A0H5MHG7,not_sequence_independent,True,404,0.408611,same_sequence_as_frozen_827
A0AAX2I0L3,c86f6fb4c396d96b217b5c24d0a82d4564e869f70cbb8c217999fff366c517a2,259,A0A0U1QVC6,0.4015444015444015,0.003861003861003861,not_searched,structure_required,not_run_no_structure,,,,requires_review,True,True,accession_and_sequence_match,A0A0U1QVC6;A0AAX2I0L3;A0A0H2W1J5;A0A0H2YKF3;A0A0H2Y6N9;A0AAV3BFT4;A0ABM5Q1D7;A0AB72ZN12,not_sequence_independent,True,405,0.408596,same_sequence_as_frozen_827
A0AA36PIC1,056a6ae1cad754d3d23f5702451addf7e0dfd2f8679d714dd15ca8a967fce6cc,246,,0.44308943089430897,0.0,not_searched,structure_required,not_run_no_structure,,,,requires_review,True,True,accession_and_sequence_match,A0AA36PIC1,not_sequence_independent,True,406,0.408425,same_sequence_as_frozen_827
A0AAV3BAT5,f6886feaac052d8cca17c7534bee72bf81e64041896aff81057bf173daad499f,395,,0.43291139240506327,0.005063291139240506,not_searched,structure_required,not_run_no_structure,,,,requires_review,True,True,accession_and_sequence_match,A0AAV3BAT5,not_sequence_independent,True,407,0.408210,same_sequence_as_frozen_827
A0ABM6UW81,dfc29a7db7bd5d0a3d8739a3687d3a752fb090a2252cc58501d335d87d3fe9ad,468,,0.4465811965811966,0.00641025641025641,not_searched,structure_required,not_run_no_structure,,,,requires_review,True,True,accession_and_sequence_match,A0ABM6UW81,not_sequence_independent,True,408,0.407722,same_sequence_as_frozen_827
A0ABX5R0V5,bfac71cb71d1741d31d1f8e2f44e9a18cadba355f29abe6e8457b527c47d6878,302,,0.4735099337748344,0.006622516556291391,not_searched,structure_required,not_run_no_structure,,,,requires_review,True,True,accession_and_sequence_match,A0ABX5R0V5,not_sequence_independent,True,409,0.407373,same_sequence_as_frozen_827
A0A0T9MSU1,5021f397a1c12b94c007a4640243ea39371772e381c276b9c815fd8abe52f317,700,,0.3657142857142857,0.01,not_searched,structure_required,not_run_no_structure,,,,requires_review,True,True,accession_and_sequence_match,A0A0T9MSU1,not_sequence_independent,True,410,0.407296,same_sequence_as_frozen_827
A0ABP1Z8F7,2f42b9dbea35f69b4a9591363691353941c662e3bc7c07ad7999851a79d947b3,216,A0ABM7AH44,0.37037037037037035,0.009259259259259259,not_searched,structure_required,not_run_no_structure,,,,requires_review,True,True,accession_and_sequence_match,A0ABM7AH44;A0ABP1Z8F7;A0A0H3AZK0,not_sequence_independent,True,411,0.406648,same_sequence_as_frozen_827
A0AB73QHN9,1a0b4a7f98c987fe00190ac25ccc88b7affb6ce0be23593ee980cac9c5bc3d0b,302,,0.45695364238410596,0.006622516556291391,not_searched,structure_required,not_run_no_structure,,,,requires_review,True,True,accession_and_sequence_match,A0AB73QHN9,not_sequence_independent,True,412,0.406601,same_sequence_as_frozen_827
A0AB73NKW1,a9f99a3b5a10e07ba7a674105db059e1b1c566017a060dd09c983b680b366ce5,380,,0.4131578947368421,0.0,not_searched,structure_required,not_run_no_structure,,,,requires_review,True,True,accession_and_sequence_match,A0AB73NKW1,not_sequence_independent,True,413,0.406504,same_sequence_as_frozen_827
A0AAV3B8C2,1bfa78d7f6db324dd179c6f4e35a6de9dcfc099e7d657d894d46dc1f4b50e456,202,,0.38613861386138615,0.0049504950495049506,not_searched,structure_required,not_run_no_structure,,,,requires_review,True,True,accession_and_sequence_match,A0AAV3B8C2;A0A3G5LJP4;A0A0E1NQK2;A0A0H2YNL1;A0AB72ZRU3;A0A0H2W0D6,not_sequence_independent,True,414,0.406497,same_sequence_as_frozen_827
A0AB73PP81,0f1fe31d7d17ce076ca3274af501a944d3503e230f83d5e3e418b1777af58861,466,,0.4313304721030043,0.008583690987124463,not_searched,structure_required,not_run_no_structure,,,,requires_review,True,True,accession_and_sequence_match,A0AB73PP81,not_sequence_independent,True,415,0.406341,same_sequence_as_frozen_827
A0A0T9LN66,cb38511f9c9dfb1353debf78ba39096af8240839a378009a5a09217293f8b8b6,356,,0.3960674157303371,0.008426966292134831,not_searched,structure_required,not_run_no_structure,,,,requires_review,True,True,accession_and_sequence_match,A0A0T9LN66,not_sequence_independent,True,416,0.406309,same_sequence_as_frozen_827
A0ABM7AGN3,c5cb63393d33845827383c93858ed9960f07cab28413763e9c2422a6a7f3d886,407,,0.3759213759213759,0.004914004914004914,not_searched,structure_required,not_run_no_structure,,,,requires_review,True,True,accession_and_sequence_match,A0ABM7AGN3,not_sequence_independent,True,417,0.405833,same_sequence_as_frozen_827
A0ABM5U8M7,112d70407848501e388a3c81d6c564adc888feb2b121aa9891de312e5ee7a16a,302,,0.44039735099337746,0.006622516556291391,not_searched,structure_required,not_run_no_structure,,,,requires_review,True,True,accession_and_sequence_match,A0ABM5U8M7,not_sequence_independent,True,418,0.405652,same_sequence_as_frozen_827
A0ABN4CNM4,9b4c37c23b62db995e5f930e83aa5855cafb2657d0b3416a0500f1129590af16,663,,0.42684766214177977,0.0030165912518853697,not_searched,structure_required,not_run_no_structure,,,,requires_review,True,True,accession_and_sequence_match,A0ABN4CNM4,not_sequence_independent,True,419,0.405603,same_sequence_as_frozen_827
A0A0T9RQ76,56beb79c3bfd812b3adf498dfcc9c5e22fc341cf03daee0079969d199f23d6b1,587,,0.38841567291311757,0.005110732538330494,not_searched,structure_required,not_run_no_structure,,,,requires_review,True,True,accession_and_sequence_match,A0A0T9RQ76,not_sequence_independent,True,420,0.405461,same_sequence_as_frozen_827
A0ABX6FH78,e557958f660b6822babe0b50ac97eb124e5c5975268ca2a3bfdccb511cff848c,309,,0.44660194174757284,0.003236245954692557,not_searched,structure_required,not_run_no_structure,,,,requires_review,True,True,accession_and_sequence_match,A0ABX6FH78,not_sequence_independent,True,421,0.405307,same_sequence_as_frozen_827
A0A380PNA2,7c5a01699170889980b9ac84e1466b5f96f4e1530e56cd7daac514ca274cd236,426,A0ABR4W5R8,0.4084507042253521,0.009389671361502348,not_searched,structure_required,not_run_no_structure,,,,requires_review,True,True,accession_and_sequence_match,A0ABR4W5R8;A0A380PNA2,not_sequence_independent,True,422,0.404882,same_sequence_as_frozen_827
A0AA44I1R7,8488363a730cebe23030fa878c12a59b3a864f68621703d61227d0cb930cf152,468,,0.4594017094017094,0.00641025641025641,not_searched,structure_required,not_run_no_structure,,,,requires_review,True,True,accession_and_sequence_match,A0AA44I1R7,not_sequence_independent,True,423,0.404769,same_sequence_as_frozen_827
A0ABP2DZT0,28a40bf80c1a3f8c0024f1340da5c38a06dc53f18ea177a3d48279a2905e9d51,347,,0.37752161383285304,0.005763688760806916,not_searched,structure_required,not_run_no_structure,,,,requires_review,True,True,accession_and_sequence_match,A0ABP2DZT0,not_sequence_independent,True,424,0.404223,same_sequence_as_frozen_827
A0ABY5UX71,2509ed2efd55d37dec0d0590d5cbcfc44af2b36543b77c6c1fb30df514b8720a,351,,0.39316239316239315,0.008547008547008548,not_searched,structure_required,not_run_no_structure,,,,requires_review,True,True,accession_and_sequence_match,A0ABY5UX71,not_sequence_independent,True,425,0.404066,same_sequence_as_frozen_827
A0AB73QFS4,69e09739499cdd2c920702a72e6b5f4591ac7028776ca80f4ca86875c27fc3bd,196,,0.40816326530612246,0.00510204081632653,not_searched,structure_required,not_run_no_structure,,,,requires_review,True,True,accession_and_sequence_match,A0AB73QFS4,not_sequence_independent,True,426,0.403876,same_sequence_as_frozen_827
A0A380PUT3,ad9113e01b555da7e3b2b2cdc844091ffa678d4003e6b84986c588e1fa0dc0d7,357,,0.39215686274509803,0.0056022408963585435,not_searched,structure_required,not_run_no_structure,,,,requires_review,True,True,accession_and_sequence_match,A0A380PUT3,not_sequence_independent,True,427,0.403779,same_sequence_as_frozen_827
A0A085U7Z9,2e859fcf26ff65008b9e2453b5f1cad195b02ef9c7fb5da3df41dbc8ecd61e8a,216,,0.38425925925925924,0.013888888888888888,not_searched,structure_required,not_run_no_structure,,,,requires_review,True,True,accession_and_sequence_match,A0A085U7Z9,not_sequence_independent,True,428,0.403699,same_sequence_as_frozen_827
A0A208ZSG3,84766fb4833d50a6b61c2485b4b5b8814f999124bb541ae24d04aab462ccb3b9,390,,0.3641025641025641,0.002564102564102564,not_searched,structure_required,not_run_no_structure,,,,requires_review,True,True,accession_and_sequence_match,A0A208ZSG3,not_sequence_independent,True,429,0.403520,same_sequence_as_frozen_827
A0ABM9TGV0,3e941bcdd145a669efb68e70ea5690107dfa739e03a7b5d85ba91916ca030746,213,,0.38967136150234744,0.014084507042253521,not_searched,structure_required,not_run_no_structure,,,,requires_review,True,True,accession_and_sequence_match,A0ABM9TGV0,not_sequence_independent,True,430,0.403441,same_sequence_as_frozen_827
A0AA44CPT5,25ee144667aa355736c5cb4bfd1e06fe16bb04b04f42cfc1a950ac78c6090bfb,378,,0.4365079365079365,0.007936507936507936,not_searched,structure_required,not_run_no_structure,,,,requires_review,True,True,accession_and_sequence_match,A0AA44CPT5,not_sequence_independent,True,431,0.403161,same_sequence_as_frozen_827
A0A0T9KLV1,33f818d38dd2199462838cb0e3f8caf0f8691d61602536269e498da4d131d4ac,197,,0.4010152284263959,0.005076142131979695,not_searched,structure_required,not_run_no_structure,,,,requires_review,True,True,accession_and_sequence_match,A0A0T9KLV1,not_sequence_independent,True,432,0.403068,same_sequence_as_frozen_827
A0ABW9ETP4,b045c6ecbf319c813db5af25edd20b1791918db165c71648d40cebfeb73f8660,399,,0.43609022556390975,0.007518796992481203,not_searched,structure_required,not_run_no_structure,,,,requires_review,True,True,accession_and_sequence_match,A0ABW9ETP4,not_sequence_independent,True,433,0.403030,same_sequence_as_frozen_827
A0A0E1NNL7,104163298f84d6904b2efad647078a6878880739ca35ce0a3d2d77cde279971f,378,,0.4312169312169312,0.007936507936507936,not_searched,structure_required,not_run_no_structure,,,,requires_review,True,True,accession_and_sequence_match,A0A0E1NNL7;A0AAV3BFB4;A0A5P8YE56;A0AAX2HZP5,not_sequence_independent,True,434,0.402858,same_sequence_as_frozen_827
A0A0U1QWC7,e80691ba9ed4ad28d1098be9727b6997bfdb949b1cbe848b4991649c40d1720e,218,,0.39908256880733944,0.0045871559633027525,not_searched,structure_required,not_run_no_structure,,,,requires_review,True,True,accession_and_sequence_match,A0A0U1QWC7,not_sequence_independent,True,435,0.402625,same_sequence_as_frozen_827
A0ABM9STX9,ef3382b4570f5f99e21b855496e47c93ef89a94d360cc5fb2110367c236a95c6,144,,0.4652777777777778,0.0,not_searched,structure_required,not_run_no_structure,,,,requires_review,True,True,accession_and_sequence_match,A0ABM9STX9,not_sequence_independent,True,436,0.402522,same_sequence_as_frozen_827
A0A380QTH7,742bf0c525fb9061753c1f96d11ddd3493d18ae2776c7cab5f6dac8e62c29c14,447,,0.4407158836689038,0.008948545861297539,not_searched,structure_required,not_run_no_structure,,,,requires_review,True,True,accession_and_sequence_match,A0A380QTH7,not_sequence_independent,True,437,0.402499,same_sequence_as_frozen_827
A0ABM6UUN8,5bba6e6a9aa3eb41c33a9d5487e09e80c5749732d76a4b5cad6b45a76692d9f0,378,,0.42063492063492064,0.007936507936507936,not_searched,structure_required,not_run_no_structure,,,,requires_review,True,True,accession_and_sequence_match,A0ABM6UUN8,not_sequence_independent,True,438,0.401800,same_sequence_as_frozen_827
A0A2G4U293,5f9dd48a89a50054ddf3420fff63aa84f3c15f6e689ae7a6543da8e3a8fd1a40,468,,0.4444444444444444,0.00641025641025641,not_searched,structure_required,not_run_no_structure,,,,requires_review,True,True,accession_and_sequence_match,A0A2G4U293,not_sequence_independent,True,439,0.401709,same_sequence_as_frozen_827
A0ABM5SR09,640c1676d03d1bb2ceecadc9b7b900748493a3da3df80728e5c01a6a8d077ab3,336,,0.40773809523809523,0.005952380952380952,not_searched,structure_required,not_run_no_structure,,,,requires_review,True,True,accession_and_sequence_match,A0ABM5SR09,not_sequence_independent,True,440,0.401682,same_sequence_as_frozen_827
Q666T9,6bf90aed0f15f35c4eb0ad1fe0e99685daf79b7dc1faf729454dfc12c9a7e88a,531,,0.4406779661016949,0.0018832391713747645,not_searched,structure_required,not_run_no_structure,,,,requires_review,True,True,accession_and_sequence_match,Q666T9,not_sequence_independent,True,441,0.401674,same_sequence_as_frozen_827
A0A0T9QEA5,366f2cb8566b6206447cff9dbca263b7de7558240ba4c0484e689a88c4f73434,302,,0.46357615894039733,0.006622516556291391,not_searched,structure_required,not_run_no_structure,,,,requires_review,True,True,accession_and_sequence_match,A0A0T9QEA5,not_sequence_independent,True,442,0.401638,same_sequence_as_frozen_827
A0AA44CIX0,10f845429ea138a019682d7399bbd00f083653ed775f520c8c3c633320c25654,302,,0.4602649006622517,0.006622516556291391,not_searched,structure_required,not_run_no_structure,,,,requires_review,True,True,accession_and_sequence_match,A0AA44CIX0,not_sequence_independent,True,443,0.401313,same_sequence_as_frozen_827
A0ABM7ANK9,84d3f963eb0fec0848822a182db2dc901bb44bca83c738e848d3b5a143eb4271,351,,0.42165242165242167,0.008547008547008548,not_searched,structure_required,not_run_no_structure,,,,requires_review,True,True,accession_and_sequence_match,A0ABM7ANK9;Q66CW8,not_sequence_independent,True,444,0.401240,same_sequence_as_frozen_827
A0ABR4VY47,ca3cfc3ace609af21661f749a78f43f25af81630c8cf904b3afaf0ca239300e4,368,,0.3695652173913043,0.0,not_searched,structure_required,not_run_no_structure,,,,requires_review,True,True,accession_and_sequence_match,A0ABR4VY47;A0A380PNK7,not_sequence_independent,True,445,0.401236,same_sequence_as_frozen_827
A0A0H2W1J5,c86f6fb4c396d96b217b5c24d0a82d4564e869f70cbb8c217999fff366c517a2,259,A0AAX2I0L3,0.4015444015444015,0.003861003861003861,not_searched,structure_required,not_run_no_structure,,,,requires_review,True,True,accession_and_sequence_match,A0A0U1QVC6;A0AAX2I0L3;A0A0H2W1J5;A0A0H2YKF3;A0A0H2Y6N9;A0AAV3BFT4;A0ABM5Q1D7;A0AB72ZN12,not_sequence_independent,True,446,0.400794,same_sequence_as_frozen_827
A0AB73PZQ4,17e00135b2e873b362d7982c7be574d65ab62048dbbfe58cff3d005091b5f007,302,,0.45364238410596025,0.006622516556291391,not_searched,structure_required,not_run_no_structure,,,,requires_review,True,True,accession_and_sequence_match,A0AB73PZQ4,not_sequence_independent,True,447,0.400691,same_sequence_as_frozen_827
A0ABP1YSK3,c5d250214927e93c40e2c5470762a7b15052ebf428769c0acb8da1e7757c248a,399,,0.43609022556390975,0.007518796992481203,not_searched,structure_required,not_run_no_structure,,,,requires_review,True,True,accession_and_sequence_match,A0ABP1YSK3,not_sequence_independent,True,448,0.400342,same_sequence_as_frozen_827
A0AAW7JSQ1,f8e7884f9ae459265b2e0f907e264d4cab5a79a84b1a3467fbead4951362529b,354,,0.3898305084745763,0.0,not_searched,structure_required,not_run_no_structure,,,,requires_review,True,True,accession_and_sequence_match,A0AAW7JSQ1,not_sequence_independent,True,449,0.400197,same_sequence_as_frozen_827
A0ABM9YBE2,5553363545b0fa72540ab1d654600eaeb06223d576d67b123d46400c4d2ed7e1,330,,0.41515151515151516,0.00909090909090909,not_searched,structure_required,not_run_no_structure,,,,requires_review,True,True,accession_and_sequence_match,A0ABM9YBE2,not_sequence_independent,True,450,0.400156,same_sequence_as_frozen_827
A0ABM9TGR4,90a95566a4b2aae3edfa7f7f3b18a519acbabcbedd5244d124d29456eb09cae1,685,,0.35474452554744523,0.008759124087591242,not_searched,structure_required,not_run_no_structure,,,,requires_review,True,True,accession_and_sequence_match,A0ABM9TGR4,not_sequence_independent,True,451,0.399959,same_sequence_as_frozen_827
A0ABY5UV58,63bdff8b21789872bee9668535334e527470ed135a4fbc9e510cc7a83fd87057,286,,0.38461538461538464,0.0034965034965034965,not_searched,structure_required,not_run_no_structure,,,,requires_review,True,True,accession_and_sequence_match,A0ABY5UV58,not_sequence_independent,True,452,0.399714,same_sequence_as_frozen_827
A0ABP1ZGZ5,998cd1746a5e194a0fafbf11254d4de7323e4d782162649fd23d6eacd985b7b7,116,,0.43103448275862066,0.0,not_searched,structure_required,not_run_no_structure,,,,requires_review,True,True,accession_and_sequence_match,A0ABP1ZGZ5,not_sequence_independent,True,453,0.399475,same_sequence_as_frozen_827
A0A0H2YKF3,c86f6fb4c396d96b217b5c24d0a82d4564e869f70cbb8c217999fff366c517a2,259,A0A0H2W1J5,0.4015444015444015,0.003861003861003861,not_searched,structure_required,not_run_no_structure,,,,requires_review,True,True,accession_and_sequence_match,A0A0U1QVC6;A0AAX2I0L3;A0A0H2W1J5;A0A0H2YKF3;A0A0H2Y6N9;A0AAV3BFT4;A0ABM5Q1D7;A0AB72ZN12,not_sequence_independent,True,454,0.399370,same_sequence_as_frozen_827
A0AA44CIM3,1bf2b2e69177b23ce7ed35a94c82f598d718f99352ba082269cea3ab6c55d1c9,422,,0.45734597156398105,0.0,not_searched,structure_required,not_run_no_structure,,,,requires_review,True,True,accession_and_sequence_match,A0AA44CIM3,not_sequence_independent,True,455,0.399194,same_sequence_as_frozen_827
Q66BC8,e456f48a26eed94e65ad35ab9902415c9a26a4fa5450747f7c60a43c0260401a,479,,0.4091858037578288,0.010438413361169102,not_searched,structure_required,not_run_no_structure,,,,requires_review,True,True,accession_and_sequence_match,Q66BC8,not_sequence_independent,True,456,0.399146,same_sequence_as_frozen_827
A0ABM9SZ95,4cb21112326cd967baac3314281c54a3a3175a2f6f440343554e31a1f02f2708,211,,0.41706161137440756,0.014218009478672985,not_searched,structure_required,not_run_no_structure,,,,requires_review,True,True,accession_and_sequence_match,A0ABM9SZ95,not_sequence_independent,True,457,0.399138,same_sequence_as_frozen_827
A0AA36LM82,587468ac06f2791eab8fe4bd9f18035aec9ce5414158656ee34fcc3bb384f3a4,356,,0.4101123595505618,0.008426966292134831,not_searched,structure_required,not_run_no_structure,,,,requires_review,True,True,accession_and_sequence_match,A0AA36LM82,not_sequence_independent,True,458,0.399095,same_sequence_as_frozen_827
A0AB73PEI7,318a8789bbacc876b7405b7dc234db1cba0a6eb87b98e1074c948716cd246ca2,211,,0.4075829383886256,0.014218009478672985,not_searched,structure_required,not_run_no_structure,,,,requires_review,True,True,accession_and_sequence_match,A0AB73PEI7,not_sequence_independent,True,459,0.398911,same_sequence_as_frozen_827
A0A380PP39,55a33aa3cd87c597f4b3f2d72aa3ea76f9d4cfcd1b1f32b80a657115b7ca53cd,302,,0.4205298013245033,0.006622516556291391,not_searched,structure_required,not_run_no_structure,,,,requires_review,True,True,accession_and_sequence_match,A0A380PP39;A0ABR4W6F7,not_sequence_independent,True,460,0.398743,same_sequence_as_frozen_827
A0A0T9RKA1,97b85d47d7620c43b0ad7ff93621d88b6ff7e31cd610a95ef5852c95428cbcbd,378,,0.42592592592592593,0.010582010582010581,not_searched,structure_required,not_run_no_structure,,,,requires_review,True,True,accession_and_sequence_match,A0A0T9RKA1,not_sequence_independent,True,461,0.398436,same_sequence_as_frozen_827
A0A0H3B6E0,adf550d27fb5a336186d50995ad317ae05020747ad9a6d9d2b84dc652ab9791d,238,,0.42016806722689076,0.0,not_searched,structure_required,not_run_no_structure,,,,requires_review,True,True,accession_and_sequence_match,A0A0H3B6E0;Q66CW3,not_sequence_independent,True,462,0.398432,same_sequence_as_frozen_827
A0ABM5U8N2,b44072b5049527efb5b734557e98524952856d9e42fea65d86750ab4c847dbf5,396,,0.39646464646464646,0.007575757575757576,not_searched,structure_required,not_run_no_structure,,,,requires_review,True,True,accession_and_sequence_match,A0ABM5U8N2,not_sequence_independent,True,463,0.398355,same_sequence_as_frozen_827
A0ABW9EWX0,eaed7c8e14dfd0eecf64266388120cec5fb9e90619c0232c9e1b2e5c16cf1685,356,,0.41292134831460675,0.011235955056179775,not_searched,structure_required,not_run_no_structure,,,,requires_review,True,True,accession_and_sequence_match,A0ABW9EWX0,not_sequence_independent,True,464,0.398120,same_sequence_as_frozen_827
A0ABP1Y7W3,c96164cd6d18c26cfd016b701f35fd7b3ca1010d8818ca1aa50ae0e9192c7ed2,433,,0.4133949191685912,0.0,not_searched,structure_required,not_run_no_structure,,,,requires_review,True,True,accession_and_sequence_match,A0ABP1Y7W3,not_sequence_independent,True,465,0.398050,same_sequence_as_frozen_827
A0ABN4PWA2,f259ff51f273c4356748e9bf555c4de56e429aebfe9df545e789ca846a4f5392,436,,0.4288990825688073,0.009174311926605505,not_searched,structure_required,not_run_no_structure,,,,requires_review,True,True,accession_and_sequence_match,A0ABN4PWA2,not_sequence_independent,True,466,0.397752,same_sequence_as_frozen_827
A0ABM5UH14,28cd1465a10ce8fd56e3cb44fc918c04f838ea14e8ad11e7dbf00ed20215c3e9,431,,0.4408352668213457,0.002320185614849188,not_searched,structure_required,not_run_no_structure,,,,requires_review,True,True,accession_and_sequence_match,A0ABM5UH14,not_sequence_independent,True,467,0.397693,same_sequence_as_frozen_827
A0A0T9KKA0,86e2948f5a45b6ce6c806cf17c4995899ac87e6cf9ea79b454390fd154b4eae3,386,,0.3911917098445596,0.0025906735751295338,not_searched,structure_required,not_run_no_structure,,,,requires_review,True,True,accession_and_sequence_match,A0A0T9KKA0,not_sequence_independent,True,468,0.397649,same_sequence_as_frozen_827
Q66CW5,be540ceb7b18c4cc833906aa6c575a7636d579315222c936c39b6cd799bdc40b,378,,0.4312169312169312,0.007936507936507936,not_searched,structure_required,not_run_no_structure,,,,requires_review,True,True,accession_and_sequence_match,Q66CW5;A0ABM7ANU6;A0A0U1QUW3;A0ABM9TCW2,not_sequence_independent,True,469,0.397297,same_sequence_as_frozen_827
A0A380Q814,84da621f232c4fe4d2fd118f013cd61c2f0eb7e50da2582ae9ed40470706176a,211,,0.3981042654028436,0.014218009478672985,not_searched,structure_required,not_run_no_structure,,,,requires_review,True,True,accession_and_sequence_match,A0A380Q814,not_sequence_independent,True,470,0.397207,same_sequence_as_frozen_827
A0A0E1NX19,b2f3ba8bd648714615a04e6363dbe12abeb9543f7b6b2a878e93c4b55f9312c4,139,,0.4028776978417266,0.0,not_searched,structure_required,not_run_no_structure,,,,requires_review,True,True,accession_and_sequence_match,A0A0E1NX19;Q7CIG2;A0AAV3BF90;A0A0H2YGI6;A0AAX2I8P7,not_sequence_independent,True,471,0.397132,same_sequence_as_frozen_827
A0ABM9Y7R4,a6a7be03db7211248df4138db879614a5628aeeae98391f3473206c4600c90c5,352,,0.4119318181818182,0.002840909090909091,not_searched,structure_required,not_run_no_structure,,,,requires_review,True,True,accession_and_sequence_match,A0ABM9Y7R4,not_sequence_independent,True,472,0.396778,same_sequence_as_frozen_827
A0ABN4PV81,069a7f67ce4191e6d3d4ce66684ffe369add6e6481822e1f8c539ec90008b498,140,,0.38571428571428573,0.0,not_searched,structure_required,not_run_no_structure,,,,requires_review,True,True,accession_and_sequence_match,A0ABN4PV81,not_sequence_independent,True,473,0.396710,same_sequence_as_frozen_827
A0ABM7ALJ4,821a06eff499369eb5d5ef8bee4c67bffc1c99252e106cfbaf4d5b867c2006f9,364,,0.3708791208791209,0.0,not_searched,structure_required,not_run_no_structure,,,,requires_review,True,True,accession_and_sequence_match,A0ABM7ALJ4,not_sequence_independent,True,474,0.396653,same_sequence_as_frozen_827
A0A857EWU7,3d6974697dd8ed67fcfef6c5511fe1dd058686edcec311226dceae0c8b4940fd,468,,0.45085470085470086,0.00641025641025641,not_searched,structure_required,not_run_no_structure,,,,requires_review,True,True,accession_and_sequence_match,A0A857EWU7,not_sequence_independent,True,475,0.396414,same_sequence_as_frozen_827
A0A0T9UMM8,99ecff5027a5953b329429907760d77751bc30d9dc303e4d904268dc1f4db5e7,515,,0.4155339805825243,0.011650485436893204,not_searched,structure_required,not_run_no_structure,,,,requires_review,True,True,accession_and_sequence_match,A0A0T9UMM8,not_sequence_independent,True,476,0.396348,same_sequence_as_frozen_827
A0A0A8VIE2,17afcf91682f228b97cd6c3e37327772378e5aeac4c54c0248ca1f6e4b806634,140,,0.42142857142857143,0.0,not_searched,structure_required,not_run_no_structure,,,,requires_review,True,True,accession_and_sequence_match,A0A0A8VIE2,not_sequence_independent,True,477,0.396337,same_sequence_as_frozen_827
A0ABP1YWJ1,ada7e517b25e06360e862f37b861a19d559f6855061e8c9ba3a95ef52979995f,148,,0.4594594594594595,0.013513513513513514,not_searched,structure_required,not_run_no_structure,,,,requires_review,True,True,accession_and_sequence_match,A0ABP1YWJ1,not_sequence_independent,True,478,0.395954,same_sequence_as_frozen_827
A0A0H3AWU3,a41d96045dfa1a313edd33c094a6c9f3d422635a70383377ca38c8facece25b6,353,,0.44192634560906513,0.0056657223796034,not_searched,structure_required,not_run_no_structure,,,,requires_review,True,True,accession_and_sequence_match,A0A0H3AWU3,not_sequence_independent,True,479,0.395951,same_sequence_as_frozen_827
A0AA90XTP7,25bad88b8bd4e7756d71c2f7f4da3c55e72d9f3e8014280f6c8386a320baefe0,468,,0.44871794871794873,0.00641025641025641,not_searched,structure_required,not_run_no_structure,,,,requires_review,True,True,accession_and_sequence_match,A0AA90XTP7,not_sequence_independent,True,480,0.395927,same_sequence_as_frozen_827
A0ABR4W506,26b3f589ace3367335065927a50ebc172e1b7afbe5c8c1238441999d9d04f213,356,,0.39325842696629215,0.008426966292134831,not_searched,structure_required,not_run_no_structure,,,,requires_review,True,True,accession_and_sequence_match,A0ABR4W506;A0A380PTJ1,not_sequence_independent,True,481,0.395882,same_sequence_as_frozen_827
A0A0T9KYN8,e9f7700d254d670d9261aff03fb26d2cd71b4c5b5686e346e5039133bcbd602c,259,,0.4092664092664093,0.003861003861003861,not_searched,structure_required,not_run_no_structure,,,,requires_review,True,True,accession_and_sequence_match,A0A0T9KYN8,not_sequence_independent,True,482,0.395829,same_sequence_as_frozen_827
A0A0E1NTB1,5352e8d4c1c0d46beb9f2679bf19d682388f73bb3ad66b1a17acd0e40e91d706,351,A0AB72ZL33,0.42165242165242167,0.008547008547008548,not_searched,structure_required,not_run_no_structure,,,,requires_review,True,True,accession_and_sequence_match,A0A0H3B6E3;A0AAX2I043;A0AB72ZL33;A0A0E1NTB1;A0A0H2YL52;A0AAV3BFY5,not_sequence_independent,True,483,0.395797,same_sequence_as_frozen_827
A0AAW7JU40,cfc3e72838312f752e389bce7519c89f8d72dc8b52dede61b70e2b76a01a922d,196,,0.4030612244897959,0.01020408163265306,not_searched,structure_required,not_run_no_structure,,,,requires_review,True,True,accession_and_sequence_match,A0AAW7JU40,not_sequence_independent,True,484,0.395712,same_sequence_as_frozen_827
A0ABM5U8P4,d33336044b70bb97035ca0de5ba69897fc0f9ca7a2bf6744e205234f8bdc15f7,367,,0.37329700272479566,0.0,not_searched,structure_required,not_run_no_structure,,,,requires_review,True,True,accession_and_sequence_match,A0ABM5U8P4,not_sequence_independent,True,485,0.395264,same_sequence_as_frozen_827
A0ABM9TMK5,ac49c53d83dc1c119ab65bbae07ab0fa41beee94bbf260cebe7f4262b3903b9a,211,,0.4028436018957346,0.014218009478672985,not_searched,structure_required,not_run_no_structure,,,,requires_review,True,True,accession_and_sequence_match,A0ABM9TMK5,not_sequence_independent,True,486,0.395018,same_sequence_as_frozen_827
A0AA36LQN9,40de5080edd5b95216699183c19fa47e68f55190c895f3e6530c757fa328c1c2,377,,0.41644562334217505,0.005305039787798408,not_searched,structure_required,not_run_no_structure,,,,requires_review,True,True,accession_and_sequence_match,A0AA36LQN9,not_sequence_independent,True,487,0.394863,same_sequence_as_frozen_827
A0ABR4W522,41dfa0d4286831826760e08a0dac2681a761be220768d2d22bf70223cdfedc84,466,,0.43776824034334766,0.006437768240343348,not_searched,structure_required,not_run_no_structure,,,,requires_review,True,True,accession_and_sequence_match,A0ABR4W522;A0A380PRV1,not_sequence_independent,True,488,0.394618,same_sequence_as_frozen_827
A0AB73P4D7,0723f6623aab92917f1035307274d34cf458965b2abb744a3cf877c0243e421c,399,,0.43107769423558895,0.007518796992481203,not_searched,structure_required,not_run_no_structure,,,,requires_review,True,True,accession_and_sequence_match,A0AB73P4D7,not_sequence_independent,True,489,0.394589,same_sequence_as_frozen_827
A0A380Q9X7,353352f1d71ceb0f1159cb2b3b80edfe8d3a11c2e744017f553890a23c5d12b4,342,,0.4064327485380117,0.014619883040935672,not_searched,structure_required,not_run_no_structure,,,,requires_review,True,True,accession_and_sequence_match,A0A380Q9X7,not_sequence_independent,True,490,0.394510,same_sequence_as_frozen_827
A0AAW7K6S3,4fa00e0b8b7d25c98077a1636a10fa0d2c9497e3ea7b266ea630919b3366980f,140,,0.37142857142857144,0.0,not_searched,structure_required,not_run_no_structure,,,,requires_review,True,True,accession_and_sequence_match,A0AAW7K6S3,not_sequence_independent,True,491,0.394465,same_sequence_as_frozen_827
A0A0T9PX89,077064e4a6a1e936737eab9b6353862234dbce5bb1c64dfc75da9c7b1102ed6b,351,,0.4188034188034188,0.008547008547008548,not_searched,structure_required,not_run_no_structure,,,,requires_review,True,True,accession_and_sequence_match,A0A0T9PX89,not_sequence_independent,True,492,0.394156,same_sequence_as_frozen_827
A0A0T9LN06,5e645a1018b43abec0f751fe3ab01437ba5dd85ab9627a44379bea8e01b368f6,378,,0.4470899470899471,0.007936507936507936,not_searched,structure_required,not_run_no_structure,,,,requires_review,True,True,accession_and_sequence_match,A0A0T9LN06,not_sequence_independent,True,493,0.394146,same_sequence_as_frozen_827
A0A0T9KYN4,480289376630020f884fea93d98a6202f48bc2e5649b678e3ec065d4c5c66791,197,,0.40609137055837563,0.005076142131979695,not_searched,structure_required,not_run_no_structure,,,,requires_review,True,True,accession_and_sequence_match,A0A0T9KYN4,not_sequence_independent,True,494,0.394062,same_sequence_as_frozen_827
A0ABM9TUX3,99ee44b62b7919a13f7971a2854abf232a6bbe918ec5b5c073cb8c1ce0787b27,468,,0.42948717948717946,0.00641025641025641,not_searched,structure_required,not_run_no_structure,,,,requires_review,True,True,accession_and_sequence_match,A0ABM9TUX3,not_sequence_independent,True,495,0.393752,same_sequence_as_frozen_827
A0AA44CIL6,141e742eef8639eb204a05a88c9ba2aa7dc3d378dcc733ea501eb2b11750a135,410,,0.424390243902439,0.007317073170731708,not_searched,structure_required,not_run_no_structure,,,,requires_review,True,True,accession_and_sequence_match,A0AA44CIL6,not_sequence_independent,True,496,0.393745,same_sequence_as_frozen_827
A0A0U1QX07,319c90993483e8b0a5e13d08c8bfb492d6bf876c422428f0a0c2a4bd0020f92f,468,,0.4444444444444444,0.00641025641025641,not_searched,structure_required,not_run_no_structure,,,,requires_review,True,True,accession_and_sequence_match,A0A0U1QX07,not_sequence_independent,True,497,0.393583,same_sequence_as_frozen_827
A0A380Q7B5,3cf2bf0d724a14efbf9332802237db8187dde3f6da395b98754d230ab1539af5,468,,0.4465811965811966,0.00641025641025641,not_searched,structure_required,not_run_no_structure,,,,requires_review,True,True,accession_and_sequence_match,A0A380Q7B5,not_sequence_independent,True,498,0.393252,same_sequence_as_frozen_827
A0A208ZGJ0,7d7c1618e4200f760fd63459ad4487eb70f4c00bc32370f96c40ebcb82494a9a,284,,0.4119718309859155,0.0035211267605633804,not_searched,structure_required,not_run_no_structure,,,,requires_review,True,True,accession_and_sequence_match,A0A208ZGJ0,not_sequence_independent,True,499,0.393205,same_sequence_as_frozen_827
A0A0T9LN23,de2956af35441bd0942e88049664f37feeea4ad5cd95f4f1d80f907a8855e1dc,466,,0.4334763948497854,0.008583690987124463,not_searched,structure_required,not_run_no_structure,,,,requires_review,True,True,accession_and_sequence_match,A0A0T9LN23,not_sequence_independent,True,500,0.393088,same_sequence_as_frozen_827
A0ABM6UP56,add0fa8695585e0076ede71bf348dcd2dc4c952cb3860d12e6ce43c8fdf6777d,213,,0.3755868544600939,0.014084507042253521,not_searched,structure_required,not_run_no_structure,,,,requires_review,True,True,accession_and_sequence_match,A0ABM6UP56,not_sequence_independent,True,501,0.393058,same_sequence_as_frozen_827
A0A0T9QDA1,6f0ad8e91b5c50f83cbfde0f42259fa41906255cfbd7033c226bc6c94d33a26a,203,,0.4630541871921182,0.0,not_searched,structure_required,not_run_no_structure,,,,requires_review,True,True,accession_and_sequence_match,A0A0T9QDA1,not_sequence_independent,True,502,0.392913,same_sequence_as_frozen_827
Q666U1,a044a981b7a940d479ab0356fb4bee092b017adc5d140df8d92b484be63a1279,394,,0.467005076142132,0.005076142131979695,not_searched,structure_required,not_run_no_structure,,,,requires_review,True,True,accession_and_sequence_match,Q666U1,not_sequence_independent,True,503,0.392527,same_sequence_as_frozen_827
A0ABM7ANU6,be540ceb7b18c4cc833906aa6c575a7636d579315222c936c39b6cd799bdc40b,378,Q66CW5,0.4312169312169312,0.007936507936507936,not_searched,structure_required,not_run_no_structure,,,,requires_review,True,True,accession_and_sequence_match,Q66CW5;A0ABM7ANU6;A0A0U1QUW3;A0ABM9TCW2,not_sequence_independent,True,504,0.392517,same_sequence_as_frozen_827
A0AAV3BFB4,104163298f84d6904b2efad647078a6878880739ca35ce0a3d2d77cde279971f,378,A0A0E1NNL7,0.4312169312169312,0.007936507936507936,not_searched,structure_required,not_run_no_structure,,,,requires_review,True,True,accession_and_sequence_match,A0A0E1NNL7;A0AAV3BFB4;A0A5P8YE56;A0AAX2HZP5,not_sequence_independent,True,505,0.392409,same_sequence_as_frozen_827
A0AA44I1K4,5cfe0760dbfea2f346b5031548b66dfb2e2f6fb2e067f5032015a83fdac277f3,351,,0.4131054131054131,0.008547008547008548,not_searched,structure_required,not_run_no_structure,,,,requires_review,True,True,accession_and_sequence_match,A0AA44I1K4,not_sequence_independent,True,506,0.392109,same_sequence_as_frozen_827
A0AB73Q1P8,efd3cea1d822bd923bee8ff989c85955d7abf578c981558521d123a19da54046,213,,0.38028169014084506,0.014084507042253521,not_searched,structure_required,not_run_no_structure,,,,requires_review,True,True,accession_and_sequence_match,A0AB73Q1P8,not_sequence_independent,True,507,0.392073,same_sequence_as_frozen_827
A0A0H2YL52,5352e8d4c1c0d46beb9f2679bf19d682388f73bb3ad66b1a17acd0e40e91d706,351,A0A0E1NTB1,0.42165242165242167,0.008547008547008548,not_searched,structure_required,not_run_no_structure,,,,requires_review,True,True,accession_and_sequence_match,A0A0H3B6E3;A0AAX2I043;A0AB72ZL33;A0A0E1NTB1;A0A0H2YL52;A0AAV3BFY5,not_sequence_independent,True,508,0.391932,same_sequence_as_frozen_827
A0A0T9QE48,edc258cbcff1d7d1cab44b5842076564a53d586e1dbf3c2c22b41b98c7b7ab68,213,,0.38028169014084506,0.014084507042253521,not_searched,structure_required,not_run_no_structure,,,,requires_review,True,True,accession_and_sequence_match,A0A0T9QE48,not_sequence_independent,True,509,0.391842,same_sequence_as_frozen_827
Q66CW9,0d84aebd365ec00ef50c0add085093a115b56458376a0c564670869afa7dfc7d,468,,0.4465811965811966,0.00641025641025641,not_searched,structure_required,not_run_no_structure,,,,requires_review,True,True,accession_and_sequence_match,Q66CW9,not_sequence_independent,True,510,0.391825,same_sequence_as_frozen_827
A0ABM6UNY3,b680b4af38309d3db9dae3ea05a3049d49407ce2d5ae872cbbe4141526f37530,387,,0.40310077519379844,0.0,not_searched,structure_required,not_run_no_structure,,,,requires_review,True,True,accession_and_sequence_match,A0ABM6UNY3,not_sequence_independent,True,511,0.391747,same_sequence_as_frozen_827
A0ABX5R0U9,9d72dcf67558da8b191d3db9b84900c3b08d038f94a8a3df7b5f3bd29a94b672,389,,0.4138817480719794,0.0,not_searched,structure_required,not_run_no_structure,,,,requires_review,True,True,accession_and_sequence_match,A0ABX5R0U9,not_sequence_independent,True,512,0.391704,same_sequence_as_frozen_827
A0A0H3AYM7,4530010892669ca4e7859e2c21bf60a21061ee38c6dd741abf36202bbaebd72a,394,,0.43147208121827413,0.01015228426395939,not_searched,structure_required,not_run_no_structure,,,,requires_review,True,True,accession_and_sequence_match,A0A0H3AYM7,not_sequence_independent,True,513,0.391630,same_sequence_as_frozen_827
A0A0T9UM98,644bba8bdf582f49be0ebf64c20d426f1a08bd2853646a225b6bb8dab95b0175,382,,0.4031413612565445,0.0,not_searched,structure_required,not_run_no_structure,,,,requires_review,True,True,accession_and_sequence_match,A0A0T9UM98,not_sequence_independent,True,514,0.391608,same_sequence_as_frozen_827
A0ABR4W6F7,55a33aa3cd87c597f4b3f2d72aa3ea76f9d4cfcd1b1f32b80a657115b7ca53cd,302,A0A380PP39,0.4205298013245033,0.006622516556291391,not_searched,structure_required,not_run_no_structure,,,,requires_review,True,True,accession_and_sequence_match,A0A380PP39;A0ABR4W6F7,not_sequence_independent,True,515,0.391509,same_sequence_as_frozen_827
A0A0H2Y6N9,c86f6fb4c396d96b217b5c24d0a82d4564e869f70cbb8c217999fff366c517a2,259,A0A0H2YKF3,0.4015444015444015,0.003861003861003861,not_searched,structure_required,not_run_no_structure,,,,requires_review,True,True,accession_and_sequence_match,A0A0U1QVC6;A0AAX2I0L3;A0A0H2W1J5;A0A0H2YKF3;A0A0H2Y6N9;A0AAV3BFT4;A0ABM5Q1D7;A0AB72ZN12,not_sequence_independent,True,516,0.391493,same_sequence_as_frozen_827
A0AA44CKU4,219d8896d8255f9b41aac9044a71dc5c82d6c2964f3151ea79241e8cf9f57f3b,195,,0.4205128205128205,0.005128205128205128,not_searched,structure_required,not_run_no_structure,,,,requires_review,True,True,accession_and_sequence_match,A0AA44CKU4,not_sequence_independent,True,517,0.391423,same_sequence_as_frozen_827
A0ABW9EXU6,3f2a5e7cda6f50a496cf811ba8c2195960f2ebfd2345849b6a1e5931d4a8f154,378,,0.42328042328042326,0.010582010582010581,not_searched,structure_required,not_run_no_structure,,,,requires_review,True,True,accession_and_sequence_match,A0ABW9EXU6,not_sequence_independent,True,518,0.391125,same_sequence_as_frozen_827
A0A0H3B0A7,63e31ad4f38caa4256fb21b2ffa100413066acbc931fc0bc69916800b354ea46,408,,0.4338235294117647,0.007352941176470588,not_searched,structure_required,not_run_no_structure,,,,requires_review,True,True,accession_and_sequence_match,A0A0H3B0A7,not_sequence_independent,True,519,0.391120,same_sequence_as_frozen_827
Q66BF1,0cea6e80cb60bc8c10e31e8beea4329ae495f7589b411b827d0018638be13fd8,154,,0.4090909090909091,0.006493506493506494,not_searched,structure_required,not_run_no_structure,,,,requires_review,True,True,accession_and_sequence_match,Q66BF1,not_sequence_independent,True,520,0.390975,same_sequence_as_frozen_827
A0AB73NKK6,0bca72bddb2dfe62e41265fdb758e37716a03c9edb82ece955d898f4142f65ed,215,,0.3953488372093023,0.013953488372093023,not_searched,structure_required,not_run_no_structure,,,,requires_review,True,True,accession_and_sequence_match,A0AB73NKK6,not_sequence_independent,True,521,0.390642,same_sequence_as_frozen_827
A0ABM6UX29,542da8a43376ed9bd031d04e7c7dfe51e55edffacb15a72bc009a10081f76029,390,,0.3641025641025641,0.002564102564102564,not_searched,structure_required,not_run_no_structure,,,,requires_review,True,True,accession_and_sequence_match,A0ABM6UX29,not_sequence_independent,True,522,0.390619,same_sequence_as_frozen_827
A0A380Q8N6,ef697f9bf47d589ad7da9dd8e7767dab8829d7ba2105c85e373bda5d87382e0c,479,,0.4091858037578288,0.010438413361169102,not_searched,structure_required,not_run_no_structure,,,,requires_review,True,True,accession_and_sequence_match,A0A380Q8N6,not_sequence_independent,True,523,0.390594,same_sequence_as_frozen_827
A0ABX6FD19,7e1afee55ffa4756e50836836c80400db0c292ca2d85f1b3635d7d861968f80b,353,,0.42492917847025496,0.0056657223796034,not_searched,structure_required,not_run_no_structure,,,,requires_review,True,True,accession_and_sequence_match,A0ABX6FD19,not_sequence_independent,True,524,0.390456,same_sequence_as_frozen_827
A0A857EWT6,e7c296bb62e3f129024ede90c1f6e377f6cf4623bb1b765168a3e37f48fa0c04,378,,0.4497354497354497,0.010582010582010581,not_searched,structure_required,not_run_no_structure,,,,requires_review,True,True,accession_and_sequence_match,A0A857EWT6,not_sequence_independent,True,525,0.390155,same_sequence_as_frozen_827
A0ABP1ZEA7,2441196853e80e5dee1dbae34dd0b5daba42716b2a5f2a331b21a70767b2390b,302,,0.47019867549668876,0.006622516556291391,not_searched,structure_required,not_run_no_structure,,,,requires_review,True,True,accession_and_sequence_match,A0ABP1ZEA7,not_sequence_independent,True,526,0.390146,same_sequence_as_frozen_827
A0A380Q4G1,4b569e63ffd4623734d6a29033420c5270959658a0cd5116c6c255281fffe0e9,210,,0.4523809523809524,0.0,not_searched,structure_required,not_run_no_structure,,,,requires_review,True,True,accession_and_sequence_match,A0A380Q4G1,not_sequence_independent,True,527,0.389976,same_sequence_as_frozen_827
A0ABN4FAB0,25597bc1c1487b26a5e091c7aad8b4dc8eafd87370cf9e187ad936c743801c81,302,,0.45364238410596025,0.006622516556291391,not_searched,structure_required,not_run_no_structure,,,,requires_review,True,True,accession_and_sequence_match,A0ABN4FAB0,not_sequence_independent,True,528,0.389794,same_sequence_as_frozen_827
Q66BC4,d0b77798aacc83b491341fe6e770e74dbe9b8f995a89c29860ab8816ad8a3cab,211,,0.3981042654028436,0.014218009478672985,not_searched,structure_required,not_run_no_structure,,,,requires_review,True,True,accession_and_sequence_match,Q66BC4,not_sequence_independent,True,529,0.389717,same_sequence_as_frozen_827
A0ABY5UJR0,ba4322e19c1137b6e7969f621a5d630445f6f8e4f4f152f03f53e5c56eb39bac,325,,0.42153846153846153,0.003076923076923077,not_searched,structure_required,not_run_no_structure,,,,requires_review,True,True,accession_and_sequence_match,A0ABY5UJR0,not_sequence_independent,True,530,0.389659,same_sequence_as_frozen_827
A0A0T9LR98,c89d499e75d5392c7aa9cc99102ce57b9716044177e1ce5dc5685be6a5c751ac,192,,0.4635416666666667,0.005208333333333333,not_searched,structure_required,not_run_no_structure,,,,requires_review,True,True,accession_and_sequence_match,A0A0T9LR98,not_sequence_independent,True,531,0.389532,same_sequence_as_frozen_827
A0ABX5QYD3,4961b8275cdc6acde8725f85b5376797c9b6e904a3157cf60841312531ee473b,162,,0.48148148148148145,0.012345679012345678,not_searched,structure_required,not_run_no_structure,,,,requires_review,True,True,accession_and_sequence_match,A0ABX5QYD3,not_sequence_independent,True,532,0.389224,same_sequence_as_frozen_827
A0AB73NQS2,6d3209f6b56081327e4d3beacc6a98a0e4d642e14bdc43fb87a4cd444de0ee87,377,,0.44297082228116713,0.005305039787798408,not_searched,structure_required,not_run_no_structure,,,,requires_review,True,True,accession_and_sequence_match,A0AB73NQS2,not_sequence_independent,True,533,0.388891,same_sequence_as_frozen_827
A0A0T9N2B7,ee8714342c3f87da14d572b0bb1ea742ab4f5c0bb052cf4ada3c1d7d3912a9c4,378,,0.42592592592592593,0.007936507936507936,not_searched,structure_required,not_run_no_structure,,,,requires_review,True,True,accession_and_sequence_match,A0A0T9N2B7,not_sequence_independent,True,534,0.388861,same_sequence_as_frozen_827
A0AAI8ZTY6,2c32cde19099abfe8bbddaf5871089e75521c0ceb0e2a064c67f9111fbac9151,188,,0.39361702127659576,0.0,not_searched,structure_required,not_run_no_structure,,,,requires_review,True,True,accession_and_sequence_match,A0AAI8ZTY6,not_sequence_independent,True,535,0.388736,same_sequence_as_frozen_827
A0ABP1YVJ3,3123edeeaf3e79e338dfc2d32d34531714292a034c6809e4003b14e0fdc9c183,184,,0.45108695652173914,0.010869565217391304,not_searched,structure_required,not_run_no_structure,,,,requires_review,True,True,accession_and_sequence_match,A0ABP1YVJ3,not_sequence_independent,True,536,0.388706,same_sequence_as_frozen_827
A0ABM6UTV9,1c5de3667f0a7c78036fab06229a519db9626229a270eb62555a283ebd3a2e86,468,,0.45085470085470086,0.00641025641025641,not_searched,structure_required,not_run_no_structure,,,,requires_review,True,True,accession_and_sequence_match,A0ABM6UTV9,not_sequence_independent,True,537,0.388653,same_sequence_as_frozen_827
A0A0T9Q3M1,84cb52a7e3d59e9e5bfcf8c764d396d030e2ca96c6568f122a2aeef116c306be,356,,0.4044943820224719,0.011235955056179775,not_searched,structure_required,not_run_no_structure,,,,requires_review,True,True,accession_and_sequence_match,A0A0T9Q3M1,not_sequence_independent,True,538,0.388600,same_sequence_as_frozen_827
A0A857F2M2,d8e2dcf6f02764960d9455e06a760ad9db79d1a235b0a3fa36374bc424c95f51,302,,0.47019867549668876,0.006622516556291391,not_searched,structure_required,not_run_no_structure,,,,requires_review,True,True,accession_and_sequence_match,A0A857F2M2,not_sequence_independent,True,539,0.388534,same_sequence_as_frozen_827
Q8D1M8,6bca5b8f407c4e470b24dc893bb8c0fab18da3471dccf0b046131e0640fb1a36,700,,0.39,0.005714285714285714,not_searched,structure_required,not_run_no_structure,,,,requires_review,True,True,accession_and_sequence_match,Q8D1M8,not_sequence_independent,True,540,0.388231,same_sequence_as_frozen_827
A0A0T9PT88,87e2bc28fb581b7ef7a3a6be9fd6b1c8d5cdf6a787b3f300d49cc7a268044c63,399,,0.43358395989974935,0.010025062656641603,not_searched,structure_required,not_run_no_structure,,,,requires_review,True,True,accession_and_sequence_match,A0A0T9PT88,not_sequence_independent,True,541,0.387931,same_sequence_as_frozen_827
A0A0T9KM71,7ce5fb15c3f7b32439d2466d147de4a5f5471cae2ba8a2353c344d4638b7e884,284,,0.43661971830985913,0.007042253521126761,not_searched,structure_required,not_run_no_structure,,,,requires_review,True,True,accession_and_sequence_match,A0A0T9KM71,not_sequence_independent,True,542,0.387858,same_sequence_as_frozen_827
A0A0T9RK55,be405e7509935a1ced612c3995f28514125c8214d1718fcf87e391efdff95848,357,,0.4005602240896359,0.011204481792717087,not_searched,structure_required,not_run_no_structure,,,,requires_review,True,True,accession_and_sequence_match,A0A0T9RK55,not_sequence_independent,True,543,0.387768,same_sequence_as_frozen_827
A0A5P8YE56,104163298f84d6904b2efad647078a6878880739ca35ce0a3d2d77cde279971f,378,A0AAV3BFB4,0.4312169312169312,0.007936507936507936,not_searched,structure_required,not_run_no_structure,,,,requires_review,True,True,accession_and_sequence_match,A0A0E1NNL7;A0AAV3BFB4;A0A5P8YE56;A0AAX2HZP5,not_sequence_independent,True,544,0.387754,same_sequence_as_frozen_827
A0A0T9QGW8,89b90f7acd2c7ca63433fe08308ea21666a944f29a7e8acb6b3e3323af977014,660,,0.41363636363636364,0.015151515151515152,not_searched,structure_required,not_run_no_structure,,,,requires_review,True,True,accession_and_sequence_match,A0A0T9QGW8,not_sequence_independent,True,545,0.387719,same_sequence_as_frozen_827
A0ABP1ZLC4,1729ae9fa6ef78819423e36467dee1b957a04313b441ee660c3d902cc98a9e71,302,,0.4470198675496689,0.006622516556291391,not_searched,structure_required,not_run_no_structure,,,,requires_review,True,True,accession_and_sequence_match,A0ABP1ZLC4,not_sequence_independent,True,546,0.387718,same_sequence_as_frozen_827
A0A0T9QY81,6bcdb12a21d4672c2cbc76f43e0c8d2971fd3e39d7255baceb5a0da9ea00aaf7,208,,0.4567307692307692,0.004807692307692308,not_searched,structure_required,not_run_no_structure,,,,requires_review,True,True,accession_and_sequence_match,A0A0T9QY81,not_sequence_independent,True,547,0.387428,same_sequence_as_frozen_827
A0ABR4W4S9,2b8412a5d259d2ab0a8575f57beec4358765f07d87e4b7bf0cf9a20e69ca8d65,173,,0.4508670520231214,0.005780346820809248,not_searched,structure_required,not_run_no_structure,,,,requires_review,True,True,accession_and_sequence_match,A0ABR4W4S9,not_sequence_independent,True,548,0.387398,same_sequence_as_frozen_827
A0ABM5U8N9,7c0512b7a7e6ea921732c2ef32caefbac53413da77dc7abc32e4aa7ef430cd8b,205,,0.43902439024390244,0.014634146341463415,not_searched,structure_required,not_run_no_structure,,,,requires_review,True,True,accession_and_sequence_match,A0ABM5U8N9,not_sequence_independent,True,549,0.387396,same_sequence_as_frozen_827
A0AA36PLD9,fed2e1ccd1296911189ca25ac954e1e666698812e1485a73d61f6df4647c1d98,213,,0.38028169014084506,0.014084507042253521,not_searched,structure_required,not_run_no_structure,,,,requires_review,True,True,accession_and_sequence_match,A0AA36PLD9,not_sequence_independent,True,550,0.387053,same_sequence_as_frozen_827
A0ABX6F3U1,da6da70659d06edc96a6d5165ae26025ce1cf045c3dfa254096efa37b6f67df2,211,,0.43601895734597157,0.0,not_searched,structure_required,not_run_no_structure,,,,requires_review,True,True,accession_and_sequence_match,A0ABX6F3U1,not_sequence_independent,True,551,0.386882,same_sequence_as_frozen_827
A0A0H2W3V2,bf078bdb0076810a17afac979b5261a207020916ad1623bf9b494098c792d152,351,,0.42165242165242167,0.008547008547008548,not_searched,structure_required,not_run_no_structure,,,,requires_review,True,True,accession_and_sequence_match,A0A0H2W3V2,not_sequence_independent,True,552,0.386802,same_sequence_as_frozen_827
A0AA36LNQ9,edd6ee9962f729cd4f78301e228fb047f72881e31926e908ac5f79ae265656ff,394,,0.4289340101522843,0.007614213197969543,not_searched,structure_required,not_run_no_structure,,,,requires_review,True,True,accession_and_sequence_match,A0AA36LNQ9,not_sequence_independent,True,553,0.386683,same_sequence_as_frozen_827
A0A2G4U6E8,f1b07f260b1c84aacbffa762e8b858b5baa6180260b447c6571232ea24eec5f0,213,,0.38028169014084506,0.014084507042253521,not_searched,structure_required,not_run_no_structure,,,,requires_review,True,True,accession_and_sequence_match,A0A2G4U6E8,not_sequence_independent,True,554,0.386668,same_sequence_as_frozen_827
A0ABN4CUZ1,d7f06e755f639de9a3fb4d93b5d90846a8125cfadd6a7fb0ca3660bb365804db,307,,0.3583061889250814,0.003257328990228013,not_searched,structure_required,not_run_no_structure,,,,requires_review,True,True,accession_and_sequence_match,A0ABN4CUZ1,not_sequence_independent,True,555,0.386604,same_sequence_as_frozen_827
A0ABW9EZG0,904d4c43fe189a57de6cb6e188390a3eacc8b5ca202074df7ca8a4944cef2c6c,436,,0.44724770642201833,0.006880733944954129,not_searched,structure_required,not_run_no_structure,,,,requires_review,True,True,accession_and_sequence_match,A0ABW9EZG0,not_sequence_independent,True,556,0.386337,same_sequence_as_frozen_827
A0A0U1QUW3,be540ceb7b18c4cc833906aa6c575a7636d579315222c936c39b6cd799bdc40b,378,A0ABM7ANU6,0.4312169312169312,0.007936507936507936,not_searched,structure_required,not_run_no_structure,,,,requires_review,True,True,accession_and_sequence_match,Q66CW5;A0ABM7ANU6;A0A0U1QUW3;A0ABM9TCW2,not_sequence_independent,True,557,0.386286,same_sequence_as_frozen_827
A0ABX6F9M0,c3381ce42f1db56dc2b0f6d77317d33b4fa88d4bdf17a2f88930fea590f43838,216,,0.37037037037037035,0.009259259259259259,not_searched,structure_required,not_run_no_structure,,,,requires_review,True,True,accession_and_sequence_match,A0ABX6F9M0,not_sequence_independent,True,558,0.386244,same_sequence_as_frozen_827
A0ABN4F8Y2,1673c34f75221b1d842a6debdfd1939af4f486d523e78c403821b953955e1ea0,336,,0.44345238095238093,0.005952380952380952,not_searched,structure_required,not_run_no_structure,,,,requires_review,True,True,accession_and_sequence_match,A0ABN4F8Y2,not_sequence_independent,True,559,0.385918,same_sequence_as_frozen_827
A0AA90XTS9,974f033a1343071a778d22993401084762d22211ced8daad12042dd73affe8f7,213,,0.38028169014084506,0.014084507042253521,not_searched,structure_required,not_run_no_structure,,,,requires_review,True,True,accession_and_sequence_match,A0AA90XTS9,not_sequence_independent,True,560,0.385716,same_sequence_as_frozen_827
A0AA44CL49,6968ce1f115f91423e1e031d7468b20590c221892c56f8ecc72ef3d8752732e4,352,,0.42613636363636365,0.008522727272727272,not_searched,structure_required,not_run_no_structure,,,,requires_review,True,True,accession_and_sequence_match,A0AA44CL49,not_sequence_independent,True,561,0.385659,same_sequence_as_frozen_827
A0AA36LIH7,dd018217dc48ed418775df1c2a9add847900f4ba393818e8bb768cf3bd8197e0,329,,0.425531914893617,0.0060790273556231,not_searched,structure_required,not_run_no_structure,,,,requires_review,True,True,accession_and_sequence_match,A0AA36LIH7,not_sequence_independent,True,562,0.385485,same_sequence_as_frozen_827
A0A0T9KXM0,faa0711a1ddb0f8dd659046c87d8ecab7d7b52d9b2c5b80f006b84246f893e0a,161,,0.5031055900621118,0.006211180124223602,not_searched,structure_required,not_run_no_structure,,,,requires_review,True,True,accession_and_sequence_match,A0A0T9KXM0,not_sequence_independent,True,563,0.385322,same_sequence_as_frozen_827
Q66BN2,e21599f461ae5ed70a2059a1db37f9f2c9277ae98e118d0e60b13ae357fa08cf,388,,0.4175257731958763,0.0,not_searched,structure_required,not_run_no_structure,,,,requires_review,True,True,accession_and_sequence_match,Q66BN2,not_sequence_independent,True,564,0.385319,same_sequence_as_frozen_827
A0ABM9XUU0,9ad2bda83ed8889bbb451721e506f8ca019f2e8a544afb3518c216e8fe756a79,353,,0.41076487252124644,0.0113314447592068,not_searched,structure_required,not_run_no_structure,,,,requires_review,True,True,accession_and_sequence_match,A0ABM9XUU0,not_sequence_independent,True,565,0.385087,same_sequence_as_frozen_827
A0ABP2DXX8,a2149e62633d542163ace1dbc6c202026ba4924da90887090798f41bc79eabb5,378,A0A2G4U2G2,0.42328042328042326,0.007936507936507936,not_searched,structure_required,not_run_no_structure,,,,requires_review,True,True,accession_and_sequence_match,A0A2G4U2G2;A0ABP2DXX8,not_sequence_independent,True,566,0.384980,same_sequence_as_frozen_827
A0A208ZSF8,dff80a6dcd82d09b9ca572acf2797424cdf14a4c4edb2ae78aa396c2c5921e73,367,,0.4604904632152589,0.008174386920980926,not_searched,structure_required,not_run_no_structure,,,,requires_review,True,True,accession_and_sequence_match,A0A208ZSF8,not_sequence_independent,True,567,0.384948,same_sequence_as_frozen_827
A0A208ZSS5,f6163491e72a94eb9d6cf8ff7b16c5825985574c76ba4e91f08b476652a1de11,198,,0.3434343434343434,0.010101010101010102,not_searched,structure_required,not_run_no_structure,,,,requires_review,True,True,accession_and_sequence_match,A0A208ZSS5,not_sequence_independent,True,568,0.384828,same_sequence_as_frozen_827
A0A380PTJ1,26b3f589ace3367335065927a50ebc172e1b7afbe5c8c1238441999d9d04f213,356,A0ABR4W506,0.39325842696629215,0.008426966292134831,not_searched,structure_required,not_run_no_structure,,,,requires_review,True,True,accession_and_sequence_match,A0ABR4W506;A0A380PTJ1,not_sequence_independent,True,569,0.384682,same_sequence_as_frozen_827
A0AA36LSX5,da14469b23a450e077b0abaf69e917a241e25d0115a58f0f4cb0339ac61711e1,116,,0.43103448275862066,0.0,not_searched,structure_required,not_run_no_structure,,,,requires_review,True,True,accession_and_sequence_match,A0AA36LSX5,not_sequence_independent,True,570,0.384647,same_sequence_as_frozen_827
A0A0T9PTD3,21d03f0474df24853ac4d780ed8e16bc2418c07970a6e08a6fdc7faff4b7279d,402,,0.4228855721393035,0.0024875621890547263,not_searched,structure_required,not_run_no_structure,,,,requires_review,True,True,accession_and_sequence_match,A0A0T9PTD3;A0A0U1QW74,not_sequence_independent,True,571,0.384574,same_sequence_as_frozen_827
A0ABM6BHL4,e52b942a64bee88584580c91cf434adee58f4b234e11997967c6b748824e09d8,356,,0.4241573033707865,0.011235955056179775,not_searched,structure_required,not_run_no_structure,,,,requires_review,True,True,accession_and_sequence_match,A0ABM6BHL4,not_sequence_independent,True,572,0.384349,same_sequence_as_frozen_827
A0AA36PL17,c275f50d6bded1c65de2a704bfcec39b4b8b4866285292e4f597f5b891b7e7f8,140,,0.4142857142857143,0.0,not_searched,structure_required,not_run_no_structure,,,,requires_review,True,True,accession_and_sequence_match,A0AA36PL17,not_sequence_independent,True,573,0.384332,same_sequence_as_frozen_827
A0A380Q3T2,9703a2d34508e9bfc74b96dbc3081234b54d09c8c4b8da69d292ebf2b277adbb,659,,0.37025796661608495,0.007587253414264037,not_searched,structure_required,not_run_no_structure,,,,requires_review,True,True,accession_and_sequence_match,A0A380Q3T2,not_sequence_independent,True,574,0.384328,same_sequence_as_frozen_827
A0A0T9PR09,d359339e860749462ec546e6b894d522a36dd2459c11f25d84ca7a2048f3afa3,115,,0.43478260869565216,0.008695652173913044,not_searched,structure_required,not_run_no_structure,,,,requires_review,True,True,accession_and_sequence_match,A0A0T9PR09,not_sequence_independent,True,575,0.384303,same_sequence_as_frozen_827
A0A2G4U6D9,f7016cab24807fe93d19bb7adaeba68a92b0b5e285a778c20634c821e9743ac2,387,,0.4082687338501292,0.0,not_searched,structure_required,not_run_no_structure,,,,requires_review,True,True,accession_and_sequence_match,A0A2G4U6D9,not_sequence_independent,True,576,0.384267,same_sequence_as_frozen_827
A0ABP1Z7N4,0bd534b5fddf09ecb821a328fa5b16b9325200091088b2117d40605aee2cab6a,364,,0.37362637362637363,0.0,not_searched,structure_required,not_run_no_structure,,,,requires_review,True,True,accession_and_sequence_match,A0ABP1Z7N4,not_sequence_independent,True,577,0.384235,same_sequence_as_frozen_827
A0ABM9SY22,532a5e9dab6158f49059f1c46eeffa04318acd9c8b6415ce971231264300439c,211,,0.41706161137440756,0.014218009478672985,not_searched,structure_required,not_run_no_structure,,,,requires_review,True,True,accession_and_sequence_match,A0ABM9SY22,not_sequence_independent,True,578,0.384202,same_sequence_as_frozen_827
A0AAV3BFY5,5352e8d4c1c0d46beb9f2679bf19d682388f73bb3ad66b1a17acd0e40e91d706,351,A0A0H2YL52,0.42165242165242167,0.008547008547008548,not_searched,structure_required,not_run_no_structure,,,,requires_review,True,True,accession_and_sequence_match,A0A0H3B6E3;A0AAX2I043;A0AB72ZL33;A0A0E1NTB1;A0A0H2YL52;A0AAV3BFY5,not_sequence_independent,True,579,0.384176,same_sequence_as_frozen_827
A0ABM9TCW2,be540ceb7b18c4cc833906aa6c575a7636d579315222c936c39b6cd799bdc40b,378,A0A0U1QUW3,0.4312169312169312,0.007936507936507936,not_searched,structure_required,not_run_no_structure,,,,requires_review,True,True,accession_and_sequence_match,Q66CW5;A0ABM7ANU6;A0A0U1QUW3;A0ABM9TCW2,not_sequence_independent,True,580,0.384117,same_sequence_as_frozen_827
B6CGX2,a56c2c0d23306c19f0b68658610f15805e71de7aaa4a2a45e5c2db658e08a9f1,127,,0.4015748031496063,0.015748031496062992,not_searched,structure_required,not_run_no_structure,,,,requires_review,True,True,accession_and_sequence_match,B6CGX2,not_sequence_independent,True,581,0.384062,same_sequence_as_frozen_827
A0A380PPA0,d93d3277ff2a751c77b69618634759042f53f2597023181db176db5fabe18adf,302,,0.4503311258278146,0.006622516556291391,not_searched,structure_required,not_run_no_structure,,,,requires_review,True,True,accession_and_sequence_match,A0A380PPA0;A0ABR4VWZ7,not_sequence_independent,True,582,0.384002,same_sequence_as_frozen_827
A0A2G4U294,310ca4e034cb4039bdd089c3d3e0d372b6b38c21ab881120db308d4e6e6b946d,388,,0.42783505154639173,0.005154639175257732,not_searched,structure_required,not_run_no_structure,,,,requires_review,True,True,accession_and_sequence_match,A0A2G4U294,not_sequence_independent,True,583,0.383803,same_sequence_as_frozen_827
A0ABX6F8L7,b67ad8ced10f1b61b0033645f9415c1562a49c9c11f5b1140d812807652b78af,155,,0.4258064516129032,0.0064516129032258064,not_searched,structure_required,not_run_no_structure,,,,requires_review,True,True,accession_and_sequence_match,A0ABX6F8L7,not_sequence_independent,True,584,0.383743,same_sequence_as_frozen_827
A0A0T9QCY7,2546ed0576a4d6821249ca40c59f7ee1a4c8a1044dcac5d695c36d9409a2224a,211,,0.4028436018957346,0.014218009478672985,not_searched,structure_required,not_run_no_structure,,,,requires_review,True,True,accession_and_sequence_match,A0A0T9QCY7,not_sequence_independent,True,585,0.383654,same_sequence_as_frozen_827
A0ABN4PWW7,f23f681921316795af63c6af305e3ffac6befa78df3fcf7565b7e89589bc29bf,366,,0.3825136612021858,0.0,not_searched,structure_required,not_run_no_structure,,,,requires_review,True,True,accession_and_sequence_match,A0ABN4PWW7,not_sequence_independent,True,586,0.383652,same_sequence_as_frozen_827
A0ABM6BJY1,32ea684c08525a34eb9bd91428bac2acd6a3e6a816faff5adcd03f9962eb4010,302,,0.5,0.006622516556291391,not_searched,structure_required,not_run_no_structure,,,,requires_review,True,True,accession_and_sequence_match,A0ABM6BJY1,not_sequence_independent,True,587,0.383650,same_sequence_as_frozen_827
A0A0H3B5G2,abf5bd99c49ef948f63c819d750306364c6e78440500d6ad65ef1baef2ef7245,145,,0.4482758620689655,0.0,not_searched,structure_required,not_run_no_structure,,,,requires_review,True,True,accession_and_sequence_match,A0A0H3B5G2,not_sequence_independent,True,588,0.383282,same_sequence_as_frozen_827
A0ABM5Q137,84868dc012e132ca5adc74b8e4a47eadd03d8125396ff34c23a472b5ad4b779c,339,,0.46607669616519176,0.008849557522123894,not_searched,structure_required,not_run_no_structure,,,,requires_review,True,True,accession_and_sequence_match,A0ABM5Q137,not_sequence_independent,True,589,0.383277,same_sequence_as_frozen_827
A0ABM5SKZ0,3bd16ad1d936d17d9ed040191776b998174491ace8f5877d99a0cf099e083f96,227,,0.4185022026431718,0.013215859030837005,not_searched,structure_required,not_run_no_structure,,,,requires_review,True,True,accession_and_sequence_match,A0ABM5SKZ0,not_sequence_independent,True,590,0.383222,same_sequence_as_frozen_827
A0A0U1QW74,21d03f0474df24853ac4d780ed8e16bc2418c07970a6e08a6fdc7faff4b7279d,402,A0A0T9PTD3,0.4228855721393035,0.0024875621890547263,not_searched,structure_required,not_run_no_structure,,,,requires_review,True,True,accession_and_sequence_match,A0A0T9PTD3;A0A0U1QW74,not_sequence_independent,True,591,0.383134,same_sequence_as_frozen_827
A0ABY5UJQ0,beab4bb0163966625651e0fbb822a7e16f8c808971606db981f3c5f5f180b4d5,163,,0.39263803680981596,0.006134969325153374,not_searched,structure_required,not_run_no_structure,,,,requires_review,True,True,accession_and_sequence_match,A0ABY5UJQ0,not_sequence_independent,True,592,0.383013,same_sequence_as_frozen_827
A0A0U1HX05,81cc9c5127692f8893c6b30f499d56c5c9db46a69de822273ddb5cc2bff81682,152,,0.42105263157894735,0.0,not_searched,structure_required,not_run_no_structure,,,,requires_review,True,True,accession_and_sequence_match,A0A0U1HX05,not_sequence_independent,True,593,0.382855,same_sequence_as_frozen_827
A0AAX2HZP5,104163298f84d6904b2efad647078a6878880739ca35ce0a3d2d77cde279971f,378,A0A5P8YE56,0.4312169312169312,0.007936507936507936,not_searched,structure_required,not_run_no_structure,,,,requires_review,True,True,accession_and_sequence_match,A0A0E1NNL7;A0AAV3BFB4;A0A5P8YE56;A0AAX2HZP5,not_sequence_independent,True,594,0.382713,same_sequence_as_frozen_827
A0A0T9KKF4,5866e9f7f7b62c8d8a9098979b4ab3b0877b7350c22fbd839037b95f65c6907b,458,,0.39956331877729256,0.008733624454148471,not_searched,structure_required,not_run_no_structure,,,,requires_review,True,True,accession_and_sequence_match,A0A0T9KKF4,not_sequence_independent,True,595,0.382656,same_sequence_as_frozen_827
A0A0T9QHF4,9d857f79113044eeaf293610ad059958b94fe6627f366c000f9dd2c3b503f621,394,,0.4416243654822335,0.0025380710659898475,not_searched,structure_required,not_run_no_structure,,,,requires_review,True,True,accession_and_sequence_match,A0A0T9QHF4,not_sequence_independent,True,596,0.382638,same_sequence_as_frozen_827
A0A0U1R055,c6bba81a29c665eec08410b2033fb3dc5363cc72705af1997bf8d27513023012,351,,0.42165242165242167,0.008547008547008548,not_searched,structure_required,not_run_no_structure,,,,requires_review,True,True,accession_and_sequence_match,A0A0U1R055,not_sequence_independent,True,597,0.382562,same_sequence_as_frozen_827
A0AB72ZSW9,6298c72a17570c02621b8601ea01bc5d9efb14514e7b5a7b14acdd6a502fe482,253,,0.35968379446640314,0.003952569169960474,not_searched,structure_required,not_run_no_structure,,,,requires_review,True,True,accession_and_sequence_match,A0AB72ZSW9,not_sequence_independent,True,598,0.382526,same_sequence_as_frozen_827
A0A2A7VG50,4b45b71ed0a48dfdb2af3f1a4be2666dfb44b2a21ce743ec9f72d581d753f51e,362,,0.3729281767955801,0.0,not_searched,structure_required,not_run_no_structure,,,,requires_review,True,True,accession_and_sequence_match,A0A2A7VG50,not_sequence_independent,True,599,0.382381,same_sequence_as_frozen_827
A0ABM5Q0I6,70728b5c8c3fe5b96b97a1ae34e9cb015b746c9c343558cedb10a6d169af054e,378,,0.42857142857142855,0.007936507936507936,not_searched,structure_required,not_run_no_structure,,,,requires_review,True,True,accession_and_sequence_match,A0ABM5Q0I6,not_sequence_independent,True,600,0.382347,same_sequence_as_frozen_827
A0A380PP26,eddc96b5a276cc834a231e64b821aabf4a25cfdfc67ddd642233067f7cacee52,395,,0.43037974683544306,0.005063291139240506,not_searched,structure_required,not_run_no_structure,,,,requires_review,True,True,accession_and_sequence_match,A0A380PP26,not_sequence_independent,True,601,0.382078,same_sequence_as_frozen_827
A0ABM5UGZ3,682d155cf443d52127d21def1212d083274a0a8e8af5532934ed876ff26a7870,376,,0.39095744680851063,0.0,not_searched,structure_required,not_run_no_structure,,,,requires_review,True,True,accession_and_sequence_match,A0ABM5UGZ3,not_sequence_independent,True,602,0.382020,same_sequence_as_frozen_827
A0ABM9TW88,4cad557d299810e70d3e496fec05f408abc6e7bc825523ad283294db62e45ac9,115,,0.41739130434782606,0.008695652173913044,not_searched,structure_required,not_run_no_structure,,,,requires_review,True,True,accession_and_sequence_match,A0ABM9TW88,not_sequence_independent,True,603,0.381810,same_sequence_as_frozen_827
A0ABP1YW71,dff266c64072c8893b9f94b4a1132e411c9e84af3bed876c08883fe969b6c396,163,,0.4049079754601227,0.018404907975460124,not_searched,structure_required,not_run_no_structure,,,,requires_review,True,True,accession_and_sequence_match,A0ABP1YW71,not_sequence_independent,True,604,0.381771,same_sequence_as_frozen_827
A0A0T9QDB9,073a7f4153811010612975133cb51fed2526f7c8a042ba8a1866af72dad91dfb,302,,0.4602649006622517,0.006622516556291391,not_searched,structure_required,not_run_no_structure,,,,requires_review,True,True,accession_and_sequence_match,A0A0T9QDB9,not_sequence_independent,True,605,0.381769,same_sequence_as_frozen_827
A0ABP2E2L7,67174d952e086d890553111147adc929c66bf161cb03bac8edfb353ed3edafc7,94,,0.48936170212765956,0.010638297872340425,not_searched,structure_required,not_run_no_structure,,,,requires_review,True,True,accession_and_sequence_match,A0ABP2E2L7,not_sequence_independent,True,606,0.381541,same_sequence_as_frozen_827
A0ABM9Y7W9,43932d0cc65340577f213ee681dcf7eb3014c87a6967b4589d99402ee07fd75a,152,,0.42105263157894735,0.006578947368421052,not_searched,structure_required,not_run_no_structure,,,,requires_review,True,True,accession_and_sequence_match,A0ABM9Y7W9,not_sequence_independent,True,607,0.381511,same_sequence_as_frozen_827
A0ABW9EY82,e2d71eaad1f9af91df7f15b7c64995f37fb120a27e265f513d74ea013d4c4258,302,,0.47019867549668876,0.006622516556291391,not_searched,structure_required,not_run_no_structure,,,,requires_review,True,True,accession_and_sequence_match,A0ABW9EY82,not_sequence_independent,True,608,0.381328,same_sequence_as_frozen_827
A0AA44CMJ6,99300390df828dc4cc0060133d13ae800a3e89d515905e3c4c4cf5ed0d401eb2,269,,0.4200743494423792,0.007434944237918215,not_searched,structure_required,not_run_no_structure,,,,requires_review,True,True,accession_and_sequence_match,A0AA44CMJ6,not_sequence_independent,True,609,0.381269,same_sequence_as_frozen_827
A0AB73P877,6e2a90c3d55b5b56369892ba366b2f4c7b0f236d50967b388e9489212f744dc2,204,,0.46078431372549017,0.0,not_searched,structure_required,not_run_no_structure,,,,requires_review,True,True,accession_and_sequence_match,A0AB73P877,not_sequence_independent,True,610,0.381252,same_sequence_as_frozen_827
A0AA90XYJ4,09529bc4581d7f793c2935e6ae1edec683f09970537286dd82f850ecde9384b0,302,,0.47019867549668876,0.006622516556291391,not_searched,structure_required,not_run_no_structure,,,,requires_review,True,True,accession_and_sequence_match,A0AA90XYJ4,not_sequence_independent,True,611,0.381199,same_sequence_as_frozen_827
A0ABM9XWU7,75dcd9ce68dd9f1d81f1435d0b1639bbb7b400cac48e70272c33c8b59c4d5bfb,353,,0.43342776203966005,0.0056657223796034,not_searched,structure_required,not_run_no_structure,,,,requires_review,True,True,accession_and_sequence_match,A0ABM9XWU7,not_sequence_independent,True,612,0.381191,same_sequence_as_frozen_827
A0A0T9N293,18222c6f5cbb345fe34bbbbf9e743a2e64de12176219432c0d6e0f76c2cfd661,226,,0.42920353982300885,0.01327433628318584,not_searched,structure_required,not_run_no_structure,,,,requires_review,True,True,accession_and_sequence_match,A0A0T9N293,not_sequence_independent,True,613,0.381119,same_sequence_as_frozen_827
A0AB73NNK1,d4ab1b5346313659d1407f634a613551896eba275dd28c69401c8087946415c3,386,,0.3860103626943005,0.0,not_searched,structure_required,not_run_no_structure,,,,requires_review,True,True,accession_and_sequence_match,A0AB73NNK1,not_sequence_independent,True,614,0.381003,same_sequence_as_frozen_827
A0AA44CQ33,81949383b880810c71a28a5cff52b7c8385b97e14900222f4dbdb3dd2d30c008,246,,0.45528455284552843,0.0,not_searched,structure_required,not_run_no_structure,,,,requires_review,True,True,accession_and_sequence_match,A0AA44CQ33,not_sequence_independent,True,615,0.380770,same_sequence_as_frozen_827
A0ABW9ETP1,4a99fef2405dcfc3433660d45eb35ec8d8bc38a6103fcf8a28f5808d40364a0d,156,,0.4551282051282051,0.0,not_searched,structure_required,not_run_no_structure,,,,requires_review,True,True,accession_and_sequence_match,A0ABW9ETP1,not_sequence_independent,True,616,0.380646,same_sequence_as_frozen_827
A0ABR4W680,d62946ea65b9e19b460f21acb243314943373f888765d3c3c016c1e297e4f885,211,,0.38388625592417064,0.018957345971563982,not_searched,structure_required,not_run_no_structure,,,,requires_review,True,True,accession_and_sequence_match,A0ABR4W680,not_sequence_independent,True,617,0.380587,same_sequence_as_frozen_827
A0A0T9RK20,791c85cd78e7f359133360d80d28a0c7b8b53332bbf73ad5dd04759f7ae75dc6,378,,0.4312169312169312,0.010582010582010581,not_searched,structure_required,not_run_no_structure,,,,requires_review,True,True,accession_and_sequence_match,A0A0T9RK20,not_sequence_independent,True,618,0.380484,same_sequence_as_frozen_827
A0A380PRV1,41dfa0d4286831826760e08a0dac2681a761be220768d2d22bf70223cdfedc84,466,A0ABR4W522,0.43776824034334766,0.006437768240343348,not_searched,structure_required,not_run_no_structure,,,,requires_review,True,True,accession_and_sequence_match,A0ABR4W522;A0A380PRV1,not_sequence_independent,True,619,0.380435,same_sequence_as_frozen_827
A0A0T9KKH2,c0603408dd92f713d2621cd006a840a240ea2f7029734fe463193f9c31b0b84a,211,,0.3886255924170616,0.009478672985781991,not_searched,structure_required,not_run_no_structure,,,,requires_review,True,True,accession_and_sequence_match,A0A0T9KKH2,not_sequence_independent,True,620,0.380289,same_sequence_as_frozen_827
A0A380QJL7,a54ba068ec81ad24be9c0d886c1c2337ec9de300005ac2b3763a20e52d85e7ec,289,,0.41522491349480967,0.010380622837370242,not_searched,structure_required,not_run_no_structure,,,,requires_review,True,True,accession_and_sequence_match,A0A380QJL7,not_sequence_independent,True,621,0.380281,same_sequence_as_frozen_827
A0ABM6BJA0,a986f3f3202691bd27e36dc239463af1d840b83ded016a93934e7feb8a081fe8,410,,0.3975609756097561,0.00975609756097561,not_searched,structure_required,not_run_no_structure,,,,requires_review,True,True,accession_and_sequence_match,A0ABM6BJA0,not_sequence_independent,True,622,0.380204,same_sequence_as_frozen_827
A0A0H3B592,6ac904ac23472467201b92d857165420d4310d2d889281e4bb5d1a95892c72ab,468,,0.4444444444444444,0.00641025641025641,not_searched,structure_required,not_run_no_structure,,,,requires_review,True,True,accession_and_sequence_match,A0A0H3B592,not_sequence_independent,True,623,0.380180,same_sequence_as_frozen_827
A0ABN4H4Y5,85c3fac5bb2a3608105671ea90c4a2e14232d5a3a50dcfcab5ddd02fe305606e,211,,0.4028436018957346,0.014218009478672985,not_searched,structure_required,not_run_no_structure,,,,requires_review,True,True,accession_and_sequence_match,A0ABN4H4Y5,not_sequence_independent,True,624,0.379974,same_sequence_as_frozen_827
A0A0T9TRH4,30c97f0d34a0a93b5a06c5e7fac3b0970179692190257bcb12c79898a5774254,370,,0.41621621621621624,0.008108108108108109,not_searched,structure_required,not_run_no_structure,,,,requires_review,True,True,accession_and_sequence_match,A0A0T9TRH4,not_sequence_independent,True,625,0.379670,same_sequence_as_frozen_827
A0ABM6BHF9,a0d3706be6d2ac2e4b8f1e2e517e59af088c2dab2681b6be09b6c4e3f04585c0,378,,0.4444444444444444,0.010582010582010581,not_searched,structure_required,not_run_no_structure,,,,requires_review,True,True,accession_and_sequence_match,A0ABM6BHF9,not_sequence_independent,True,626,0.379610,same_sequence_as_frozen_827
A0A209AAW7,62640cd34e0e220eaeaf75274553c9ad5b6da9c4a17acf46223637072faa87b0,115,,0.40869565217391307,0.008695652173913044,not_searched,structure_required,not_run_no_structure,,,,requires_review,True,True,accession_and_sequence_match,A0A209AAW7,not_sequence_independent,True,627,0.379351,same_sequence_as_frozen_827
A0AA91BG92,7546af84617b36280f590e8ee014306ea06559f4cfd875e4a0ebef0117e7b34b,420,,0.4238095238095238,0.002380952380952381,not_searched,structure_required,not_run_no_structure,,,,requires_review,True,True,accession_and_sequence_match,A0AA91BG92,not_sequence_independent,True,628,0.379148,same_sequence_as_frozen_827
A0A380Q9K9,2f8989f90453a250095a0289938812b853751a0c31518ae7f8843ab1f0e8b891,467,,0.430406852248394,0.0,not_searched,structure_required,not_run_no_structure,,,,requires_review,True,True,accession_and_sequence_match,A0A380Q9K9,not_sequence_independent,True,629,0.379078,same_sequence_as_frozen_827
A0ABM5SPQ0,69557efdedc63a383e48a6bb12ddb1ea35415fa024434504de09fa95fe9670da,211,,0.41232227488151657,0.014218009478672985,not_searched,structure_required,not_run_no_structure,,,,requires_review,True,True,accession_and_sequence_match,A0ABM5SPQ0,not_sequence_independent,True,630,0.378889,same_sequence_as_frozen_827
A0ABM5ST74,eb4f7dac580620d7cde1e31647827dc0c3be6299acd04646d1a30859b7dd4522,368,,0.37228260869565216,0.0,not_searched,structure_required,not_run_no_structure,,,,requires_review,True,True,accession_and_sequence_match,A0ABM5ST74,not_sequence_independent,True,631,0.378851,same_sequence_as_frozen_827
A0AAV3BFT4,c86f6fb4c396d96b217b5c24d0a82d4564e869f70cbb8c217999fff366c517a2,259,A0A0H2Y6N9,0.4015444015444015,0.003861003861003861,not_searched,structure_required,not_run_no_structure,,,,requires_review,True,True,accession_and_sequence_match,A0A0U1QVC6;A0AAX2I0L3;A0A0H2W1J5;A0A0H2YKF3;A0A0H2Y6N9;A0AAV3BFT4;A0ABM5Q1D7;A0AB72ZN12,not_sequence_independent,True,632,0.378652,same_sequence_as_frozen_827
Q66BC6,156caf9da4d93dd77bbbc2a9fb5f536477cbb1b27a905579ed1507ba3b8f97e7,302,,0.4503311258278146,0.006622516556291391,not_searched,structure_required,not_run_no_structure,,,,requires_review,True,True,accession_and_sequence_match,Q66BC6,not_sequence_independent,True,633,0.378503,same_sequence_as_frozen_827
A0A0T9RLX7,6b7d271b4ecd91a38ac72d50ad496ebaee22ea59be8621ff16ed6f61cc0bb20b,339,,0.46607669616519176,0.008849557522123894,not_searched,structure_required,not_run_no_structure,,,,requires_review,True,True,accession_and_sequence_match,A0A0T9RLX7,not_sequence_independent,True,634,0.378077,same_sequence_as_frozen_827
A0ABN4CQH5,7630394e8760b80def0c7bfd6cd176f8fa87bf11b349b22651bcce119584a3a8,211,,0.3981042654028436,0.014218009478672985,not_searched,structure_required,not_run_no_structure,,,,requires_review,True,True,accession_and_sequence_match,A0ABN4CQH5,not_sequence_independent,True,635,0.378023,same_sequence_as_frozen_827
A0AB73Q5E6,ab89c93c0e8f863926c20a5775982b849ab5e16bd6c8347e47dbfc81bfad3a0c,160,,0.35625,0.00625,not_searched,structure_required,not_run_no_structure,,,,requires_review,True,True,accession_and_sequence_match,A0AB73Q5E6,not_sequence_independent,True,636,0.377988,same_sequence_as_frozen_827
A0A0U1QXU2,c86d677cf43fde297fc286759470687af300412436a235c89e367a7e98a918cb,399,,0.43358395989974935,0.010025062656641603,not_searched,structure_required,not_run_no_structure,,,,requires_review,True,True,accession_and_sequence_match,A0A0U1QXU2,not_sequence_independent,True,637,0.377707,same_sequence_as_frozen_827
A0AB73PBS8,9d379bf768d3ffb4a9e0071994a9769a02e73ca3494eee2a8ea51207b3c7e0d0,315,,0.4444444444444444,0.0031746031746031746,not_searched,structure_required,not_run_no_structure,,,,requires_review,True,True,accession_and_sequence_match,A0AB73PBS8,not_sequence_independent,True,638,0.377526,same_sequence_as_frozen_827
A0ABM5Q1D7,c86f6fb4c396d96b217b5c24d0a82d4564e869f70cbb8c217999fff366c517a2,259,A0AAV3BFT4,0.4015444015444015,0.003861003861003861,not_searched,structure_required,not_run_no_structure,,,,requires_review,True,True,accession_and_sequence_match,A0A0U1QVC6;A0AAX2I0L3;A0A0H2W1J5;A0A0H2YKF3;A0A0H2Y6N9;A0AAV3BFT4;A0ABM5Q1D7;A0AB72ZN12,not_sequence_independent,True,639,0.377512,same_sequence_as_frozen_827
A0ABP1Z8M7,57af7aa90347d144d0c61b2ce77ab88c57a3430c66fa5e2427bd0b247ce3b8a1,157,,0.445859872611465,0.006369426751592357,not_searched,structure_required,not_run_no_structure,,,,requires_review,True,True,accession_and_sequence_match,A0ABP1Z8M7,not_sequence_independent,True,640,0.377448,same_sequence_as_frozen_827
A0A380QDK2,e6e1f4cfe057472b07ba30578fb721b674290a0d1b15da06e07ea9482890ac59,116,,0.4224137931034483,0.008620689655172414,not_searched,structure_required,not_run_no_structure,,,,requires_review,True,True,accession_and_sequence_match,A0A380QDK2,not_sequence_independent,True,641,0.377355,same_sequence_as_frozen_827
Q7CIG2,b2f3ba8bd648714615a04e6363dbe12abeb9543f7b6b2a878e93c4b55f9312c4,139,A0A0E1NX19,0.4028776978417266,0.0,not_searched,structure_required,not_run_no_structure,,,,requires_review,True,True,accession_and_sequence_match,A0A0E1NX19;Q7CIG2;A0AAV3BF90;A0A0H2YGI6;A0AAX2I8P7,not_sequence_independent,True,642,0.376944,same_sequence_as_frozen_827
A0ABP2ED01,80596e98a629d5a0dbdee509a6f4db99aa6c6b62a72418d01d5d24e58271268d,302,,0.46688741721854304,0.006622516556291391,not_searched,structure_required,not_run_no_structure,,,,requires_review,True,True,accession_and_sequence_match,A0ABP2ED01,not_sequence_independent,True,643,0.376766,same_sequence_as_frozen_827
A0ABX5QZM3,3cd65665542d398583bffc5103c6864134c7671963f7b6949cfacb1820be281f,399,,0.43358395989974935,0.007518796992481203,not_searched,structure_required,not_run_no_structure,,,,requires_review,True,True,accession_and_sequence_match,A0ABX5QZM3,not_sequence_independent,True,644,0.376687,same_sequence_as_frozen_827
A0ABM9ST81,9887e7eb809765bbf3d02dd986d7d2cebfbd0b151ddb6bde879e3d671958bb02,141,,0.4326241134751773,0.0,not_searched,structure_required,not_run_no_structure,,,,requires_review,True,True,accession_and_sequence_match,A0ABM9ST81,not_sequence_independent,True,645,0.376650,same_sequence_as_frozen_827
A0AB73NFU9,f3ce05ce7afd5171868ef622b38055cf39f0d0ac3d88c19a8d215d9d8553cb2a,197,,0.3756345177664975,0.01015228426395939,not_searched,structure_required,not_run_no_structure,,,,requires_review,True,True,accession_and_sequence_match,A0AB73NFU9,not_sequence_independent,True,646,0.376628,same_sequence_as_frozen_827
A0AA44CIR8,ab2508a1e864a38351902d50bcefd498b1c7f7b6eaaacdcabf1ee5ab61126e72,213,,0.3755868544600939,0.014084507042253521,not_searched,structure_required,not_run_no_structure,,,,requires_review,True,True,accession_and_sequence_match,A0AA44CIR8,not_sequence_independent,True,647,0.376543,same_sequence_as_frozen_827
A0ABP1Y756,a618151aaf991af2c2eb702cac57741d6e9335d5bafb8c33d9b9899b554fd0f8,115,,0.41739130434782606,0.0,not_searched,structure_required,not_run_no_structure,,,,requires_review,True,True,accession_and_sequence_match,A0ABP1Y756,not_sequence_independent,True,648,0.376476,same_sequence_as_frozen_827
Q66BM2,ee27e2137cab0a02a2b8c95c75c3795ad7145b9bc2b1cd74c1e74157ea252b6b,302,,0.46688741721854304,0.006622516556291391,not_searched,structure_required,not_run_no_structure,,,,requires_review,True,True,accession_and_sequence_match,Q66BM2,not_sequence_independent,True,649,0.376442,same_sequence_as_frozen_827
A0AAX2I0V1,793cf56b794121107ff6565589ddfc6d12e57c80859d0a5b9624f4bce87281a8,468,A0A2U2GXH7,0.4465811965811966,0.00641025641025641,not_searched,structure_required,not_run_no_structure,,,,requires_review,True,True,accession_and_sequence_match,A0AAV3BI89;A0A0E1NTH1;A0AB72ZKZ2;A0A2U2GXH7;A0AAX2I0V1;A0ABN5RBQ6,not_sequence_independent,True,650,0.376418,same_sequence_as_frozen_827
A0ABM5UH09,ef3f063333dae3db6c230ae8cdecffc2f0832918cd99d260d48222aa7d2684f2,212,,0.3632075471698113,0.014150943396226415,not_searched,structure_required,not_run_no_structure,,,,requires_review,True,True,accession_and_sequence_match,A0ABM5UH09,not_sequence_independent,True,651,0.376365,same_sequence_as_frozen_827
A0A0T9UVW1,3b2ca54616102b9f3dae87c1820c8fa23a7392dc4bc5e255b37fa0154f8383fe,213,,0.4225352112676056,0.009389671361502348,not_searched,structure_required,not_run_no_structure,,,,requires_review,True,True,accession_and_sequence_match,A0A0T9UVW1,not_sequence_independent,True,652,0.376363,same_sequence_as_frozen_827
A0A0T9KME1,5cce5946733281405faf6a7373a807ae796208c2d8dd64de8faeb82b65d6ceef,118,,0.3898305084745763,0.0,not_searched,structure_required,not_run_no_structure,,,,requires_review,True,True,accession_and_sequence_match,A0A0T9KME1,not_sequence_independent,True,653,0.376290,same_sequence_as_frozen_827
A0A0T9RC84,d56a57bd7a9eee6db76828ccd5f2a132387e681948ddde994d7a8f124f6ef9dd,352,,0.4346590909090909,0.005681818181818182,not_searched,structure_required,not_run_no_structure,,,,requires_review,True,True,accession_and_sequence_match,A0A0T9RC84,not_sequence_independent,True,654,0.376272,same_sequence_as_frozen_827
A0ABM9XX67,c7794afd50ebc619318c5245a452294aa85a9b700470ca6f36e3ba4be26e29d2,194,,0.3711340206185567,0.010309278350515464,not_searched,structure_required,not_run_no_structure,,,,requires_review,True,True,accession_and_sequence_match,A0ABM9XX67,not_sequence_independent,True,655,0.376204,same_sequence_as_frozen_827
A0A0T9KKM2,68866c4ceec3cb6e25253e819ba2dab4540ab7fd56a98d8e7b6bdf59b2421aad,192,,0.390625,0.005208333333333333,not_searched,structure_required,not_run_no_structure,,,,requires_review,True,True,accession_and_sequence_match,A0A0T9KKM2,not_sequence_independent,True,656,0.376170,same_sequence_as_frozen_827
A0ABM5PZP9,b33bbb183cba200497e5b152db5c96a4b03ca2df27b89d5af94692f235855678,154,,0.42207792207792205,0.0,not_searched,structure_required,not_run_no_structure,,,,requires_review,True,True,accession_and_sequence_match,A0ABM5PZP9,not_sequence_independent,True,657,0.376166,same_sequence_as_frozen_827
A0ABP2EGX4,47836a04a8f7cea8f9a440cd22f90c8a36a596c744630c7bb25abca0746f9ef8,378,,0.4312169312169312,0.007936507936507936,not_searched,structure_required,not_run_no_structure,,,,requires_review,True,True,accession_and_sequence_match,A0ABP2EGX4,not_sequence_independent,True,658,0.376144,same_sequence_as_frozen_827
A0AB73NNV4,d97a5566cb798c23d6a4c3d8297d384bbb7eac10ab4338b3b3f2982e83f3b477,211,,0.38388625592417064,0.009478672985781991,not_searched,structure_required,not_run_no_structure,,,,requires_review,True,True,accession_and_sequence_match,A0AB73NNV4,not_sequence_independent,True,659,0.376142,same_sequence_as_frozen_827
A0A0T9PN75,286f2c2a32983ca5deaf650f4ef8d240b9f7d9ab8f18c6fe7e9bb7b7c7de526c,406,,0.3620689655172414,0.0024630541871921183,not_searched,structure_required,not_run_no_structure,,,,requires_review,True,True,accession_and_sequence_match,A0A0T9PN75,not_sequence_independent,True,660,0.376137,same_sequence_as_frozen_827
A0AB72ZRU6,f2b01bbca04e4c8d02fdc09d0f716e3335dd6215911a9e84ace66ae97964d955,283,,0.4098939929328622,0.007067137809187279,not_searched,structure_required,not_run_no_structure,,,,requires_review,True,True,accession_and_sequence_match,A0AB72ZRU6,not_sequence_independent,True,661,0.376022,same_sequence_as_frozen_827
A0ABW9EZJ2,d7565abf3acf5a349453354537317731240ac3e8bfcf2bc77664173703d4ca54,369,,0.3875338753387534,0.0,not_searched,structure_required,not_run_no_structure,,,,requires_review,True,True,accession_and_sequence_match,A0ABW9EZJ2,not_sequence_independent,True,662,0.375987,same_sequence_as_frozen_827
A0AB73PN87,e5f0035a00db3eaf1a99398adb51d39e88a5d1fda6169b13dfa8c325d5cc32d9,206,,0.42718446601941745,0.0,not_searched,structure_required,not_run_no_structure,,,,requires_review,True,True,accession_and_sequence_match,A0AB73PN87,not_sequence_independent,True,663,0.375833,same_sequence_as_frozen_827
A0A0T9RLI7,112b77df4415428e1cb617cb5a9aae121a68b8033553bdfe66090d211929088b,364,,0.3708791208791209,0.0,not_searched,structure_required,not_run_no_structure,,,,requires_review,True,True,accession_and_sequence_match,A0A0T9RLI7,not_sequence_independent,True,664,0.375821,same_sequence_as_frozen_827
A0ABM6BKQ9,19a613a6e55ae32068dd716244534b80933ef7c1ebf7624b44efadc14ea58f58,387,,0.40568475452196384,0.0,not_searched,structure_required,not_run_no_structure,,,,requires_review,True,True,accession_and_sequence_match,A0ABM6BKQ9,not_sequence_independent,True,665,0.375722,same_sequence_as_frozen_827
A0A0T9KM28,bcd3282815368d882e7a0117f1015b64586933f43ee39253598ae9e73ec45c14,368,,0.37228260869565216,0.0,not_searched,structure_required,not_run_no_structure,,,,requires_review,True,True,accession_and_sequence_match,A0A0T9KM28,not_sequence_independent,True,666,0.375426,same_sequence_as_frozen_827
A0ABM9SYN9,24c7fb1baa9ec2e21fa40ba2d949330a76ab4ca05c1cd1a0059107ef382ce6c1,366,,0.3743169398907104,0.0,not_searched,structure_required,not_run_no_structure,,,,requires_review,True,True,accession_and_sequence_match,A0ABM9SYN9,not_sequence_independent,True,667,0.374959,same_sequence_as_frozen_827
Q66CW3,adf550d27fb5a336186d50995ad317ae05020747ad9a6d9d2b84dc652ab9791d,238,A0A0H3B6E0,0.42016806722689076,0.0,not_searched,structure_required,not_run_no_structure,,,,requires_review,True,True,accession_and_sequence_match,A0A0H3B6E0;Q66CW3,not_sequence_independent,True,668,0.374911,same_sequence_as_frozen_827
A0AB73NNI1,49bfe716cb39f938e7659175e097f3ae4b499b9f01e38b176df21a1d2fee913b,302,,0.4304635761589404,0.006622516556291391,not_searched,structure_required,not_run_no_structure,,,,requires_review,True,True,accession_and_sequence_match,A0AB73NNI1,not_sequence_independent,True,669,0.374442,same_sequence_as_frozen_827
Q66CW8,84d3f963eb0fec0848822a182db2dc901bb44bca83c738e848d3b5a143eb4271,351,A0ABM7ANK9,0.42165242165242167,0.008547008547008548,not_searched,structure_required,not_run_no_structure,,,,requires_review,True,True,accession_and_sequence_match,A0ABM7ANK9;Q66CW8,not_sequence_independent,True,670,0.374417,same_sequence_as_frozen_827
A0ABM9TBF6,948f15bb32a54f91eded8c22853d1cd313c340e939183be45b21a8cced4fe21e,353,,0.43909348441926344,0.0056657223796034,not_searched,structure_required,not_run_no_structure,,,,requires_review,True,True,accession_and_sequence_match,A0ABM9TBF6,not_sequence_independent,True,671,0.374115,same_sequence_as_frozen_827
A0AAW7K4V6,303db8a62653f3f83bac9138df0c2bbe5c62eb71acd56f32e407f1d514851c61,219,,0.4337899543378995,0.0045662100456621,not_searched,structure_required,not_run_no_structure,,,,requires_review,True,True,accession_and_sequence_match,A0AAW7K4V6,not_sequence_independent,True,672,0.373517,same_sequence_as_frozen_827
A0ABM6UUY9,acda1d4817158630e9b1ba01bd904a60c967e5dc65420df15f58afdad5a63b7f,378,,0.41534391534391535,0.010582010582010581,not_searched,structure_required,not_run_no_structure,,,,requires_review,True,True,accession_and_sequence_match,A0ABM6UUY9,not_sequence_independent,True,673,0.373490,same_sequence_as_frozen_827
A0ABM9SSJ6,0f74506c411bad8770baf5a1f129465b75fa175144c52e15cd73498d7f7e6f27,270,,0.42592592592592593,0.007407407407407408,not_searched,structure_required,not_run_no_structure,,,,requires_review,True,True,accession_and_sequence_match,A0ABM9SSJ6,not_sequence_independent,True,674,0.373381,same_sequence_as_frozen_827
A0ABM6BHZ0,4a07ce7dd8a7e678f3d95b143a8ec685194206c8edf6cb152b07a66e4d8b2a61,166,,0.4457831325301205,0.006024096385542169,not_searched,structure_required,not_run_no_structure,,,,requires_review,True,True,accession_and_sequence_match,A0ABM6BHZ0,not_sequence_independent,True,675,0.373374,same_sequence_as_frozen_827
A0A0T9P2Y6,1d9a4765320c0b1733e67b51cac77da6cdaf7a2d3b7760f25c472306d22f8933,162,,0.4382716049382716,0.0,not_searched,structure_required,not_run_no_structure,,,,requires_review,True,True,accession_and_sequence_match,A0A0T9P2Y6,not_sequence_independent,True,676,0.373322,same_sequence_as_frozen_827
A0ABM9TZ37,897866c18c661f3111e59841dec50084e4599d69eff4ffaf9a4255c5ef2f1f6f,114,,0.42105263157894735,0.008771929824561403,not_searched,structure_required,not_run_no_structure,,,,requires_review,True,True,accession_and_sequence_match,A0ABM9TZ37,not_sequence_independent,True,677,0.373319,same_sequence_as_frozen_827
A0AA36LM41,8fe02a7c65450ba2dde5abcb6aa92bf9825b6e63ad3bc36f15a08cc783fb56e6,127,,0.4409448818897638,0.007874015748031496,not_searched,structure_required,not_run_no_structure,,,,requires_review,True,True,accession_and_sequence_match,A0AA36LM41,not_sequence_independent,True,678,0.373225,same_sequence_as_frozen_827
A0ABP1ZYM0,8fbb45bd03fca708ce6e0a4ad6bbb0c4036a346d23e6ff5e7186a289438e9236,357,,0.4005602240896359,0.011204481792717087,not_searched,structure_required,not_run_no_structure,,,,requires_review,True,True,accession_and_sequence_match,A0ABP1ZYM0,not_sequence_independent,True,679,0.373211,same_sequence_as_frozen_827
A0A380QV68,8351a220ff505af54eaf399e88112a56b5a576161e5382d95a82b0cb8e06249f,156,,0.4551282051282051,0.00641025641025641,not_searched,structure_required,not_run_no_structure,,,,requires_review,True,True,accession_and_sequence_match,A0A380QV68,not_sequence_independent,True,680,0.373052,same_sequence_as_frozen_827
A0A380QB56,75ea37dd8b423addc00abf1de27f51d397ea2d45dc5f1d51f7077b1064eaaef5,150,,0.42,0.0,not_searched,structure_required,not_run_no_structure,,,,requires_review,True,True,accession_and_sequence_match,A0A380QB56,not_sequence_independent,True,681,0.372927,same_sequence_as_frozen_827
A0ABP1Y4A2,8c1a60e7328c5ba86f95e382d2851927fed1cf0718114573cf26c09452c4959a,167,,0.46706586826347307,0.011976047904191617,not_searched,structure_required,not_run_no_structure,,,,requires_review,True,True,accession_and_sequence_match,A0ABP1Y4A2,not_sequence_independent,True,682,0.372874,same_sequence_as_frozen_827
A0AA44HZF8,1dd55b73521f7f6042650ae1a5d91f3c90af52df222208644d6b3392985f38af,188,,0.3829787234042553,0.0,not_searched,structure_required,not_run_no_structure,,,,requires_review,True,True,accession_and_sequence_match,A0AA44HZF8,not_sequence_independent,True,683,0.372854,same_sequence_as_frozen_827
A0ABM5Q168,791f217edbec28b7fc206e088007fde1c5e527c63860190af90d6b95c0452a14,351,,0.41595441595441596,0.008547008547008548,not_searched,structure_required,not_run_no_structure,,,,requires_review,True,True,accession_and_sequence_match,A0ABM5Q168,not_sequence_independent,True,684,0.372381,same_sequence_as_frozen_827
A0A0T9UVB9,45c5b899834c6a123f494a87ec75f3c694dd51078571365b8034eebb09699cc8,366,,0.3770491803278688,0.0,not_searched,structure_required,not_run_no_structure,,,,requires_review,True,True,accession_and_sequence_match,A0A0T9UVB9,not_sequence_independent,True,685,0.372348,same_sequence_as_frozen_827
A0A0K1H0L3,ed24635c1c4de459ef2a168824fc492e4b4b64c64b330d05acd8ac2e411d076c,375,,0.43466666666666665,0.008,not_searched,structure_required,not_run_no_structure,,,,requires_review,True,True,accession_and_sequence_match,A0A0K1H0L3,not_sequence_independent,True,686,0.372236,same_sequence_as_frozen_827
A0AA44CIT3,5967bf12430d0d4021fcc8f183931c8a96bada7cacc02f817a0a9bc51b05a264,196,,0.413265306122449,0.00510204081632653,not_searched,structure_required,not_run_no_structure,,,,requires_review,True,True,accession_and_sequence_match,A0AA44CIT3,not_sequence_independent,True,687,0.372001,same_sequence_as_frozen_827
A0ABM9SWE1,51afcba5f09877241cf4155a54f3f3e4ae9d91bef007594f2aa07a789c624a42,94,,0.46808510638297873,0.0,not_searched,structure_required,not_run_no_structure,,,,requires_review,True,True,accession_and_sequence_match,A0ABM9SWE1,not_sequence_independent,True,688,0.371990,same_sequence_as_frozen_827
A0A380PNK7,ca3cfc3ace609af21661f749a78f43f25af81630c8cf904b3afaf0ca239300e4,368,A0ABR4VY47,0.3695652173913043,0.0,not_searched,structure_required,not_run_no_structure,,,,requires_review,True,True,accession_and_sequence_match,A0ABR4VY47;A0A380PNK7,not_sequence_independent,True,689,0.371248,same_sequence_as_frozen_827
A0A0T9RLY2,f6d6926045a746e72dc51314a87466290b3732b5982d68f8fb9a3321f6c77490,211,,0.3981042654028436,0.014218009478672985,not_searched,structure_required,not_run_no_structure,,,,requires_review,True,True,accession_and_sequence_match,A0A0T9RLY2,not_sequence_independent,True,690,0.371171,same_sequence_as_frozen_827
A0AA36PKW6,db56134c04605e86e43f2e8235e8066505d6869880200869d8fcac4a87aed5c7,302,,0.4602649006622517,0.006622516556291391,not_searched,structure_required,not_run_no_structure,,,,requires_review,True,True,accession_and_sequence_match,A0AA36PKW6,not_sequence_independent,True,691,0.371085,same_sequence_as_frozen_827
A0A0T9UVI4,feda69f5b49ebaf2fb9b7b46b9656273e8b3ec36df2a5ec7228a1ea5796866eb,211,,0.41706161137440756,0.018957345971563982,not_searched,structure_required,not_run_no_structure,,,,requires_review,True,True,accession_and_sequence_match,A0A0T9UVI4,not_sequence_independent,True,692,0.370782,same_sequence_as_frozen_827
A0AA36LMJ6,1a69d7245a4aa997aa3eb2f7fe99e65984ae5aa0d57aee9942a68570b791fc17,378,A0ABP1Y7A6,0.41798941798941797,0.010582010582010581,not_searched,structure_required,not_run_no_structure,,,,requires_review,True,True,accession_and_sequence_match,A0ABP1Y7A6;A0AA36LMJ6,not_sequence_independent,True,693,0.370674,same_sequence_as_frozen_827
A0ABX5QZN1,ff72b1a125cebdc4a63dd5e889113e534563106e882762f9f0b12656696fc607,80,,0.4375,0.025,not_searched,structure_required,not_run_no_structure,,,,requires_review,True,True,accession_and_sequence_match,A0ABX5QZN1,not_sequence_independent,True,694,0.370613,same_sequence_as_frozen_827
A0A208ZGJ5,a5428887a14f44fc5b015cbdb50f43782145bb3ec2f42f327e4344fd10d9a313,205,,0.3902439024390244,0.0,not_searched,structure_required,not_run_no_structure,,,,requires_review,True,True,accession_and_sequence_match,A0A208ZGJ5,not_sequence_independent,True,695,0.370433,same_sequence_as_frozen_827
A0A857F0P9,d321779cc1a68b90caad664d36ae1ec3b8ac3e07aec46cc339f89df19506d6f4,213,,0.38497652582159625,0.014084507042253521,not_searched,structure_required,not_run_no_structure,,,,requires_review,True,True,accession_and_sequence_match,A0A857F0P9,not_sequence_independent,True,696,0.370224,same_sequence_as_frozen_827
A0A0T9KLZ3,49eafbe09e0d542de5ac3bd77e7e1cce33472410c7ca9c46219e663aaec63977,315,,0.4444444444444444,0.0031746031746031746,not_searched,structure_required,not_run_no_structure,,,,requires_review,True,True,accession_and_sequence_match,A0A0T9KLZ3,not_sequence_independent,True,697,0.370006,same_sequence_as_frozen_827
A0A0T9TRJ0,385d5bff4ae3d6c3ab1a334a5cad1124e2408b3fac5a2e8c0abd35b35fa6e695,302,,0.47019867549668876,0.006622516556291391,not_searched,structure_required,not_run_no_structure,,,,requires_review,True,True,accession_and_sequence_match,A0A0T9TRJ0,not_sequence_independent,True,698,0.369757,same_sequence_as_frozen_827
A0ABM7ANH7,5ab09089bae818d498d2f434764569592cb2a9cac73a7f04cdbef627ac424299,153,,0.41830065359477125,0.006535947712418301,not_searched,structure_required,not_run_no_structure,,,,requires_review,True,True,accession_and_sequence_match,A0ABM7ANH7,not_sequence_independent,True,699,0.369608,same_sequence_as_frozen_827
A0ABN5RBQ6,793cf56b794121107ff6565589ddfc6d12e57c80859d0a5b9624f4bce87281a8,468,A0AAX2I0V1,0.4465811965811966,0.00641025641025641,not_searched,structure_required,not_run_no_structure,,,,requires_review,True,True,accession_and_sequence_match,A0AAV3BI89;A0A0E1NTH1;A0AB72ZKZ2;A0A2U2GXH7;A0AAX2I0V1;A0ABN5RBQ6,not_sequence_independent,True,700,0.369558,same_sequence_as_frozen_827
A0A0T9RKV0,da09ba43e4286425dce3abccc5702df66f8543d9f005a70cecc8384d53f164a6,138,,0.42028985507246375,0.0,not_searched,structure_required,not_run_no_structure,,,,requires_review,True,True,accession_and_sequence_match,A0A0T9RKV0,not_sequence_independent,True,701,0.369481,same_sequence_as_frozen_827
A0A0T9UMV0,1b818921aede7ee5d9191543a224da1ba86f0db2b51ed303980707f2ee2e3cd6,302,,0.47019867549668876,0.006622516556291391,not_searched,structure_required,not_run_no_structure,,,,requires_review,True,True,accession_and_sequence_match,A0A0T9UMV0,not_sequence_independent,True,702,0.369434,same_sequence_as_frozen_827
A0ABX5QZY2,23ff8d4eb3a60af2724ab81a8844dcfb722414d1a4dbf76b2b420dd3fcfa790c,213,,0.38028169014084506,0.014084507042253521,not_searched,structure_required,not_run_no_structure,,,,requires_review,True,True,accession_and_sequence_match,A0ABX5QZY2,not_sequence_independent,True,703,0.369378,same_sequence_as_frozen_827
A0A0T9KZA2,9617d84368cd22d4de90c271ac2e8211ac774b259f955811962d6002634199cb,378,,0.4312169312169312,0.010582010582010581,not_searched,structure_required,not_run_no_structure,,,,requires_review,True,True,accession_and_sequence_match,A0A0T9KZA2,not_sequence_independent,True,704,0.369316,same_sequence_as_frozen_827
A0AB72ZN12,c86f6fb4c396d96b217b5c24d0a82d4564e869f70cbb8c217999fff366c517a2,259,A0ABM5Q1D7,0.4015444015444015,0.003861003861003861,not_searched,structure_required,not_run_no_structure,,,,requires_review,True,True,accession_and_sequence_match,A0A0U1QVC6;A0AAX2I0L3;A0A0H2W1J5;A0A0H2YKF3;A0A0H2Y6N9;A0AAV3BFT4;A0ABM5Q1D7;A0AB72ZN12,not_sequence_independent,True,705,0.369206,same_sequence_as_frozen_827
A0ABN4F2B0,cb9c92b4079b30f8a8596dd4c27024ca531374092a5c7e5b6d79e7844dda35c8,67,,0.43283582089552236,0.0,not_searched,structure_required,not_run_no_structure,,,,requires_review,True,True,accession_and_sequence_match,A0ABN4F2B0,not_sequence_independent,True,706,0.368844,same_sequence_as_frozen_827
A0ABN4PY35,4c4b21d93084110112763f6af594bfbc56719eea71e58d3bde879784fea621e7,213,,0.38028169014084506,0.014084507042253521,not_searched,structure_required,not_run_no_structure,,,,requires_review,True,True,accession_and_sequence_match,A0ABN4PY35,not_sequence_independent,True,707,0.368625,same_sequence_as_frozen_827
A0A380PRL5,c298d4067c11f55e781ce1ac91eca59f811fbc93c28b5b1c0f86f77bdf9d88f5,378,,0.43915343915343913,0.010582010582010581,not_searched,structure_required,not_run_no_structure,,,,requires_review,True,True,accession_and_sequence_match,A0A380PRL5,not_sequence_independent,True,708,0.368191,same_sequence_as_frozen_827
A0ABM6UNY7,671ee9cd84eb15f3503c215fcc679bc45525c82d7fc81055287d72a871336aea,302,,0.46688741721854304,0.006622516556291391,not_searched,structure_required,not_run_no_structure,,,,requires_review,True,True,accession_and_sequence_match,A0ABM6UNY7,not_sequence_independent,True,709,0.368103,same_sequence_as_frozen_827
A0A380PNL7,b5c2f90d97d9baf48cea47dbd89e02673b329d04001b54337a666491a65f6593,118,,0.4067796610169492,0.00847457627118644,not_searched,structure_required,not_run_no_structure,,,,requires_review,True,True,accession_and_sequence_match,A0A380PNL7,not_sequence_independent,True,710,0.368041,same_sequence_as_frozen_827
A0A0T9UVN8,865c8018e685d326aba306475a97958119af89b493410a7d0334a68630f5435f,163,,0.3987730061349693,0.0,not_searched,structure_required,not_run_no_structure,,,,requires_review,True,True,accession_and_sequence_match,A0A0T9UVN8,not_sequence_independent,True,711,0.367901,same_sequence_as_frozen_827
A0A0T9QEH2,b90da7ecd2a730b3b7ed270b4900db0c48f6bbd1e41f0ced0350db06686ebe2a,116,,0.43103448275862066,0.0,not_searched,structure_required,not_run_no_structure,,,,requires_review,True,True,accession_and_sequence_match,A0A0T9QEH2,not_sequence_independent,True,712,0.367885,same_sequence_as_frozen_827
A0A2R4NRD1,d7ef88922ffae83e7c7a352f35b149d096b877b50df920c4bfbb6f11b14b54fd,207,,0.4251207729468599,0.0,not_searched,structure_required,not_run_no_structure,,,,requires_review,True,True,accession_and_sequence_match,A0A2R4NRD1,not_sequence_independent,True,713,0.367745,same_sequence_as_frozen_827
A0AA36LLP1,1282671a386730f8bf21b50f25ddf3be3c3c36efc33dde2a993a3eea13b9d7e5,212,,0.36792452830188677,0.014150943396226415,not_searched,structure_required,not_run_no_structure,,,,requires_review,True,True,accession_and_sequence_match,A0AA36LLP1,not_sequence_independent,True,714,0.367502,same_sequence_as_frozen_827
A0AB73Q6N8,0a193a96537f3dd61bc8953e440164d04a147633ac2235f06e39567d46d365a8,156,,0.46794871794871795,0.0,not_searched,structure_required,not_run_no_structure,,,,requires_review,True,True,accession_and_sequence_match,A0AB73Q6N8,not_sequence_independent,True,715,0.367471,same_sequence_as_frozen_827
A0ABW9EZD5,0498423cec4a7b20608beea3dcef2aeae05cba58896056aab6f91ec52f2c05a5,302,,0.48013245033112584,0.006622516556291391,not_searched,structure_required,not_run_no_structure,,,,requires_review,True,True,accession_and_sequence_match,A0ABW9EZD5,not_sequence_independent,True,716,0.367462,same_sequence_as_frozen_827
A0ABM9TKC9,9d76bc5cbdea0b03d63e1194c7c6796f5de3909ac4f1dc811399db65c3ba01b5,117,,0.41025641025641024,0.0,not_searched,structure_required,not_run_no_structure,,,,requires_review,True,True,accession_and_sequence_match,A0ABM9TKC9,not_sequence_independent,True,717,0.367443,same_sequence_as_frozen_827
A0ABX5QX18,d53fb728661ce7b452fe832c843f07a3a9d77ace15a93d0bbd08855cd84a69b5,216,,0.37037037037037035,0.009259259259259259,not_searched,structure_required,not_run_no_structure,,,,requires_review,True,True,accession_and_sequence_match,A0ABX5QX18,not_sequence_independent,True,718,0.367377,same_sequence_as_frozen_827
A0AAV3BF90,b2f3ba8bd648714615a04e6363dbe12abeb9543f7b6b2a878e93c4b55f9312c4,139,Q7CIG2,0.4028776978417266,0.0,not_searched,structure_required,not_run_no_structure,,,,requires_review,True,True,accession_and_sequence_match,A0A0E1NX19;Q7CIG2;A0AAV3BF90;A0A0H2YGI6;A0AAX2I8P7,not_sequence_independent,True,719,0.367326,same_sequence_as_frozen_827
A0A0T9QWS2,b7f63173cccee733bbc82379eabd669a83d1315bba0492175fbb4a72cbcb13ae,172,,0.4186046511627907,0.005813953488372093,not_searched,structure_required,not_run_no_structure,,,,requires_review,True,True,accession_and_sequence_match,A0A0T9QWS2,not_sequence_independent,True,720,0.367069,same_sequence_as_frozen_827
A0ABP1YDG7,5b434d932747ddb9a8a2ba064c6d43fac08bcc9dca32b5d3728405d1c26d5606,178,,0.4101123595505618,0.016853932584269662,not_searched,structure_required,not_run_no_structure,,,,requires_review,True,True,accession_and_sequence_match,A0ABP1YDG7,not_sequence_independent,True,721,0.367039,same_sequence_as_frozen_827
A0ABR4W6J9,e62839b7cc06390b37ba1d649a09e462e091cb2e01a2932476e5fd9c8f59e3e0,192,A0A380PNY7,0.390625,0.005208333333333333,not_searched,structure_required,not_run_no_structure,,,,requires_review,True,True,accession_and_sequence_match,A0A380PNY7;A0ABR4W6J9,not_sequence_independent,True,722,0.367023,same_sequence_as_frozen_827
A0A0T9UVJ2,14d092d132c9a102b1d77eb29e5b65ad98df7fc4dcc263fe54bc89d0b878f13f,163,,0.4049079754601227,0.018404907975460124,not_searched,structure_required,not_run_no_structure,,,,requires_review,True,True,accession_and_sequence_match,A0A0T9UVJ2,not_sequence_independent,True,723,0.366831,same_sequence_as_frozen_827
A0A0T9RMJ4,47100f0188f152f1b8d0ccda1445e673e7822d11ac9ab42ffe7e9ee5edb2ddec,119,,0.42857142857142855,0.008403361344537815,not_searched,structure_required,not_run_no_structure,,,,requires_review,True,True,accession_and_sequence_match,A0A0T9RMJ4,not_sequence_independent,True,724,0.366828,same_sequence_as_frozen_827
A0A0T9RLS7,e9dd7b69ad46135ef4d2f42084dd17ae4e2f39a4d7b403c7a7f658fbf28f4ce9,118,,0.4067796610169492,0.0,not_searched,structure_required,not_run_no_structure,,,,requires_review,True,True,accession_and_sequence_match,A0A0T9RLS7,not_sequence_independent,True,725,0.366573,same_sequence_as_frozen_827
A0ABP1YU38,18e8473b19cb888faa175950c0a04a33ecc83bdf0b8fd8aff0ea543e48b658f9,213,,0.39436619718309857,0.018779342723004695,not_searched,structure_required,not_run_no_structure,,,,requires_review,True,True,accession_and_sequence_match,A0ABP1YU38,not_sequence_independent,True,726,0.366360,same_sequence_as_frozen_827
A0A0T9UMT9,b9d682477704d325c25bab402cbc084bd48f7549dcf2f73a25691bbcc05618b7,204,,0.45098039215686275,0.0,not_searched,structure_required,not_run_no_structure,,,,requires_review,True,True,accession_and_sequence_match,A0A0T9UMT9,not_sequence_independent,True,727,0.365699,same_sequence_as_frozen_827
A0ABN4PP01,295d2ac99c53ae09db3b74c76ce194ba0a462a4ccc1d677fd9d1461075fce09f,140,,0.38571428571428573,0.0,not_searched,structure_required,not_run_no_structure,,,,requires_review,True,True,accession_and_sequence_match,A0ABN4PP01,not_sequence_independent,True,728,0.365686,same_sequence_as_frozen_827
A0A0T9QQ84,54dc200893f57cde896b814006c42408f6e624182b166abde5cbeb4362b63e8d,115,,0.41739130434782606,0.017391304347826087,not_searched,structure_required,not_run_no_structure,,,,requires_review,True,True,accession_and_sequence_match,A0A0T9QQ84,not_sequence_independent,True,729,0.365591,same_sequence_as_frozen_827
A0A0H5LRG1,5b56bced8fc752d3a5c64f300e17bb4765cf337037bfc259a1e3dbd8cab67d46,302,,0.48013245033112584,0.006622516556291391,not_searched,structure_required,not_run_no_structure,,,,requires_review,True,True,accession_and_sequence_match,A0A0H5LRG1,not_sequence_independent,True,730,0.365541,same_sequence_as_frozen_827
A0A0H5LRI4,3068d1c0d9b71501b38d72933805558fba39b8285038f49ce94637a749653b5a,212,,0.37735849056603776,0.014150943396226415,not_searched,structure_required,not_run_no_structure,,,,requires_review,True,True,accession_and_sequence_match,A0A0H5LRI4,not_sequence_independent,True,731,0.365157,same_sequence_as_frozen_827
A0A0T9QYU5,56e4cf8035cfd4793eb64d8039eee543e45ff64a670a8a2caf63bc6087cd69d1,216,,0.37037037037037035,0.009259259259259259,not_searched,structure_required,not_run_no_structure,,,,requires_review,True,True,accession_and_sequence_match,A0A0T9QYU5,not_sequence_independent,True,732,0.364692,same_sequence_as_frozen_827
A0A0T9KZ32,5b5934b26e3a844a8621fae65f602e20a72193e6418b0587be76ff81e363dbf4,468,,0.44871794871794873,0.00641025641025641,not_searched,structure_required,not_run_no_structure,,,,requires_review,True,True,accession_and_sequence_match,A0A0T9KZ32,not_sequence_independent,True,733,0.364503,same_sequence_as_frozen_827
A0A2G4U3T2,870c5e2ef77925350d91073cf0362b16e448626c1ab0914401f1c187637add93,207,,0.4251207729468599,0.0,not_searched,structure_required,not_run_no_structure,,,,requires_review,True,True,accession_and_sequence_match,A0A2G4U3T2,not_sequence_independent,True,734,0.364285,same_sequence_as_frozen_827
A0A0U1HXL6,2c0c69b3a4e644c94b18e6d38e3494efa2f4b0d266685032089d8a35a8cbd264,108,,0.4444444444444444,0.0,not_searched,structure_required,not_run_no_structure,,,,requires_review,True,True,accession_and_sequence_match,A0A0U1HXL6,not_sequence_independent,True,735,0.364106,same_sequence_as_frozen_827
A0ABN4PNK0,72b12f998aac2f9752e502ac5cde6131149dc3ed63bc0be49ec905cf7a54c8b3,625,,0.3888,0.016,not_searched,structure_required,not_run_no_structure,,,,requires_review,True,True,accession_and_sequence_match,A0ABN4PNK0,not_sequence_independent,True,736,0.363894,same_sequence_as_frozen_827
A0AA44CMJ2,13887a9987f1c03e6e77d6b329178678d665cc51f8ddc8c4c73b0be30702c287,198,,0.41919191919191917,0.005050505050505051,not_searched,structure_required,not_run_no_structure,,,,requires_review,True,True,accession_and_sequence_match,A0AA44CMJ2,not_sequence_independent,True,737,0.363851,same_sequence_as_frozen_827
A0A0T9RLV1,504f553f42cc70cba864ed9c95e45f3952d913de8a418c8a5bcae255bcd9b202,153,,0.39869281045751637,0.006535947712418301,not_searched,structure_required,not_run_no_structure,,,,requires_review,True,True,accession_and_sequence_match,A0A0T9RLV1,not_sequence_independent,True,738,0.363789,same_sequence_as_frozen_827
A0AA36LNC2,51750ed0fa378038d3c8858b904db2df966488f92b93a8992e6820d3b8417ab7,146,,0.4041095890410959,0.0,not_searched,structure_required,not_run_no_structure,,,,requires_review,True,True,accession_and_sequence_match,A0AA36LNC2,not_sequence_independent,True,739,0.363712,same_sequence_as_frozen_827
A0A0T9RPC1,c8298119d74bf382f84c237ab7ddc1a77760023ca336cf3f429805c221e2b9d9,195,,0.4256410256410256,0.015384615384615385,not_searched,structure_required,not_run_no_structure,,,,requires_review,True,True,accession_and_sequence_match,A0A0T9RPC1,not_sequence_independent,True,740,0.363481,same_sequence_as_frozen_827
A0AA36LUV4,64c3891309545acad44c8973de43834997b38c0ccd1d6747b220cca332a35a32,213,,0.3755868544600939,0.014084507042253521,not_searched,structure_required,not_run_no_structure,,,,requires_review,True,True,accession_and_sequence_match,A0AA36LUV4,not_sequence_independent,True,741,0.363229,same_sequence_as_frozen_827
A0A0H3B0N5,1ac46169ffa426d7b15303ecdda8dbf44c5ce52c1679c0a3296100949393ca49,394,,0.467005076142132,0.005076142131979695,not_searched,structure_required,not_run_no_structure,,,,requires_review,True,True,accession_and_sequence_match,A0A0H3B0N5,not_sequence_independent,True,742,0.362505,same_sequence_as_frozen_827
A0ABP1YU19,28b4cb07375ccdda566835bef39da5ee6c8cd1a41b41929f74e172b3a1e23d70,198,,0.45454545454545453,0.0,not_searched,structure_required,not_run_no_structure,,,,requires_review,True,True,accession_and_sequence_match,A0ABP1YU19,not_sequence_independent,True,743,0.362441,same_sequence_as_frozen_827
A0A0T9KKL7,9e1f1029631b90f198e2651709f25f38289b7a63c16e73f4cf9b6694b6dab0bd,145,,0.4482758620689655,0.0,not_searched,structure_required,not_run_no_structure,,,,requires_review,True,True,accession_and_sequence_match,A0A0T9KKL7,not_sequence_independent,True,744,0.362411,same_sequence_as_frozen_827
A0ABP2E0A1,04196bdc6e5484537580ab20de07360aaa0ba49a548a8d15eaa2fb85829bcd89,86,,0.4418604651162791,0.011627906976744186,not_searched,structure_required,not_run_no_structure,,,,requires_review,True,True,accession_and_sequence_match,A0ABP2E0A1,not_sequence_independent,True,745,0.362396,same_sequence_as_frozen_827
A0ABW9EZ05,ad1fc7c5717f0800777beb95db911c3426d9c77ff8ae6a660d3e60a1837b4976,212,,0.38207547169811323,0.014150943396226415,not_searched,structure_required,not_run_no_structure,,,,requires_review,True,True,accession_and_sequence_match,A0ABW9EZ05,not_sequence_independent,True,746,0.362382,same_sequence_as_frozen_827
A0ABM6UY29,d512c4fd34070a86425b1b449cafe256e9c14545ba2052523d4f0fbe2d2bd876,198,,0.3484848484848485,0.010101010101010102,not_searched,structure_required,not_run_no_structure,,,,requires_review,True,True,accession_and_sequence_match,A0ABM6UY29,not_sequence_independent,True,747,0.362361,same_sequence_as_frozen_827
A0A380PUP1,e992dbbb1dd75a815251518092a95af77f1d18f3c2e892f5b072c7dcb72b2279,188,,0.3776595744680851,0.0,not_searched,structure_required,not_run_no_structure,,,,requires_review,True,True,accession_and_sequence_match,A0A380PUP1,not_sequence_independent,True,748,0.362070,same_sequence_as_frozen_827
A0A380QEC0,363c4da2d70bf6f4d9a4174e131530d0a5b7461691ce42b369d91a084a153673,116,,0.43103448275862066,0.008620689655172414,not_searched,structure_required,not_run_no_structure,,,,requires_review,True,True,accession_and_sequence_match,A0A380QEC0,not_sequence_independent,True,749,0.361834,same_sequence_as_frozen_827
A0A857EZE8,ed8e177513da445849f2065206a1f029169383ec9055c6f4fd3c640cfd0c5528,139,,0.45323741007194246,0.0,not_searched,structure_required,not_run_no_structure,,,,requires_review,True,True,accession_and_sequence_match,A0A857EZE8,not_sequence_independent,True,750,0.361737,same_sequence_as_frozen_827
A0A3G5LJP4,1bfa78d7f6db324dd179c6f4e35a6de9dcfc099e7d657d894d46dc1f4b50e456,202,A0AAV3B8C2,0.38613861386138615,0.0049504950495049506,not_searched,structure_required,not_run_no_structure,,,,requires_review,True,True,accession_and_sequence_match,A0AAV3B8C2;A0A3G5LJP4;A0A0E1NQK2;A0A0H2YNL1;A0AB72ZRU3;A0A0H2W0D6,not_sequence_independent,True,751,0.361602,same_sequence_as_frozen_827
A0A085U312,3bd27427e4e30ca8f45d8c057d4e1f43db2146a37ea53ef2c0f150429ed7def3,318,,0.34276729559748426,0.0031446540880503146,not_searched,structure_required,not_run_no_structure,,,,requires_review,True,True,accession_and_sequence_match,A0A085U312,not_sequence_independent,True,752,0.361379,same_sequence_as_frozen_827
A0ABM6BL24,bbe26ef8021f0060b33784d621044595dcbfce7a6a710e750238a792f66a3a99,196,,0.40816326530612246,0.01020408163265306,not_searched,structure_required,not_run_no_structure,,,,requires_review,True,True,accession_and_sequence_match,A0ABM6BL24,not_sequence_independent,True,753,0.361240,same_sequence_as_frozen_827
A0ABM9SU56,d167f3af1c9d44006f46bbc5453c56cc92272f8a6c11a539bc867f4b14ee3c10,155,,0.43870967741935485,0.0,not_searched,structure_required,not_run_no_structure,,,,requires_review,True,True,accession_and_sequence_match,A0ABM9SU56,not_sequence_independent,True,754,0.361113,same_sequence_as_frozen_827
A0ABM5Q170,789217e78c747a9b2d866844335e60989ecfc8869020dfcea44b9e250739d870,154,,0.4090909090909091,0.006493506493506494,not_searched,structure_required,not_run_no_structure,,,,requires_review,True,True,accession_and_sequence_match,A0ABM5Q170,not_sequence_independent,True,755,0.360258,same_sequence_as_frozen_827
A0ABM6BR49,1f06b9881f88d6d4fec571f686b1d003e27dfb1fb5508c3d5411212d5af59f63,140,,0.39285714285714285,0.0,not_searched,structure_required,not_run_no_structure,,,,requires_review,True,True,accession_and_sequence_match,A0ABM6BR49,not_sequence_independent,True,756,0.359995,same_sequence_as_frozen_827
A0A0T9QWQ1,79cefbcd8bbb1a34b4734c51cca85bc4e9cbd9af10eaa6fc230358af6126727d,196,,0.4846938775510204,0.00510204081632653,not_searched,structure_required,not_run_no_structure,,,,requires_review,True,True,accession_and_sequence_match,A0A0T9QWQ1,not_sequence_independent,True,757,0.359783,same_sequence_as_frozen_827
A0A0H2YGI6,b2f3ba8bd648714615a04e6363dbe12abeb9543f7b6b2a878e93c4b55f9312c4,139,A0AAV3BF90,0.4028776978417266,0.0,not_searched,structure_required,not_run_no_structure,,,,requires_review,True,True,accession_and_sequence_match,A0A0E1NX19;Q7CIG2;A0AAV3BF90;A0A0H2YGI6;A0AAX2I8P7,not_sequence_independent,True,758,0.358694,same_sequence_as_frozen_827
A0A0H3B4F8,0438e74aac7afa41d6e57fbbbca6f6e88e94957f851f324d0f150e5d144ff7ac,119,,0.47058823529411764,0.008403361344537815,not_searched,structure_required,not_run_no_structure,,,,requires_review,True,True,accession_and_sequence_match,A0A0H3B4F8,not_sequence_independent,True,759,0.358636,same_sequence_as_frozen_827
A0AB73P3H5,583fc8e3c8fd719883269082a8e50ab47ac63e3c03ee9732412bb232f0986397,211,,0.41706161137440756,0.014218009478672985,not_searched,structure_required,not_run_no_structure,,,,requires_review,True,True,accession_and_sequence_match,A0AB73P3H5,not_sequence_independent,True,760,0.358510,same_sequence_as_frozen_827
A0A0T9JTP2,3befcea1f109117104e11a14f9f55e49f578810bdae1f5998f67702baa3dc17d,302,,0.45695364238410596,0.006622516556291391,not_searched,structure_required,not_run_no_structure,,,,requires_review,True,True,accession_and_sequence_match,A0A0T9JTP2,not_sequence_independent,True,761,0.358493,same_sequence_as_frozen_827
A0A0T9R7L9,3d7244fb3c7ee7c2b94f9659d4ae4831443f49efbc452653f7bafae8ad437dd4,137,,0.48175182481751827,0.014598540145985401,not_searched,structure_required,not_run_no_structure,,,,requires_review,True,True,accession_and_sequence_match,A0A0T9R7L9,not_sequence_independent,True,762,0.358079,same_sequence_as_frozen_827
A0A0H3AZK0,2f42b9dbea35f69b4a9591363691353941c662e3bc7c07ad7999851a79d947b3,216,A0ABP1Z8F7,0.37037037037037035,0.009259259259259259,not_searched,structure_required,not_run_no_structure,,,,requires_review,True,True,accession_and_sequence_match,A0ABM7AH44;A0ABP1Z8F7;A0A0H3AZK0,not_sequence_independent,True,763,0.358064,same_sequence_as_frozen_827
A0A0T9TSE5,058645701810e6bd999aba48d0eb17f85931dfe7a1f64922deaf40778e055033,116,,0.43103448275862066,0.0,not_searched,structure_required,not_run_no_structure,,,,requires_review,True,True,accession_and_sequence_match,A0A0T9TSE5,not_sequence_independent,True,764,0.357715,same_sequence_as_frozen_827
A0AB72ZFA0,90c0eed73e698c75bf82a0029c7f0236874ee538e2f09ce19198ab0d92ef5ff7,81,,0.35802469135802467,0.0,not_searched,structure_required,not_run_no_structure,,,,requires_review,True,True,accession_and_sequence_match,A0AB72ZFA0,not_sequence_independent,True,765,0.357629,same_sequence_as_frozen_827
A0ABM7ANY7,dff4ac58332a0df53253e2251415351557783efdd5f229ae783a872e79acdf6b,132,,0.44696969696969696,0.015151515151515152,not_searched,structure_required,not_run_no_structure,,,,requires_review,True,True,accession_and_sequence_match,A0ABM7ANY7,not_sequence_independent,True,766,0.357543,same_sequence_as_frozen_827
A0AA36LKR2,72451aed0631ea96d1c39ebe429b6310372cdc70b28b2828000f87e64c6bba9c,302,,0.4602649006622517,0.009933774834437087,not_searched,structure_required,not_run_no_structure,,,,requires_review,True,True,accession_and_sequence_match,A0AA36LKR2,not_sequence_independent,True,767,0.357425,same_sequence_as_frozen_827
A0ABN5RAB4,eed16f3d875bdc1e9eb60ad4349fd0a9115866c2b1e11dfdd2e5fd42c4762f08,302,,0.45695364238410596,0.006622516556291391,not_searched,structure_required,not_run_no_structure,,,,requires_review,True,True,accession_and_sequence_match,A0ABN5RAB4,not_sequence_independent,True,768,0.357404,same_sequence_as_frozen_827
A0A380Q790,400189f6811e2c070513db4de60ce5ab3f6fb24557b0f0a85795be30e31b0eff,66,,0.5,0.030303030303030304,not_searched,structure_required,not_run_no_structure,,,,requires_review,True,True,accession_and_sequence_match,A0A380Q790,not_sequence_independent,True,769,0.357010,same_sequence_as_frozen_827
A0ABX6FDR8,0b743921df0a6ac127f55bfc955e0b66e711dc9c109576c10395e7687ae5038a,141,,0.45390070921985815,0.0,not_searched,structure_required,not_run_no_structure,,,,requires_review,True,True,accession_and_sequence_match,A0ABX6FDR8,not_sequence_independent,True,770,0.356954,same_sequence_as_frozen_827
A0A2G4U6F2,23ae979ae3719bfcbf630a0e010cbe6ffc88b39cd707dad254b52d8dd3d20eb2,302,,0.46688741721854304,0.006622516556291391,not_searched,structure_required,not_run_no_structure,,,,requires_review,True,True,accession_and_sequence_match,A0A2G4U6F2,not_sequence_independent,True,771,0.356738,same_sequence_as_frozen_827
A0A0T9QH70,ba00b0c07076fa5b9b53a026413e8cf1833185af8762617e701e67e4888f30cb,82,,0.4268292682926829,0.0,not_searched,structure_required,not_run_no_structure,,,,requires_review,True,True,accession_and_sequence_match,A0A0T9QH70,not_sequence_independent,True,772,0.356247,same_sequence_as_frozen_827
A0A0H3B283,4c6a9fa51d0f431336676e8142eb47cde7d295a337d94be40044f98c0a4614c5,142,,0.43661971830985913,0.007042253521126761,not_searched,structure_required,not_run_no_structure,,,,requires_review,True,True,accession_and_sequence_match,A0A0H3B283,not_sequence_independent,True,773,0.356232,same_sequence_as_frozen_827
A0ABN5RAC2,22902e43adb7c2a3d1d71f4b992fa1be4234c23cf54284e4ee4eb03717d3bcf8,232,,0.3879310344827586,0.01293103448275862,not_searched,structure_required,not_run_no_structure,,,,requires_review,True,True,accession_and_sequence_match,A0ABN5RAC2,not_sequence_independent,True,774,0.356180,same_sequence_as_frozen_827
A0A0T9JTR0,4f40e3cf24186a1f411639940579f1cea9c4acbb62a4189cbfef83a040778b3d,118,,0.4067796610169492,0.0,not_searched,structure_required,not_run_no_structure,,,,requires_review,True,True,accession_and_sequence_match,A0A0T9JTR0,not_sequence_independent,True,775,0.355946,same_sequence_as_frozen_827
A0AA44CKU8,a69f5d0e13c807fab2e18c69351e7b8563384912fc7b62339ea94139e2b34b28,163,,0.44171779141104295,0.0,not_searched,structure_required,not_run_no_structure,,,,requires_review,True,True,accession_and_sequence_match,A0AA44CKU8,not_sequence_independent,True,776,0.355728,same_sequence_as_frozen_827
A0ABN4CUU3,0a1113099e2ec72483c7b6ca662358559a86f6b4672c64bf406891f54a06883e,78,,0.3974358974358974,0.0,not_searched,structure_required,not_run_no_structure,,,,requires_review,True,True,accession_and_sequence_match,A0ABN4CUU3,not_sequence_independent,True,777,0.355172,same_sequence_as_frozen_827
A0ABR4VWZ7,d93d3277ff2a751c77b69618634759042f53f2597023181db176db5fabe18adf,302,A0A380PPA0,0.4503311258278146,0.006622516556291391,not_searched,structure_required,not_run_no_structure,,,,requires_review,True,True,accession_and_sequence_match,A0A380PPA0;A0ABR4VWZ7,not_sequence_independent,True,778,0.354887,same_sequence_as_frozen_827
A0A0T9RSX1,ad65619adb5d0f1a7c93be045533c761be11b1764ccea3d057ba2b6b9e58ef66,80,,0.45,0.0,not_searched,structure_required,not_run_no_structure,,,,requires_review,True,True,accession_and_sequence_match,A0A0T9RSX1,not_sequence_independent,True,779,0.354267,same_sequence_as_frozen_827
A0A0T9QZG9,ea13c52ec506e697ce07e32223b8aa3c2a904adc89eba148e98b97c28d2b7e82,353,,0.43626062322946174,0.0056657223796034,not_searched,structure_required,not_run_no_structure,,,,requires_review,True,True,accession_and_sequence_match,A0A0T9QZG9,not_sequence_independent,True,780,0.353524,same_sequence_as_frozen_827
A0ABY5ULB5,f231cbe1737c3eac6da8d61a0ad3b15ee9213a40a6fd279d1e0e67cd7d9298f1,157,,0.4713375796178344,0.012738853503184714,not_searched,structure_required,not_run_no_structure,,,,requires_review,True,True,accession_and_sequence_match,A0ABY5ULB5,not_sequence_independent,True,781,0.353226,same_sequence_as_frozen_827
A0A0T9KM84,185f5eb6a9e00be597e1f2d20de1b525316854688df9a195a41b8b955c9a2545,89,,0.47191011235955055,0.0,not_searched,structure_required,not_run_no_structure,,,,requires_review,True,True,accession_and_sequence_match,A0A0T9KM84,not_sequence_independent,True,782,0.353187,same_sequence_as_frozen_827
A0A0T9QVI5,eaeafe6a6b00c471003f7346c7f4fe23a43952ec10b506518b18e6fb924afb8f,140,,0.4142857142857143,0.007142857142857143,not_searched,structure_required,not_run_no_structure,,,,requires_review,True,True,accession_and_sequence_match,A0A0T9QVI5,not_sequence_independent,True,783,0.352563,same_sequence_as_frozen_827
A0A0T9RG16,d2adaac4b8e6ed6ce42c31bc2ae21fcd44874b6d9c6b1f968c9697da59670c1f,116,,0.45689655172413796,0.0,not_searched,structure_required,not_run_no_structure,,,,requires_review,True,True,accession_and_sequence_match,A0A0T9RG16,not_sequence_independent,True,784,0.352409,same_sequence_as_frozen_827
A0ABP2ECT0,6b717e1e916d4a94344c3a5904623e09b8e8619ab3c9ff54a1443998243a08a2,130,,0.4461538461538462,0.0,not_searched,structure_required,not_run_no_structure,,,,requires_review,True,True,accession_and_sequence_match,A0ABP2ECT0,not_sequence_independent,True,785,0.352190,same_sequence_as_frozen_827
A0ABM9SZ17,3ec88e1b3a8d5299530627af659e3666948cd8d12fc2522a068d8e523798d4b8,110,,0.37272727272727274,0.0,not_searched,structure_required,not_run_no_structure,,,,requires_review,True,True,accession_and_sequence_match,A0ABM9SZ17,not_sequence_independent,True,786,0.351138,same_sequence_as_frozen_827
A0A0E1NQK2,1bfa78d7f6db324dd179c6f4e35a6de9dcfc099e7d657d894d46dc1f4b50e456,202,A0A3G5LJP4,0.38613861386138615,0.0049504950495049506,not_searched,structure_required,not_run_no_structure,,,,requires_review,True,True,accession_and_sequence_match,A0AAV3B8C2;A0A3G5LJP4;A0A0E1NQK2;A0A0H2YNL1;A0AB72ZRU3;A0A0H2W0D6,not_sequence_independent,True,787,0.351032,same_sequence_as_frozen_827
A0AAX2I8P7,b2f3ba8bd648714615a04e6363dbe12abeb9543f7b6b2a878e93c4b55f9312c4,139,A0A0H2YGI6,0.4028776978417266,0.0,not_searched,structure_required,not_run_no_structure,,,,requires_review,True,True,accession_and_sequence_match,A0A0E1NX19;Q7CIG2;A0AAV3BF90;A0A0H2YGI6;A0AAX2I8P7,not_sequence_independent,True,788,0.350731,same_sequence_as_frozen_827
Q7BTW6,2dbeb1b5bd0a161b4c6bf5f2879d0819f138ec62280396524de284390413c5a2,198,,0.3838383838383838,0.005050505050505051,not_searched,structure_required,not_run_no_structure,,,,requires_review,True,True,accession_and_sequence_match,Q7BTW6,not_sequence_independent,True,789,0.349467,same_sequence_as_frozen_827
A0ABP1ZYW2,0457487a265f90b7eff377c96168432881d6f052f5fceca9396df4f98468a5d1,114,,0.42105263157894735,0.008771929824561403,not_searched,structure_required,not_run_no_structure,,,,requires_review,True,True,accession_and_sequence_match,A0ABP1ZYW2,not_sequence_independent,True,790,0.349031,same_sequence_as_frozen_827
Q66CW2,557cc61f4303230063380964cfb22715a770c32b287ef2518921689f9ea412c4,139,,0.4244604316546763,0.0,not_searched,structure_required,not_run_no_structure,,,,requires_review,True,True,accession_and_sequence_match,Q66CW2,not_sequence_independent,True,791,0.348983,same_sequence_as_frozen_827
A0AA36LJG1,647619b3326d3406b45a934eed99a7733f3ef8e5c696a4ada10a8fdfc17c7ed6,161,,0.4906832298136646,0.0,not_searched,structure_required,not_run_no_structure,,,,requires_review,True,True,accession_and_sequence_match,A0AA36LJG1,not_sequence_independent,True,792,0.348063,same_sequence_as_frozen_827
A0ABM5UH02,a61127bb2aa774d6cb4a6a5bc4421ef71479a8e28c6837248c0849c873542b22,302,,0.48013245033112584,0.006622516556291391,not_searched,structure_required,not_run_no_structure,,,,requires_review,True,True,accession_and_sequence_match,A0ABM5UH02,not_sequence_independent,True,793,0.347077,same_sequence_as_frozen_827
A0AA36PPQ7,328f25af69a3a3e77944c46730820c21cb25ef81af7d4a23c10ad8a9da8ada4d,116,,0.43103448275862066,0.0,not_searched,structure_required,not_run_no_structure,,,,requires_review,True,True,accession_and_sequence_match,A0AA36PPQ7,not_sequence_independent,True,794,0.346163,same_sequence_as_frozen_827
A0A0H2YNL1,1bfa78d7f6db324dd179c6f4e35a6de9dcfc099e7d657d894d46dc1f4b50e456,202,A0A0E1NQK2,0.38613861386138615,0.0049504950495049506,not_searched,structure_required,not_run_no_structure,,,,requires_review,True,True,accession_and_sequence_match,A0AAV3B8C2;A0A3G5LJP4;A0A0E1NQK2;A0A0H2YNL1;A0AB72ZRU3;A0A0H2W0D6,not_sequence_independent,True,795,0.345919,same_sequence_as_frozen_827
A0AA90XRZ3,3ac92c71a633c965c35bc3c6238ff5b6a6b7972f6c2cca659b5e3bb275b78445,136,,0.4117647058823529,0.007352941176470588,not_searched,structure_required,not_run_no_structure,,,,requires_review,True,True,accession_and_sequence_match,A0AA90XRZ3,not_sequence_independent,True,796,0.344907,same_sequence_as_frozen_827
A0A0T9QD11,7716a39262bcd2ad1a54caa057a9d720ebc33b428f89df71ff08daecac9b0bd4,118,,0.3813559322033898,0.0,not_searched,structure_required,not_run_no_structure,,,,requires_review,True,True,accession_and_sequence_match,A0A0T9QD11,not_sequence_independent,True,797,0.344642,same_sequence_as_frozen_827
A0ABP1ZSE7,5dcf4dec3552a356bf56a62f32b267fd59137c7610a61abc9160508fb8031e5f,115,,0.4260869565217391,0.008695652173913044,not_searched,structure_required,not_run_no_structure,,,,requires_review,True,True,accession_and_sequence_match,A0ABP1ZSE7,not_sequence_independent,True,798,0.344444,same_sequence_as_frozen_827
A0ABX6FAJ5,4ac76c372ee8ac369184a64a3c59d5b3349f8b49129019e6db0f015ec8f047a3,65,,0.4307692307692308,0.0,not_searched,structure_required,not_run_no_structure,,,,requires_review,True,True,accession_and_sequence_match,A0ABX6FAJ5,not_sequence_independent,True,799,0.344146,same_sequence_as_frozen_827
A0A0T9UMN3,a5b1252ce21a1cf69a0c150d3003b8b02376ca438843b62f74c19d32d7f31e04,116,,0.4224137931034483,0.0,not_searched,structure_required,not_run_no_structure,,,,requires_review,True,True,accession_and_sequence_match,A0A0T9UMN3,not_sequence_independent,True,800,0.344067,same_sequence_as_frozen_827
Q8D0C0,36aad06132e2633f26e4dfb90d77a7ac8c5601f1354e4989284ab73688165f4a,91,,0.42857142857142855,0.01098901098901099,not_searched,structure_required,not_run_no_structure,,,,requires_review,True,True,accession_and_sequence_match,Q8D0C0,not_sequence_independent,True,801,0.343668,same_sequence_as_frozen_827
A0A0T9QMF1,23d68b98b9bf16ec065ca3986e47751033e1a9044d1910eec3fe3bf4b71282a3,156,,0.4166666666666667,0.00641025641025641,not_searched,structure_required,not_run_no_structure,,,,requires_review,True,True,accession_and_sequence_match,A0A0T9QMF1,not_sequence_independent,True,802,0.343604,same_sequence_as_frozen_827
A0A0U1R2K8,974103c199b4de0f6cfe1e34fd9c48b072bb20c60df3626fbfbe708a102a4fc4,84,,0.47619047619047616,0.011904761904761904,not_searched,structure_required,not_run_no_structure,,,,requires_review,True,True,accession_and_sequence_match,A0A0U1R2K8;A0AAV3B6C2;A0AB72ZJY3,not_sequence_independent,True,803,0.343579,same_sequence_as_frozen_827
A0AA36LJU6,aff6b075aa16e860f218f34e15fe7915812332e92e190305260262dbd9a1827f,116,,0.43103448275862066,0.0,not_searched,structure_required,not_run_no_structure,,,,requires_review,True,True,accession_and_sequence_match,A0AA36LJU6,not_sequence_independent,True,804,0.343454,same_sequence_as_frozen_827
A0AA36LI15,c9fce1169d5adde3a60d4c0b2d2879ed140484ce778b8a41ddc329735fb8761a,70,,0.38571428571428573,0.0,not_searched,structure_required,not_run_no_structure,,,,requires_review,True,True,accession_and_sequence_match,A0AA36LI15,not_sequence_independent,True,805,0.343347,same_sequence_as_frozen_827
A0A0K1H0S6,b0081c6060cd880deef192efb5c7377094ba93add8d589dce4fe2a124e064026,137,,0.40875912408759124,0.0,not_searched,structure_required,not_run_no_structure,,,,requires_review,True,True,accession_and_sequence_match,A0A0K1H0S6,not_sequence_independent,True,806,0.342460,same_sequence_as_frozen_827
A0A0T9UVK2,e6fca2a95161cd75e122b171ef42eef944b1e00dd4b910ee9774ee1e23d212a7,118,,0.3644067796610169,0.0,not_searched,structure_required,not_run_no_structure,,,,requires_review,True,True,accession_and_sequence_match,A0A0T9UVK2,not_sequence_independent,True,807,0.342341,same_sequence_as_frozen_827
A0A857F028,9069515b2b1a47d07243b0fcdd324befb3cff210389ef00b71f3fbe8f42fc551,122,,0.4672131147540984,0.00819672131147541,not_searched,structure_required,not_run_no_structure,,,,requires_review,True,True,accession_and_sequence_match,A0A857F028,not_sequence_independent,True,808,0.341933,same_sequence_as_frozen_827
A0A0H3B6G4,860a7acb999645bfed995ab9c67187cfff90b832fa86e4bc3300094fe1c1b807,138,,0.4492753623188406,0.0,not_searched,structure_required,not_run_no_structure,,,,requires_review,True,True,accession_and_sequence_match,A0A0H3B6G4,not_sequence_independent,True,809,0.341701,same_sequence_as_frozen_827
A0A208ZVY5,4fb770f028c34b1ecab5fc9946e94ed175f3f30373eed423a828e3e795980891,75,,0.4666666666666667,0.0,not_searched,structure_required,not_run_no_structure,,,,requires_review,True,True,accession_and_sequence_match,A0A208ZVY5,not_sequence_independent,True,810,0.339589,same_sequence_as_frozen_827
A0ABN5RCP6,5db76ecc231a005efc69dc377e1b32a14925679fece8fa8a9485ab3b396a4e87,118,,0.4576271186440678,0.01694915254237288,not_searched,structure_required,not_run_no_structure,,,,requires_review,True,True,accession_and_sequence_match,A0ABN5RCP6,not_sequence_independent,True,811,0.338535,same_sequence_as_frozen_827
A0A0T9UMW7,85551d0c6c207b3d72ec7e4e4e8d67ca4a7c1de7e9b183b3c650a40e88a6720b,168,,0.43452380952380953,0.023809523809523808,not_searched,structure_required,not_run_no_structure,,,,requires_review,True,True,accession_and_sequence_match,A0A0T9UMW7,not_sequence_independent,True,812,0.338461,same_sequence_as_frozen_827
A0AB72ZRU3,1bfa78d7f6db324dd179c6f4e35a6de9dcfc099e7d657d894d46dc1f4b50e456,202,A0A0H2YNL1,0.38613861386138615,0.0049504950495049506,not_searched,structure_required,not_run_no_structure,,,,requires_review,True,True,accession_and_sequence_match,A0AAV3B8C2;A0A3G5LJP4;A0A0E1NQK2;A0A0H2YNL1;A0AB72ZRU3;A0A0H2W0D6,not_sequence_independent,True,813,0.336852,same_sequence_as_frozen_827
A0A0U1HUK9,f63dba5114bf94c83b00a95fd72f68a04120312c77b9f2422e6f673a1e394a93,67,,0.417910447761194,0.0,not_searched,structure_required,not_run_no_structure,,,,requires_review,True,True,accession_and_sequence_match,A0A0U1HUK9,not_sequence_independent,True,814,0.336848,same_sequence_as_frozen_827
A0ABM7AMA1,0d6b192d1d406a05396ba5cc52255b64515872c219c7ee56d5a8d7c2bc9d2cfe,119,,0.47058823529411764,0.008403361344537815,not_searched,structure_required,not_run_no_structure,,,,requires_review,True,True,accession_and_sequence_match,A0ABM7AMA1,not_sequence_independent,True,815,0.333776,same_sequence_as_frozen_827
A0AAV3B6C2,974103c199b4de0f6cfe1e34fd9c48b072bb20c60df3626fbfbe708a102a4fc4,84,A0A0U1R2K8,0.47619047619047616,0.011904761904761904,not_searched,structure_required,not_run_no_structure,,,,requires_review,True,True,accession_and_sequence_match,A0A0U1R2K8;A0AAV3B6C2;A0AB72ZJY3,not_sequence_independent,True,816,0.332911,same_sequence_as_frozen_827
A0A380QAJ4,d4e1bdd33e4c7c3a8195fd55e0594e6d3a53ba39d3c33a715fb57ea9fe283216,150,,0.43333333333333335,0.0,not_searched,structure_required,not_run_no_structure,,,,requires_review,True,True,accession_and_sequence_match,A0A380QAJ4,not_sequence_independent,True,817,0.332824,same_sequence_as_frozen_827
A0A0H3AZJ6,9fd3f34848135442db24e9b44077d8a5e255daf406fd285738776bbcf77d6f2f,145,,0.4413793103448276,0.0,not_searched,structure_required,not_run_no_structure,,,,requires_review,True,True,accession_and_sequence_match,A0A0H3AZJ6,not_sequence_independent,True,818,0.330563,same_sequence_as_frozen_827
A0A0T9QI62,b1d73766fabf5df48102c64f710c48200184f8ef296fad7e7b8a8bce804e15bf,67,,0.3582089552238806,0.029850746268656716,not_searched,structure_required,not_run_no_structure,,,,requires_review,True,True,accession_and_sequence_match,A0A0T9QI62,not_sequence_independent,True,819,0.329283,same_sequence_as_frozen_827
A0A0H2W0D6,1bfa78d7f6db324dd179c6f4e35a6de9dcfc099e7d657d894d46dc1f4b50e456,202,A0AB72ZRU3,0.38613861386138615,0.0049504950495049506,not_searched,structure_required,not_run_no_structure,,,,requires_review,True,True,accession_and_sequence_match,A0AAV3B8C2;A0A3G5LJP4;A0A0E1NQK2;A0A0H2YNL1;A0AB72ZRU3;A0A0H2W0D6,not_sequence_independent,True,820,0.328456,same_sequence_as_frozen_827
A0A2G4U1S2,b9a593ee2bf44b0150956d7028f9335d0d2cdea50651b7725d83f229c3022ebc,106,,0.5,0.0,not_searched,structure_required,not_run_no_structure,,,,requires_review,True,True,accession_and_sequence_match,A0A2G4U1S2;A0ABM9XV01,not_sequence_independent,True,821,0.324194,same_sequence_as_frozen_827
A0ABM9XV01,b9a593ee2bf44b0150956d7028f9335d0d2cdea50651b7725d83f229c3022ebc,106,A0A2G4U1S2,0.5,0.0,not_searched,structure_required,not_run_no_structure,,,,requires_review,True,True,accession_and_sequence_match,A0A2G4U1S2;A0ABM9XV01,not_sequence_independent,True,822,0.322028,same_sequence_as_frozen_827
A0ABX5QXI4,a0be5adb1a10948c8de79e1b2c14c25f7627bed10d4bc95c1ef891d904018a86,141,,0.46099290780141844,0.0,not_searched,structure_required,not_run_no_structure,,,,requires_review,True,True,accession_and_sequence_match,A0ABX5QXI4,not_sequence_independent,True,823,0.319091,same_sequence_as_frozen_827
A0AB72ZJY3,974103c199b4de0f6cfe1e34fd9c48b072bb20c60df3626fbfbe708a102a4fc4,84,A0AAV3B6C2,0.47619047619047616,0.011904761904761904,not_searched,structure_required,not_run_no_structure,,,,requires_review,True,True,accession_and_sequence_match,A0A0U1R2K8;A0AAV3B6C2;A0AB72ZJY3,not_sequence_independent,True,824,0.318777,same_sequence_as_frozen_827
A0A380QTR9,b251cf514dc6bbca386aba9d85f620b6b09870911852d63d954bfff220e0eb7c,47,,0.425531914893617,0.0,not_searched,structure_required,not_run_no_structure,,,,requires_review,True,True,accession_and_sequence_match,A0A380QTR9,not_sequence_independent,True,825,0.314378,same_sequence_as_frozen_827
A0A0T9UB25,b7bc9efeda6febd44c93e4c3b5e8a2f537d35432d48bfe350266c4f4539dfc72,61,,0.4098360655737705,0.0,not_searched,structure_required,not_run_no_structure,,,,requires_review,True,True,accession_and_sequence_match,A0A0T9UB25,not_sequence_independent,True,826,0.312594,same_sequence_as_frozen_827
A0A0T9U5C6,521366833cdfe297b31833b7f63da30fe3c3dc15d9092da384b3f21487baf258,40,,0.425,0.0,not_searched,structure_required,not_run_no_structure,,,,requires_review,True,True,accession_and_sequence_match,A0A0T9U5C6,not_sequence_independent,True,827,0.304506,same_sequence_as_frozen_827
