candidate_id,decision,outstanding_reasons,engineering_action,scope
Q9T0Z9,abstain_from_docking,missing:sequence_sha256;missing:target_taxon;missing:target_context;missing:receptor_identity;missing:receptor_class;missing:evidence_scope;missing:evidence_source;missing:reviewer;missing:reviewed_on;missing:ligand_identity;missing:ligand_class;missing:method;missing:grid_rationale_source;missing:structure_mapping_source;unsupported_method_in_this_entry;receptor_class_outside_this_adapter;candidate_specific_evidence_not_established;evidence_review_incomplete;structure_required,retain_raw_annotations; obtain_missing_predictor_evidence,Data-readiness decision; not a prediction of binding or failure
A0A7U4GHF9,abstain_from_docking,missing:sequence_sha256;missing:target_taxon;missing:target_context;missing:receptor_identity;missing:receptor_class;missing:evidence_scope;missing:evidence_source;missing:reviewer;missing:reviewed_on;missing:ligand_identity;missing:ligand_class;missing:method;missing:grid_rationale_source;missing:structure_mapping_source;unsupported_method_in_this_entry;receptor_class_outside_this_adapter;candidate_specific_evidence_not_established;evidence_review_incomplete;structure_required,retain_raw_annotations; obtain_missing_predictor_evidence,Data-readiness decision; not a prediction of binding or failure
I7K2S1,abstain_from_docking,missing:sequence_sha256;missing:target_taxon;missing:target_context;missing:receptor_identity;missing:receptor_class;missing:evidence_scope;missing:evidence_source;missing:reviewer;missing:reviewed_on;missing:ligand_identity;missing:ligand_class;missing:method;missing:grid_rationale_source;missing:structure_mapping_source;unsupported_method_in_this_entry;receptor_class_outside_this_adapter;candidate_specific_evidence_not_established;evidence_review_incomplete;structure_required,retain_raw_annotations; obtain_missing_predictor_evidence,Data-readiness decision; not a prediction of binding or failure
A0A1V0DXW2,abstain_from_docking,missing:sequence_sha256;missing:target_taxon;missing:target_context;missing:receptor_identity;missing:receptor_class;missing:evidence_scope;missing:evidence_source;missing:reviewer;missing:reviewed_on;missing:ligand_identity;missing:ligand_class;missing:method;missing:grid_rationale_source;missing:structure_mapping_source;unsupported_method_in_this_entry;receptor_class_outside_this_adapter;candidate_specific_evidence_not_established;evidence_review_incomplete;structure_required,retain_raw_annotations; obtain_missing_predictor_evidence,Data-readiness decision; not a prediction of binding or failure
A0AAD2UYA7,abstain_from_docking,missing:sequence_sha256;missing:target_taxon;missing:target_context;missing:receptor_identity;missing:receptor_class;missing:evidence_scope;missing:evidence_source;missing:reviewer;missing:reviewed_on;missing:ligand_identity;missing:ligand_class;missing:method;missing:grid_rationale_source;missing:structure_mapping_source;unsupported_method_in_this_entry;receptor_class_outside_this_adapter;candidate_specific_evidence_not_established;evidence_review_incomplete;structure_required,retain_raw_annotations; obtain_missing_predictor_evidence,Data-readiness decision; not a prediction of binding or failure
S5MLA1,abstain_from_docking,missing:sequence_sha256;missing:target_taxon;missing:target_context;missing:receptor_identity;missing:receptor_class;missing:evidence_scope;missing:evidence_source;missing:reviewer;missing:reviewed_on;missing:ligand_identity;missing:ligand_class;missing:method;missing:grid_rationale_source;missing:structure_mapping_source;unsupported_method_in_this_entry;receptor_class_outside_this_adapter;candidate_specific_evidence_not_established;evidence_review_incomplete;structure_required,retain_raw_annotations; obtain_missing_predictor_evidence,Data-readiness decision; not a prediction of binding or failure
A0A0G2PMU5,abstain_from_docking,missing:sequence_sha256;missing:target_taxon;missing:target_context;missing:receptor_identity;missing:receptor_class;missing:evidence_scope;missing:evidence_source;missing:reviewer;missing:reviewed_on;missing:ligand_identity;missing:ligand_class;missing:method;missing:grid_rationale_source;missing:structure_mapping_source;unsupported_method_in_this_entry;receptor_class_outside_this_adapter;candidate_specific_evidence_not_established;evidence_review_incomplete;structure_required,retain_raw_annotations; obtain_missing_predictor_evidence,Data-readiness decision; not a prediction of binding or failure
B3VCL5,abstain_from_docking,missing:sequence_sha256;missing:target_taxon;missing:target_context;missing:receptor_identity;missing:receptor_class;missing:evidence_scope;missing:evidence_source;missing:reviewer;missing:reviewed_on;missing:ligand_identity;missing:ligand_class;missing:method;missing:grid_rationale_source;missing:structure_mapping_source;unsupported_method_in_this_entry;receptor_class_outside_this_adapter;candidate_specific_evidence_not_established;evidence_review_incomplete;structure_required,retain_raw_annotations; obtain_missing_predictor_evidence,Data-readiness decision; not a prediction of binding or failure
Q858J8,abstain_from_docking,missing:sequence_sha256;missing:target_taxon;missing:target_context;missing:receptor_identity;missing:receptor_class;missing:evidence_scope;missing:evidence_source;missing:reviewer;missing:reviewed_on;missing:ligand_identity;missing:ligand_class;missing:method;missing:grid_rationale_source;missing:structure_mapping_source;unsupported_method_in_this_entry;receptor_class_outside_this_adapter;candidate_specific_evidence_not_established;evidence_review_incomplete;structure_required,retain_raw_annotations; obtain_missing_predictor_evidence,Data-readiness decision; not a prediction of binding or failure
A0AAE7V5N4,abstain_from_docking,missing:sequence_sha256;missing:target_taxon;missing:target_context;missing:receptor_identity;missing:receptor_class;missing:evidence_scope;missing:evidence_source;missing:reviewer;missing:reviewed_on;missing:ligand_identity;missing:ligand_class;missing:method;missing:grid_rationale_source;missing:structure_mapping_source;unsupported_method_in_this_entry;receptor_class_outside_this_adapter;candidate_specific_evidence_not_established;evidence_review_incomplete;structure_required,retain_raw_annotations; obtain_missing_predictor_evidence,Data-readiness decision; not a prediction of binding or failure
A0A6M3G9R6,abstain_from_docking,missing:sequence_sha256;missing:target_taxon;missing:target_context;missing:receptor_identity;missing:receptor_class;missing:evidence_scope;missing:evidence_source;missing:reviewer;missing:reviewed_on;missing:ligand_identity;missing:ligand_class;missing:method;missing:grid_rationale_source;missing:structure_mapping_source;unsupported_method_in_this_entry;receptor_class_outside_this_adapter;candidate_specific_evidence_not_established;evidence_review_incomplete;structure_required,retain_raw_annotations; obtain_missing_predictor_evidence,Data-readiness decision; not a prediction of binding or failure
A0A0P0LE96,abstain_from_docking,missing:sequence_sha256;missing:target_taxon;missing:target_context;missing:receptor_identity;missing:receptor_class;missing:evidence_scope;missing:evidence_source;missing:reviewer;missing:reviewed_on;missing:ligand_identity;missing:ligand_class;missing:method;missing:grid_rationale_source;missing:structure_mapping_source;unsupported_method_in_this_entry;receptor_class_outside_this_adapter;candidate_specific_evidence_not_established;evidence_review_incomplete;structure_required,retain_raw_annotations; obtain_missing_predictor_evidence,Data-readiness decision; not a prediction of binding or failure
A0A0H3NKM1,abstain_from_docking,missing:sequence_sha256;missing:target_taxon;missing:target_context;missing:receptor_identity;missing:receptor_class;missing:evidence_scope;missing:evidence_source;missing:reviewer;missing:reviewed_on;missing:ligand_identity;missing:ligand_class;missing:method;missing:grid_rationale_source;missing:structure_mapping_source;unsupported_method_in_this_entry;receptor_class_outside_this_adapter;candidate_specific_evidence_not_established;evidence_review_incomplete;structure_required,retain_raw_annotations; obtain_missing_predictor_evidence,Data-readiness decision; not a prediction of binding or failure
A0A0U2DXE3,abstain_from_docking,missing:sequence_sha256;missing:target_taxon;missing:target_context;missing:receptor_identity;missing:receptor_class;missing:evidence_scope;missing:evidence_source;missing:reviewer;missing:reviewed_on;missing:ligand_identity;missing:ligand_class;missing:method;missing:grid_rationale_source;missing:structure_mapping_source;unsupported_method_in_this_entry;receptor_class_outside_this_adapter;candidate_specific_evidence_not_established;evidence_review_incomplete;structure_required,retain_raw_annotations; obtain_missing_predictor_evidence,Data-readiness decision; not a prediction of binding or failure
S5M3B5,abstain_from_docking,missing:sequence_sha256;missing:target_taxon;missing:target_context;missing:receptor_identity;missing:receptor_class;missing:evidence_scope;missing:evidence_source;missing:reviewer;missing:reviewed_on;missing:ligand_identity;missing:ligand_class;missing:method;missing:grid_rationale_source;missing:structure_mapping_source;unsupported_method_in_this_entry;receptor_class_outside_this_adapter;candidate_specific_evidence_not_established;evidence_review_incomplete;structure_required,retain_raw_annotations; obtain_missing_predictor_evidence,Data-readiness decision; not a prediction of binding or failure
A0A7U4GE98,abstain_from_docking,missing:sequence_sha256;missing:target_taxon;missing:target_context;missing:receptor_identity;missing:receptor_class;missing:evidence_scope;missing:evidence_source;missing:reviewer;missing:reviewed_on;missing:ligand_identity;missing:ligand_class;missing:method;missing:grid_rationale_source;missing:structure_mapping_source;unsupported_method_in_this_entry;receptor_class_outside_this_adapter;candidate_specific_evidence_not_established;evidence_review_incomplete;structure_required,retain_raw_annotations; obtain_missing_predictor_evidence,Data-readiness decision; not a prediction of binding or failure
A0AAE9FSZ1,abstain_from_docking,missing:sequence_sha256;missing:target_taxon;missing:target_context;missing:receptor_identity;missing:receptor_class;missing:evidence_scope;missing:evidence_source;missing:reviewer;missing:reviewed_on;missing:ligand_identity;missing:ligand_class;missing:method;missing:grid_rationale_source;missing:structure_mapping_source;unsupported_method_in_this_entry;receptor_class_outside_this_adapter;candidate_specific_evidence_not_established;evidence_review_incomplete;structure_required,retain_raw_annotations; obtain_missing_predictor_evidence,Data-readiness decision; not a prediction of binding or failure
A0AAE9FUR5,abstain_from_docking,missing:sequence_sha256;missing:target_taxon;missing:target_context;missing:receptor_identity;missing:receptor_class;missing:evidence_scope;missing:evidence_source;missing:reviewer;missing:reviewed_on;missing:ligand_identity;missing:ligand_class;missing:method;missing:grid_rationale_source;missing:structure_mapping_source;unsupported_method_in_this_entry;receptor_class_outside_this_adapter;candidate_specific_evidence_not_established;evidence_review_incomplete;structure_required,retain_raw_annotations; obtain_missing_predictor_evidence,Data-readiness decision; not a prediction of binding or failure
A0AAT9S6U3,abstain_from_docking,missing:sequence_sha256;missing:target_taxon;missing:target_context;missing:receptor_identity;missing:receptor_class;missing:evidence_scope;missing:evidence_source;missing:reviewer;missing:reviewed_on;missing:ligand_identity;missing:ligand_class;missing:method;missing:grid_rationale_source;missing:structure_mapping_source;unsupported_method_in_this_entry;receptor_class_outside_this_adapter;candidate_specific_evidence_not_established;evidence_review_incomplete;structure_required,retain_raw_annotations; obtain_missing_predictor_evidence,Data-readiness decision; not a prediction of binding or failure
A0AAX4Q2K6,abstain_from_docking,missing:sequence_sha256;missing:target_taxon;missing:target_context;missing:receptor_identity;missing:receptor_class;missing:evidence_scope;missing:evidence_source;missing:reviewer;missing:reviewed_on;missing:ligand_identity;missing:ligand_class;missing:method;missing:grid_rationale_source;missing:structure_mapping_source;unsupported_method_in_this_entry;receptor_class_outside_this_adapter;candidate_specific_evidence_not_established;evidence_review_incomplete;structure_required,retain_raw_annotations; obtain_missing_predictor_evidence,Data-readiness decision; not a prediction of binding or failure
A0A449C531,abstain_from_docking,missing:sequence_sha256;missing:target_taxon;missing:target_context;missing:receptor_identity;missing:receptor_class;missing:evidence_scope;missing:evidence_source;missing:reviewer;missing:reviewed_on;missing:ligand_identity;missing:ligand_class;missing:method;missing:grid_rationale_source;missing:structure_mapping_source;unsupported_method_in_this_entry;receptor_class_outside_this_adapter;candidate_specific_evidence_not_established;evidence_review_incomplete;structure_required,retain_raw_annotations; obtain_missing_predictor_evidence,Data-readiness decision; not a prediction of binding or failure
A0AAE7S353,abstain_from_docking,missing:sequence_sha256;missing:target_taxon;missing:target_context;missing:receptor_identity;missing:receptor_class;missing:evidence_scope;missing:evidence_source;missing:reviewer;missing:reviewed_on;missing:ligand_identity;missing:ligand_class;missing:method;missing:grid_rationale_source;missing:structure_mapping_source;unsupported_method_in_this_entry;receptor_class_outside_this_adapter;candidate_specific_evidence_not_established;evidence_review_incomplete;structure_required,retain_raw_annotations; obtain_missing_predictor_evidence,Data-readiness decision; not a prediction of binding or failure
A0A9P1PWH0,abstain_from_docking,missing:sequence_sha256;missing:target_taxon;missing:target_context;missing:receptor_identity;missing:receptor_class;missing:evidence_scope;missing:evidence_source;missing:reviewer;missing:reviewed_on;missing:ligand_identity;missing:ligand_class;missing:method;missing:grid_rationale_source;missing:structure_mapping_source;unsupported_method_in_this_entry;receptor_class_outside_this_adapter;candidate_specific_evidence_not_established;evidence_review_incomplete;structure_required,retain_raw_annotations; obtain_missing_predictor_evidence,Data-readiness decision; not a prediction of binding or failure
Q858U5,abstain_from_docking,missing:sequence_sha256;missing:target_taxon;missing:target_context;missing:receptor_identity;missing:receptor_class;missing:evidence_scope;missing:evidence_source;missing:reviewer;missing:reviewed_on;missing:ligand_identity;missing:ligand_class;missing:method;missing:grid_rationale_source;missing:structure_mapping_source;unsupported_method_in_this_entry;receptor_class_outside_this_adapter;candidate_specific_evidence_not_established;evidence_review_incomplete;structure_required,retain_raw_annotations; obtain_missing_predictor_evidence,Data-readiness decision; not a prediction of binding or failure
A0A7U4JZS3,abstain_from_docking,missing:sequence_sha256;missing:target_taxon;missing:target_context;missing:receptor_identity;missing:receptor_class;missing:evidence_scope;missing:evidence_source;missing:reviewer;missing:reviewed_on;missing:ligand_identity;missing:ligand_class;missing:method;missing:grid_rationale_source;missing:structure_mapping_source;unsupported_method_in_this_entry;receptor_class_outside_this_adapter;candidate_specific_evidence_not_established;evidence_review_incomplete;structure_required,retain_raw_annotations; obtain_missing_predictor_evidence,Data-readiness decision; not a prediction of binding or failure
I7LHK5,abstain_from_docking,missing:sequence_sha256;missing:target_taxon;missing:target_context;missing:receptor_identity;missing:receptor_class;missing:evidence_scope;missing:evidence_source;missing:reviewer;missing:reviewed_on;missing:ligand_identity;missing:ligand_class;missing:method;missing:grid_rationale_source;missing:structure_mapping_source;unsupported_method_in_this_entry;receptor_class_outside_this_adapter;candidate_specific_evidence_not_established;evidence_review_incomplete;structure_required,retain_raw_annotations; obtain_missing_predictor_evidence,Data-readiness decision; not a prediction of binding or failure
A0A0H3NZ47,abstain_from_docking,missing:sequence_sha256;missing:target_taxon;missing:target_context;missing:receptor_identity;missing:receptor_class;missing:evidence_scope;missing:evidence_source;missing:reviewer;missing:reviewed_on;missing:ligand_identity;missing:ligand_class;missing:method;missing:grid_rationale_source;missing:structure_mapping_source;unsupported_method_in_this_entry;receptor_class_outside_this_adapter;candidate_specific_evidence_not_established;evidence_review_incomplete;structure_required,retain_raw_annotations; obtain_missing_predictor_evidence,Data-readiness decision; not a prediction of binding or failure
A0A449C3Z7,abstain_from_docking,missing:sequence_sha256;missing:target_taxon;missing:target_context;missing:receptor_identity;missing:receptor_class;missing:evidence_scope;missing:evidence_source;missing:reviewer;missing:reviewed_on;missing:ligand_identity;missing:ligand_class;missing:method;missing:grid_rationale_source;missing:structure_mapping_source;unsupported_method_in_this_entry;receptor_class_outside_this_adapter;candidate_specific_evidence_not_established;evidence_review_incomplete;structure_required,retain_raw_annotations; obtain_missing_predictor_evidence,Data-readiness decision; not a prediction of binding or failure
I7K3G3,abstain_from_docking,missing:sequence_sha256;missing:target_taxon;missing:target_context;missing:receptor_identity;missing:receptor_class;missing:evidence_scope;missing:evidence_source;missing:reviewer;missing:reviewed_on;missing:ligand_identity;missing:ligand_class;missing:method;missing:grid_rationale_source;missing:structure_mapping_source;unsupported_method_in_this_entry;receptor_class_outside_this_adapter;candidate_specific_evidence_not_established;evidence_review_incomplete;structure_required,retain_raw_annotations; obtain_missing_predictor_evidence,Data-readiness decision; not a prediction of binding or failure
A0A449C5Q6,abstain_from_docking,missing:sequence_sha256;missing:target_taxon;missing:target_context;missing:receptor_identity;missing:receptor_class;missing:evidence_scope;missing:evidence_source;missing:reviewer;missing:reviewed_on;missing:ligand_identity;missing:ligand_class;missing:method;missing:grid_rationale_source;missing:structure_mapping_source;unsupported_method_in_this_entry;receptor_class_outside_this_adapter;candidate_specific_evidence_not_established;evidence_review_incomplete;structure_required,retain_raw_annotations; obtain_missing_predictor_evidence,Data-readiness decision; not a prediction of binding or failure
I6Q9A1,abstain_from_docking,missing:sequence_sha256;missing:target_taxon;missing:target_context;missing:receptor_identity;missing:receptor_class;missing:evidence_scope;missing:evidence_source;missing:reviewer;missing:reviewed_on;missing:ligand_identity;missing:ligand_class;missing:method;missing:grid_rationale_source;missing:structure_mapping_source;unsupported_method_in_this_entry;receptor_class_outside_this_adapter;candidate_specific_evidence_not_established;evidence_review_incomplete;structure_required,retain_raw_annotations; obtain_missing_predictor_evidence,Data-readiness decision; not a prediction of binding or failure
A0A7D3UKK9,abstain_from_docking,missing:sequence_sha256;missing:target_taxon;missing:target_context;missing:receptor_identity;missing:receptor_class;missing:evidence_scope;missing:evidence_source;missing:reviewer;missing:reviewed_on;missing:ligand_identity;missing:ligand_class;missing:method;missing:grid_rationale_source;missing:structure_mapping_source;unsupported_method_in_this_entry;receptor_class_outside_this_adapter;candidate_specific_evidence_not_established;evidence_review_incomplete;structure_required,retain_raw_annotations; obtain_missing_predictor_evidence,Data-readiness decision; not a prediction of binding or failure
A0A449C440,abstain_from_docking,missing:sequence_sha256;missing:target_taxon;missing:target_context;missing:receptor_identity;missing:receptor_class;missing:evidence_scope;missing:evidence_source;missing:reviewer;missing:reviewed_on;missing:ligand_identity;missing:ligand_class;missing:method;missing:grid_rationale_source;missing:structure_mapping_source;unsupported_method_in_this_entry;receptor_class_outside_this_adapter;candidate_specific_evidence_not_established;evidence_review_incomplete;structure_required,retain_raw_annotations; obtain_missing_predictor_evidence,Data-readiness decision; not a prediction of binding or failure
F4N2J8,abstain_from_docking,missing:sequence_sha256;missing:target_taxon;missing:target_context;missing:receptor_identity;missing:receptor_class;missing:evidence_scope;missing:evidence_source;missing:reviewer;missing:reviewed_on;missing:ligand_identity;missing:ligand_class;missing:method;missing:grid_rationale_source;missing:structure_mapping_source;unsupported_method_in_this_entry;receptor_class_outside_this_adapter;candidate_specific_evidence_not_established;evidence_review_incomplete;structure_required,retain_raw_annotations; obtain_missing_predictor_evidence,Data-readiness decision; not a prediction of binding or failure
A0A449C5Z2,abstain_from_docking,missing:sequence_sha256;missing:target_taxon;missing:target_context;missing:receptor_identity;missing:receptor_class;missing:evidence_scope;missing:evidence_source;missing:reviewer;missing:reviewed_on;missing:ligand_identity;missing:ligand_class;missing:method;missing:grid_rationale_source;missing:structure_mapping_source;unsupported_method_in_this_entry;receptor_class_outside_this_adapter;candidate_specific_evidence_not_established;evidence_review_incomplete;structure_required,retain_raw_annotations; obtain_missing_predictor_evidence,Data-readiness decision; not a prediction of binding or failure
F4N729,abstain_from_docking,missing:sequence_sha256;missing:target_taxon;missing:target_context;missing:receptor_identity;missing:receptor_class;missing:evidence_scope;missing:evidence_source;missing:reviewer;missing:reviewed_on;missing:ligand_identity;missing:ligand_class;missing:method;missing:grid_rationale_source;missing:structure_mapping_source;unsupported_method_in_this_entry;receptor_class_outside_this_adapter;candidate_specific_evidence_not_established;evidence_review_incomplete;structure_required,retain_raw_annotations; obtain_missing_predictor_evidence,Data-readiness decision; not a prediction of binding or failure
S5ML14,abstain_from_docking,missing:sequence_sha256;missing:target_taxon;missing:target_context;missing:receptor_identity;missing:receptor_class;missing:evidence_scope;missing:evidence_source;missing:reviewer;missing:reviewed_on;missing:ligand_identity;missing:ligand_class;missing:method;missing:grid_rationale_source;missing:structure_mapping_source;unsupported_method_in_this_entry;receptor_class_outside_this_adapter;candidate_specific_evidence_not_established;evidence_review_incomplete;structure_required,retain_raw_annotations; obtain_missing_predictor_evidence,Data-readiness decision; not a prediction of binding or failure
I7LHJ5,abstain_from_docking,missing:sequence_sha256;missing:target_taxon;missing:target_context;missing:receptor_identity;missing:receptor_class;missing:evidence_scope;missing:evidence_source;missing:reviewer;missing:reviewed_on;missing:ligand_identity;missing:ligand_class;missing:method;missing:grid_rationale_source;missing:structure_mapping_source;unsupported_method_in_this_entry;receptor_class_outside_this_adapter;candidate_specific_evidence_not_established;evidence_review_incomplete;structure_required,retain_raw_annotations; obtain_missing_predictor_evidence,Data-readiness decision; not a prediction of binding or failure
A0A449C555,abstain_from_docking,missing:sequence_sha256;missing:target_taxon;missing:target_context;missing:receptor_identity;missing:receptor_class;missing:evidence_scope;missing:evidence_source;missing:reviewer;missing:reviewed_on;missing:ligand_identity;missing:ligand_class;missing:method;missing:grid_rationale_source;missing:structure_mapping_source;unsupported_method_in_this_entry;receptor_class_outside_this_adapter;candidate_specific_evidence_not_established;evidence_review_incomplete;structure_required,retain_raw_annotations; obtain_missing_predictor_evidence,Data-readiness decision; not a prediction of binding or failure
A0AAE9FQ76,abstain_from_docking,missing:sequence_sha256;missing:target_taxon;missing:target_context;missing:receptor_identity;missing:receptor_class;missing:evidence_scope;missing:evidence_source;missing:reviewer;missing:reviewed_on;missing:ligand_identity;missing:ligand_class;missing:method;missing:grid_rationale_source;missing:structure_mapping_source;unsupported_method_in_this_entry;receptor_class_outside_this_adapter;candidate_specific_evidence_not_established;evidence_review_incomplete;structure_required,retain_raw_annotations; obtain_missing_predictor_evidence,Data-readiness decision; not a prediction of binding or failure
A0A1V0DXT2,abstain_from_docking,missing:sequence_sha256;missing:target_taxon;missing:target_context;missing:receptor_identity;missing:receptor_class;missing:evidence_scope;missing:evidence_source;missing:reviewer;missing:reviewed_on;missing:ligand_identity;missing:ligand_class;missing:method;missing:grid_rationale_source;missing:structure_mapping_source;unsupported_method_in_this_entry;receptor_class_outside_this_adapter;candidate_specific_evidence_not_established;evidence_review_incomplete;structure_required,retain_raw_annotations; obtain_missing_predictor_evidence,Data-readiness decision; not a prediction of binding or failure
I7K324,abstain_from_docking,missing:sequence_sha256;missing:target_taxon;missing:target_context;missing:receptor_identity;missing:receptor_class;missing:evidence_scope;missing:evidence_source;missing:reviewer;missing:reviewed_on;missing:ligand_identity;missing:ligand_class;missing:method;missing:grid_rationale_source;missing:structure_mapping_source;unsupported_method_in_this_entry;receptor_class_outside_this_adapter;candidate_specific_evidence_not_established;evidence_review_incomplete;structure_required,retain_raw_annotations; obtain_missing_predictor_evidence,Data-readiness decision; not a prediction of binding or failure
A0A0G2PMY8,abstain_from_docking,missing:sequence_sha256;missing:target_taxon;missing:target_context;missing:receptor_identity;missing:receptor_class;missing:evidence_scope;missing:evidence_source;missing:reviewer;missing:reviewed_on;missing:ligand_identity;missing:ligand_class;missing:method;missing:grid_rationale_source;missing:structure_mapping_source;unsupported_method_in_this_entry;receptor_class_outside_this_adapter;candidate_specific_evidence_not_established;evidence_review_incomplete;structure_required,retain_raw_annotations; obtain_missing_predictor_evidence,Data-readiness decision; not a prediction of binding or failure
A0A088F649,abstain_from_docking,missing:sequence_sha256;missing:target_taxon;missing:target_context;missing:receptor_identity;missing:receptor_class;missing:evidence_scope;missing:evidence_source;missing:reviewer;missing:reviewed_on;missing:ligand_identity;missing:ligand_class;missing:method;missing:grid_rationale_source;missing:structure_mapping_source;unsupported_method_in_this_entry;receptor_class_outside_this_adapter;candidate_specific_evidence_not_established;evidence_review_incomplete;structure_required,retain_raw_annotations; obtain_missing_predictor_evidence,Data-readiness decision; not a prediction of binding or failure
S5M9F2,abstain_from_docking,missing:sequence_sha256;missing:target_taxon;missing:target_context;missing:receptor_identity;missing:receptor_class;missing:evidence_scope;missing:evidence_source;missing:reviewer;missing:reviewed_on;missing:ligand_identity;missing:ligand_class;missing:method;missing:grid_rationale_source;missing:structure_mapping_source;unsupported_method_in_this_entry;receptor_class_outside_this_adapter;candidate_specific_evidence_not_established;evidence_review_incomplete;structure_required,retain_raw_annotations; obtain_missing_predictor_evidence,Data-readiness decision; not a prediction of binding or failure
A0AAE7CTI2,abstain_from_docking,missing:sequence_sha256;missing:target_taxon;missing:target_context;missing:receptor_identity;missing:receptor_class;missing:evidence_scope;missing:evidence_source;missing:reviewer;missing:reviewed_on;missing:ligand_identity;missing:ligand_class;missing:method;missing:grid_rationale_source;missing:structure_mapping_source;unsupported_method_in_this_entry;receptor_class_outside_this_adapter;candidate_specific_evidence_not_established;evidence_review_incomplete;structure_required,retain_raw_annotations; obtain_missing_predictor_evidence,Data-readiness decision; not a prediction of binding or failure
A0A0B4ZXE3,abstain_from_docking,missing:sequence_sha256;missing:target_taxon;missing:target_context;missing:receptor_identity;missing:receptor_class;missing:evidence_scope;missing:evidence_source;missing:reviewer;missing:reviewed_on;missing:ligand_identity;missing:ligand_class;missing:method;missing:grid_rationale_source;missing:structure_mapping_source;unsupported_method_in_this_entry;receptor_class_outside_this_adapter;candidate_specific_evidence_not_established;evidence_review_incomplete;structure_required,retain_raw_annotations; obtain_missing_predictor_evidence,Data-readiness decision; not a prediction of binding or failure
A0A0H3NZ57,abstain_from_docking,missing:sequence_sha256;missing:target_taxon;missing:target_context;missing:receptor_identity;missing:receptor_class;missing:evidence_scope;missing:evidence_source;missing:reviewer;missing:reviewed_on;missing:ligand_identity;missing:ligand_class;missing:method;missing:grid_rationale_source;missing:structure_mapping_source;unsupported_method_in_this_entry;receptor_class_outside_this_adapter;candidate_specific_evidence_not_established;evidence_review_incomplete;structure_required,retain_raw_annotations; obtain_missing_predictor_evidence,Data-readiness decision; not a prediction of binding or failure
S5MRA5,abstain_from_docking,missing:sequence_sha256;missing:target_taxon;missing:target_context;missing:receptor_identity;missing:receptor_class;missing:evidence_scope;missing:evidence_source;missing:reviewer;missing:reviewed_on;missing:ligand_identity;missing:ligand_class;missing:method;missing:grid_rationale_source;missing:structure_mapping_source;unsupported_method_in_this_entry;receptor_class_outside_this_adapter;candidate_specific_evidence_not_established;evidence_review_incomplete;structure_required,retain_raw_annotations; obtain_missing_predictor_evidence,Data-readiness decision; not a prediction of binding or failure
A0A0B5A4Q9,abstain_from_docking,missing:sequence_sha256;missing:target_taxon;missing:target_context;missing:receptor_identity;missing:receptor_class;missing:evidence_scope;missing:evidence_source;missing:reviewer;missing:reviewed_on;missing:ligand_identity;missing:ligand_class;missing:method;missing:grid_rationale_source;missing:structure_mapping_source;unsupported_method_in_this_entry;receptor_class_outside_this_adapter;candidate_specific_evidence_not_established;evidence_review_incomplete;structure_required,retain_raw_annotations; obtain_missing_predictor_evidence,Data-readiness decision; not a prediction of binding or failure
A0A3B8DLH1,abstain_from_docking,missing:sequence_sha256;missing:target_taxon;missing:target_context;missing:receptor_identity;missing:receptor_class;missing:evidence_scope;missing:evidence_source;missing:reviewer;missing:reviewed_on;missing:ligand_identity;missing:ligand_class;missing:method;missing:grid_rationale_source;missing:structure_mapping_source;unsupported_method_in_this_entry;receptor_class_outside_this_adapter;candidate_specific_evidence_not_established;evidence_review_incomplete;structure_required,retain_raw_annotations; obtain_missing_predictor_evidence,Data-readiness decision; not a prediction of binding or failure
A0A449C3U4,abstain_from_docking,missing:sequence_sha256;missing:target_taxon;missing:target_context;missing:receptor_identity;missing:receptor_class;missing:evidence_scope;missing:evidence_source;missing:reviewer;missing:reviewed_on;missing:ligand_identity;missing:ligand_class;missing:method;missing:grid_rationale_source;missing:structure_mapping_source;unsupported_method_in_this_entry;receptor_class_outside_this_adapter;candidate_specific_evidence_not_established;evidence_review_incomplete;structure_required,retain_raw_annotations; obtain_missing_predictor_evidence,Data-readiness decision; not a prediction of binding or failure
A0AAX4Q199,abstain_from_docking,missing:sequence_sha256;missing:target_taxon;missing:target_context;missing:receptor_identity;missing:receptor_class;missing:evidence_scope;missing:evidence_source;missing:reviewer;missing:reviewed_on;missing:ligand_identity;missing:ligand_class;missing:method;missing:grid_rationale_source;missing:structure_mapping_source;unsupported_method_in_this_entry;receptor_class_outside_this_adapter;candidate_specific_evidence_not_established;evidence_review_incomplete;structure_required,retain_raw_annotations; obtain_missing_predictor_evidence,Data-readiness decision; not a prediction of binding or failure
A0A6M3GA37,abstain_from_docking,missing:sequence_sha256;missing:target_taxon;missing:target_context;missing:receptor_identity;missing:receptor_class;missing:evidence_scope;missing:evidence_source;missing:reviewer;missing:reviewed_on;missing:ligand_identity;missing:ligand_class;missing:method;missing:grid_rationale_source;missing:structure_mapping_source;unsupported_method_in_this_entry;receptor_class_outside_this_adapter;candidate_specific_evidence_not_established;evidence_review_incomplete;structure_required,retain_raw_annotations; obtain_missing_predictor_evidence,Data-readiness decision; not a prediction of binding or failure
A0A1V0DXR7,abstain_from_docking,missing:sequence_sha256;missing:target_taxon;missing:target_context;missing:receptor_identity;missing:receptor_class;missing:evidence_scope;missing:evidence_source;missing:reviewer;missing:reviewed_on;missing:ligand_identity;missing:ligand_class;missing:method;missing:grid_rationale_source;missing:structure_mapping_source;unsupported_method_in_this_entry;receptor_class_outside_this_adapter;candidate_specific_evidence_not_established;evidence_review_incomplete;structure_required,retain_raw_annotations; obtain_missing_predictor_evidence,Data-readiness decision; not a prediction of binding or failure
A0A0G2PMU8,abstain_from_docking,missing:sequence_sha256;missing:target_taxon;missing:target_context;missing:receptor_identity;missing:receptor_class;missing:evidence_scope;missing:evidence_source;missing:reviewer;missing:reviewed_on;missing:ligand_identity;missing:ligand_class;missing:method;missing:grid_rationale_source;missing:structure_mapping_source;unsupported_method_in_this_entry;receptor_class_outside_this_adapter;candidate_specific_evidence_not_established;evidence_review_incomplete;structure_required,retain_raw_annotations; obtain_missing_predictor_evidence,Data-readiness decision; not a prediction of binding or failure
A0AAE9JYJ2,abstain_from_docking,missing:sequence_sha256;missing:target_taxon;missing:target_context;missing:receptor_identity;missing:receptor_class;missing:evidence_scope;missing:evidence_source;missing:reviewer;missing:reviewed_on;missing:ligand_identity;missing:ligand_class;missing:method;missing:grid_rationale_source;missing:structure_mapping_source;unsupported_method_in_this_entry;receptor_class_outside_this_adapter;candidate_specific_evidence_not_established;evidence_review_incomplete;structure_required,retain_raw_annotations; obtain_missing_predictor_evidence,Data-readiness decision; not a prediction of binding or failure
I7J474,abstain_from_docking,missing:sequence_sha256;missing:target_taxon;missing:target_context;missing:receptor_identity;missing:receptor_class;missing:evidence_scope;missing:evidence_source;missing:reviewer;missing:reviewed_on;missing:ligand_identity;missing:ligand_class;missing:method;missing:grid_rationale_source;missing:structure_mapping_source;unsupported_method_in_this_entry;receptor_class_outside_this_adapter;candidate_specific_evidence_not_established;evidence_review_incomplete;structure_required,retain_raw_annotations; obtain_missing_predictor_evidence,Data-readiness decision; not a prediction of binding or failure
I7KR83,abstain_from_docking,missing:sequence_sha256;missing:target_taxon;missing:target_context;missing:receptor_identity;missing:receptor_class;missing:evidence_scope;missing:evidence_source;missing:reviewer;missing:reviewed_on;missing:ligand_identity;missing:ligand_class;missing:method;missing:grid_rationale_source;missing:structure_mapping_source;unsupported_method_in_this_entry;receptor_class_outside_this_adapter;candidate_specific_evidence_not_established;evidence_review_incomplete;structure_required,retain_raw_annotations; obtain_missing_predictor_evidence,Data-readiness decision; not a prediction of binding or failure
A0ZXG5,abstain_from_docking,missing:sequence_sha256;missing:target_taxon;missing:target_context;missing:receptor_identity;missing:receptor_class;missing:evidence_scope;missing:evidence_source;missing:reviewer;missing:reviewed_on;missing:ligand_identity;missing:ligand_class;missing:method;missing:grid_rationale_source;missing:structure_mapping_source;unsupported_method_in_this_entry;receptor_class_outside_this_adapter;candidate_specific_evidence_not_established;evidence_review_incomplete;structure_required,retain_raw_annotations; obtain_missing_predictor_evidence,Data-readiness decision; not a prediction of binding or failure
A0A449C435,abstain_from_docking,missing:sequence_sha256;missing:target_taxon;missing:target_context;missing:receptor_identity;missing:receptor_class;missing:evidence_scope;missing:evidence_source;missing:reviewer;missing:reviewed_on;missing:ligand_identity;missing:ligand_class;missing:method;missing:grid_rationale_source;missing:structure_mapping_source;unsupported_method_in_this_entry;receptor_class_outside_this_adapter;candidate_specific_evidence_not_established;evidence_review_incomplete;structure_required,retain_raw_annotations; obtain_missing_predictor_evidence,Data-readiness decision; not a prediction of binding or failure
A0A7U4K0B3,abstain_from_docking,missing:sequence_sha256;missing:target_taxon;missing:target_context;missing:receptor_identity;missing:receptor_class;missing:evidence_scope;missing:evidence_source;missing:reviewer;missing:reviewed_on;missing:ligand_identity;missing:ligand_class;missing:method;missing:grid_rationale_source;missing:structure_mapping_source;unsupported_method_in_this_entry;receptor_class_outside_this_adapter;candidate_specific_evidence_not_established;evidence_review_incomplete;structure_required,retain_raw_annotations; obtain_missing_predictor_evidence,Data-readiness decision; not a prediction of binding or failure
A0AAE9FRM6,abstain_from_docking,missing:sequence_sha256;missing:target_taxon;missing:target_context;missing:receptor_identity;missing:receptor_class;missing:evidence_scope;missing:evidence_source;missing:reviewer;missing:reviewed_on;missing:ligand_identity;missing:ligand_class;missing:method;missing:grid_rationale_source;missing:structure_mapping_source;unsupported_method_in_this_entry;receptor_class_outside_this_adapter;candidate_specific_evidence_not_established;evidence_review_incomplete;structure_required,retain_raw_annotations; obtain_missing_predictor_evidence,Data-readiness decision; not a prediction of binding or failure
A0AAE7PDX0,abstain_from_docking,missing:sequence_sha256;missing:target_taxon;missing:target_context;missing:receptor_identity;missing:receptor_class;missing:evidence_scope;missing:evidence_source;missing:reviewer;missing:reviewed_on;missing:ligand_identity;missing:ligand_class;missing:method;missing:grid_rationale_source;missing:structure_mapping_source;unsupported_method_in_this_entry;receptor_class_outside_this_adapter;candidate_specific_evidence_not_established;evidence_review_incomplete;structure_required,retain_raw_annotations; obtain_missing_predictor_evidence,Data-readiness decision; not a prediction of binding or failure
A0A2C9CXH4,abstain_from_docking,missing:sequence_sha256;missing:target_taxon;missing:target_context;missing:receptor_identity;missing:receptor_class;missing:evidence_scope;missing:evidence_source;missing:reviewer;missing:reviewed_on;missing:ligand_identity;missing:ligand_class;missing:method;missing:grid_rationale_source;missing:structure_mapping_source;unsupported_method_in_this_entry;receptor_class_outside_this_adapter;candidate_specific_evidence_not_established;evidence_review_incomplete;structure_required,retain_raw_annotations; obtain_missing_predictor_evidence,Data-readiness decision; not a prediction of binding or failure
A0A7D3UH03,abstain_from_docking,missing:sequence_sha256;missing:target_taxon;missing:target_context;missing:receptor_identity;missing:receptor_class;missing:evidence_scope;missing:evidence_source;missing:reviewer;missing:reviewed_on;missing:ligand_identity;missing:ligand_class;missing:method;missing:grid_rationale_source;missing:structure_mapping_source;unsupported_method_in_this_entry;receptor_class_outside_this_adapter;candidate_specific_evidence_not_established;evidence_review_incomplete;structure_required,retain_raw_annotations; obtain_missing_predictor_evidence,Data-readiness decision; not a prediction of binding or failure
A0AA51VH76,abstain_from_docking,missing:sequence_sha256;missing:target_taxon;missing:target_context;missing:receptor_identity;missing:receptor_class;missing:evidence_scope;missing:evidence_source;missing:reviewer;missing:reviewed_on;missing:ligand_identity;missing:ligand_class;missing:method;missing:grid_rationale_source;missing:structure_mapping_source;unsupported_method_in_this_entry;receptor_class_outside_this_adapter;candidate_specific_evidence_not_established;evidence_review_incomplete;structure_required,retain_raw_annotations; obtain_missing_predictor_evidence,Data-readiness decision; not a prediction of binding or failure
A0A2H1UJ87,abstain_from_docking,missing:sequence_sha256;missing:target_taxon;missing:target_context;missing:receptor_identity;missing:receptor_class;missing:evidence_scope;missing:evidence_source;missing:reviewer;missing:reviewed_on;missing:ligand_identity;missing:ligand_class;missing:method;missing:grid_rationale_source;missing:structure_mapping_source;unsupported_method_in_this_entry;receptor_class_outside_this_adapter;candidate_specific_evidence_not_established;evidence_review_incomplete;structure_required,retain_raw_annotations; obtain_missing_predictor_evidence,Data-readiness decision; not a prediction of binding or failure
A0A449C528,abstain_from_docking,missing:sequence_sha256;missing:target_taxon;missing:target_context;missing:receptor_identity;missing:receptor_class;missing:evidence_scope;missing:evidence_source;missing:reviewer;missing:reviewed_on;missing:ligand_identity;missing:ligand_class;missing:method;missing:grid_rationale_source;missing:structure_mapping_source;unsupported_method_in_this_entry;receptor_class_outside_this_adapter;candidate_specific_evidence_not_established;evidence_review_incomplete;structure_required,retain_raw_annotations; obtain_missing_predictor_evidence,Data-readiness decision; not a prediction of binding or failure
A0A6M3GA49,abstain_from_docking,missing:sequence_sha256;missing:target_taxon;missing:target_context;missing:receptor_identity;missing:receptor_class;missing:evidence_scope;missing:evidence_source;missing:reviewer;missing:reviewed_on;missing:ligand_identity;missing:ligand_class;missing:method;missing:grid_rationale_source;missing:structure_mapping_source;unsupported_method_in_this_entry;receptor_class_outside_this_adapter;candidate_specific_evidence_not_established;evidence_review_incomplete;structure_required,retain_raw_annotations; obtain_missing_predictor_evidence,Data-readiness decision; not a prediction of binding or failure
A0A1V0DXD5,abstain_from_docking,missing:sequence_sha256;missing:target_taxon;missing:target_context;missing:receptor_identity;missing:receptor_class;missing:evidence_scope;missing:evidence_source;missing:reviewer;missing:reviewed_on;missing:ligand_identity;missing:ligand_class;missing:method;missing:grid_rationale_source;missing:structure_mapping_source;unsupported_method_in_this_entry;receptor_class_outside_this_adapter;candidate_specific_evidence_not_established;evidence_review_incomplete;structure_required,retain_raw_annotations; obtain_missing_predictor_evidence,Data-readiness decision; not a prediction of binding or failure
A0A3B8DLJ2,abstain_from_docking,missing:sequence_sha256;missing:target_taxon;missing:target_context;missing:receptor_identity;missing:receptor_class;missing:evidence_scope;missing:evidence_source;missing:reviewer;missing:reviewed_on;missing:ligand_identity;missing:ligand_class;missing:method;missing:grid_rationale_source;missing:structure_mapping_source;unsupported_method_in_this_entry;receptor_class_outside_this_adapter;candidate_specific_evidence_not_established;evidence_review_incomplete;structure_required,retain_raw_annotations; obtain_missing_predictor_evidence,Data-readiness decision; not a prediction of binding or failure
A0AAE7PDK2,abstain_from_docking,missing:sequence_sha256;missing:target_taxon;missing:target_context;missing:receptor_identity;missing:receptor_class;missing:evidence_scope;missing:evidence_source;missing:reviewer;missing:reviewed_on;missing:ligand_identity;missing:ligand_class;missing:method;missing:grid_rationale_source;missing:structure_mapping_source;unsupported_method_in_this_entry;receptor_class_outside_this_adapter;candidate_specific_evidence_not_established;evidence_review_incomplete;structure_required,retain_raw_annotations; obtain_missing_predictor_evidence,Data-readiness decision; not a prediction of binding or failure
F4N728,abstain_from_docking,missing:sequence_sha256;missing:target_taxon;missing:target_context;missing:receptor_identity;missing:receptor_class;missing:evidence_scope;missing:evidence_source;missing:reviewer;missing:reviewed_on;missing:ligand_identity;missing:ligand_class;missing:method;missing:grid_rationale_source;missing:structure_mapping_source;unsupported_method_in_this_entry;receptor_class_outside_this_adapter;candidate_specific_evidence_not_established;evidence_review_incomplete;structure_required,retain_raw_annotations; obtain_missing_predictor_evidence,Data-readiness decision; not a prediction of binding or failure
A0AAE9JVZ5,abstain_from_docking,missing:sequence_sha256;missing:target_taxon;missing:target_context;missing:receptor_identity;missing:receptor_class;missing:evidence_scope;missing:evidence_source;missing:reviewer;missing:reviewed_on;missing:ligand_identity;missing:ligand_class;missing:method;missing:grid_rationale_source;missing:structure_mapping_source;unsupported_method_in_this_entry;receptor_class_outside_this_adapter;candidate_specific_evidence_not_established;evidence_review_incomplete;structure_required,retain_raw_annotations; obtain_missing_predictor_evidence,Data-readiness decision; not a prediction of binding or failure
A0A449C5C7,abstain_from_docking,missing:sequence_sha256;missing:target_taxon;missing:target_context;missing:receptor_identity;missing:receptor_class;missing:evidence_scope;missing:evidence_source;missing:reviewer;missing:reviewed_on;missing:ligand_identity;missing:ligand_class;missing:method;missing:grid_rationale_source;missing:structure_mapping_source;unsupported_method_in_this_entry;receptor_class_outside_this_adapter;candidate_specific_evidence_not_established;evidence_review_incomplete;structure_required,retain_raw_annotations; obtain_missing_predictor_evidence,Data-readiness decision; not a prediction of binding or failure
I7LH81,abstain_from_docking,missing:sequence_sha256;missing:target_taxon;missing:target_context;missing:receptor_identity;missing:receptor_class;missing:evidence_scope;missing:evidence_source;missing:reviewer;missing:reviewed_on;missing:ligand_identity;missing:ligand_class;missing:method;missing:grid_rationale_source;missing:structure_mapping_source;unsupported_method_in_this_entry;receptor_class_outside_this_adapter;candidate_specific_evidence_not_established;evidence_review_incomplete;structure_required,retain_raw_annotations; obtain_missing_predictor_evidence,Data-readiness decision; not a prediction of binding or failure
A0A1V0DXT5,abstain_from_docking,missing:sequence_sha256;missing:target_taxon;missing:target_context;missing:receptor_identity;missing:receptor_class;missing:evidence_scope;missing:evidence_source;missing:reviewer;missing:reviewed_on;missing:ligand_identity;missing:ligand_class;missing:method;missing:grid_rationale_source;missing:structure_mapping_source;unsupported_method_in_this_entry;receptor_class_outside_this_adapter;candidate_specific_evidence_not_established;evidence_review_incomplete;structure_required,retain_raw_annotations; obtain_missing_predictor_evidence,Data-readiness decision; not a prediction of binding or failure
A0A6M3G969,abstain_from_docking,missing:sequence_sha256;missing:target_taxon;missing:target_context;missing:receptor_identity;missing:receptor_class;missing:evidence_scope;missing:evidence_source;missing:reviewer;missing:reviewed_on;missing:ligand_identity;missing:ligand_class;missing:method;missing:grid_rationale_source;missing:structure_mapping_source;unsupported_method_in_this_entry;receptor_class_outside_this_adapter;candidate_specific_evidence_not_established;evidence_review_incomplete;structure_required,retain_raw_annotations; obtain_missing_predictor_evidence,Data-readiness decision; not a prediction of binding or failure
A0AAX4Q2X2,abstain_from_docking,missing:sequence_sha256;missing:target_taxon;missing:target_context;missing:receptor_identity;missing:receptor_class;missing:evidence_scope;missing:evidence_source;missing:reviewer;missing:reviewed_on;missing:ligand_identity;missing:ligand_class;missing:method;missing:grid_rationale_source;missing:structure_mapping_source;unsupported_method_in_this_entry;receptor_class_outside_this_adapter;candidate_specific_evidence_not_established;evidence_review_incomplete;structure_required,retain_raw_annotations; obtain_missing_predictor_evidence,Data-readiness decision; not a prediction of binding or failure
A0A2D0PE70,abstain_from_docking,missing:sequence_sha256;missing:target_taxon;missing:target_context;missing:receptor_identity;missing:receptor_class;missing:evidence_scope;missing:evidence_source;missing:reviewer;missing:reviewed_on;missing:ligand_identity;missing:ligand_class;missing:method;missing:grid_rationale_source;missing:structure_mapping_source;unsupported_method_in_this_entry;receptor_class_outside_this_adapter;candidate_specific_evidence_not_established;evidence_review_incomplete;structure_required,retain_raw_annotations; obtain_missing_predictor_evidence,Data-readiness decision; not a prediction of binding or failure
A0A0H3NU58,abstain_from_docking,missing:sequence_sha256;missing:target_taxon;missing:target_context;missing:receptor_identity;missing:receptor_class;missing:evidence_scope;missing:evidence_source;missing:reviewer;missing:reviewed_on;missing:ligand_identity;missing:ligand_class;missing:method;missing:grid_rationale_source;missing:structure_mapping_source;unsupported_method_in_this_entry;receptor_class_outside_this_adapter;candidate_specific_evidence_not_established;evidence_review_incomplete;structure_required,retain_raw_annotations; obtain_missing_predictor_evidence,Data-readiness decision; not a prediction of binding or failure
A0A449C3S4,abstain_from_docking,missing:sequence_sha256;missing:target_taxon;missing:target_context;missing:receptor_identity;missing:receptor_class;missing:evidence_scope;missing:evidence_source;missing:reviewer;missing:reviewed_on;missing:ligand_identity;missing:ligand_class;missing:method;missing:grid_rationale_source;missing:structure_mapping_source;unsupported_method_in_this_entry;receptor_class_outside_this_adapter;candidate_specific_evidence_not_established;evidence_review_incomplete;structure_required,retain_raw_annotations; obtain_missing_predictor_evidence,Data-readiness decision; not a prediction of binding or failure
S5MRE6,abstain_from_docking,missing:sequence_sha256;missing:target_taxon;missing:target_context;missing:receptor_identity;missing:receptor_class;missing:evidence_scope;missing:evidence_source;missing:reviewer;missing:reviewed_on;missing:ligand_identity;missing:ligand_class;missing:method;missing:grid_rationale_source;missing:structure_mapping_source;unsupported_method_in_this_entry;receptor_class_outside_this_adapter;candidate_specific_evidence_not_established;evidence_review_incomplete;structure_required,retain_raw_annotations; obtain_missing_predictor_evidence,Data-readiness decision; not a prediction of binding or failure
A0A3B8DL31,abstain_from_docking,missing:sequence_sha256;missing:target_taxon;missing:target_context;missing:receptor_identity;missing:receptor_class;missing:evidence_scope;missing:evidence_source;missing:reviewer;missing:reviewed_on;missing:ligand_identity;missing:ligand_class;missing:method;missing:grid_rationale_source;missing:structure_mapping_source;unsupported_method_in_this_entry;receptor_class_outside_this_adapter;candidate_specific_evidence_not_established;evidence_review_incomplete;structure_required,retain_raw_annotations; obtain_missing_predictor_evidence,Data-readiness decision; not a prediction of binding or failure
A0AA86IWK5,abstain_from_docking,missing:sequence_sha256;missing:target_taxon;missing:target_context;missing:receptor_identity;missing:receptor_class;missing:evidence_scope;missing:evidence_source;missing:reviewer;missing:reviewed_on;missing:ligand_identity;missing:ligand_class;missing:method;missing:grid_rationale_source;missing:structure_mapping_source;unsupported_method_in_this_entry;receptor_class_outside_this_adapter;candidate_specific_evidence_not_established;evidence_review_incomplete;structure_required,retain_raw_annotations; obtain_missing_predictor_evidence,Data-readiness decision; not a prediction of binding or failure
I7J3W0,abstain_from_docking,missing:sequence_sha256;missing:target_taxon;missing:target_context;missing:receptor_identity;missing:receptor_class;missing:evidence_scope;missing:evidence_source;missing:reviewer;missing:reviewed_on;missing:ligand_identity;missing:ligand_class;missing:method;missing:grid_rationale_source;missing:structure_mapping_source;unsupported_method_in_this_entry;receptor_class_outside_this_adapter;candidate_specific_evidence_not_established;evidence_review_incomplete;structure_required,retain_raw_annotations; obtain_missing_predictor_evidence,Data-readiness decision; not a prediction of binding or failure
A0A0B5A4J3,abstain_from_docking,missing:sequence_sha256;missing:target_taxon;missing:target_context;missing:receptor_identity;missing:receptor_class;missing:evidence_scope;missing:evidence_source;missing:reviewer;missing:reviewed_on;missing:ligand_identity;missing:ligand_class;missing:method;missing:grid_rationale_source;missing:structure_mapping_source;unsupported_method_in_this_entry;receptor_class_outside_this_adapter;candidate_specific_evidence_not_established;evidence_review_incomplete;structure_required,retain_raw_annotations; obtain_missing_predictor_evidence,Data-readiness decision; not a prediction of binding or failure
A0A449C6D2,abstain_from_docking,missing:sequence_sha256;missing:target_taxon;missing:target_context;missing:receptor_identity;missing:receptor_class;missing:evidence_scope;missing:evidence_source;missing:reviewer;missing:reviewed_on;missing:ligand_identity;missing:ligand_class;missing:method;missing:grid_rationale_source;missing:structure_mapping_source;unsupported_method_in_this_entry;receptor_class_outside_this_adapter;candidate_specific_evidence_not_established;evidence_review_incomplete;structure_required,retain_raw_annotations; obtain_missing_predictor_evidence,Data-readiness decision; not a prediction of binding or failure
A0A0B5A2V7,abstain_from_docking,missing:sequence_sha256;missing:target_taxon;missing:target_context;missing:receptor_identity;missing:receptor_class;missing:evidence_scope;missing:evidence_source;missing:reviewer;missing:reviewed_on;missing:ligand_identity;missing:ligand_class;missing:method;missing:grid_rationale_source;missing:structure_mapping_source;unsupported_method_in_this_entry;receptor_class_outside_this_adapter;candidate_specific_evidence_not_established;evidence_review_incomplete;structure_required,retain_raw_annotations; obtain_missing_predictor_evidence,Data-readiness decision; not a prediction of binding or failure
A0A449C638,abstain_from_docking,missing:sequence_sha256;missing:target_taxon;missing:target_context;missing:receptor_identity;missing:receptor_class;missing:evidence_scope;missing:evidence_source;missing:reviewer;missing:reviewed_on;missing:ligand_identity;missing:ligand_class;missing:method;missing:grid_rationale_source;missing:structure_mapping_source;unsupported_method_in_this_entry;receptor_class_outside_this_adapter;candidate_specific_evidence_not_established;evidence_review_incomplete;structure_required,retain_raw_annotations; obtain_missing_predictor_evidence,Data-readiness decision; not a prediction of binding or failure
A0A449C6B7,abstain_from_docking,missing:sequence_sha256;missing:target_taxon;missing:target_context;missing:receptor_identity;missing:receptor_class;missing:evidence_scope;missing:evidence_source;missing:reviewer;missing:reviewed_on;missing:ligand_identity;missing:ligand_class;missing:method;missing:grid_rationale_source;missing:structure_mapping_source;unsupported_method_in_this_entry;receptor_class_outside_this_adapter;candidate_specific_evidence_not_established;evidence_review_incomplete;structure_required,retain_raw_annotations; obtain_missing_predictor_evidence,Data-readiness decision; not a prediction of binding or failure
A0A6M3G916,abstain_from_docking,missing:sequence_sha256;missing:target_taxon;missing:target_context;missing:receptor_identity;missing:receptor_class;missing:evidence_scope;missing:evidence_source;missing:reviewer;missing:reviewed_on;missing:ligand_identity;missing:ligand_class;missing:method;missing:grid_rationale_source;missing:structure_mapping_source;unsupported_method_in_this_entry;receptor_class_outside_this_adapter;candidate_specific_evidence_not_established;evidence_review_incomplete;structure_required,retain_raw_annotations; obtain_missing_predictor_evidence,Data-readiness decision; not a prediction of binding or failure
S5M3A7,abstain_from_docking,missing:sequence_sha256;missing:target_taxon;missing:target_context;missing:receptor_identity;missing:receptor_class;missing:evidence_scope;missing:evidence_source;missing:reviewer;missing:reviewed_on;missing:ligand_identity;missing:ligand_class;missing:method;missing:grid_rationale_source;missing:structure_mapping_source;unsupported_method_in_this_entry;receptor_class_outside_this_adapter;candidate_specific_evidence_not_established;evidence_review_incomplete;structure_required,retain_raw_annotations; obtain_missing_predictor_evidence,Data-readiness decision; not a prediction of binding or failure
I7K354,abstain_from_docking,missing:sequence_sha256;missing:target_taxon;missing:target_context;missing:receptor_identity;missing:receptor_class;missing:evidence_scope;missing:evidence_source;missing:reviewer;missing:reviewed_on;missing:ligand_identity;missing:ligand_class;missing:method;missing:grid_rationale_source;missing:structure_mapping_source;unsupported_method_in_this_entry;receptor_class_outside_this_adapter;candidate_specific_evidence_not_established;evidence_review_incomplete;structure_required,retain_raw_annotations; obtain_missing_predictor_evidence,Data-readiness decision; not a prediction of binding or failure
A0A7D3QKX7,abstain_from_docking,missing:sequence_sha256;missing:target_taxon;missing:target_context;missing:receptor_identity;missing:receptor_class;missing:evidence_scope;missing:evidence_source;missing:reviewer;missing:reviewed_on;missing:ligand_identity;missing:ligand_class;missing:method;missing:grid_rationale_source;missing:structure_mapping_source;unsupported_method_in_this_entry;receptor_class_outside_this_adapter;candidate_specific_evidence_not_established;evidence_review_incomplete;structure_required,retain_raw_annotations; obtain_missing_predictor_evidence,Data-readiness decision; not a prediction of binding or failure
A0A449C4D0,abstain_from_docking,missing:sequence_sha256;missing:target_taxon;missing:target_context;missing:receptor_identity;missing:receptor_class;missing:evidence_scope;missing:evidence_source;missing:reviewer;missing:reviewed_on;missing:ligand_identity;missing:ligand_class;missing:method;missing:grid_rationale_source;missing:structure_mapping_source;unsupported_method_in_this_entry;receptor_class_outside_this_adapter;candidate_specific_evidence_not_established;evidence_review_incomplete;structure_required,retain_raw_annotations; obtain_missing_predictor_evidence,Data-readiness decision; not a prediction of binding or failure
A0A7D3V1W8,abstain_from_docking,missing:sequence_sha256;missing:target_taxon;missing:target_context;missing:receptor_identity;missing:receptor_class;missing:evidence_scope;missing:evidence_source;missing:reviewer;missing:reviewed_on;missing:ligand_identity;missing:ligand_class;missing:method;missing:grid_rationale_source;missing:structure_mapping_source;unsupported_method_in_this_entry;receptor_class_outside_this_adapter;candidate_specific_evidence_not_established;evidence_review_incomplete;structure_required,retain_raw_annotations; obtain_missing_predictor_evidence,Data-readiness decision; not a prediction of binding or failure
A0A0B5A2N3,abstain_from_docking,missing:sequence_sha256;missing:target_taxon;missing:target_context;missing:receptor_identity;missing:receptor_class;missing:evidence_scope;missing:evidence_source;missing:reviewer;missing:reviewed_on;missing:ligand_identity;missing:ligand_class;missing:method;missing:grid_rationale_source;missing:structure_mapping_source;unsupported_method_in_this_entry;receptor_class_outside_this_adapter;candidate_specific_evidence_not_established;evidence_review_incomplete;structure_required,retain_raw_annotations; obtain_missing_predictor_evidence,Data-readiness decision; not a prediction of binding or failure
A0A449C3T4,abstain_from_docking,missing:sequence_sha256;missing:target_taxon;missing:target_context;missing:receptor_identity;missing:receptor_class;missing:evidence_scope;missing:evidence_source;missing:reviewer;missing:reviewed_on;missing:ligand_identity;missing:ligand_class;missing:method;missing:grid_rationale_source;missing:structure_mapping_source;unsupported_method_in_this_entry;receptor_class_outside_this_adapter;candidate_specific_evidence_not_established;evidence_review_incomplete;structure_required,retain_raw_annotations; obtain_missing_predictor_evidence,Data-readiness decision; not a prediction of binding or failure
A0AAX4M7A4,abstain_from_docking,missing:sequence_sha256;missing:target_taxon;missing:target_context;missing:receptor_identity;missing:receptor_class;missing:evidence_scope;missing:evidence_source;missing:reviewer;missing:reviewed_on;missing:ligand_identity;missing:ligand_class;missing:method;missing:grid_rationale_source;missing:structure_mapping_source;unsupported_method_in_this_entry;receptor_class_outside_this_adapter;candidate_specific_evidence_not_established;evidence_review_incomplete;structure_required,retain_raw_annotations; obtain_missing_predictor_evidence,Data-readiness decision; not a prediction of binding or failure
A0AAX4Q2U9,abstain_from_docking,missing:sequence_sha256;missing:target_taxon;missing:target_context;missing:receptor_identity;missing:receptor_class;missing:evidence_scope;missing:evidence_source;missing:reviewer;missing:reviewed_on;missing:ligand_identity;missing:ligand_class;missing:method;missing:grid_rationale_source;missing:structure_mapping_source;unsupported_method_in_this_entry;receptor_class_outside_this_adapter;candidate_specific_evidence_not_established;evidence_review_incomplete;structure_required,retain_raw_annotations; obtain_missing_predictor_evidence,Data-readiness decision; not a prediction of binding or failure
A0AAD2UWV2,abstain_from_docking,missing:sequence_sha256;missing:target_taxon;missing:target_context;missing:receptor_identity;missing:receptor_class;missing:evidence_scope;missing:evidence_source;missing:reviewer;missing:reviewed_on;missing:ligand_identity;missing:ligand_class;missing:method;missing:grid_rationale_source;missing:structure_mapping_source;unsupported_method_in_this_entry;receptor_class_outside_this_adapter;candidate_specific_evidence_not_established;evidence_review_incomplete;structure_required,retain_raw_annotations; obtain_missing_predictor_evidence,Data-readiness decision; not a prediction of binding or failure
A0A0H3NZ59,abstain_from_docking,missing:sequence_sha256;missing:target_taxon;missing:target_context;missing:receptor_identity;missing:receptor_class;missing:evidence_scope;missing:evidence_source;missing:reviewer;missing:reviewed_on;missing:ligand_identity;missing:ligand_class;missing:method;missing:grid_rationale_source;missing:structure_mapping_source;unsupported_method_in_this_entry;receptor_class_outside_this_adapter;candidate_specific_evidence_not_established;evidence_review_incomplete;structure_required,retain_raw_annotations; obtain_missing_predictor_evidence,Data-readiness decision; not a prediction of binding or failure
I7KRU3,abstain_from_docking,missing:sequence_sha256;missing:target_taxon;missing:target_context;missing:receptor_identity;missing:receptor_class;missing:evidence_scope;missing:evidence_source;missing:reviewer;missing:reviewed_on;missing:ligand_identity;missing:ligand_class;missing:method;missing:grid_rationale_source;missing:structure_mapping_source;unsupported_method_in_this_entry;receptor_class_outside_this_adapter;candidate_specific_evidence_not_established;evidence_review_incomplete;structure_required,retain_raw_annotations; obtain_missing_predictor_evidence,Data-readiness decision; not a prediction of binding or failure
A0A7D3QQ81,abstain_from_docking,missing:sequence_sha256;missing:target_taxon;missing:target_context;missing:receptor_identity;missing:receptor_class;missing:evidence_scope;missing:evidence_source;missing:reviewer;missing:reviewed_on;missing:ligand_identity;missing:ligand_class;missing:method;missing:grid_rationale_source;missing:structure_mapping_source;unsupported_method_in_this_entry;receptor_class_outside_this_adapter;candidate_specific_evidence_not_established;evidence_review_incomplete;structure_required,retain_raw_annotations; obtain_missing_predictor_evidence,Data-readiness decision; not a prediction of binding or failure
A0AAE7V728,abstain_from_docking,missing:sequence_sha256;missing:target_taxon;missing:target_context;missing:receptor_identity;missing:receptor_class;missing:evidence_scope;missing:evidence_source;missing:reviewer;missing:reviewed_on;missing:ligand_identity;missing:ligand_class;missing:method;missing:grid_rationale_source;missing:structure_mapping_source;unsupported_method_in_this_entry;receptor_class_outside_this_adapter;candidate_specific_evidence_not_established;evidence_review_incomplete;structure_required,retain_raw_annotations; obtain_missing_predictor_evidence,Data-readiness decision; not a prediction of binding or failure
A0AAE9FLD0,abstain_from_docking,missing:sequence_sha256;missing:target_taxon;missing:target_context;missing:receptor_identity;missing:receptor_class;missing:evidence_scope;missing:evidence_source;missing:reviewer;missing:reviewed_on;missing:ligand_identity;missing:ligand_class;missing:method;missing:grid_rationale_source;missing:structure_mapping_source;unsupported_method_in_this_entry;receptor_class_outside_this_adapter;candidate_specific_evidence_not_established;evidence_review_incomplete;structure_required,retain_raw_annotations; obtain_missing_predictor_evidence,Data-readiness decision; not a prediction of binding or failure
A0A1V0DXX1,abstain_from_docking,missing:sequence_sha256;missing:target_taxon;missing:target_context;missing:receptor_identity;missing:receptor_class;missing:evidence_scope;missing:evidence_source;missing:reviewer;missing:reviewed_on;missing:ligand_identity;missing:ligand_class;missing:method;missing:grid_rationale_source;missing:structure_mapping_source;unsupported_method_in_this_entry;receptor_class_outside_this_adapter;candidate_specific_evidence_not_established;evidence_review_incomplete;structure_required,retain_raw_annotations; obtain_missing_predictor_evidence,Data-readiness decision; not a prediction of binding or failure
A0AAX4M7M8,abstain_from_docking,missing:sequence_sha256;missing:target_taxon;missing:target_context;missing:receptor_identity;missing:receptor_class;missing:evidence_scope;missing:evidence_source;missing:reviewer;missing:reviewed_on;missing:ligand_identity;missing:ligand_class;missing:method;missing:grid_rationale_source;missing:structure_mapping_source;unsupported_method_in_this_entry;receptor_class_outside_this_adapter;candidate_specific_evidence_not_established;evidence_review_incomplete;structure_required,retain_raw_annotations; obtain_missing_predictor_evidence,Data-readiness decision; not a prediction of binding or failure
A0A7T9XU25,abstain_from_docking,missing:sequence_sha256;missing:target_taxon;missing:target_context;missing:receptor_identity;missing:receptor_class;missing:evidence_scope;missing:evidence_source;missing:reviewer;missing:reviewed_on;missing:ligand_identity;missing:ligand_class;missing:method;missing:grid_rationale_source;missing:structure_mapping_source;unsupported_method_in_this_entry;receptor_class_outside_this_adapter;candidate_specific_evidence_not_established;evidence_review_incomplete;structure_required,retain_raw_annotations; obtain_missing_predictor_evidence,Data-readiness decision; not a prediction of binding or failure
A0A449C5D9,abstain_from_docking,missing:sequence_sha256;missing:target_taxon;missing:target_context;missing:receptor_identity;missing:receptor_class;missing:evidence_scope;missing:evidence_source;missing:reviewer;missing:reviewed_on;missing:ligand_identity;missing:ligand_class;missing:method;missing:grid_rationale_source;missing:structure_mapping_source;unsupported_method_in_this_entry;receptor_class_outside_this_adapter;candidate_specific_evidence_not_established;evidence_review_incomplete;structure_required,retain_raw_annotations; obtain_missing_predictor_evidence,Data-readiness decision; not a prediction of binding or failure
A0A0H3NP24,abstain_from_docking,missing:sequence_sha256;missing:target_taxon;missing:target_context;missing:receptor_identity;missing:receptor_class;missing:evidence_scope;missing:evidence_source;missing:reviewer;missing:reviewed_on;missing:ligand_identity;missing:ligand_class;missing:method;missing:grid_rationale_source;missing:structure_mapping_source;unsupported_method_in_this_entry;receptor_class_outside_this_adapter;candidate_specific_evidence_not_established;evidence_review_incomplete;structure_required,retain_raw_annotations; obtain_missing_predictor_evidence,Data-readiness decision; not a prediction of binding or failure
A0A3B8DLI7,abstain_from_docking,missing:sequence_sha256;missing:target_taxon;missing:target_context;missing:receptor_identity;missing:receptor_class;missing:evidence_scope;missing:evidence_source;missing:reviewer;missing:reviewed_on;missing:ligand_identity;missing:ligand_class;missing:method;missing:grid_rationale_source;missing:structure_mapping_source;unsupported_method_in_this_entry;receptor_class_outside_this_adapter;candidate_specific_evidence_not_established;evidence_review_incomplete;structure_required,retain_raw_annotations; obtain_missing_predictor_evidence,Data-readiness decision; not a prediction of binding or failure
A0A1V0DXS1,abstain_from_docking,missing:sequence_sha256;missing:target_taxon;missing:target_context;missing:receptor_identity;missing:receptor_class;missing:evidence_scope;missing:evidence_source;missing:reviewer;missing:reviewed_on;missing:ligand_identity;missing:ligand_class;missing:method;missing:grid_rationale_source;missing:structure_mapping_source;unsupported_method_in_this_entry;receptor_class_outside_this_adapter;candidate_specific_evidence_not_established;evidence_review_incomplete;structure_required,retain_raw_annotations; obtain_missing_predictor_evidence,Data-readiness decision; not a prediction of binding or failure
A0A2D0PCZ8,abstain_from_docking,missing:sequence_sha256;missing:target_taxon;missing:target_context;missing:receptor_identity;missing:receptor_class;missing:evidence_scope;missing:evidence_source;missing:reviewer;missing:reviewed_on;missing:ligand_identity;missing:ligand_class;missing:method;missing:grid_rationale_source;missing:structure_mapping_source;unsupported_method_in_this_entry;receptor_class_outside_this_adapter;candidate_specific_evidence_not_established;evidence_review_incomplete;structure_required,retain_raw_annotations; obtain_missing_predictor_evidence,Data-readiness decision; not a prediction of binding or failure
A0A449C3Q1,abstain_from_docking,missing:sequence_sha256;missing:target_taxon;missing:target_context;missing:receptor_identity;missing:receptor_class;missing:evidence_scope;missing:evidence_source;missing:reviewer;missing:reviewed_on;missing:ligand_identity;missing:ligand_class;missing:method;missing:grid_rationale_source;missing:structure_mapping_source;unsupported_method_in_this_entry;receptor_class_outside_this_adapter;candidate_specific_evidence_not_established;evidence_review_incomplete;structure_required,retain_raw_annotations; obtain_missing_predictor_evidence,Data-readiness decision; not a prediction of binding or failure
A0A2D0PE10,abstain_from_docking,missing:sequence_sha256;missing:target_taxon;missing:target_context;missing:receptor_identity;missing:receptor_class;missing:evidence_scope;missing:evidence_source;missing:reviewer;missing:reviewed_on;missing:ligand_identity;missing:ligand_class;missing:method;missing:grid_rationale_source;missing:structure_mapping_source;unsupported_method_in_this_entry;receptor_class_outside_this_adapter;candidate_specific_evidence_not_established;evidence_review_incomplete;structure_required,retain_raw_annotations; obtain_missing_predictor_evidence,Data-readiness decision; not a prediction of binding or failure
A0A0H3NSE3,abstain_from_docking,missing:sequence_sha256;missing:target_taxon;missing:target_context;missing:receptor_identity;missing:receptor_class;missing:evidence_scope;missing:evidence_source;missing:reviewer;missing:reviewed_on;missing:ligand_identity;missing:ligand_class;missing:method;missing:grid_rationale_source;missing:structure_mapping_source;unsupported_method_in_this_entry;receptor_class_outside_this_adapter;candidate_specific_evidence_not_established;evidence_review_incomplete;structure_required,retain_raw_annotations; obtain_missing_predictor_evidence,Data-readiness decision; not a prediction of binding or failure
A0A2H1X991,abstain_from_docking,missing:sequence_sha256;missing:target_taxon;missing:target_context;missing:receptor_identity;missing:receptor_class;missing:evidence_scope;missing:evidence_source;missing:reviewer;missing:reviewed_on;missing:ligand_identity;missing:ligand_class;missing:method;missing:grid_rationale_source;missing:structure_mapping_source;unsupported_method_in_this_entry;receptor_class_outside_this_adapter;candidate_specific_evidence_not_established;evidence_review_incomplete;structure_required,retain_raw_annotations; obtain_missing_predictor_evidence,Data-readiness decision; not a prediction of binding or failure
A0A6M3G8D1,abstain_from_docking,missing:sequence_sha256;missing:target_taxon;missing:target_context;missing:receptor_identity;missing:receptor_class;missing:evidence_scope;missing:evidence_source;missing:reviewer;missing:reviewed_on;missing:ligand_identity;missing:ligand_class;missing:method;missing:grid_rationale_source;missing:structure_mapping_source;unsupported_method_in_this_entry;receptor_class_outside_this_adapter;candidate_specific_evidence_not_established;evidence_review_incomplete;structure_required,retain_raw_annotations; obtain_missing_predictor_evidence,Data-readiness decision; not a prediction of binding or failure
A0AAE6YPH1,abstain_from_docking,missing:sequence_sha256;missing:target_taxon;missing:target_context;missing:receptor_identity;missing:receptor_class;missing:evidence_scope;missing:evidence_source;missing:reviewer;missing:reviewed_on;missing:ligand_identity;missing:ligand_class;missing:method;missing:grid_rationale_source;missing:structure_mapping_source;unsupported_method_in_this_entry;receptor_class_outside_this_adapter;candidate_specific_evidence_not_established;evidence_review_incomplete;structure_required,retain_raw_annotations; obtain_missing_predictor_evidence,Data-readiness decision; not a prediction of binding or failure
A0AAE9FRR2,abstain_from_docking,missing:sequence_sha256;missing:target_taxon;missing:target_context;missing:receptor_identity;missing:receptor_class;missing:evidence_scope;missing:evidence_source;missing:reviewer;missing:reviewed_on;missing:ligand_identity;missing:ligand_class;missing:method;missing:grid_rationale_source;missing:structure_mapping_source;unsupported_method_in_this_entry;receptor_class_outside_this_adapter;candidate_specific_evidence_not_established;evidence_review_incomplete;structure_required,retain_raw_annotations; obtain_missing_predictor_evidence,Data-readiness decision; not a prediction of binding or failure
A0AA51VJM6,abstain_from_docking,missing:sequence_sha256;missing:target_taxon;missing:target_context;missing:receptor_identity;missing:receptor_class;missing:evidence_scope;missing:evidence_source;missing:reviewer;missing:reviewed_on;missing:ligand_identity;missing:ligand_class;missing:method;missing:grid_rationale_source;missing:structure_mapping_source;unsupported_method_in_this_entry;receptor_class_outside_this_adapter;candidate_specific_evidence_not_established;evidence_review_incomplete;structure_required,retain_raw_annotations; obtain_missing_predictor_evidence,Data-readiness decision; not a prediction of binding or failure
A0AAE9FQ04,abstain_from_docking,missing:sequence_sha256;missing:target_taxon;missing:target_context;missing:receptor_identity;missing:receptor_class;missing:evidence_scope;missing:evidence_source;missing:reviewer;missing:reviewed_on;missing:ligand_identity;missing:ligand_class;missing:method;missing:grid_rationale_source;missing:structure_mapping_source;unsupported_method_in_this_entry;receptor_class_outside_this_adapter;candidate_specific_evidence_not_established;evidence_review_incomplete;structure_required,retain_raw_annotations; obtain_missing_predictor_evidence,Data-readiness decision; not a prediction of binding or failure
A0A6M3G876,abstain_from_docking,missing:sequence_sha256;missing:target_taxon;missing:target_context;missing:receptor_identity;missing:receptor_class;missing:evidence_scope;missing:evidence_source;missing:reviewer;missing:reviewed_on;missing:ligand_identity;missing:ligand_class;missing:method;missing:grid_rationale_source;missing:structure_mapping_source;unsupported_method_in_this_entry;receptor_class_outside_this_adapter;candidate_specific_evidence_not_established;evidence_review_incomplete;structure_required,retain_raw_annotations; obtain_missing_predictor_evidence,Data-readiness decision; not a prediction of binding or failure
S5M7B3,abstain_from_docking,missing:sequence_sha256;missing:target_taxon;missing:target_context;missing:receptor_identity;missing:receptor_class;missing:evidence_scope;missing:evidence_source;missing:reviewer;missing:reviewed_on;missing:ligand_identity;missing:ligand_class;missing:method;missing:grid_rationale_source;missing:structure_mapping_source;unsupported_method_in_this_entry;receptor_class_outside_this_adapter;candidate_specific_evidence_not_established;evidence_review_incomplete;structure_required,retain_raw_annotations; obtain_missing_predictor_evidence,Data-readiness decision; not a prediction of binding or failure
A0A449C608,abstain_from_docking,missing:sequence_sha256;missing:target_taxon;missing:target_context;missing:receptor_identity;missing:receptor_class;missing:evidence_scope;missing:evidence_source;missing:reviewer;missing:reviewed_on;missing:ligand_identity;missing:ligand_class;missing:method;missing:grid_rationale_source;missing:structure_mapping_source;unsupported_method_in_this_entry;receptor_class_outside_this_adapter;candidate_specific_evidence_not_established;evidence_review_incomplete;structure_required,retain_raw_annotations; obtain_missing_predictor_evidence,Data-readiness decision; not a prediction of binding or failure
A0A7D3QML5,abstain_from_docking,missing:sequence_sha256;missing:target_taxon;missing:target_context;missing:receptor_identity;missing:receptor_class;missing:evidence_scope;missing:evidence_source;missing:reviewer;missing:reviewed_on;missing:ligand_identity;missing:ligand_class;missing:method;missing:grid_rationale_source;missing:structure_mapping_source;unsupported_method_in_this_entry;receptor_class_outside_this_adapter;candidate_specific_evidence_not_established;evidence_review_incomplete;structure_required,retain_raw_annotations; obtain_missing_predictor_evidence,Data-readiness decision; not a prediction of binding or failure
A0AAX4Q195,abstain_from_docking,missing:sequence_sha256;missing:target_taxon;missing:target_context;missing:receptor_identity;missing:receptor_class;missing:evidence_scope;missing:evidence_source;missing:reviewer;missing:reviewed_on;missing:ligand_identity;missing:ligand_class;missing:method;missing:grid_rationale_source;missing:structure_mapping_source;unsupported_method_in_this_entry;receptor_class_outside_this_adapter;candidate_specific_evidence_not_established;evidence_review_incomplete;structure_required,retain_raw_annotations; obtain_missing_predictor_evidence,Data-readiness decision; not a prediction of binding or failure
A0A0B4ZZM3,abstain_from_docking,missing:sequence_sha256;missing:target_taxon;missing:target_context;missing:receptor_identity;missing:receptor_class;missing:evidence_scope;missing:evidence_source;missing:reviewer;missing:reviewed_on;missing:ligand_identity;missing:ligand_class;missing:method;missing:grid_rationale_source;missing:structure_mapping_source;unsupported_method_in_this_entry;receptor_class_outside_this_adapter;candidate_specific_evidence_not_established;evidence_review_incomplete;structure_required,retain_raw_annotations; obtain_missing_predictor_evidence,Data-readiness decision; not a prediction of binding or failure
A0A449C619,abstain_from_docking,missing:sequence_sha256;missing:target_taxon;missing:target_context;missing:receptor_identity;missing:receptor_class;missing:evidence_scope;missing:evidence_source;missing:reviewer;missing:reviewed_on;missing:ligand_identity;missing:ligand_class;missing:method;missing:grid_rationale_source;missing:structure_mapping_source;unsupported_method_in_this_entry;receptor_class_outside_this_adapter;candidate_specific_evidence_not_established;evidence_review_incomplete;structure_required,retain_raw_annotations; obtain_missing_predictor_evidence,Data-readiness decision; not a prediction of binding or failure
I7LH90,abstain_from_docking,missing:sequence_sha256;missing:target_taxon;missing:target_context;missing:receptor_identity;missing:receptor_class;missing:evidence_scope;missing:evidence_source;missing:reviewer;missing:reviewed_on;missing:ligand_identity;missing:ligand_class;missing:method;missing:grid_rationale_source;missing:structure_mapping_source;unsupported_method_in_this_entry;receptor_class_outside_this_adapter;candidate_specific_evidence_not_established;evidence_review_incomplete;structure_required,retain_raw_annotations; obtain_missing_predictor_evidence,Data-readiness decision; not a prediction of binding or failure
A0AAE9FKC7,abstain_from_docking,missing:sequence_sha256;missing:target_taxon;missing:target_context;missing:receptor_identity;missing:receptor_class;missing:evidence_scope;missing:evidence_source;missing:reviewer;missing:reviewed_on;missing:ligand_identity;missing:ligand_class;missing:method;missing:grid_rationale_source;missing:structure_mapping_source;unsupported_method_in_this_entry;receptor_class_outside_this_adapter;candidate_specific_evidence_not_established;evidence_review_incomplete;structure_required,retain_raw_annotations; obtain_missing_predictor_evidence,Data-readiness decision; not a prediction of binding or failure
A1JNF1,abstain_from_docking,missing:sequence_sha256;missing:target_taxon;missing:target_context;missing:receptor_identity;missing:receptor_class;missing:evidence_scope;missing:evidence_source;missing:reviewer;missing:reviewed_on;missing:ligand_identity;missing:ligand_class;missing:method;missing:grid_rationale_source;missing:structure_mapping_source;unsupported_method_in_this_entry;receptor_class_outside_this_adapter;candidate_specific_evidence_not_established;evidence_review_incomplete;structure_required,retain_raw_annotations; obtain_missing_predictor_evidence,Data-readiness decision; not a prediction of binding or failure
A0A7D3QJ92,abstain_from_docking,missing:sequence_sha256;missing:target_taxon;missing:target_context;missing:receptor_identity;missing:receptor_class;missing:evidence_scope;missing:evidence_source;missing:reviewer;missing:reviewed_on;missing:ligand_identity;missing:ligand_class;missing:method;missing:grid_rationale_source;missing:structure_mapping_source;unsupported_method_in_this_entry;receptor_class_outside_this_adapter;candidate_specific_evidence_not_established;evidence_review_incomplete;structure_required,retain_raw_annotations; obtain_missing_predictor_evidence,Data-readiness decision; not a prediction of binding or failure
A0A6M3G874,abstain_from_docking,missing:sequence_sha256;missing:target_taxon;missing:target_context;missing:receptor_identity;missing:receptor_class;missing:evidence_scope;missing:evidence_source;missing:reviewer;missing:reviewed_on;missing:ligand_identity;missing:ligand_class;missing:method;missing:grid_rationale_source;missing:structure_mapping_source;unsupported_method_in_this_entry;receptor_class_outside_this_adapter;candidate_specific_evidence_not_established;evidence_review_incomplete;structure_required,retain_raw_annotations; obtain_missing_predictor_evidence,Data-readiness decision; not a prediction of binding or failure
S5ML49,abstain_from_docking,missing:sequence_sha256;missing:target_taxon;missing:target_context;missing:receptor_identity;missing:receptor_class;missing:evidence_scope;missing:evidence_source;missing:reviewer;missing:reviewed_on;missing:ligand_identity;missing:ligand_class;missing:method;missing:grid_rationale_source;missing:structure_mapping_source;unsupported_method_in_this_entry;receptor_class_outside_this_adapter;candidate_specific_evidence_not_established;evidence_review_incomplete;structure_required,retain_raw_annotations; obtain_missing_predictor_evidence,Data-readiness decision; not a prediction of binding or failure
A0A449C567,abstain_from_docking,missing:sequence_sha256;missing:target_taxon;missing:target_context;missing:receptor_identity;missing:receptor_class;missing:evidence_scope;missing:evidence_source;missing:reviewer;missing:reviewed_on;missing:ligand_identity;missing:ligand_class;missing:method;missing:grid_rationale_source;missing:structure_mapping_source;unsupported_method_in_this_entry;receptor_class_outside_this_adapter;candidate_specific_evidence_not_established;evidence_review_incomplete;structure_required,retain_raw_annotations; obtain_missing_predictor_evidence,Data-readiness decision; not a prediction of binding or failure
A0AAE6YNJ4,abstain_from_docking,missing:sequence_sha256;missing:target_taxon;missing:target_context;missing:receptor_identity;missing:receptor_class;missing:evidence_scope;missing:evidence_source;missing:reviewer;missing:reviewed_on;missing:ligand_identity;missing:ligand_class;missing:method;missing:grid_rationale_source;missing:structure_mapping_source;unsupported_method_in_this_entry;receptor_class_outside_this_adapter;candidate_specific_evidence_not_established;evidence_review_incomplete;structure_required,retain_raw_annotations; obtain_missing_predictor_evidence,Data-readiness decision; not a prediction of binding or failure
A0A6M3G8B9,abstain_from_docking,missing:sequence_sha256;missing:target_taxon;missing:target_context;missing:receptor_identity;missing:receptor_class;missing:evidence_scope;missing:evidence_source;missing:reviewer;missing:reviewed_on;missing:ligand_identity;missing:ligand_class;missing:method;missing:grid_rationale_source;missing:structure_mapping_source;unsupported_method_in_this_entry;receptor_class_outside_this_adapter;candidate_specific_evidence_not_established;evidence_review_incomplete;structure_required,retain_raw_annotations; obtain_missing_predictor_evidence,Data-readiness decision; not a prediction of binding or failure
A0A3B8DYI1,abstain_from_docking,missing:sequence_sha256;missing:target_taxon;missing:target_context;missing:receptor_identity;missing:receptor_class;missing:evidence_scope;missing:evidence_source;missing:reviewer;missing:reviewed_on;missing:ligand_identity;missing:ligand_class;missing:method;missing:grid_rationale_source;missing:structure_mapping_source;unsupported_method_in_this_entry;receptor_class_outside_this_adapter;candidate_specific_evidence_not_established;evidence_review_incomplete;structure_required,retain_raw_annotations; obtain_missing_predictor_evidence,Data-readiness decision; not a prediction of binding or failure
I7K3U3,abstain_from_docking,missing:sequence_sha256;missing:target_taxon;missing:target_context;missing:receptor_identity;missing:receptor_class;missing:evidence_scope;missing:evidence_source;missing:reviewer;missing:reviewed_on;missing:ligand_identity;missing:ligand_class;missing:method;missing:grid_rationale_source;missing:structure_mapping_source;unsupported_method_in_this_entry;receptor_class_outside_this_adapter;candidate_specific_evidence_not_established;evidence_review_incomplete;structure_required,retain_raw_annotations; obtain_missing_predictor_evidence,Data-readiness decision; not a prediction of binding or failure
I7KRG5,abstain_from_docking,missing:sequence_sha256;missing:target_taxon;missing:target_context;missing:receptor_identity;missing:receptor_class;missing:evidence_scope;missing:evidence_source;missing:reviewer;missing:reviewed_on;missing:ligand_identity;missing:ligand_class;missing:method;missing:grid_rationale_source;missing:structure_mapping_source;unsupported_method_in_this_entry;receptor_class_outside_this_adapter;candidate_specific_evidence_not_established;evidence_review_incomplete;structure_required,retain_raw_annotations; obtain_missing_predictor_evidence,Data-readiness decision; not a prediction of binding or failure
A0A1V0DXW6,abstain_from_docking,missing:sequence_sha256;missing:target_taxon;missing:target_context;missing:receptor_identity;missing:receptor_class;missing:evidence_scope;missing:evidence_source;missing:reviewer;missing:reviewed_on;missing:ligand_identity;missing:ligand_class;missing:method;missing:grid_rationale_source;missing:structure_mapping_source;unsupported_method_in_this_entry;receptor_class_outside_this_adapter;candidate_specific_evidence_not_established;evidence_review_incomplete;structure_required,retain_raw_annotations; obtain_missing_predictor_evidence,Data-readiness decision; not a prediction of binding or failure
I7K349,abstain_from_docking,missing:sequence_sha256;missing:target_taxon;missing:target_context;missing:receptor_identity;missing:receptor_class;missing:evidence_scope;missing:evidence_source;missing:reviewer;missing:reviewed_on;missing:ligand_identity;missing:ligand_class;missing:method;missing:grid_rationale_source;missing:structure_mapping_source;unsupported_method_in_this_entry;receptor_class_outside_this_adapter;candidate_specific_evidence_not_established;evidence_review_incomplete;structure_required,retain_raw_annotations; obtain_missing_predictor_evidence,Data-readiness decision; not a prediction of binding or failure
A0A449C4X7,abstain_from_docking,missing:sequence_sha256;missing:target_taxon;missing:target_context;missing:receptor_identity;missing:receptor_class;missing:evidence_scope;missing:evidence_source;missing:reviewer;missing:reviewed_on;missing:ligand_identity;missing:ligand_class;missing:method;missing:grid_rationale_source;missing:structure_mapping_source;unsupported_method_in_this_entry;receptor_class_outside_this_adapter;candidate_specific_evidence_not_established;evidence_review_incomplete;structure_required,retain_raw_annotations; obtain_missing_predictor_evidence,Data-readiness decision; not a prediction of binding or failure
S5M3D7,abstain_from_docking,missing:sequence_sha256;missing:target_taxon;missing:target_context;missing:receptor_identity;missing:receptor_class;missing:evidence_scope;missing:evidence_source;missing:reviewer;missing:reviewed_on;missing:ligand_identity;missing:ligand_class;missing:method;missing:grid_rationale_source;missing:structure_mapping_source;unsupported_method_in_this_entry;receptor_class_outside_this_adapter;candidate_specific_evidence_not_established;evidence_review_incomplete;structure_required,retain_raw_annotations; obtain_missing_predictor_evidence,Data-readiness decision; not a prediction of binding or failure
A0AAE9FSY2,abstain_from_docking,missing:sequence_sha256;missing:target_taxon;missing:target_context;missing:receptor_identity;missing:receptor_class;missing:evidence_scope;missing:evidence_source;missing:reviewer;missing:reviewed_on;missing:ligand_identity;missing:ligand_class;missing:method;missing:grid_rationale_source;missing:structure_mapping_source;unsupported_method_in_this_entry;receptor_class_outside_this_adapter;candidate_specific_evidence_not_established;evidence_review_incomplete;structure_required,retain_raw_annotations; obtain_missing_predictor_evidence,Data-readiness decision; not a prediction of binding or failure
A0A7U4GCC7,abstain_from_docking,missing:sequence_sha256;missing:target_taxon;missing:target_context;missing:receptor_identity;missing:receptor_class;missing:evidence_scope;missing:evidence_source;missing:reviewer;missing:reviewed_on;missing:ligand_identity;missing:ligand_class;missing:method;missing:grid_rationale_source;missing:structure_mapping_source;unsupported_method_in_this_entry;receptor_class_outside_this_adapter;candidate_specific_evidence_not_established;evidence_review_incomplete;structure_required,retain_raw_annotations; obtain_missing_predictor_evidence,Data-readiness decision; not a prediction of binding or failure
S5M7E4,abstain_from_docking,missing:sequence_sha256;missing:target_taxon;missing:target_context;missing:receptor_identity;missing:receptor_class;missing:evidence_scope;missing:evidence_source;missing:reviewer;missing:reviewed_on;missing:ligand_identity;missing:ligand_class;missing:method;missing:grid_rationale_source;missing:structure_mapping_source;unsupported_method_in_this_entry;receptor_class_outside_this_adapter;candidate_specific_evidence_not_established;evidence_review_incomplete;structure_required,retain_raw_annotations; obtain_missing_predictor_evidence,Data-readiness decision; not a prediction of binding or failure
A0A449C3W7,abstain_from_docking,missing:sequence_sha256;missing:target_taxon;missing:target_context;missing:receptor_identity;missing:receptor_class;missing:evidence_scope;missing:evidence_source;missing:reviewer;missing:reviewed_on;missing:ligand_identity;missing:ligand_class;missing:method;missing:grid_rationale_source;missing:structure_mapping_source;unsupported_method_in_this_entry;receptor_class_outside_this_adapter;candidate_specific_evidence_not_established;evidence_review_incomplete;structure_required,retain_raw_annotations; obtain_missing_predictor_evidence,Data-readiness decision; not a prediction of binding or failure
A0A449C5Z9,abstain_from_docking,missing:sequence_sha256;missing:target_taxon;missing:target_context;missing:receptor_identity;missing:receptor_class;missing:evidence_scope;missing:evidence_source;missing:reviewer;missing:reviewed_on;missing:ligand_identity;missing:ligand_class;missing:method;missing:grid_rationale_source;missing:structure_mapping_source;unsupported_method_in_this_entry;receptor_class_outside_this_adapter;candidate_specific_evidence_not_established;evidence_review_incomplete;structure_required,retain_raw_annotations; obtain_missing_predictor_evidence,Data-readiness decision; not a prediction of binding or failure
S5ML17,abstain_from_docking,missing:sequence_sha256;missing:target_taxon;missing:target_context;missing:receptor_identity;missing:receptor_class;missing:evidence_scope;missing:evidence_source;missing:reviewer;missing:reviewed_on;missing:ligand_identity;missing:ligand_class;missing:method;missing:grid_rationale_source;missing:structure_mapping_source;unsupported_method_in_this_entry;receptor_class_outside_this_adapter;candidate_specific_evidence_not_established;evidence_review_incomplete;structure_required,retain_raw_annotations; obtain_missing_predictor_evidence,Data-readiness decision; not a prediction of binding or failure
A0AAE9FRD5,abstain_from_docking,missing:sequence_sha256;missing:target_taxon;missing:target_context;missing:receptor_identity;missing:receptor_class;missing:evidence_scope;missing:evidence_source;missing:reviewer;missing:reviewed_on;missing:ligand_identity;missing:ligand_class;missing:method;missing:grid_rationale_source;missing:structure_mapping_source;unsupported_method_in_this_entry;receptor_class_outside_this_adapter;candidate_specific_evidence_not_established;evidence_review_incomplete;structure_required,retain_raw_annotations; obtain_missing_predictor_evidence,Data-readiness decision; not a prediction of binding or failure
A0A2C9CZQ3,abstain_from_docking,missing:sequence_sha256;missing:target_taxon;missing:target_context;missing:receptor_identity;missing:receptor_class;missing:evidence_scope;missing:evidence_source;missing:reviewer;missing:reviewed_on;missing:ligand_identity;missing:ligand_class;missing:method;missing:grid_rationale_source;missing:structure_mapping_source;unsupported_method_in_this_entry;receptor_class_outside_this_adapter;candidate_specific_evidence_not_established;evidence_review_incomplete;structure_required,retain_raw_annotations; obtain_missing_predictor_evidence,Data-readiness decision; not a prediction of binding or failure
A0AA86IYU9,abstain_from_docking,missing:sequence_sha256;missing:target_taxon;missing:target_context;missing:receptor_identity;missing:receptor_class;missing:evidence_scope;missing:evidence_source;missing:reviewer;missing:reviewed_on;missing:ligand_identity;missing:ligand_class;missing:method;missing:grid_rationale_source;missing:structure_mapping_source;unsupported_method_in_this_entry;receptor_class_outside_this_adapter;candidate_specific_evidence_not_established;evidence_review_incomplete;structure_required,retain_raw_annotations; obtain_missing_predictor_evidence,Data-readiness decision; not a prediction of binding or failure
A0A2C9CYF4,abstain_from_docking,missing:sequence_sha256;missing:target_taxon;missing:target_context;missing:receptor_identity;missing:receptor_class;missing:evidence_scope;missing:evidence_source;missing:reviewer;missing:reviewed_on;missing:ligand_identity;missing:ligand_class;missing:method;missing:grid_rationale_source;missing:structure_mapping_source;unsupported_method_in_this_entry;receptor_class_outside_this_adapter;candidate_specific_evidence_not_established;evidence_review_incomplete;structure_required,retain_raw_annotations; obtain_missing_predictor_evidence,Data-readiness decision; not a prediction of binding or failure
A0A3B8E1I5,abstain_from_docking,missing:sequence_sha256;missing:target_taxon;missing:target_context;missing:receptor_identity;missing:receptor_class;missing:evidence_scope;missing:evidence_source;missing:reviewer;missing:reviewed_on;missing:ligand_identity;missing:ligand_class;missing:method;missing:grid_rationale_source;missing:structure_mapping_source;unsupported_method_in_this_entry;receptor_class_outside_this_adapter;candidate_specific_evidence_not_established;evidence_review_incomplete;structure_required,retain_raw_annotations; obtain_missing_predictor_evidence,Data-readiness decision; not a prediction of binding or failure
A0A7U4GG50,abstain_from_docking,missing:sequence_sha256;missing:target_taxon;missing:target_context;missing:receptor_identity;missing:receptor_class;missing:evidence_scope;missing:evidence_source;missing:reviewer;missing:reviewed_on;missing:ligand_identity;missing:ligand_class;missing:method;missing:grid_rationale_source;missing:structure_mapping_source;unsupported_method_in_this_entry;receptor_class_outside_this_adapter;candidate_specific_evidence_not_established;evidence_review_incomplete;structure_required,retain_raw_annotations; obtain_missing_predictor_evidence,Data-readiness decision; not a prediction of binding or failure
I7J3Y3,abstain_from_docking,missing:sequence_sha256;missing:target_taxon;missing:target_context;missing:receptor_identity;missing:receptor_class;missing:evidence_scope;missing:evidence_source;missing:reviewer;missing:reviewed_on;missing:ligand_identity;missing:ligand_class;missing:method;missing:grid_rationale_source;missing:structure_mapping_source;unsupported_method_in_this_entry;receptor_class_outside_this_adapter;candidate_specific_evidence_not_established;evidence_review_incomplete;structure_required,retain_raw_annotations; obtain_missing_predictor_evidence,Data-readiness decision; not a prediction of binding or failure
I7KRT2,abstain_from_docking,missing:sequence_sha256;missing:target_taxon;missing:target_context;missing:receptor_identity;missing:receptor_class;missing:evidence_scope;missing:evidence_source;missing:reviewer;missing:reviewed_on;missing:ligand_identity;missing:ligand_class;missing:method;missing:grid_rationale_source;missing:structure_mapping_source;unsupported_method_in_this_entry;receptor_class_outside_this_adapter;candidate_specific_evidence_not_established;evidence_review_incomplete;structure_required,retain_raw_annotations; obtain_missing_predictor_evidence,Data-readiness decision; not a prediction of binding or failure
A0A7D3QKS7,abstain_from_docking,missing:sequence_sha256;missing:target_taxon;missing:target_context;missing:receptor_identity;missing:receptor_class;missing:evidence_scope;missing:evidence_source;missing:reviewer;missing:reviewed_on;missing:ligand_identity;missing:ligand_class;missing:method;missing:grid_rationale_source;missing:structure_mapping_source;unsupported_method_in_this_entry;receptor_class_outside_this_adapter;candidate_specific_evidence_not_established;evidence_review_incomplete;structure_required,retain_raw_annotations; obtain_missing_predictor_evidence,Data-readiness decision; not a prediction of binding or failure
A0A1V0DXV4,abstain_from_docking,missing:sequence_sha256;missing:target_taxon;missing:target_context;missing:receptor_identity;missing:receptor_class;missing:evidence_scope;missing:evidence_source;missing:reviewer;missing:reviewed_on;missing:ligand_identity;missing:ligand_class;missing:method;missing:grid_rationale_source;missing:structure_mapping_source;unsupported_method_in_this_entry;receptor_class_outside_this_adapter;candidate_specific_evidence_not_established;evidence_review_incomplete;structure_required,retain_raw_annotations; obtain_missing_predictor_evidence,Data-readiness decision; not a prediction of binding or failure
A0A7U4GDH6,abstain_from_docking,missing:sequence_sha256;missing:target_taxon;missing:target_context;missing:receptor_identity;missing:receptor_class;missing:evidence_scope;missing:evidence_source;missing:reviewer;missing:reviewed_on;missing:ligand_identity;missing:ligand_class;missing:method;missing:grid_rationale_source;missing:structure_mapping_source;unsupported_method_in_this_entry;receptor_class_outside_this_adapter;candidate_specific_evidence_not_established;evidence_review_incomplete;structure_required,retain_raw_annotations; obtain_missing_predictor_evidence,Data-readiness decision; not a prediction of binding or failure
A0A0H3NQY6,abstain_from_docking,missing:sequence_sha256;missing:target_taxon;missing:target_context;missing:receptor_identity;missing:receptor_class;missing:evidence_scope;missing:evidence_source;missing:reviewer;missing:reviewed_on;missing:ligand_identity;missing:ligand_class;missing:method;missing:grid_rationale_source;missing:structure_mapping_source;unsupported_method_in_this_entry;receptor_class_outside_this_adapter;candidate_specific_evidence_not_established;evidence_review_incomplete;structure_required,retain_raw_annotations; obtain_missing_predictor_evidence,Data-readiness decision; not a prediction of binding or failure
A0A449C532,abstain_from_docking,missing:sequence_sha256;missing:target_taxon;missing:target_context;missing:receptor_identity;missing:receptor_class;missing:evidence_scope;missing:evidence_source;missing:reviewer;missing:reviewed_on;missing:ligand_identity;missing:ligand_class;missing:method;missing:grid_rationale_source;missing:structure_mapping_source;unsupported_method_in_this_entry;receptor_class_outside_this_adapter;candidate_specific_evidence_not_established;evidence_review_incomplete;structure_required,retain_raw_annotations; obtain_missing_predictor_evidence,Data-readiness decision; not a prediction of binding or failure
A0AAE7TQG4,abstain_from_docking,missing:sequence_sha256;missing:target_taxon;missing:target_context;missing:receptor_identity;missing:receptor_class;missing:evidence_scope;missing:evidence_source;missing:reviewer;missing:reviewed_on;missing:ligand_identity;missing:ligand_class;missing:method;missing:grid_rationale_source;missing:structure_mapping_source;unsupported_method_in_this_entry;receptor_class_outside_this_adapter;candidate_specific_evidence_not_established;evidence_review_incomplete;structure_required,retain_raw_annotations; obtain_missing_predictor_evidence,Data-readiness decision; not a prediction of binding or failure
A0A449C648,abstain_from_docking,missing:sequence_sha256;missing:target_taxon;missing:target_context;missing:receptor_identity;missing:receptor_class;missing:evidence_scope;missing:evidence_source;missing:reviewer;missing:reviewed_on;missing:ligand_identity;missing:ligand_class;missing:method;missing:grid_rationale_source;missing:structure_mapping_source;unsupported_method_in_this_entry;receptor_class_outside_this_adapter;candidate_specific_evidence_not_established;evidence_review_incomplete;structure_required,retain_raw_annotations; obtain_missing_predictor_evidence,Data-readiness decision; not a prediction of binding or failure
I7LF14,abstain_from_docking,missing:sequence_sha256;missing:target_taxon;missing:target_context;missing:receptor_identity;missing:receptor_class;missing:evidence_scope;missing:evidence_source;missing:reviewer;missing:reviewed_on;missing:ligand_identity;missing:ligand_class;missing:method;missing:grid_rationale_source;missing:structure_mapping_source;unsupported_method_in_this_entry;receptor_class_outside_this_adapter;candidate_specific_evidence_not_established;evidence_review_incomplete;structure_required,retain_raw_annotations; obtain_missing_predictor_evidence,Data-readiness decision; not a prediction of binding or failure
A0A3B8DL36,abstain_from_docking,missing:sequence_sha256;missing:target_taxon;missing:target_context;missing:receptor_identity;missing:receptor_class;missing:evidence_scope;missing:evidence_source;missing:reviewer;missing:reviewed_on;missing:ligand_identity;missing:ligand_class;missing:method;missing:grid_rationale_source;missing:structure_mapping_source;unsupported_method_in_this_entry;receptor_class_outside_this_adapter;candidate_specific_evidence_not_established;evidence_review_incomplete;structure_required,retain_raw_annotations; obtain_missing_predictor_evidence,Data-readiness decision; not a prediction of binding or failure
A0AAE7TR04,abstain_from_docking,missing:sequence_sha256;missing:target_taxon;missing:target_context;missing:receptor_identity;missing:receptor_class;missing:evidence_scope;missing:evidence_source;missing:reviewer;missing:reviewed_on;missing:ligand_identity;missing:ligand_class;missing:method;missing:grid_rationale_source;missing:structure_mapping_source;unsupported_method_in_this_entry;receptor_class_outside_this_adapter;candidate_specific_evidence_not_established;evidence_review_incomplete;structure_required,retain_raw_annotations; obtain_missing_predictor_evidence,Data-readiness decision; not a prediction of binding or failure
A0AAE7PH03,abstain_from_docking,missing:sequence_sha256;missing:target_taxon;missing:target_context;missing:receptor_identity;missing:receptor_class;missing:evidence_scope;missing:evidence_source;missing:reviewer;missing:reviewed_on;missing:ligand_identity;missing:ligand_class;missing:method;missing:grid_rationale_source;missing:structure_mapping_source;unsupported_method_in_this_entry;receptor_class_outside_this_adapter;candidate_specific_evidence_not_established;evidence_review_incomplete;structure_required,retain_raw_annotations; obtain_missing_predictor_evidence,Data-readiness decision; not a prediction of binding or failure
A0AAE6YNV4,abstain_from_docking,missing:sequence_sha256;missing:target_taxon;missing:target_context;missing:receptor_identity;missing:receptor_class;missing:evidence_scope;missing:evidence_source;missing:reviewer;missing:reviewed_on;missing:ligand_identity;missing:ligand_class;missing:method;missing:grid_rationale_source;missing:structure_mapping_source;unsupported_method_in_this_entry;receptor_class_outside_this_adapter;candidate_specific_evidence_not_established;evidence_review_incomplete;structure_required,retain_raw_annotations; obtain_missing_predictor_evidence,Data-readiness decision; not a prediction of binding or failure
I6Q8T5,abstain_from_docking,missing:sequence_sha256;missing:target_taxon;missing:target_context;missing:receptor_identity;missing:receptor_class;missing:evidence_scope;missing:evidence_source;missing:reviewer;missing:reviewed_on;missing:ligand_identity;missing:ligand_class;missing:method;missing:grid_rationale_source;missing:structure_mapping_source;unsupported_method_in_this_entry;receptor_class_outside_this_adapter;candidate_specific_evidence_not_established;evidence_review_incomplete;structure_required,retain_raw_annotations; obtain_missing_predictor_evidence,Data-readiness decision; not a prediction of binding or failure
A0A1V0DXR4,abstain_from_docking,missing:sequence_sha256;missing:target_taxon;missing:target_context;missing:receptor_identity;missing:receptor_class;missing:evidence_scope;missing:evidence_source;missing:reviewer;missing:reviewed_on;missing:ligand_identity;missing:ligand_class;missing:method;missing:grid_rationale_source;missing:structure_mapping_source;unsupported_method_in_this_entry;receptor_class_outside_this_adapter;candidate_specific_evidence_not_established;evidence_review_incomplete;structure_required,retain_raw_annotations; obtain_missing_predictor_evidence,Data-readiness decision; not a prediction of binding or failure
F4N708,abstain_from_docking,missing:sequence_sha256;missing:target_taxon;missing:target_context;missing:receptor_identity;missing:receptor_class;missing:evidence_scope;missing:evidence_source;missing:reviewer;missing:reviewed_on;missing:ligand_identity;missing:ligand_class;missing:method;missing:grid_rationale_source;missing:structure_mapping_source;unsupported_method_in_this_entry;receptor_class_outside_this_adapter;candidate_specific_evidence_not_established;evidence_review_incomplete;structure_required,retain_raw_annotations; obtain_missing_predictor_evidence,Data-readiness decision; not a prediction of binding or failure
A0A449C3X5,abstain_from_docking,missing:sequence_sha256;missing:target_taxon;missing:target_context;missing:receptor_identity;missing:receptor_class;missing:evidence_scope;missing:evidence_source;missing:reviewer;missing:reviewed_on;missing:ligand_identity;missing:ligand_class;missing:method;missing:grid_rationale_source;missing:structure_mapping_source;unsupported_method_in_this_entry;receptor_class_outside_this_adapter;candidate_specific_evidence_not_established;evidence_review_incomplete;structure_required,retain_raw_annotations; obtain_missing_predictor_evidence,Data-readiness decision; not a prediction of binding or failure
A0AAE9JXJ1,abstain_from_docking,missing:sequence_sha256;missing:target_taxon;missing:target_context;missing:receptor_identity;missing:receptor_class;missing:evidence_scope;missing:evidence_source;missing:reviewer;missing:reviewed_on;missing:ligand_identity;missing:ligand_class;missing:method;missing:grid_rationale_source;missing:structure_mapping_source;unsupported_method_in_this_entry;receptor_class_outside_this_adapter;candidate_specific_evidence_not_established;evidence_review_incomplete;structure_required,retain_raw_annotations; obtain_missing_predictor_evidence,Data-readiness decision; not a prediction of binding or failure
A0A449C469,abstain_from_docking,missing:sequence_sha256;missing:target_taxon;missing:target_context;missing:receptor_identity;missing:receptor_class;missing:evidence_scope;missing:evidence_source;missing:reviewer;missing:reviewed_on;missing:ligand_identity;missing:ligand_class;missing:method;missing:grid_rationale_source;missing:structure_mapping_source;unsupported_method_in_this_entry;receptor_class_outside_this_adapter;candidate_specific_evidence_not_established;evidence_review_incomplete;structure_required,retain_raw_annotations; obtain_missing_predictor_evidence,Data-readiness decision; not a prediction of binding or failure
A0A449C5X9,abstain_from_docking,missing:sequence_sha256;missing:target_taxon;missing:target_context;missing:receptor_identity;missing:receptor_class;missing:evidence_scope;missing:evidence_source;missing:reviewer;missing:reviewed_on;missing:ligand_identity;missing:ligand_class;missing:method;missing:grid_rationale_source;missing:structure_mapping_source;unsupported_method_in_this_entry;receptor_class_outside_this_adapter;candidate_specific_evidence_not_established;evidence_review_incomplete;structure_required,retain_raw_annotations; obtain_missing_predictor_evidence,Data-readiness decision; not a prediction of binding or failure
A0A449C542,abstain_from_docking,missing:sequence_sha256;missing:target_taxon;missing:target_context;missing:receptor_identity;missing:receptor_class;missing:evidence_scope;missing:evidence_source;missing:reviewer;missing:reviewed_on;missing:ligand_identity;missing:ligand_class;missing:method;missing:grid_rationale_source;missing:structure_mapping_source;unsupported_method_in_this_entry;receptor_class_outside_this_adapter;candidate_specific_evidence_not_established;evidence_review_incomplete;structure_required,retain_raw_annotations; obtain_missing_predictor_evidence,Data-readiness decision; not a prediction of binding or failure
A0A3B8DYS4,abstain_from_docking,missing:sequence_sha256;missing:target_taxon;missing:target_context;missing:receptor_identity;missing:receptor_class;missing:evidence_scope;missing:evidence_source;missing:reviewer;missing:reviewed_on;missing:ligand_identity;missing:ligand_class;missing:method;missing:grid_rationale_source;missing:structure_mapping_source;unsupported_method_in_this_entry;receptor_class_outside_this_adapter;candidate_specific_evidence_not_established;evidence_review_incomplete;structure_required,retain_raw_annotations; obtain_missing_predictor_evidence,Data-readiness decision; not a prediction of binding or failure
A0A449C597,abstain_from_docking,missing:sequence_sha256;missing:target_taxon;missing:target_context;missing:receptor_identity;missing:receptor_class;missing:evidence_scope;missing:evidence_source;missing:reviewer;missing:reviewed_on;missing:ligand_identity;missing:ligand_class;missing:method;missing:grid_rationale_source;missing:structure_mapping_source;unsupported_method_in_this_entry;receptor_class_outside_this_adapter;candidate_specific_evidence_not_established;evidence_review_incomplete;structure_required,retain_raw_annotations; obtain_missing_predictor_evidence,Data-readiness decision; not a prediction of binding or failure
A0A0B5A4M1,abstain_from_docking,missing:sequence_sha256;missing:target_taxon;missing:target_context;missing:receptor_identity;missing:receptor_class;missing:evidence_scope;missing:evidence_source;missing:reviewer;missing:reviewed_on;missing:ligand_identity;missing:ligand_class;missing:method;missing:grid_rationale_source;missing:structure_mapping_source;unsupported_method_in_this_entry;receptor_class_outside_this_adapter;candidate_specific_evidence_not_established;evidence_review_incomplete;structure_required,retain_raw_annotations; obtain_missing_predictor_evidence,Data-readiness decision; not a prediction of binding or failure
A0A0B5A2T1,abstain_from_docking,missing:sequence_sha256;missing:target_taxon;missing:target_context;missing:receptor_identity;missing:receptor_class;missing:evidence_scope;missing:evidence_source;missing:reviewer;missing:reviewed_on;missing:ligand_identity;missing:ligand_class;missing:method;missing:grid_rationale_source;missing:structure_mapping_source;unsupported_method_in_this_entry;receptor_class_outside_this_adapter;candidate_specific_evidence_not_established;evidence_review_incomplete;structure_required,retain_raw_annotations; obtain_missing_predictor_evidence,Data-readiness decision; not a prediction of binding or failure
A0A7U4GDF9,abstain_from_docking,missing:sequence_sha256;missing:target_taxon;missing:target_context;missing:receptor_identity;missing:receptor_class;missing:evidence_scope;missing:evidence_source;missing:reviewer;missing:reviewed_on;missing:ligand_identity;missing:ligand_class;missing:method;missing:grid_rationale_source;missing:structure_mapping_source;unsupported_method_in_this_entry;receptor_class_outside_this_adapter;candidate_specific_evidence_not_established;evidence_review_incomplete;structure_required,retain_raw_annotations; obtain_missing_predictor_evidence,Data-readiness decision; not a prediction of binding or failure
A0A3B8DYH7,abstain_from_docking,missing:sequence_sha256;missing:target_taxon;missing:target_context;missing:receptor_identity;missing:receptor_class;missing:evidence_scope;missing:evidence_source;missing:reviewer;missing:reviewed_on;missing:ligand_identity;missing:ligand_class;missing:method;missing:grid_rationale_source;missing:structure_mapping_source;unsupported_method_in_this_entry;receptor_class_outside_this_adapter;candidate_specific_evidence_not_established;evidence_review_incomplete;structure_required,retain_raw_annotations; obtain_missing_predictor_evidence,Data-readiness decision; not a prediction of binding or failure
A0A2D0PDX6,abstain_from_docking,missing:sequence_sha256;missing:target_taxon;missing:target_context;missing:receptor_identity;missing:receptor_class;missing:evidence_scope;missing:evidence_source;missing:reviewer;missing:reviewed_on;missing:ligand_identity;missing:ligand_class;missing:method;missing:grid_rationale_source;missing:structure_mapping_source;unsupported_method_in_this_entry;receptor_class_outside_this_adapter;candidate_specific_evidence_not_established;evidence_review_incomplete;structure_required,retain_raw_annotations; obtain_missing_predictor_evidence,Data-readiness decision; not a prediction of binding or failure
S5M7K0,abstain_from_docking,missing:sequence_sha256;missing:target_taxon;missing:target_context;missing:receptor_identity;missing:receptor_class;missing:evidence_scope;missing:evidence_source;missing:reviewer;missing:reviewed_on;missing:ligand_identity;missing:ligand_class;missing:method;missing:grid_rationale_source;missing:structure_mapping_source;unsupported_method_in_this_entry;receptor_class_outside_this_adapter;candidate_specific_evidence_not_established;evidence_review_incomplete;structure_required,retain_raw_annotations; obtain_missing_predictor_evidence,Data-readiness decision; not a prediction of binding or failure
A0A7D3UL75,abstain_from_docking,missing:sequence_sha256;missing:target_taxon;missing:target_context;missing:receptor_identity;missing:receptor_class;missing:evidence_scope;missing:evidence_source;missing:reviewer;missing:reviewed_on;missing:ligand_identity;missing:ligand_class;missing:method;missing:grid_rationale_source;missing:structure_mapping_source;unsupported_method_in_this_entry;receptor_class_outside_this_adapter;candidate_specific_evidence_not_established;evidence_review_incomplete;structure_required,retain_raw_annotations; obtain_missing_predictor_evidence,Data-readiness decision; not a prediction of binding or failure
A0AAE7V5W0,abstain_from_docking,missing:sequence_sha256;missing:target_taxon;missing:target_context;missing:receptor_identity;missing:receptor_class;missing:evidence_scope;missing:evidence_source;missing:reviewer;missing:reviewed_on;missing:ligand_identity;missing:ligand_class;missing:method;missing:grid_rationale_source;missing:structure_mapping_source;unsupported_method_in_this_entry;receptor_class_outside_this_adapter;candidate_specific_evidence_not_established;evidence_review_incomplete;structure_required,retain_raw_annotations; obtain_missing_predictor_evidence,Data-readiness decision; not a prediction of binding or failure
A0A9P1PUV5,abstain_from_docking,missing:sequence_sha256;missing:target_taxon;missing:target_context;missing:receptor_identity;missing:receptor_class;missing:evidence_scope;missing:evidence_source;missing:reviewer;missing:reviewed_on;missing:ligand_identity;missing:ligand_class;missing:method;missing:grid_rationale_source;missing:structure_mapping_source;unsupported_method_in_this_entry;receptor_class_outside_this_adapter;candidate_specific_evidence_not_established;evidence_review_incomplete;structure_required,retain_raw_annotations; obtain_missing_predictor_evidence,Data-readiness decision; not a prediction of binding or failure
A0AAE7S224,abstain_from_docking,missing:sequence_sha256;missing:target_taxon;missing:target_context;missing:receptor_identity;missing:receptor_class;missing:evidence_scope;missing:evidence_source;missing:reviewer;missing:reviewed_on;missing:ligand_identity;missing:ligand_class;missing:method;missing:grid_rationale_source;missing:structure_mapping_source;unsupported_method_in_this_entry;receptor_class_outside_this_adapter;candidate_specific_evidence_not_established;evidence_review_incomplete;structure_required,retain_raw_annotations; obtain_missing_predictor_evidence,Data-readiness decision; not a prediction of binding or failure
A0ABP1YI01,abstain_from_docking,missing:sequence_sha256;missing:target_taxon;missing:target_context;missing:receptor_identity;missing:receptor_class;missing:evidence_scope;missing:evidence_source;missing:reviewer;missing:reviewed_on;missing:ligand_identity;missing:ligand_class;missing:method;missing:grid_rationale_source;missing:structure_mapping_source;unsupported_method_in_this_entry;receptor_class_outside_this_adapter;candidate_specific_evidence_not_established;evidence_review_incomplete;structure_required,retain_raw_annotations; obtain_missing_predictor_evidence,Data-readiness decision; not a prediction of binding or failure
A0A449C541,abstain_from_docking,missing:sequence_sha256;missing:target_taxon;missing:target_context;missing:receptor_identity;missing:receptor_class;missing:evidence_scope;missing:evidence_source;missing:reviewer;missing:reviewed_on;missing:ligand_identity;missing:ligand_class;missing:method;missing:grid_rationale_source;missing:structure_mapping_source;unsupported_method_in_this_entry;receptor_class_outside_this_adapter;candidate_specific_evidence_not_established;evidence_review_incomplete;structure_required,retain_raw_annotations; obtain_missing_predictor_evidence,Data-readiness decision; not a prediction of binding or failure
A0A2C9CYV8,abstain_from_docking,missing:sequence_sha256;missing:target_taxon;missing:target_context;missing:receptor_identity;missing:receptor_class;missing:evidence_scope;missing:evidence_source;missing:reviewer;missing:reviewed_on;missing:ligand_identity;missing:ligand_class;missing:method;missing:grid_rationale_source;missing:structure_mapping_source;unsupported_method_in_this_entry;receptor_class_outside_this_adapter;candidate_specific_evidence_not_established;evidence_review_incomplete;structure_required,retain_raw_annotations; obtain_missing_predictor_evidence,Data-readiness decision; not a prediction of binding or failure
A0A0B4ZZK4,abstain_from_docking,missing:sequence_sha256;missing:target_taxon;missing:target_context;missing:receptor_identity;missing:receptor_class;missing:evidence_scope;missing:evidence_source;missing:reviewer;missing:reviewed_on;missing:ligand_identity;missing:ligand_class;missing:method;missing:grid_rationale_source;missing:structure_mapping_source;unsupported_method_in_this_entry;receptor_class_outside_this_adapter;candidate_specific_evidence_not_established;evidence_review_incomplete;structure_required,retain_raw_annotations; obtain_missing_predictor_evidence,Data-readiness decision; not a prediction of binding or failure
A0ABP1YEP8,abstain_from_docking,missing:sequence_sha256;missing:target_taxon;missing:target_context;missing:receptor_identity;missing:receptor_class;missing:evidence_scope;missing:evidence_source;missing:reviewer;missing:reviewed_on;missing:ligand_identity;missing:ligand_class;missing:method;missing:grid_rationale_source;missing:structure_mapping_source;unsupported_method_in_this_entry;receptor_class_outside_this_adapter;candidate_specific_evidence_not_established;evidence_review_incomplete;structure_required,retain_raw_annotations; obtain_missing_predictor_evidence,Data-readiness decision; not a prediction of binding or failure
A0AAE9FQP6,abstain_from_docking,missing:sequence_sha256;missing:target_taxon;missing:target_context;missing:receptor_identity;missing:receptor_class;missing:evidence_scope;missing:evidence_source;missing:reviewer;missing:reviewed_on;missing:ligand_identity;missing:ligand_class;missing:method;missing:grid_rationale_source;missing:structure_mapping_source;unsupported_method_in_this_entry;receptor_class_outside_this_adapter;candidate_specific_evidence_not_established;evidence_review_incomplete;structure_required,retain_raw_annotations; obtain_missing_predictor_evidence,Data-readiness decision; not a prediction of binding or failure
A0AAE7V7A7,abstain_from_docking,missing:sequence_sha256;missing:target_taxon;missing:target_context;missing:receptor_identity;missing:receptor_class;missing:evidence_scope;missing:evidence_source;missing:reviewer;missing:reviewed_on;missing:ligand_identity;missing:ligand_class;missing:method;missing:grid_rationale_source;missing:structure_mapping_source;unsupported_method_in_this_entry;receptor_class_outside_this_adapter;candidate_specific_evidence_not_established;evidence_review_incomplete;structure_required,retain_raw_annotations; obtain_missing_predictor_evidence,Data-readiness decision; not a prediction of binding or failure
A0AA86J4Z9,abstain_from_docking,missing:sequence_sha256;missing:target_taxon;missing:target_context;missing:receptor_identity;missing:receptor_class;missing:evidence_scope;missing:evidence_source;missing:reviewer;missing:reviewed_on;missing:ligand_identity;missing:ligand_class;missing:method;missing:grid_rationale_source;missing:structure_mapping_source;unsupported_method_in_this_entry;receptor_class_outside_this_adapter;candidate_specific_evidence_not_established;evidence_review_incomplete;structure_required,retain_raw_annotations; obtain_missing_predictor_evidence,Data-readiness decision; not a prediction of binding or failure
A0AAX4M766,abstain_from_docking,missing:sequence_sha256;missing:target_taxon;missing:target_context;missing:receptor_identity;missing:receptor_class;missing:evidence_scope;missing:evidence_source;missing:reviewer;missing:reviewed_on;missing:ligand_identity;missing:ligand_class;missing:method;missing:grid_rationale_source;missing:structure_mapping_source;unsupported_method_in_this_entry;receptor_class_outside_this_adapter;candidate_specific_evidence_not_established;evidence_review_incomplete;structure_required,retain_raw_annotations; obtain_missing_predictor_evidence,Data-readiness decision; not a prediction of binding or failure
A0AAX4M771,abstain_from_docking,missing:sequence_sha256;missing:target_taxon;missing:target_context;missing:receptor_identity;missing:receptor_class;missing:evidence_scope;missing:evidence_source;missing:reviewer;missing:reviewed_on;missing:ligand_identity;missing:ligand_class;missing:method;missing:grid_rationale_source;missing:structure_mapping_source;unsupported_method_in_this_entry;receptor_class_outside_this_adapter;candidate_specific_evidence_not_established;evidence_review_incomplete;structure_required,retain_raw_annotations; obtain_missing_predictor_evidence,Data-readiness decision; not a prediction of binding or failure
A0A0B4ZXG6,abstain_from_docking,missing:sequence_sha256;missing:target_taxon;missing:target_context;missing:receptor_identity;missing:receptor_class;missing:evidence_scope;missing:evidence_source;missing:reviewer;missing:reviewed_on;missing:ligand_identity;missing:ligand_class;missing:method;missing:grid_rationale_source;missing:structure_mapping_source;unsupported_method_in_this_entry;receptor_class_outside_this_adapter;candidate_specific_evidence_not_established;evidence_review_incomplete;structure_required,retain_raw_annotations; obtain_missing_predictor_evidence,Data-readiness decision; not a prediction of binding or failure
A0AAE9FPR6,abstain_from_docking,missing:sequence_sha256;missing:target_taxon;missing:target_context;missing:receptor_identity;missing:receptor_class;missing:evidence_scope;missing:evidence_source;missing:reviewer;missing:reviewed_on;missing:ligand_identity;missing:ligand_class;missing:method;missing:grid_rationale_source;missing:structure_mapping_source;unsupported_method_in_this_entry;receptor_class_outside_this_adapter;candidate_specific_evidence_not_established;evidence_review_incomplete;structure_required,retain_raw_annotations; obtain_missing_predictor_evidence,Data-readiness decision; not a prediction of binding or failure
A1JK73,abstain_from_docking,missing:sequence_sha256;missing:target_taxon;missing:target_context;missing:receptor_identity;missing:receptor_class;missing:evidence_scope;missing:evidence_source;missing:reviewer;missing:reviewed_on;missing:ligand_identity;missing:ligand_class;missing:method;missing:grid_rationale_source;missing:structure_mapping_source;unsupported_method_in_this_entry;receptor_class_outside_this_adapter;candidate_specific_evidence_not_established;evidence_review_incomplete;structure_required,retain_raw_annotations; obtain_missing_predictor_evidence,Data-readiness decision; not a prediction of binding or failure
A0AA86J574,abstain_from_docking,missing:sequence_sha256;missing:target_taxon;missing:target_context;missing:receptor_identity;missing:receptor_class;missing:evidence_scope;missing:evidence_source;missing:reviewer;missing:reviewed_on;missing:ligand_identity;missing:ligand_class;missing:method;missing:grid_rationale_source;missing:structure_mapping_source;unsupported_method_in_this_entry;receptor_class_outside_this_adapter;candidate_specific_evidence_not_established;evidence_review_incomplete;structure_required,retain_raw_annotations; obtain_missing_predictor_evidence,Data-readiness decision; not a prediction of binding or failure
I7KRB0,abstain_from_docking,missing:sequence_sha256;missing:target_taxon;missing:target_context;missing:receptor_identity;missing:receptor_class;missing:evidence_scope;missing:evidence_source;missing:reviewer;missing:reviewed_on;missing:ligand_identity;missing:ligand_class;missing:method;missing:grid_rationale_source;missing:structure_mapping_source;unsupported_method_in_this_entry;receptor_class_outside_this_adapter;candidate_specific_evidence_not_established;evidence_review_incomplete;structure_required,retain_raw_annotations; obtain_missing_predictor_evidence,Data-readiness decision; not a prediction of binding or failure
A0AAE6YPB5,abstain_from_docking,missing:sequence_sha256;missing:target_taxon;missing:target_context;missing:receptor_identity;missing:receptor_class;missing:evidence_scope;missing:evidence_source;missing:reviewer;missing:reviewed_on;missing:ligand_identity;missing:ligand_class;missing:method;missing:grid_rationale_source;missing:structure_mapping_source;unsupported_method_in_this_entry;receptor_class_outside_this_adapter;candidate_specific_evidence_not_established;evidence_review_incomplete;structure_required,retain_raw_annotations; obtain_missing_predictor_evidence,Data-readiness decision; not a prediction of binding or failure
A0A6M3G945,abstain_from_docking,missing:sequence_sha256;missing:target_taxon;missing:target_context;missing:receptor_identity;missing:receptor_class;missing:evidence_scope;missing:evidence_source;missing:reviewer;missing:reviewed_on;missing:ligand_identity;missing:ligand_class;missing:method;missing:grid_rationale_source;missing:structure_mapping_source;unsupported_method_in_this_entry;receptor_class_outside_this_adapter;candidate_specific_evidence_not_established;evidence_review_incomplete;structure_required,retain_raw_annotations; obtain_missing_predictor_evidence,Data-readiness decision; not a prediction of binding or failure
S5MRE0,abstain_from_docking,missing:sequence_sha256;missing:target_taxon;missing:target_context;missing:receptor_identity;missing:receptor_class;missing:evidence_scope;missing:evidence_source;missing:reviewer;missing:reviewed_on;missing:ligand_identity;missing:ligand_class;missing:method;missing:grid_rationale_source;missing:structure_mapping_source;unsupported_method_in_this_entry;receptor_class_outside_this_adapter;candidate_specific_evidence_not_established;evidence_review_incomplete;structure_required,retain_raw_annotations; obtain_missing_predictor_evidence,Data-readiness decision; not a prediction of binding or failure
A0AAE9FV72,abstain_from_docking,missing:sequence_sha256;missing:target_taxon;missing:target_context;missing:receptor_identity;missing:receptor_class;missing:evidence_scope;missing:evidence_source;missing:reviewer;missing:reviewed_on;missing:ligand_identity;missing:ligand_class;missing:method;missing:grid_rationale_source;missing:structure_mapping_source;unsupported_method_in_this_entry;receptor_class_outside_this_adapter;candidate_specific_evidence_not_established;evidence_review_incomplete;structure_required,retain_raw_annotations; obtain_missing_predictor_evidence,Data-readiness decision; not a prediction of binding or failure
A0A3B8E5R1,abstain_from_docking,missing:sequence_sha256;missing:target_taxon;missing:target_context;missing:receptor_identity;missing:receptor_class;missing:evidence_scope;missing:evidence_source;missing:reviewer;missing:reviewed_on;missing:ligand_identity;missing:ligand_class;missing:method;missing:grid_rationale_source;missing:structure_mapping_source;unsupported_method_in_this_entry;receptor_class_outside_this_adapter;candidate_specific_evidence_not_established;evidence_review_incomplete;structure_required,retain_raw_annotations; obtain_missing_predictor_evidence,Data-readiness decision; not a prediction of binding or failure
A0AAE9FSV4,abstain_from_docking,missing:sequence_sha256;missing:target_taxon;missing:target_context;missing:receptor_identity;missing:receptor_class;missing:evidence_scope;missing:evidence_source;missing:reviewer;missing:reviewed_on;missing:ligand_identity;missing:ligand_class;missing:method;missing:grid_rationale_source;missing:structure_mapping_source;unsupported_method_in_this_entry;receptor_class_outside_this_adapter;candidate_specific_evidence_not_established;evidence_review_incomplete;structure_required,retain_raw_annotations; obtain_missing_predictor_evidence,Data-readiness decision; not a prediction of binding or failure
A0ABP1XZ23,abstain_from_docking,missing:sequence_sha256;missing:target_taxon;missing:target_context;missing:receptor_identity;missing:receptor_class;missing:evidence_scope;missing:evidence_source;missing:reviewer;missing:reviewed_on;missing:ligand_identity;missing:ligand_class;missing:method;missing:grid_rationale_source;missing:structure_mapping_source;unsupported_method_in_this_entry;receptor_class_outside_this_adapter;candidate_specific_evidence_not_established;evidence_review_incomplete;structure_required,retain_raw_annotations; obtain_missing_predictor_evidence,Data-readiness decision; not a prediction of binding or failure
I7LEG3,abstain_from_docking,missing:sequence_sha256;missing:target_taxon;missing:target_context;missing:receptor_identity;missing:receptor_class;missing:evidence_scope;missing:evidence_source;missing:reviewer;missing:reviewed_on;missing:ligand_identity;missing:ligand_class;missing:method;missing:grid_rationale_source;missing:structure_mapping_source;unsupported_method_in_this_entry;receptor_class_outside_this_adapter;candidate_specific_evidence_not_established;evidence_review_incomplete;structure_required,retain_raw_annotations; obtain_missing_predictor_evidence,Data-readiness decision; not a prediction of binding or failure
A0A9P1UYK8,abstain_from_docking,missing:sequence_sha256;missing:target_taxon;missing:target_context;missing:receptor_identity;missing:receptor_class;missing:evidence_scope;missing:evidence_source;missing:reviewer;missing:reviewed_on;missing:ligand_identity;missing:ligand_class;missing:method;missing:grid_rationale_source;missing:structure_mapping_source;unsupported_method_in_this_entry;receptor_class_outside_this_adapter;candidate_specific_evidence_not_established;evidence_review_incomplete;structure_required,retain_raw_annotations; obtain_missing_predictor_evidence,Data-readiness decision; not a prediction of binding or failure
A0ABM9SIE6,abstain_from_docking,missing:sequence_sha256;missing:target_taxon;missing:target_context;missing:receptor_identity;missing:receptor_class;missing:evidence_scope;missing:evidence_source;missing:reviewer;missing:reviewed_on;missing:ligand_identity;missing:ligand_class;missing:method;missing:grid_rationale_source;missing:structure_mapping_source;unsupported_method_in_this_entry;receptor_class_outside_this_adapter;candidate_specific_evidence_not_established;evidence_review_incomplete;structure_required,retain_raw_annotations; obtain_missing_predictor_evidence,Data-readiness decision; not a prediction of binding or failure
A0A449C473,abstain_from_docking,missing:sequence_sha256;missing:target_taxon;missing:target_context;missing:receptor_identity;missing:receptor_class;missing:evidence_scope;missing:evidence_source;missing:reviewer;missing:reviewed_on;missing:ligand_identity;missing:ligand_class;missing:method;missing:grid_rationale_source;missing:structure_mapping_source;unsupported_method_in_this_entry;receptor_class_outside_this_adapter;candidate_specific_evidence_not_established;evidence_review_incomplete;structure_required,retain_raw_annotations; obtain_missing_predictor_evidence,Data-readiness decision; not a prediction of binding or failure
A0A7U4GE85,abstain_from_docking,missing:sequence_sha256;missing:target_taxon;missing:target_context;missing:receptor_identity;missing:receptor_class;missing:evidence_scope;missing:evidence_source;missing:reviewer;missing:reviewed_on;missing:ligand_identity;missing:ligand_class;missing:method;missing:grid_rationale_source;missing:structure_mapping_source;unsupported_method_in_this_entry;receptor_class_outside_this_adapter;candidate_specific_evidence_not_established;evidence_review_incomplete;structure_required,retain_raw_annotations; obtain_missing_predictor_evidence,Data-readiness decision; not a prediction of binding or failure
A0A7D3V4S6,abstain_from_docking,missing:sequence_sha256;missing:target_taxon;missing:target_context;missing:receptor_identity;missing:receptor_class;missing:evidence_scope;missing:evidence_source;missing:reviewer;missing:reviewed_on;missing:ligand_identity;missing:ligand_class;missing:method;missing:grid_rationale_source;missing:structure_mapping_source;unsupported_method_in_this_entry;receptor_class_outside_this_adapter;candidate_specific_evidence_not_established;evidence_review_incomplete;structure_required,retain_raw_annotations; obtain_missing_predictor_evidence,Data-readiness decision; not a prediction of binding or failure
A0A2D0PDR4,abstain_from_docking,missing:sequence_sha256;missing:target_taxon;missing:target_context;missing:receptor_identity;missing:receptor_class;missing:evidence_scope;missing:evidence_source;missing:reviewer;missing:reviewed_on;missing:ligand_identity;missing:ligand_class;missing:method;missing:grid_rationale_source;missing:structure_mapping_source;unsupported_method_in_this_entry;receptor_class_outside_this_adapter;candidate_specific_evidence_not_established;evidence_review_incomplete;structure_required,retain_raw_annotations; obtain_missing_predictor_evidence,Data-readiness decision; not a prediction of binding or failure
A0A7T9XT11,abstain_from_docking,missing:sequence_sha256;missing:target_taxon;missing:target_context;missing:receptor_identity;missing:receptor_class;missing:evidence_scope;missing:evidence_source;missing:reviewer;missing:reviewed_on;missing:ligand_identity;missing:ligand_class;missing:method;missing:grid_rationale_source;missing:structure_mapping_source;unsupported_method_in_this_entry;receptor_class_outside_this_adapter;candidate_specific_evidence_not_established;evidence_review_incomplete;structure_required,retain_raw_annotations; obtain_missing_predictor_evidence,Data-readiness decision; not a prediction of binding or failure
A0AAE9JYN2,abstain_from_docking,missing:sequence_sha256;missing:target_taxon;missing:target_context;missing:receptor_identity;missing:receptor_class;missing:evidence_scope;missing:evidence_source;missing:reviewer;missing:reviewed_on;missing:ligand_identity;missing:ligand_class;missing:method;missing:grid_rationale_source;missing:structure_mapping_source;unsupported_method_in_this_entry;receptor_class_outside_this_adapter;candidate_specific_evidence_not_established;evidence_review_incomplete;structure_required,retain_raw_annotations; obtain_missing_predictor_evidence,Data-readiness decision; not a prediction of binding or failure
A1JNA9,abstain_from_docking,missing:sequence_sha256;missing:target_taxon;missing:target_context;missing:receptor_identity;missing:receptor_class;missing:evidence_scope;missing:evidence_source;missing:reviewer;missing:reviewed_on;missing:ligand_identity;missing:ligand_class;missing:method;missing:grid_rationale_source;missing:structure_mapping_source;unsupported_method_in_this_entry;receptor_class_outside_this_adapter;candidate_specific_evidence_not_established;evidence_review_incomplete;structure_required,retain_raw_annotations; obtain_missing_predictor_evidence,Data-readiness decision; not a prediction of binding or failure
A0AAE9JW72,abstain_from_docking,missing:sequence_sha256;missing:target_taxon;missing:target_context;missing:receptor_identity;missing:receptor_class;missing:evidence_scope;missing:evidence_source;missing:reviewer;missing:reviewed_on;missing:ligand_identity;missing:ligand_class;missing:method;missing:grid_rationale_source;missing:structure_mapping_source;unsupported_method_in_this_entry;receptor_class_outside_this_adapter;candidate_specific_evidence_not_established;evidence_review_incomplete;structure_required,retain_raw_annotations; obtain_missing_predictor_evidence,Data-readiness decision; not a prediction of binding or failure
A0A9P1PT53,abstain_from_docking,missing:sequence_sha256;missing:target_taxon;missing:target_context;missing:receptor_identity;missing:receptor_class;missing:evidence_scope;missing:evidence_source;missing:reviewer;missing:reviewed_on;missing:ligand_identity;missing:ligand_class;missing:method;missing:grid_rationale_source;missing:structure_mapping_source;unsupported_method_in_this_entry;receptor_class_outside_this_adapter;candidate_specific_evidence_not_established;evidence_review_incomplete;structure_required,retain_raw_annotations; obtain_missing_predictor_evidence,Data-readiness decision; not a prediction of binding or failure
I7LEN8,abstain_from_docking,missing:sequence_sha256;missing:target_taxon;missing:target_context;missing:receptor_identity;missing:receptor_class;missing:evidence_scope;missing:evidence_source;missing:reviewer;missing:reviewed_on;missing:ligand_identity;missing:ligand_class;missing:method;missing:grid_rationale_source;missing:structure_mapping_source;unsupported_method_in_this_entry;receptor_class_outside_this_adapter;candidate_specific_evidence_not_established;evidence_review_incomplete;structure_required,retain_raw_annotations; obtain_missing_predictor_evidence,Data-readiness decision; not a prediction of binding or failure
Q858V3,abstain_from_docking,missing:sequence_sha256;missing:target_taxon;missing:target_context;missing:receptor_identity;missing:receptor_class;missing:evidence_scope;missing:evidence_source;missing:reviewer;missing:reviewed_on;missing:ligand_identity;missing:ligand_class;missing:method;missing:grid_rationale_source;missing:structure_mapping_source;unsupported_method_in_this_entry;receptor_class_outside_this_adapter;candidate_specific_evidence_not_established;evidence_review_incomplete;structure_required,retain_raw_annotations; obtain_missing_predictor_evidence,Data-readiness decision; not a prediction of binding or failure
A0ABP1YG46,abstain_from_docking,missing:sequence_sha256;missing:target_taxon;missing:target_context;missing:receptor_identity;missing:receptor_class;missing:evidence_scope;missing:evidence_source;missing:reviewer;missing:reviewed_on;missing:ligand_identity;missing:ligand_class;missing:method;missing:grid_rationale_source;missing:structure_mapping_source;unsupported_method_in_this_entry;receptor_class_outside_this_adapter;candidate_specific_evidence_not_established;evidence_review_incomplete;structure_required,retain_raw_annotations; obtain_missing_predictor_evidence,Data-readiness decision; not a prediction of binding or failure
A0A0H3NU55,abstain_from_docking,missing:sequence_sha256;missing:target_taxon;missing:target_context;missing:receptor_identity;missing:receptor_class;missing:evidence_scope;missing:evidence_source;missing:reviewer;missing:reviewed_on;missing:ligand_identity;missing:ligand_class;missing:method;missing:grid_rationale_source;missing:structure_mapping_source;unsupported_method_in_this_entry;receptor_class_outside_this_adapter;candidate_specific_evidence_not_established;evidence_review_incomplete;structure_required,retain_raw_annotations; obtain_missing_predictor_evidence,Data-readiness decision; not a prediction of binding or failure
A0A449C3Q7,abstain_from_docking,missing:sequence_sha256;missing:target_taxon;missing:target_context;missing:receptor_identity;missing:receptor_class;missing:evidence_scope;missing:evidence_source;missing:reviewer;missing:reviewed_on;missing:ligand_identity;missing:ligand_class;missing:method;missing:grid_rationale_source;missing:structure_mapping_source;unsupported_method_in_this_entry;receptor_class_outside_this_adapter;candidate_specific_evidence_not_established;evidence_review_incomplete;structure_required,retain_raw_annotations; obtain_missing_predictor_evidence,Data-readiness decision; not a prediction of binding or failure
A0A449C610,abstain_from_docking,missing:sequence_sha256;missing:target_taxon;missing:target_context;missing:receptor_identity;missing:receptor_class;missing:evidence_scope;missing:evidence_source;missing:reviewer;missing:reviewed_on;missing:ligand_identity;missing:ligand_class;missing:method;missing:grid_rationale_source;missing:structure_mapping_source;unsupported_method_in_this_entry;receptor_class_outside_this_adapter;candidate_specific_evidence_not_established;evidence_review_incomplete;structure_required,retain_raw_annotations; obtain_missing_predictor_evidence,Data-readiness decision; not a prediction of binding or failure
A0ABP1YH51,abstain_from_docking,missing:sequence_sha256;missing:target_taxon;missing:target_context;missing:receptor_identity;missing:receptor_class;missing:evidence_scope;missing:evidence_source;missing:reviewer;missing:reviewed_on;missing:ligand_identity;missing:ligand_class;missing:method;missing:grid_rationale_source;missing:structure_mapping_source;unsupported_method_in_this_entry;receptor_class_outside_this_adapter;candidate_specific_evidence_not_established;evidence_review_incomplete;structure_required,retain_raw_annotations; obtain_missing_predictor_evidence,Data-readiness decision; not a prediction of binding or failure
A0A2D0PE26,abstain_from_docking,missing:sequence_sha256;missing:target_taxon;missing:target_context;missing:receptor_identity;missing:receptor_class;missing:evidence_scope;missing:evidence_source;missing:reviewer;missing:reviewed_on;missing:ligand_identity;missing:ligand_class;missing:method;missing:grid_rationale_source;missing:structure_mapping_source;unsupported_method_in_this_entry;receptor_class_outside_this_adapter;candidate_specific_evidence_not_established;evidence_review_incomplete;structure_required,retain_raw_annotations; obtain_missing_predictor_evidence,Data-readiness decision; not a prediction of binding or failure
A0A0H5HBD5,abstain_from_docking,missing:sequence_sha256;missing:target_taxon;missing:target_context;missing:receptor_identity;missing:receptor_class;missing:evidence_scope;missing:evidence_source;missing:reviewer;missing:reviewed_on;missing:ligand_identity;missing:ligand_class;missing:method;missing:grid_rationale_source;missing:structure_mapping_source;unsupported_method_in_this_entry;receptor_class_outside_this_adapter;candidate_specific_evidence_not_established;evidence_review_incomplete;structure_required,retain_raw_annotations; obtain_missing_predictor_evidence,Data-readiness decision; not a prediction of binding or failure
A0ABM9S2F3,abstain_from_docking,missing:sequence_sha256;missing:target_taxon;missing:target_context;missing:receptor_identity;missing:receptor_class;missing:evidence_scope;missing:evidence_source;missing:reviewer;missing:reviewed_on;missing:ligand_identity;missing:ligand_class;missing:method;missing:grid_rationale_source;missing:structure_mapping_source;unsupported_method_in_this_entry;receptor_class_outside_this_adapter;candidate_specific_evidence_not_established;evidence_review_incomplete;structure_required,retain_raw_annotations; obtain_missing_predictor_evidence,Data-readiness decision; not a prediction of binding or failure
A0ABM9S2J3,abstain_from_docking,missing:sequence_sha256;missing:target_taxon;missing:target_context;missing:receptor_identity;missing:receptor_class;missing:evidence_scope;missing:evidence_source;missing:reviewer;missing:reviewed_on;missing:ligand_identity;missing:ligand_class;missing:method;missing:grid_rationale_source;missing:structure_mapping_source;unsupported_method_in_this_entry;receptor_class_outside_this_adapter;candidate_specific_evidence_not_established;evidence_review_incomplete;structure_required,retain_raw_annotations; obtain_missing_predictor_evidence,Data-readiness decision; not a prediction of binding or failure
A0A6M3G872,abstain_from_docking,missing:sequence_sha256;missing:target_taxon;missing:target_context;missing:receptor_identity;missing:receptor_class;missing:evidence_scope;missing:evidence_source;missing:reviewer;missing:reviewed_on;missing:ligand_identity;missing:ligand_class;missing:method;missing:grid_rationale_source;missing:structure_mapping_source;unsupported_method_in_this_entry;receptor_class_outside_this_adapter;candidate_specific_evidence_not_established;evidence_review_incomplete;structure_required,retain_raw_annotations; obtain_missing_predictor_evidence,Data-readiness decision; not a prediction of binding or failure
A0A0H5GK99,abstain_from_docking,missing:sequence_sha256;missing:target_taxon;missing:target_context;missing:receptor_identity;missing:receptor_class;missing:evidence_scope;missing:evidence_source;missing:reviewer;missing:reviewed_on;missing:ligand_identity;missing:ligand_class;missing:method;missing:grid_rationale_source;missing:structure_mapping_source;unsupported_method_in_this_entry;receptor_class_outside_this_adapter;candidate_specific_evidence_not_established;evidence_review_incomplete;structure_required,retain_raw_annotations; obtain_missing_predictor_evidence,Data-readiness decision; not a prediction of binding or failure
A0A0H3NQF5,abstain_from_docking,missing:sequence_sha256;missing:target_taxon;missing:target_context;missing:receptor_identity;missing:receptor_class;missing:evidence_scope;missing:evidence_source;missing:reviewer;missing:reviewed_on;missing:ligand_identity;missing:ligand_class;missing:method;missing:grid_rationale_source;missing:structure_mapping_source;unsupported_method_in_this_entry;receptor_class_outside_this_adapter;candidate_specific_evidence_not_established;evidence_review_incomplete;structure_required,retain_raw_annotations; obtain_missing_predictor_evidence,Data-readiness decision; not a prediction of binding or failure
A0AAE9FL40,abstain_from_docking,missing:sequence_sha256;missing:target_taxon;missing:target_context;missing:receptor_identity;missing:receptor_class;missing:evidence_scope;missing:evidence_source;missing:reviewer;missing:reviewed_on;missing:ligand_identity;missing:ligand_class;missing:method;missing:grid_rationale_source;missing:structure_mapping_source;unsupported_method_in_this_entry;receptor_class_outside_this_adapter;candidate_specific_evidence_not_established;evidence_review_incomplete;structure_required,retain_raw_annotations; obtain_missing_predictor_evidence,Data-readiness decision; not a prediction of binding or failure
A0A2H1UJ90,abstain_from_docking,missing:sequence_sha256;missing:target_taxon;missing:target_context;missing:receptor_identity;missing:receptor_class;missing:evidence_scope;missing:evidence_source;missing:reviewer;missing:reviewed_on;missing:ligand_identity;missing:ligand_class;missing:method;missing:grid_rationale_source;missing:structure_mapping_source;unsupported_method_in_this_entry;receptor_class_outside_this_adapter;candidate_specific_evidence_not_established;evidence_review_incomplete;structure_required,retain_raw_annotations; obtain_missing_predictor_evidence,Data-readiness decision; not a prediction of binding or failure
A0A6M3G8P6,abstain_from_docking,missing:sequence_sha256;missing:target_taxon;missing:target_context;missing:receptor_identity;missing:receptor_class;missing:evidence_scope;missing:evidence_source;missing:reviewer;missing:reviewed_on;missing:ligand_identity;missing:ligand_class;missing:method;missing:grid_rationale_source;missing:structure_mapping_source;unsupported_method_in_this_entry;receptor_class_outside_this_adapter;candidate_specific_evidence_not_established;evidence_review_incomplete;structure_required,retain_raw_annotations; obtain_missing_predictor_evidence,Data-readiness decision; not a prediction of binding or failure
A0A0B5A2L0,abstain_from_docking,missing:sequence_sha256;missing:target_taxon;missing:target_context;missing:receptor_identity;missing:receptor_class;missing:evidence_scope;missing:evidence_source;missing:reviewer;missing:reviewed_on;missing:ligand_identity;missing:ligand_class;missing:method;missing:grid_rationale_source;missing:structure_mapping_source;unsupported_method_in_this_entry;receptor_class_outside_this_adapter;candidate_specific_evidence_not_established;evidence_review_incomplete;structure_required,retain_raw_annotations; obtain_missing_predictor_evidence,Data-readiness decision; not a prediction of binding or failure
A0A449C6B2,abstain_from_docking,missing:sequence_sha256;missing:target_taxon;missing:target_context;missing:receptor_identity;missing:receptor_class;missing:evidence_scope;missing:evidence_source;missing:reviewer;missing:reviewed_on;missing:ligand_identity;missing:ligand_class;missing:method;missing:grid_rationale_source;missing:structure_mapping_source;unsupported_method_in_this_entry;receptor_class_outside_this_adapter;candidate_specific_evidence_not_established;evidence_review_incomplete;structure_required,retain_raw_annotations; obtain_missing_predictor_evidence,Data-readiness decision; not a prediction of binding or failure
A0A0H5H8V4,abstain_from_docking,missing:sequence_sha256;missing:target_taxon;missing:target_context;missing:receptor_identity;missing:receptor_class;missing:evidence_scope;missing:evidence_source;missing:reviewer;missing:reviewed_on;missing:ligand_identity;missing:ligand_class;missing:method;missing:grid_rationale_source;missing:structure_mapping_source;unsupported_method_in_this_entry;receptor_class_outside_this_adapter;candidate_specific_evidence_not_established;evidence_review_incomplete;structure_required,retain_raw_annotations; obtain_missing_predictor_evidence,Data-readiness decision; not a prediction of binding or failure
F4N731,abstain_from_docking,missing:sequence_sha256;missing:target_taxon;missing:target_context;missing:receptor_identity;missing:receptor_class;missing:evidence_scope;missing:evidence_source;missing:reviewer;missing:reviewed_on;missing:ligand_identity;missing:ligand_class;missing:method;missing:grid_rationale_source;missing:structure_mapping_source;unsupported_method_in_this_entry;receptor_class_outside_this_adapter;candidate_specific_evidence_not_established;evidence_review_incomplete;structure_required,retain_raw_annotations; obtain_missing_predictor_evidence,Data-readiness decision; not a prediction of binding or failure
A0A7U4K299,abstain_from_docking,missing:sequence_sha256;missing:target_taxon;missing:target_context;missing:receptor_identity;missing:receptor_class;missing:evidence_scope;missing:evidence_source;missing:reviewer;missing:reviewed_on;missing:ligand_identity;missing:ligand_class;missing:method;missing:grid_rationale_source;missing:structure_mapping_source;unsupported_method_in_this_entry;receptor_class_outside_this_adapter;candidate_specific_evidence_not_established;evidence_review_incomplete;structure_required,retain_raw_annotations; obtain_missing_predictor_evidence,Data-readiness decision; not a prediction of binding or failure
A0A9P1PUI1,abstain_from_docking,missing:sequence_sha256;missing:target_taxon;missing:target_context;missing:receptor_identity;missing:receptor_class;missing:evidence_scope;missing:evidence_source;missing:reviewer;missing:reviewed_on;missing:ligand_identity;missing:ligand_class;missing:method;missing:grid_rationale_source;missing:structure_mapping_source;unsupported_method_in_this_entry;receptor_class_outside_this_adapter;candidate_specific_evidence_not_established;evidence_review_incomplete;structure_required,retain_raw_annotations; obtain_missing_predictor_evidence,Data-readiness decision; not a prediction of binding or failure
A0ABM9S1Y8,abstain_from_docking,missing:sequence_sha256;missing:target_taxon;missing:target_context;missing:receptor_identity;missing:receptor_class;missing:evidence_scope;missing:evidence_source;missing:reviewer;missing:reviewed_on;missing:ligand_identity;missing:ligand_class;missing:method;missing:grid_rationale_source;missing:structure_mapping_source;unsupported_method_in_this_entry;receptor_class_outside_this_adapter;candidate_specific_evidence_not_established;evidence_review_incomplete;structure_required,retain_raw_annotations; obtain_missing_predictor_evidence,Data-readiness decision; not a prediction of binding or failure
A0AAD2Z2V4,abstain_from_docking,missing:sequence_sha256;missing:target_taxon;missing:target_context;missing:receptor_identity;missing:receptor_class;missing:evidence_scope;missing:evidence_source;missing:reviewer;missing:reviewed_on;missing:ligand_identity;missing:ligand_class;missing:method;missing:grid_rationale_source;missing:structure_mapping_source;unsupported_method_in_this_entry;receptor_class_outside_this_adapter;candidate_specific_evidence_not_established;evidence_review_incomplete;structure_required,retain_raw_annotations; obtain_missing_predictor_evidence,Data-readiness decision; not a prediction of binding or failure
A0AAD2Z484,abstain_from_docking,missing:sequence_sha256;missing:target_taxon;missing:target_context;missing:receptor_identity;missing:receptor_class;missing:evidence_scope;missing:evidence_source;missing:reviewer;missing:reviewed_on;missing:ligand_identity;missing:ligand_class;missing:method;missing:grid_rationale_source;missing:structure_mapping_source;unsupported_method_in_this_entry;receptor_class_outside_this_adapter;candidate_specific_evidence_not_established;evidence_review_incomplete;structure_required,retain_raw_annotations; obtain_missing_predictor_evidence,Data-readiness decision; not a prediction of binding or failure
A0ABM9SIR4,abstain_from_docking,missing:sequence_sha256;missing:target_taxon;missing:target_context;missing:receptor_identity;missing:receptor_class;missing:evidence_scope;missing:evidence_source;missing:reviewer;missing:reviewed_on;missing:ligand_identity;missing:ligand_class;missing:method;missing:grid_rationale_source;missing:structure_mapping_source;unsupported_method_in_this_entry;receptor_class_outside_this_adapter;candidate_specific_evidence_not_established;evidence_review_incomplete;structure_required,retain_raw_annotations; obtain_missing_predictor_evidence,Data-readiness decision; not a prediction of binding or failure
A0A9P1PVU6,abstain_from_docking,missing:sequence_sha256;missing:target_taxon;missing:target_context;missing:receptor_identity;missing:receptor_class;missing:evidence_scope;missing:evidence_source;missing:reviewer;missing:reviewed_on;missing:ligand_identity;missing:ligand_class;missing:method;missing:grid_rationale_source;missing:structure_mapping_source;unsupported_method_in_this_entry;receptor_class_outside_this_adapter;candidate_specific_evidence_not_established;evidence_review_incomplete;structure_required,retain_raw_annotations; obtain_missing_predictor_evidence,Data-readiness decision; not a prediction of binding or failure
A0ABP1Y817,abstain_from_docking,missing:sequence_sha256;missing:target_taxon;missing:target_context;missing:receptor_identity;missing:receptor_class;missing:evidence_scope;missing:evidence_source;missing:reviewer;missing:reviewed_on;missing:ligand_identity;missing:ligand_class;missing:method;missing:grid_rationale_source;missing:structure_mapping_source;unsupported_method_in_this_entry;receptor_class_outside_this_adapter;candidate_specific_evidence_not_established;evidence_review_incomplete;structure_required,retain_raw_annotations; obtain_missing_predictor_evidence,Data-readiness decision; not a prediction of binding or failure
A0A449C4V3,abstain_from_docking,missing:sequence_sha256;missing:target_taxon;missing:target_context;missing:receptor_identity;missing:receptor_class;missing:evidence_scope;missing:evidence_source;missing:reviewer;missing:reviewed_on;missing:ligand_identity;missing:ligand_class;missing:method;missing:grid_rationale_source;missing:structure_mapping_source;unsupported_method_in_this_entry;receptor_class_outside_this_adapter;candidate_specific_evidence_not_established;evidence_review_incomplete;structure_required,retain_raw_annotations; obtain_missing_predictor_evidence,Data-readiness decision; not a prediction of binding or failure
F4N725,abstain_from_docking,missing:sequence_sha256;missing:target_taxon;missing:target_context;missing:receptor_identity;missing:receptor_class;missing:evidence_scope;missing:evidence_source;missing:reviewer;missing:reviewed_on;missing:ligand_identity;missing:ligand_class;missing:method;missing:grid_rationale_source;missing:structure_mapping_source;unsupported_method_in_this_entry;receptor_class_outside_this_adapter;candidate_specific_evidence_not_established;evidence_review_incomplete;structure_required,retain_raw_annotations; obtain_missing_predictor_evidence,Data-readiness decision; not a prediction of binding or failure
A0A7U4GDF4,abstain_from_docking,missing:sequence_sha256;missing:target_taxon;missing:target_context;missing:receptor_identity;missing:receptor_class;missing:evidence_scope;missing:evidence_source;missing:reviewer;missing:reviewed_on;missing:ligand_identity;missing:ligand_class;missing:method;missing:grid_rationale_source;missing:structure_mapping_source;unsupported_method_in_this_entry;receptor_class_outside_this_adapter;candidate_specific_evidence_not_established;evidence_review_incomplete;structure_required,retain_raw_annotations; obtain_missing_predictor_evidence,Data-readiness decision; not a prediction of binding or failure
A0A3G8F0J9,abstain_from_docking,missing:sequence_sha256;missing:target_taxon;missing:target_context;missing:receptor_identity;missing:receptor_class;missing:evidence_scope;missing:evidence_source;missing:reviewer;missing:reviewed_on;missing:ligand_identity;missing:ligand_class;missing:method;missing:grid_rationale_source;missing:structure_mapping_source;unsupported_method_in_this_entry;receptor_class_outside_this_adapter;candidate_specific_evidence_not_established;evidence_review_incomplete;structure_required,retain_raw_annotations; obtain_missing_predictor_evidence,Data-readiness decision; not a prediction of binding or failure
A0A2H1UJE7,abstain_from_docking,missing:sequence_sha256;missing:target_taxon;missing:target_context;missing:receptor_identity;missing:receptor_class;missing:evidence_scope;missing:evidence_source;missing:reviewer;missing:reviewed_on;missing:ligand_identity;missing:ligand_class;missing:method;missing:grid_rationale_source;missing:structure_mapping_source;unsupported_method_in_this_entry;receptor_class_outside_this_adapter;candidate_specific_evidence_not_established;evidence_review_incomplete;structure_required,retain_raw_annotations; obtain_missing_predictor_evidence,Data-readiness decision; not a prediction of binding or failure
A0AAD2V1D7,abstain_from_docking,missing:sequence_sha256;missing:target_taxon;missing:target_context;missing:receptor_identity;missing:receptor_class;missing:evidence_scope;missing:evidence_source;missing:reviewer;missing:reviewed_on;missing:ligand_identity;missing:ligand_class;missing:method;missing:grid_rationale_source;missing:structure_mapping_source;unsupported_method_in_this_entry;receptor_class_outside_this_adapter;candidate_specific_evidence_not_established;evidence_review_incomplete;structure_required,retain_raw_annotations; obtain_missing_predictor_evidence,Data-readiness decision; not a prediction of binding or failure
A0A0H5H5S4,abstain_from_docking,missing:sequence_sha256;missing:target_taxon;missing:target_context;missing:receptor_identity;missing:receptor_class;missing:evidence_scope;missing:evidence_source;missing:reviewer;missing:reviewed_on;missing:ligand_identity;missing:ligand_class;missing:method;missing:grid_rationale_source;missing:structure_mapping_source;unsupported_method_in_this_entry;receptor_class_outside_this_adapter;candidate_specific_evidence_not_established;evidence_review_incomplete;structure_required,retain_raw_annotations; obtain_missing_predictor_evidence,Data-readiness decision; not a prediction of binding or failure
A0A7U0AV15,abstain_from_docking,missing:sequence_sha256;missing:target_taxon;missing:target_context;missing:receptor_identity;missing:receptor_class;missing:evidence_scope;missing:evidence_source;missing:reviewer;missing:reviewed_on;missing:ligand_identity;missing:ligand_class;missing:method;missing:grid_rationale_source;missing:structure_mapping_source;unsupported_method_in_this_entry;receptor_class_outside_this_adapter;candidate_specific_evidence_not_established;evidence_review_incomplete;structure_required,retain_raw_annotations; obtain_missing_predictor_evidence,Data-readiness decision; not a prediction of binding or failure
A0A0H5HAG0,abstain_from_docking,missing:sequence_sha256;missing:target_taxon;missing:target_context;missing:receptor_identity;missing:receptor_class;missing:evidence_scope;missing:evidence_source;missing:reviewer;missing:reviewed_on;missing:ligand_identity;missing:ligand_class;missing:method;missing:grid_rationale_source;missing:structure_mapping_source;unsupported_method_in_this_entry;receptor_class_outside_this_adapter;candidate_specific_evidence_not_established;evidence_review_incomplete;structure_required,retain_raw_annotations; obtain_missing_predictor_evidence,Data-readiness decision; not a prediction of binding or failure
F2Q846,abstain_from_docking,missing:sequence_sha256;missing:target_taxon;missing:target_context;missing:receptor_identity;missing:receptor_class;missing:evidence_scope;missing:evidence_source;missing:reviewer;missing:reviewed_on;missing:ligand_identity;missing:ligand_class;missing:method;missing:grid_rationale_source;missing:structure_mapping_source;unsupported_method_in_this_entry;receptor_class_outside_this_adapter;candidate_specific_evidence_not_established;evidence_review_incomplete;structure_required,retain_raw_annotations; obtain_missing_predictor_evidence,Data-readiness decision; not a prediction of binding or failure
A0AAD2Z5G5,abstain_from_docking,missing:sequence_sha256;missing:target_taxon;missing:target_context;missing:receptor_identity;missing:receptor_class;missing:evidence_scope;missing:evidence_source;missing:reviewer;missing:reviewed_on;missing:ligand_identity;missing:ligand_class;missing:method;missing:grid_rationale_source;missing:structure_mapping_source;unsupported_method_in_this_entry;receptor_class_outside_this_adapter;candidate_specific_evidence_not_established;evidence_review_incomplete;structure_required,retain_raw_annotations; obtain_missing_predictor_evidence,Data-readiness decision; not a prediction of binding or failure
A0AAT9S9R9,abstain_from_docking,missing:sequence_sha256;missing:target_taxon;missing:target_context;missing:receptor_identity;missing:receptor_class;missing:evidence_scope;missing:evidence_source;missing:reviewer;missing:reviewed_on;missing:ligand_identity;missing:ligand_class;missing:method;missing:grid_rationale_source;missing:structure_mapping_source;unsupported_method_in_this_entry;receptor_class_outside_this_adapter;candidate_specific_evidence_not_established;evidence_review_incomplete;structure_required,retain_raw_annotations; obtain_missing_predictor_evidence,Data-readiness decision; not a prediction of binding or failure
A0A2D0PDA0,abstain_from_docking,missing:sequence_sha256;missing:target_taxon;missing:target_context;missing:receptor_identity;missing:receptor_class;missing:evidence_scope;missing:evidence_source;missing:reviewer;missing:reviewed_on;missing:ligand_identity;missing:ligand_class;missing:method;missing:grid_rationale_source;missing:structure_mapping_source;unsupported_method_in_this_entry;receptor_class_outside_this_adapter;candidate_specific_evidence_not_established;evidence_review_incomplete;structure_required,retain_raw_annotations; obtain_missing_predictor_evidence,Data-readiness decision; not a prediction of binding or failure
A0AAD2UW33,abstain_from_docking,missing:sequence_sha256;missing:target_taxon;missing:target_context;missing:receptor_identity;missing:receptor_class;missing:evidence_scope;missing:evidence_source;missing:reviewer;missing:reviewed_on;missing:ligand_identity;missing:ligand_class;missing:method;missing:grid_rationale_source;missing:structure_mapping_source;unsupported_method_in_this_entry;receptor_class_outside_this_adapter;candidate_specific_evidence_not_established;evidence_review_incomplete;structure_required,retain_raw_annotations; obtain_missing_predictor_evidence,Data-readiness decision; not a prediction of binding or failure
A0A0H5G2H5,abstain_from_docking,missing:sequence_sha256;missing:target_taxon;missing:target_context;missing:receptor_identity;missing:receptor_class;missing:evidence_scope;missing:evidence_source;missing:reviewer;missing:reviewed_on;missing:ligand_identity;missing:ligand_class;missing:method;missing:grid_rationale_source;missing:structure_mapping_source;unsupported_method_in_this_entry;receptor_class_outside_this_adapter;candidate_specific_evidence_not_established;evidence_review_incomplete;structure_required,retain_raw_annotations; obtain_missing_predictor_evidence,Data-readiness decision; not a prediction of binding or failure
A0A7T9XU34,abstain_from_docking,missing:sequence_sha256;missing:target_taxon;missing:target_context;missing:receptor_identity;missing:receptor_class;missing:evidence_scope;missing:evidence_source;missing:reviewer;missing:reviewed_on;missing:ligand_identity;missing:ligand_class;missing:method;missing:grid_rationale_source;missing:structure_mapping_source;unsupported_method_in_this_entry;receptor_class_outside_this_adapter;candidate_specific_evidence_not_established;evidence_review_incomplete;structure_required,retain_raw_annotations; obtain_missing_predictor_evidence,Data-readiness decision; not a prediction of binding or failure
A0A0T7P7W8,abstain_from_docking,missing:sequence_sha256;missing:target_taxon;missing:target_context;missing:receptor_identity;missing:receptor_class;missing:evidence_scope;missing:evidence_source;missing:reviewer;missing:reviewed_on;missing:ligand_identity;missing:ligand_class;missing:method;missing:grid_rationale_source;missing:structure_mapping_source;unsupported_method_in_this_entry;receptor_class_outside_this_adapter;candidate_specific_evidence_not_established;evidence_review_incomplete;structure_required,retain_raw_annotations; obtain_missing_predictor_evidence,Data-readiness decision; not a prediction of binding or failure
A1JK75,abstain_from_docking,missing:sequence_sha256;missing:target_taxon;missing:target_context;missing:receptor_identity;missing:receptor_class;missing:evidence_scope;missing:evidence_source;missing:reviewer;missing:reviewed_on;missing:ligand_identity;missing:ligand_class;missing:method;missing:grid_rationale_source;missing:structure_mapping_source;unsupported_method_in_this_entry;receptor_class_outside_this_adapter;candidate_specific_evidence_not_established;evidence_review_incomplete;structure_required,retain_raw_annotations; obtain_missing_predictor_evidence,Data-readiness decision; not a prediction of binding or failure
A0ABP1Y7A6,abstain_from_docking,missing:sequence_sha256;missing:target_taxon;missing:target_context;missing:receptor_identity;missing:receptor_class;missing:evidence_scope;missing:evidence_source;missing:reviewer;missing:reviewed_on;missing:ligand_identity;missing:ligand_class;missing:method;missing:grid_rationale_source;missing:structure_mapping_source;unsupported_method_in_this_entry;receptor_class_outside_this_adapter;candidate_specific_evidence_not_established;evidence_review_incomplete;structure_required,retain_raw_annotations; obtain_missing_predictor_evidence,Data-readiness decision; not a prediction of binding or failure
A0ABM9S4S5,abstain_from_docking,missing:sequence_sha256;missing:target_taxon;missing:target_context;missing:receptor_identity;missing:receptor_class;missing:evidence_scope;missing:evidence_source;missing:reviewer;missing:reviewed_on;missing:ligand_identity;missing:ligand_class;missing:method;missing:grid_rationale_source;missing:structure_mapping_source;unsupported_method_in_this_entry;receptor_class_outside_this_adapter;candidate_specific_evidence_not_established;evidence_review_incomplete;structure_required,retain_raw_annotations; obtain_missing_predictor_evidence,Data-readiness decision; not a prediction of binding or failure
A0A7T9XU28,abstain_from_docking,missing:sequence_sha256;missing:target_taxon;missing:target_context;missing:receptor_identity;missing:receptor_class;missing:evidence_scope;missing:evidence_source;missing:reviewer;missing:reviewed_on;missing:ligand_identity;missing:ligand_class;missing:method;missing:grid_rationale_source;missing:structure_mapping_source;unsupported_method_in_this_entry;receptor_class_outside_this_adapter;candidate_specific_evidence_not_established;evidence_review_incomplete;structure_required,retain_raw_annotations; obtain_missing_predictor_evidence,Data-readiness decision; not a prediction of binding or failure
A0A7U4GEA5,abstain_from_docking,missing:sequence_sha256;missing:target_taxon;missing:target_context;missing:receptor_identity;missing:receptor_class;missing:evidence_scope;missing:evidence_source;missing:reviewer;missing:reviewed_on;missing:ligand_identity;missing:ligand_class;missing:method;missing:grid_rationale_source;missing:structure_mapping_source;unsupported_method_in_this_entry;receptor_class_outside_this_adapter;candidate_specific_evidence_not_established;evidence_review_incomplete;structure_required,retain_raw_annotations; obtain_missing_predictor_evidence,Data-readiness decision; not a prediction of binding or failure
A0A7U0ASF4,abstain_from_docking,missing:sequence_sha256;missing:target_taxon;missing:target_context;missing:receptor_identity;missing:receptor_class;missing:evidence_scope;missing:evidence_source;missing:reviewer;missing:reviewed_on;missing:ligand_identity;missing:ligand_class;missing:method;missing:grid_rationale_source;missing:structure_mapping_source;unsupported_method_in_this_entry;receptor_class_outside_this_adapter;candidate_specific_evidence_not_established;evidence_review_incomplete;structure_required,retain_raw_annotations; obtain_missing_predictor_evidence,Data-readiness decision; not a prediction of binding or failure
A1JMQ3,abstain_from_docking,missing:sequence_sha256;missing:target_taxon;missing:target_context;missing:receptor_identity;missing:receptor_class;missing:evidence_scope;missing:evidence_source;missing:reviewer;missing:reviewed_on;missing:ligand_identity;missing:ligand_class;missing:method;missing:grid_rationale_source;missing:structure_mapping_source;unsupported_method_in_this_entry;receptor_class_outside_this_adapter;candidate_specific_evidence_not_established;evidence_review_incomplete;structure_required,retain_raw_annotations; obtain_missing_predictor_evidence,Data-readiness decision; not a prediction of binding or failure
A0ABP1Y442,abstain_from_docking,missing:sequence_sha256;missing:target_taxon;missing:target_context;missing:receptor_identity;missing:receptor_class;missing:evidence_scope;missing:evidence_source;missing:reviewer;missing:reviewed_on;missing:ligand_identity;missing:ligand_class;missing:method;missing:grid_rationale_source;missing:structure_mapping_source;unsupported_method_in_this_entry;receptor_class_outside_this_adapter;candidate_specific_evidence_not_established;evidence_review_incomplete;structure_required,retain_raw_annotations; obtain_missing_predictor_evidence,Data-readiness decision; not a prediction of binding or failure
A0A0T7PAJ5,abstain_from_docking,missing:sequence_sha256;missing:target_taxon;missing:target_context;missing:receptor_identity;missing:receptor_class;missing:evidence_scope;missing:evidence_source;missing:reviewer;missing:reviewed_on;missing:ligand_identity;missing:ligand_class;missing:method;missing:grid_rationale_source;missing:structure_mapping_source;unsupported_method_in_this_entry;receptor_class_outside_this_adapter;candidate_specific_evidence_not_established;evidence_review_incomplete;structure_required,retain_raw_annotations; obtain_missing_predictor_evidence,Data-readiness decision; not a prediction of binding or failure
A0A9P1V089,abstain_from_docking,missing:sequence_sha256;missing:target_taxon;missing:target_context;missing:receptor_identity;missing:receptor_class;missing:evidence_scope;missing:evidence_source;missing:reviewer;missing:reviewed_on;missing:ligand_identity;missing:ligand_class;missing:method;missing:grid_rationale_source;missing:structure_mapping_source;unsupported_method_in_this_entry;receptor_class_outside_this_adapter;candidate_specific_evidence_not_established;evidence_review_incomplete;structure_required,retain_raw_annotations; obtain_missing_predictor_evidence,Data-readiness decision; not a prediction of binding or failure
A0A0H5EYN4,abstain_from_docking,missing:sequence_sha256;missing:target_taxon;missing:target_context;missing:receptor_identity;missing:receptor_class;missing:evidence_scope;missing:evidence_source;missing:reviewer;missing:reviewed_on;missing:ligand_identity;missing:ligand_class;missing:method;missing:grid_rationale_source;missing:structure_mapping_source;unsupported_method_in_this_entry;receptor_class_outside_this_adapter;candidate_specific_evidence_not_established;evidence_review_incomplete;structure_required,retain_raw_annotations; obtain_missing_predictor_evidence,Data-readiness decision; not a prediction of binding or failure
A0A0H5GK90,abstain_from_docking,missing:sequence_sha256;missing:target_taxon;missing:target_context;missing:receptor_identity;missing:receptor_class;missing:evidence_scope;missing:evidence_source;missing:reviewer;missing:reviewed_on;missing:ligand_identity;missing:ligand_class;missing:method;missing:grid_rationale_source;missing:structure_mapping_source;unsupported_method_in_this_entry;receptor_class_outside_this_adapter;candidate_specific_evidence_not_established;evidence_review_incomplete;structure_required,retain_raw_annotations; obtain_missing_predictor_evidence,Data-readiness decision; not a prediction of binding or failure
A0A9P1PUD9,abstain_from_docking,missing:sequence_sha256;missing:target_taxon;missing:target_context;missing:receptor_identity;missing:receptor_class;missing:evidence_scope;missing:evidence_source;missing:reviewer;missing:reviewed_on;missing:ligand_identity;missing:ligand_class;missing:method;missing:grid_rationale_source;missing:structure_mapping_source;unsupported_method_in_this_entry;receptor_class_outside_this_adapter;candidate_specific_evidence_not_established;evidence_review_incomplete;structure_required,retain_raw_annotations; obtain_missing_predictor_evidence,Data-readiness decision; not a prediction of binding or failure
A0A7U4K0Q6,abstain_from_docking,missing:sequence_sha256;missing:target_taxon;missing:target_context;missing:receptor_identity;missing:receptor_class;missing:evidence_scope;missing:evidence_source;missing:reviewer;missing:reviewed_on;missing:ligand_identity;missing:ligand_class;missing:method;missing:grid_rationale_source;missing:structure_mapping_source;unsupported_method_in_this_entry;receptor_class_outside_this_adapter;candidate_specific_evidence_not_established;evidence_review_incomplete;structure_required,retain_raw_annotations; obtain_missing_predictor_evidence,Data-readiness decision; not a prediction of binding or failure
A0A0H5H5L7,abstain_from_docking,missing:sequence_sha256;missing:target_taxon;missing:target_context;missing:receptor_identity;missing:receptor_class;missing:evidence_scope;missing:evidence_source;missing:reviewer;missing:reviewed_on;missing:ligand_identity;missing:ligand_class;missing:method;missing:grid_rationale_source;missing:structure_mapping_source;unsupported_method_in_this_entry;receptor_class_outside_this_adapter;candidate_specific_evidence_not_established;evidence_review_incomplete;structure_required,retain_raw_annotations; obtain_missing_predictor_evidence,Data-readiness decision; not a prediction of binding or failure
S5M3A2,abstain_from_docking,missing:sequence_sha256;missing:target_taxon;missing:target_context;missing:receptor_identity;missing:receptor_class;missing:evidence_scope;missing:evidence_source;missing:reviewer;missing:reviewed_on;missing:ligand_identity;missing:ligand_class;missing:method;missing:grid_rationale_source;missing:structure_mapping_source;unsupported_method_in_this_entry;receptor_class_outside_this_adapter;candidate_specific_evidence_not_established;evidence_review_incomplete;structure_required,retain_raw_annotations; obtain_missing_predictor_evidence,Data-readiness decision; not a prediction of binding or failure
A0A9P1PW91,abstain_from_docking,missing:sequence_sha256;missing:target_taxon;missing:target_context;missing:receptor_identity;missing:receptor_class;missing:evidence_scope;missing:evidence_source;missing:reviewer;missing:reviewed_on;missing:ligand_identity;missing:ligand_class;missing:method;missing:grid_rationale_source;missing:structure_mapping_source;unsupported_method_in_this_entry;receptor_class_outside_this_adapter;candidate_specific_evidence_not_established;evidence_review_incomplete;structure_required,retain_raw_annotations; obtain_missing_predictor_evidence,Data-readiness decision; not a prediction of binding or failure
A0ABM9SIJ1,abstain_from_docking,missing:sequence_sha256;missing:target_taxon;missing:target_context;missing:receptor_identity;missing:receptor_class;missing:evidence_scope;missing:evidence_source;missing:reviewer;missing:reviewed_on;missing:ligand_identity;missing:ligand_class;missing:method;missing:grid_rationale_source;missing:structure_mapping_source;unsupported_method_in_this_entry;receptor_class_outside_this_adapter;candidate_specific_evidence_not_established;evidence_review_incomplete;structure_required,retain_raw_annotations; obtain_missing_predictor_evidence,Data-readiness decision; not a prediction of binding or failure
A0A7U0AT10,abstain_from_docking,missing:sequence_sha256;missing:target_taxon;missing:target_context;missing:receptor_identity;missing:receptor_class;missing:evidence_scope;missing:evidence_source;missing:reviewer;missing:reviewed_on;missing:ligand_identity;missing:ligand_class;missing:method;missing:grid_rationale_source;missing:structure_mapping_source;unsupported_method_in_this_entry;receptor_class_outside_this_adapter;candidate_specific_evidence_not_established;evidence_review_incomplete;structure_required,retain_raw_annotations; obtain_missing_predictor_evidence,Data-readiness decision; not a prediction of binding or failure
A0A7U0AVA4,abstain_from_docking,missing:sequence_sha256;missing:target_taxon;missing:target_context;missing:receptor_identity;missing:receptor_class;missing:evidence_scope;missing:evidence_source;missing:reviewer;missing:reviewed_on;missing:ligand_identity;missing:ligand_class;missing:method;missing:grid_rationale_source;missing:structure_mapping_source;unsupported_method_in_this_entry;receptor_class_outside_this_adapter;candidate_specific_evidence_not_established;evidence_review_incomplete;structure_required,retain_raw_annotations; obtain_missing_predictor_evidence,Data-readiness decision; not a prediction of binding or failure
A0A9P1PWI0,abstain_from_docking,missing:sequence_sha256;missing:target_taxon;missing:target_context;missing:receptor_identity;missing:receptor_class;missing:evidence_scope;missing:evidence_source;missing:reviewer;missing:reviewed_on;missing:ligand_identity;missing:ligand_class;missing:method;missing:grid_rationale_source;missing:structure_mapping_source;unsupported_method_in_this_entry;receptor_class_outside_this_adapter;candidate_specific_evidence_not_established;evidence_review_incomplete;structure_required,retain_raw_annotations; obtain_missing_predictor_evidence,Data-readiness decision; not a prediction of binding or failure
A1JND9,abstain_from_docking,missing:sequence_sha256;missing:target_taxon;missing:target_context;missing:receptor_identity;missing:receptor_class;missing:evidence_scope;missing:evidence_source;missing:reviewer;missing:reviewed_on;missing:ligand_identity;missing:ligand_class;missing:method;missing:grid_rationale_source;missing:structure_mapping_source;unsupported_method_in_this_entry;receptor_class_outside_this_adapter;candidate_specific_evidence_not_established;evidence_review_incomplete;structure_required,retain_raw_annotations; obtain_missing_predictor_evidence,Data-readiness decision; not a prediction of binding or failure
A0A0T7PAK2,abstain_from_docking,missing:sequence_sha256;missing:target_taxon;missing:target_context;missing:receptor_identity;missing:receptor_class;missing:evidence_scope;missing:evidence_source;missing:reviewer;missing:reviewed_on;missing:ligand_identity;missing:ligand_class;missing:method;missing:grid_rationale_source;missing:structure_mapping_source;unsupported_method_in_this_entry;receptor_class_outside_this_adapter;candidate_specific_evidence_not_established;evidence_review_incomplete;structure_required,retain_raw_annotations; obtain_missing_predictor_evidence,Data-readiness decision; not a prediction of binding or failure
A0A7U0AWS6,abstain_from_docking,missing:sequence_sha256;missing:target_taxon;missing:target_context;missing:receptor_identity;missing:receptor_class;missing:evidence_scope;missing:evidence_source;missing:reviewer;missing:reviewed_on;missing:ligand_identity;missing:ligand_class;missing:method;missing:grid_rationale_source;missing:structure_mapping_source;unsupported_method_in_this_entry;receptor_class_outside_this_adapter;candidate_specific_evidence_not_established;evidence_review_incomplete;structure_required,retain_raw_annotations; obtain_missing_predictor_evidence,Data-readiness decision; not a prediction of binding or failure
A0ABP1YED8,abstain_from_docking,missing:sequence_sha256;missing:target_taxon;missing:target_context;missing:receptor_identity;missing:receptor_class;missing:evidence_scope;missing:evidence_source;missing:reviewer;missing:reviewed_on;missing:ligand_identity;missing:ligand_class;missing:method;missing:grid_rationale_source;missing:structure_mapping_source;unsupported_method_in_this_entry;receptor_class_outside_this_adapter;candidate_specific_evidence_not_established;evidence_review_incomplete;structure_required,retain_raw_annotations; obtain_missing_predictor_evidence,Data-readiness decision; not a prediction of binding or failure
A0A9P1V3L8,abstain_from_docking,missing:sequence_sha256;missing:target_taxon;missing:target_context;missing:receptor_identity;missing:receptor_class;missing:evidence_scope;missing:evidence_source;missing:reviewer;missing:reviewed_on;missing:ligand_identity;missing:ligand_class;missing:method;missing:grid_rationale_source;missing:structure_mapping_source;unsupported_method_in_this_entry;receptor_class_outside_this_adapter;candidate_specific_evidence_not_established;evidence_review_incomplete;structure_required,retain_raw_annotations; obtain_missing_predictor_evidence,Data-readiness decision; not a prediction of binding or failure
A0A9P1PV32,abstain_from_docking,missing:sequence_sha256;missing:target_taxon;missing:target_context;missing:receptor_identity;missing:receptor_class;missing:evidence_scope;missing:evidence_source;missing:reviewer;missing:reviewed_on;missing:ligand_identity;missing:ligand_class;missing:method;missing:grid_rationale_source;missing:structure_mapping_source;unsupported_method_in_this_entry;receptor_class_outside_this_adapter;candidate_specific_evidence_not_established;evidence_review_incomplete;structure_required,retain_raw_annotations; obtain_missing_predictor_evidence,Data-readiness decision; not a prediction of binding or failure
A0A449C694,abstain_from_docking,missing:sequence_sha256;missing:target_taxon;missing:target_context;missing:receptor_identity;missing:receptor_class;missing:evidence_scope;missing:evidence_source;missing:reviewer;missing:reviewed_on;missing:ligand_identity;missing:ligand_class;missing:method;missing:grid_rationale_source;missing:structure_mapping_source;unsupported_method_in_this_entry;receptor_class_outside_this_adapter;candidate_specific_evidence_not_established;evidence_review_incomplete;structure_required,retain_raw_annotations; obtain_missing_predictor_evidence,Data-readiness decision; not a prediction of binding or failure
A0A7U4K153,abstain_from_docking,missing:sequence_sha256;missing:target_taxon;missing:target_context;missing:receptor_identity;missing:receptor_class;missing:evidence_scope;missing:evidence_source;missing:reviewer;missing:reviewed_on;missing:ligand_identity;missing:ligand_class;missing:method;missing:grid_rationale_source;missing:structure_mapping_source;unsupported_method_in_this_entry;receptor_class_outside_this_adapter;candidate_specific_evidence_not_established;evidence_review_incomplete;structure_required,retain_raw_annotations; obtain_missing_predictor_evidence,Data-readiness decision; not a prediction of binding or failure
A0A2H1X986,abstain_from_docking,missing:sequence_sha256;missing:target_taxon;missing:target_context;missing:receptor_identity;missing:receptor_class;missing:evidence_scope;missing:evidence_source;missing:reviewer;missing:reviewed_on;missing:ligand_identity;missing:ligand_class;missing:method;missing:grid_rationale_source;missing:structure_mapping_source;unsupported_method_in_this_entry;receptor_class_outside_this_adapter;candidate_specific_evidence_not_established;evidence_review_incomplete;structure_required,retain_raw_annotations; obtain_missing_predictor_evidence,Data-readiness decision; not a prediction of binding or failure
A0A0H5H701,abstain_from_docking,missing:sequence_sha256;missing:target_taxon;missing:target_context;missing:receptor_identity;missing:receptor_class;missing:evidence_scope;missing:evidence_source;missing:reviewer;missing:reviewed_on;missing:ligand_identity;missing:ligand_class;missing:method;missing:grid_rationale_source;missing:structure_mapping_source;unsupported_method_in_this_entry;receptor_class_outside_this_adapter;candidate_specific_evidence_not_established;evidence_review_incomplete;structure_required,retain_raw_annotations; obtain_missing_predictor_evidence,Data-readiness decision; not a prediction of binding or failure
A0ABP1YGH5,abstain_from_docking,missing:sequence_sha256;missing:target_taxon;missing:target_context;missing:receptor_identity;missing:receptor_class;missing:evidence_scope;missing:evidence_source;missing:reviewer;missing:reviewed_on;missing:ligand_identity;missing:ligand_class;missing:method;missing:grid_rationale_source;missing:structure_mapping_source;unsupported_method_in_this_entry;receptor_class_outside_this_adapter;candidate_specific_evidence_not_established;evidence_review_incomplete;structure_required,retain_raw_annotations; obtain_missing_predictor_evidence,Data-readiness decision; not a prediction of binding or failure
A0A9P1UYL2,abstain_from_docking,missing:sequence_sha256;missing:target_taxon;missing:target_context;missing:receptor_identity;missing:receptor_class;missing:evidence_scope;missing:evidence_source;missing:reviewer;missing:reviewed_on;missing:ligand_identity;missing:ligand_class;missing:method;missing:grid_rationale_source;missing:structure_mapping_source;unsupported_method_in_this_entry;receptor_class_outside_this_adapter;candidate_specific_evidence_not_established;evidence_review_incomplete;structure_required,retain_raw_annotations; obtain_missing_predictor_evidence,Data-readiness decision; not a prediction of binding or failure
A0AAD2Z3Y9,abstain_from_docking,missing:sequence_sha256;missing:target_taxon;missing:target_context;missing:receptor_identity;missing:receptor_class;missing:evidence_scope;missing:evidence_source;missing:reviewer;missing:reviewed_on;missing:ligand_identity;missing:ligand_class;missing:method;missing:grid_rationale_source;missing:structure_mapping_source;unsupported_method_in_this_entry;receptor_class_outside_this_adapter;candidate_specific_evidence_not_established;evidence_review_incomplete;structure_required,retain_raw_annotations; obtain_missing_predictor_evidence,Data-readiness decision; not a prediction of binding or failure
A0A0H5HA66,abstain_from_docking,missing:sequence_sha256;missing:target_taxon;missing:target_context;missing:receptor_identity;missing:receptor_class;missing:evidence_scope;missing:evidence_source;missing:reviewer;missing:reviewed_on;missing:ligand_identity;missing:ligand_class;missing:method;missing:grid_rationale_source;missing:structure_mapping_source;unsupported_method_in_this_entry;receptor_class_outside_this_adapter;candidate_specific_evidence_not_established;evidence_review_incomplete;structure_required,retain_raw_annotations; obtain_missing_predictor_evidence,Data-readiness decision; not a prediction of binding or failure
A0A0T9PR46,abstain_from_docking,missing:sequence_sha256;missing:target_taxon;missing:target_context;missing:receptor_identity;missing:receptor_class;missing:evidence_scope;missing:evidence_source;missing:reviewer;missing:reviewed_on;missing:ligand_identity;missing:ligand_class;missing:method;missing:grid_rationale_source;missing:structure_mapping_source;unsupported_method_in_this_entry;receptor_class_outside_this_adapter;candidate_specific_evidence_not_established;evidence_review_incomplete;structure_required,retain_raw_annotations; obtain_missing_predictor_evidence,Data-readiness decision; not a prediction of binding or failure
A0ABM9S4S8,abstain_from_docking,missing:sequence_sha256;missing:target_taxon;missing:target_context;missing:receptor_identity;missing:receptor_class;missing:evidence_scope;missing:evidence_source;missing:reviewer;missing:reviewed_on;missing:ligand_identity;missing:ligand_class;missing:method;missing:grid_rationale_source;missing:structure_mapping_source;unsupported_method_in_this_entry;receptor_class_outside_this_adapter;candidate_specific_evidence_not_established;evidence_review_incomplete;structure_required,retain_raw_annotations; obtain_missing_predictor_evidence,Data-readiness decision; not a prediction of binding or failure
A0A9P1PT68,abstain_from_docking,missing:sequence_sha256;missing:target_taxon;missing:target_context;missing:receptor_identity;missing:receptor_class;missing:evidence_scope;missing:evidence_source;missing:reviewer;missing:reviewed_on;missing:ligand_identity;missing:ligand_class;missing:method;missing:grid_rationale_source;missing:structure_mapping_source;unsupported_method_in_this_entry;receptor_class_outside_this_adapter;candidate_specific_evidence_not_established;evidence_review_incomplete;structure_required,retain_raw_annotations; obtain_missing_predictor_evidence,Data-readiness decision; not a prediction of binding or failure
A0A9P1V1H6,abstain_from_docking,missing:sequence_sha256;missing:target_taxon;missing:target_context;missing:receptor_identity;missing:receptor_class;missing:evidence_scope;missing:evidence_source;missing:reviewer;missing:reviewed_on;missing:ligand_identity;missing:ligand_class;missing:method;missing:grid_rationale_source;missing:structure_mapping_source;unsupported_method_in_this_entry;receptor_class_outside_this_adapter;candidate_specific_evidence_not_established;evidence_review_incomplete;structure_required,retain_raw_annotations; obtain_missing_predictor_evidence,Data-readiness decision; not a prediction of binding or failure
A0A857F0P1,abstain_from_docking,missing:sequence_sha256;missing:target_taxon;missing:target_context;missing:receptor_identity;missing:receptor_class;missing:evidence_scope;missing:evidence_source;missing:reviewer;missing:reviewed_on;missing:ligand_identity;missing:ligand_class;missing:method;missing:grid_rationale_source;missing:structure_mapping_source;unsupported_method_in_this_entry;receptor_class_outside_this_adapter;candidate_specific_evidence_not_established;evidence_review_incomplete;structure_required,retain_raw_annotations; obtain_missing_predictor_evidence,Data-readiness decision; not a prediction of binding or failure
F4N727,abstain_from_docking,missing:sequence_sha256;missing:target_taxon;missing:target_context;missing:receptor_identity;missing:receptor_class;missing:evidence_scope;missing:evidence_source;missing:reviewer;missing:reviewed_on;missing:ligand_identity;missing:ligand_class;missing:method;missing:grid_rationale_source;missing:structure_mapping_source;unsupported_method_in_this_entry;receptor_class_outside_this_adapter;candidate_specific_evidence_not_established;evidence_review_incomplete;structure_required,retain_raw_annotations; obtain_missing_predictor_evidence,Data-readiness decision; not a prediction of binding or failure
A0AB73QMA1,abstain_from_docking,missing:sequence_sha256;missing:target_taxon;missing:target_context;missing:receptor_identity;missing:receptor_class;missing:evidence_scope;missing:evidence_source;missing:reviewer;missing:reviewed_on;missing:ligand_identity;missing:ligand_class;missing:method;missing:grid_rationale_source;missing:structure_mapping_source;unsupported_method_in_this_entry;receptor_class_outside_this_adapter;candidate_specific_evidence_not_established;evidence_review_incomplete;structure_required,retain_raw_annotations; obtain_missing_predictor_evidence,Data-readiness decision; not a prediction of binding or failure
A0AAD2Z8P4,abstain_from_docking,missing:sequence_sha256;missing:target_taxon;missing:target_context;missing:receptor_identity;missing:receptor_class;missing:evidence_scope;missing:evidence_source;missing:reviewer;missing:reviewed_on;missing:ligand_identity;missing:ligand_class;missing:method;missing:grid_rationale_source;missing:structure_mapping_source;unsupported_method_in_this_entry;receptor_class_outside_this_adapter;candidate_specific_evidence_not_established;evidence_review_incomplete;structure_required,retain_raw_annotations; obtain_missing_predictor_evidence,Data-readiness decision; not a prediction of binding or failure
A0A0H5LRI9,abstain_from_docking,missing:sequence_sha256;missing:target_taxon;missing:target_context;missing:receptor_identity;missing:receptor_class;missing:evidence_scope;missing:evidence_source;missing:reviewer;missing:reviewed_on;missing:ligand_identity;missing:ligand_class;missing:method;missing:grid_rationale_source;missing:structure_mapping_source;unsupported_method_in_this_entry;receptor_class_outside_this_adapter;candidate_specific_evidence_not_established;evidence_review_incomplete;structure_required,retain_raw_annotations; obtain_missing_predictor_evidence,Data-readiness decision; not a prediction of binding or failure
A0A0B4ZZ77,abstain_from_docking,missing:sequence_sha256;missing:target_taxon;missing:target_context;missing:receptor_identity;missing:receptor_class;missing:evidence_scope;missing:evidence_source;missing:reviewer;missing:reviewed_on;missing:ligand_identity;missing:ligand_class;missing:method;missing:grid_rationale_source;missing:structure_mapping_source;unsupported_method_in_this_entry;receptor_class_outside_this_adapter;candidate_specific_evidence_not_established;evidence_review_incomplete;structure_required,retain_raw_annotations; obtain_missing_predictor_evidence,Data-readiness decision; not a prediction of binding or failure
A0AAD2UW21,abstain_from_docking,missing:sequence_sha256;missing:target_taxon;missing:target_context;missing:receptor_identity;missing:receptor_class;missing:evidence_scope;missing:evidence_source;missing:reviewer;missing:reviewed_on;missing:ligand_identity;missing:ligand_class;missing:method;missing:grid_rationale_source;missing:structure_mapping_source;unsupported_method_in_this_entry;receptor_class_outside_this_adapter;candidate_specific_evidence_not_established;evidence_review_incomplete;structure_required,retain_raw_annotations; obtain_missing_predictor_evidence,Data-readiness decision; not a prediction of binding or failure
A0A0H5H5S7,abstain_from_docking,missing:sequence_sha256;missing:target_taxon;missing:target_context;missing:receptor_identity;missing:receptor_class;missing:evidence_scope;missing:evidence_source;missing:reviewer;missing:reviewed_on;missing:ligand_identity;missing:ligand_class;missing:method;missing:grid_rationale_source;missing:structure_mapping_source;unsupported_method_in_this_entry;receptor_class_outside_this_adapter;candidate_specific_evidence_not_established;evidence_review_incomplete;structure_required,retain_raw_annotations; obtain_missing_predictor_evidence,Data-readiness decision; not a prediction of binding or failure
A0A0T9Q3J3,abstain_from_docking,missing:sequence_sha256;missing:target_taxon;missing:target_context;missing:receptor_identity;missing:receptor_class;missing:evidence_scope;missing:evidence_source;missing:reviewer;missing:reviewed_on;missing:ligand_identity;missing:ligand_class;missing:method;missing:grid_rationale_source;missing:structure_mapping_source;unsupported_method_in_this_entry;receptor_class_outside_this_adapter;candidate_specific_evidence_not_established;evidence_review_incomplete;structure_required,retain_raw_annotations; obtain_missing_predictor_evidence,Data-readiness decision; not a prediction of binding or failure
A0A0T9PX62,abstain_from_docking,missing:sequence_sha256;missing:target_taxon;missing:target_context;missing:receptor_identity;missing:receptor_class;missing:evidence_scope;missing:evidence_source;missing:reviewer;missing:reviewed_on;missing:ligand_identity;missing:ligand_class;missing:method;missing:grid_rationale_source;missing:structure_mapping_source;unsupported_method_in_this_entry;receptor_class_outside_this_adapter;candidate_specific_evidence_not_established;evidence_review_incomplete;structure_required,retain_raw_annotations; obtain_missing_predictor_evidence,Data-readiness decision; not a prediction of binding or failure
A0AAW7K9U6,abstain_from_docking,missing:sequence_sha256;missing:target_taxon;missing:target_context;missing:receptor_identity;missing:receptor_class;missing:evidence_scope;missing:evidence_source;missing:reviewer;missing:reviewed_on;missing:ligand_identity;missing:ligand_class;missing:method;missing:grid_rationale_source;missing:structure_mapping_source;unsupported_method_in_this_entry;receptor_class_outside_this_adapter;candidate_specific_evidence_not_established;evidence_review_incomplete;structure_required,retain_raw_annotations; obtain_missing_predictor_evidence,Data-readiness decision; not a prediction of binding or failure
A0A0H3B5E1,abstain_from_docking,missing:sequence_sha256;missing:target_taxon;missing:target_context;missing:receptor_identity;missing:receptor_class;missing:evidence_scope;missing:evidence_source;missing:reviewer;missing:reviewed_on;missing:ligand_identity;missing:ligand_class;missing:method;missing:grid_rationale_source;missing:structure_mapping_source;unsupported_method_in_this_entry;receptor_class_outside_this_adapter;candidate_specific_evidence_not_established;evidence_review_incomplete;structure_required,retain_raw_annotations; obtain_missing_predictor_evidence,Data-readiness decision; not a prediction of binding or failure
A0A0T9QCI9,abstain_from_docking,missing:sequence_sha256;missing:target_taxon;missing:target_context;missing:receptor_identity;missing:receptor_class;missing:evidence_scope;missing:evidence_source;missing:reviewer;missing:reviewed_on;missing:ligand_identity;missing:ligand_class;missing:method;missing:grid_rationale_source;missing:structure_mapping_source;unsupported_method_in_this_entry;receptor_class_outside_this_adapter;candidate_specific_evidence_not_established;evidence_review_incomplete;structure_required,retain_raw_annotations; obtain_missing_predictor_evidence,Data-readiness decision; not a prediction of binding or failure
A0ABX5QXK4,abstain_from_docking,missing:sequence_sha256;missing:target_taxon;missing:target_context;missing:receptor_identity;missing:receptor_class;missing:evidence_scope;missing:evidence_source;missing:reviewer;missing:reviewed_on;missing:ligand_identity;missing:ligand_class;missing:method;missing:grid_rationale_source;missing:structure_mapping_source;unsupported_method_in_this_entry;receptor_class_outside_this_adapter;candidate_specific_evidence_not_established;evidence_review_incomplete;structure_required,retain_raw_annotations; obtain_missing_predictor_evidence,Data-readiness decision; not a prediction of binding or failure
A0A0T9RET2,abstain_from_docking,missing:sequence_sha256;missing:target_taxon;missing:target_context;missing:receptor_identity;missing:receptor_class;missing:evidence_scope;missing:evidence_source;missing:reviewer;missing:reviewed_on;missing:ligand_identity;missing:ligand_class;missing:method;missing:grid_rationale_source;missing:structure_mapping_source;unsupported_method_in_this_entry;receptor_class_outside_this_adapter;candidate_specific_evidence_not_established;evidence_review_incomplete;structure_required,retain_raw_annotations; obtain_missing_predictor_evidence,Data-readiness decision; not a prediction of binding or failure
A0AAD2Z3C0,abstain_from_docking,missing:sequence_sha256;missing:target_taxon;missing:target_context;missing:receptor_identity;missing:receptor_class;missing:evidence_scope;missing:evidence_source;missing:reviewer;missing:reviewed_on;missing:ligand_identity;missing:ligand_class;missing:method;missing:grid_rationale_source;missing:structure_mapping_source;unsupported_method_in_this_entry;receptor_class_outside_this_adapter;candidate_specific_evidence_not_established;evidence_review_incomplete;structure_required,retain_raw_annotations; obtain_missing_predictor_evidence,Data-readiness decision; not a prediction of binding or failure
A0ABM9Y807,abstain_from_docking,missing:sequence_sha256;missing:target_taxon;missing:target_context;missing:receptor_identity;missing:receptor_class;missing:evidence_scope;missing:evidence_source;missing:reviewer;missing:reviewed_on;missing:ligand_identity;missing:ligand_class;missing:method;missing:grid_rationale_source;missing:structure_mapping_source;unsupported_method_in_this_entry;receptor_class_outside_this_adapter;candidate_specific_evidence_not_established;evidence_review_incomplete;structure_required,retain_raw_annotations; obtain_missing_predictor_evidence,Data-readiness decision; not a prediction of binding or failure
A0AAV3BI89,abstain_from_docking,missing:sequence_sha256;missing:target_taxon;missing:target_context;missing:receptor_identity;missing:receptor_class;missing:evidence_scope;missing:evidence_source;missing:reviewer;missing:reviewed_on;missing:ligand_identity;missing:ligand_class;missing:method;missing:grid_rationale_source;missing:structure_mapping_source;unsupported_method_in_this_entry;receptor_class_outside_this_adapter;candidate_specific_evidence_not_established;evidence_review_incomplete;structure_required,retain_raw_annotations; obtain_missing_predictor_evidence,Data-readiness decision; not a prediction of binding or failure
A0ABM9SSL7,abstain_from_docking,missing:sequence_sha256;missing:target_taxon;missing:target_context;missing:receptor_identity;missing:receptor_class;missing:evidence_scope;missing:evidence_source;missing:reviewer;missing:reviewed_on;missing:ligand_identity;missing:ligand_class;missing:method;missing:grid_rationale_source;missing:structure_mapping_source;unsupported_method_in_this_entry;receptor_class_outside_this_adapter;candidate_specific_evidence_not_established;evidence_review_incomplete;structure_required,retain_raw_annotations; obtain_missing_predictor_evidence,Data-readiness decision; not a prediction of binding or failure
A0ABM9TCZ7,abstain_from_docking,missing:sequence_sha256;missing:target_taxon;missing:target_context;missing:receptor_identity;missing:receptor_class;missing:evidence_scope;missing:evidence_source;missing:reviewer;missing:reviewed_on;missing:ligand_identity;missing:ligand_class;missing:method;missing:grid_rationale_source;missing:structure_mapping_source;unsupported_method_in_this_entry;receptor_class_outside_this_adapter;candidate_specific_evidence_not_established;evidence_review_incomplete;structure_required,retain_raw_annotations; obtain_missing_predictor_evidence,Data-readiness decision; not a prediction of binding or failure
A0A0H3B6N5,abstain_from_docking,missing:sequence_sha256;missing:target_taxon;missing:target_context;missing:receptor_identity;missing:receptor_class;missing:evidence_scope;missing:evidence_source;missing:reviewer;missing:reviewed_on;missing:ligand_identity;missing:ligand_class;missing:method;missing:grid_rationale_source;missing:structure_mapping_source;unsupported_method_in_this_entry;receptor_class_outside_this_adapter;candidate_specific_evidence_not_established;evidence_review_incomplete;structure_required,retain_raw_annotations; obtain_missing_predictor_evidence,Data-readiness decision; not a prediction of binding or failure
A0AA36LLT8,abstain_from_docking,missing:sequence_sha256;missing:target_taxon;missing:target_context;missing:receptor_identity;missing:receptor_class;missing:evidence_scope;missing:evidence_source;missing:reviewer;missing:reviewed_on;missing:ligand_identity;missing:ligand_class;missing:method;missing:grid_rationale_source;missing:structure_mapping_source;unsupported_method_in_this_entry;receptor_class_outside_this_adapter;candidate_specific_evidence_not_established;evidence_review_incomplete;structure_required,retain_raw_annotations; obtain_missing_predictor_evidence,Data-readiness decision; not a prediction of binding or failure
A0A0T9UVK0,abstain_from_docking,missing:sequence_sha256;missing:target_taxon;missing:target_context;missing:receptor_identity;missing:receptor_class;missing:evidence_scope;missing:evidence_source;missing:reviewer;missing:reviewed_on;missing:ligand_identity;missing:ligand_class;missing:method;missing:grid_rationale_source;missing:structure_mapping_source;unsupported_method_in_this_entry;receptor_class_outside_this_adapter;candidate_specific_evidence_not_established;evidence_review_incomplete;structure_required,retain_raw_annotations; obtain_missing_predictor_evidence,Data-readiness decision; not a prediction of binding or failure
A0A0T9KM81,abstain_from_docking,missing:sequence_sha256;missing:target_taxon;missing:target_context;missing:receptor_identity;missing:receptor_class;missing:evidence_scope;missing:evidence_source;missing:reviewer;missing:reviewed_on;missing:ligand_identity;missing:ligand_class;missing:method;missing:grid_rationale_source;missing:structure_mapping_source;unsupported_method_in_this_entry;receptor_class_outside_this_adapter;candidate_specific_evidence_not_established;evidence_review_incomplete;structure_required,retain_raw_annotations; obtain_missing_predictor_evidence,Data-readiness decision; not a prediction of binding or failure
A0ABM9Y805,abstain_from_docking,missing:sequence_sha256;missing:target_taxon;missing:target_context;missing:receptor_identity;missing:receptor_class;missing:evidence_scope;missing:evidence_source;missing:reviewer;missing:reviewed_on;missing:ligand_identity;missing:ligand_class;missing:method;missing:grid_rationale_source;missing:structure_mapping_source;unsupported_method_in_this_entry;receptor_class_outside_this_adapter;candidate_specific_evidence_not_established;evidence_review_incomplete;structure_required,retain_raw_annotations; obtain_missing_predictor_evidence,Data-readiness decision; not a prediction of binding or failure
A0AB73PI84,abstain_from_docking,missing:sequence_sha256;missing:target_taxon;missing:target_context;missing:receptor_identity;missing:receptor_class;missing:evidence_scope;missing:evidence_source;missing:reviewer;missing:reviewed_on;missing:ligand_identity;missing:ligand_class;missing:method;missing:grid_rationale_source;missing:structure_mapping_source;unsupported_method_in_this_entry;receptor_class_outside_this_adapter;candidate_specific_evidence_not_established;evidence_review_incomplete;structure_required,retain_raw_annotations; obtain_missing_predictor_evidence,Data-readiness decision; not a prediction of binding or failure
A0A0E1NTH1,abstain_from_docking,missing:sequence_sha256;missing:target_taxon;missing:target_context;missing:receptor_identity;missing:receptor_class;missing:evidence_scope;missing:evidence_source;missing:reviewer;missing:reviewed_on;missing:ligand_identity;missing:ligand_class;missing:method;missing:grid_rationale_source;missing:structure_mapping_source;unsupported_method_in_this_entry;receptor_class_outside_this_adapter;candidate_specific_evidence_not_established;evidence_review_incomplete;structure_required,retain_raw_annotations; obtain_missing_predictor_evidence,Data-readiness decision; not a prediction of binding or failure
A0ABW9EXB2,abstain_from_docking,missing:sequence_sha256;missing:target_taxon;missing:target_context;missing:receptor_identity;missing:receptor_class;missing:evidence_scope;missing:evidence_source;missing:reviewer;missing:reviewed_on;missing:ligand_identity;missing:ligand_class;missing:method;missing:grid_rationale_source;missing:structure_mapping_source;unsupported_method_in_this_entry;receptor_class_outside_this_adapter;candidate_specific_evidence_not_established;evidence_review_incomplete;structure_required,retain_raw_annotations; obtain_missing_predictor_evidence,Data-readiness decision; not a prediction of binding or failure
A0AB72ZKZ2,abstain_from_docking,missing:sequence_sha256;missing:target_taxon;missing:target_context;missing:receptor_identity;missing:receptor_class;missing:evidence_scope;missing:evidence_source;missing:reviewer;missing:reviewed_on;missing:ligand_identity;missing:ligand_class;missing:method;missing:grid_rationale_source;missing:structure_mapping_source;unsupported_method_in_this_entry;receptor_class_outside_this_adapter;candidate_specific_evidence_not_established;evidence_review_incomplete;structure_required,retain_raw_annotations; obtain_missing_predictor_evidence,Data-readiness decision; not a prediction of binding or failure
A0A0T9KX64,abstain_from_docking,missing:sequence_sha256;missing:target_taxon;missing:target_context;missing:receptor_identity;missing:receptor_class;missing:evidence_scope;missing:evidence_source;missing:reviewer;missing:reviewed_on;missing:ligand_identity;missing:ligand_class;missing:method;missing:grid_rationale_source;missing:structure_mapping_source;unsupported_method_in_this_entry;receptor_class_outside_this_adapter;candidate_specific_evidence_not_established;evidence_review_incomplete;structure_required,retain_raw_annotations; obtain_missing_predictor_evidence,Data-readiness decision; not a prediction of binding or failure
Q66BM0,abstain_from_docking,missing:sequence_sha256;missing:target_taxon;missing:target_context;missing:receptor_identity;missing:receptor_class;missing:evidence_scope;missing:evidence_source;missing:reviewer;missing:reviewed_on;missing:ligand_identity;missing:ligand_class;missing:method;missing:grid_rationale_source;missing:structure_mapping_source;unsupported_method_in_this_entry;receptor_class_outside_this_adapter;candidate_specific_evidence_not_established;evidence_review_incomplete;structure_required,retain_raw_annotations; obtain_missing_predictor_evidence,Data-readiness decision; not a prediction of binding or failure
A0AAI8ZUU9,abstain_from_docking,missing:sequence_sha256;missing:target_taxon;missing:target_context;missing:receptor_identity;missing:receptor_class;missing:evidence_scope;missing:evidence_source;missing:reviewer;missing:reviewed_on;missing:ligand_identity;missing:ligand_class;missing:method;missing:grid_rationale_source;missing:structure_mapping_source;unsupported_method_in_this_entry;receptor_class_outside_this_adapter;candidate_specific_evidence_not_established;evidence_review_incomplete;structure_required,retain_raw_annotations; obtain_missing_predictor_evidence,Data-readiness decision; not a prediction of binding or failure
A0ABM6UUX5,abstain_from_docking,missing:sequence_sha256;missing:target_taxon;missing:target_context;missing:receptor_identity;missing:receptor_class;missing:evidence_scope;missing:evidence_source;missing:reviewer;missing:reviewed_on;missing:ligand_identity;missing:ligand_class;missing:method;missing:grid_rationale_source;missing:structure_mapping_source;unsupported_method_in_this_entry;receptor_class_outside_this_adapter;candidate_specific_evidence_not_established;evidence_review_incomplete;structure_required,retain_raw_annotations; obtain_missing_predictor_evidence,Data-readiness decision; not a prediction of binding or failure
A0ABP2EH72,abstain_from_docking,missing:sequence_sha256;missing:target_taxon;missing:target_context;missing:receptor_identity;missing:receptor_class;missing:evidence_scope;missing:evidence_source;missing:reviewer;missing:reviewed_on;missing:ligand_identity;missing:ligand_class;missing:method;missing:grid_rationale_source;missing:structure_mapping_source;unsupported_method_in_this_entry;receptor_class_outside_this_adapter;candidate_specific_evidence_not_established;evidence_review_incomplete;structure_required,retain_raw_annotations; obtain_missing_predictor_evidence,Data-readiness decision; not a prediction of binding or failure
A0A0A8VKM3,abstain_from_docking,missing:sequence_sha256;missing:target_taxon;missing:target_context;missing:receptor_identity;missing:receptor_class;missing:evidence_scope;missing:evidence_source;missing:reviewer;missing:reviewed_on;missing:ligand_identity;missing:ligand_class;missing:method;missing:grid_rationale_source;missing:structure_mapping_source;unsupported_method_in_this_entry;receptor_class_outside_this_adapter;candidate_specific_evidence_not_established;evidence_review_incomplete;structure_required,retain_raw_annotations; obtain_missing_predictor_evidence,Data-readiness decision; not a prediction of binding or failure
A0AA36LPU1,abstain_from_docking,missing:sequence_sha256;missing:target_taxon;missing:target_context;missing:receptor_identity;missing:receptor_class;missing:evidence_scope;missing:evidence_source;missing:reviewer;missing:reviewed_on;missing:ligand_identity;missing:ligand_class;missing:method;missing:grid_rationale_source;missing:structure_mapping_source;unsupported_method_in_this_entry;receptor_class_outside_this_adapter;candidate_specific_evidence_not_established;evidence_review_incomplete;structure_required,retain_raw_annotations; obtain_missing_predictor_evidence,Data-readiness decision; not a prediction of binding or failure
A0A0T9LS41,abstain_from_docking,missing:sequence_sha256;missing:target_taxon;missing:target_context;missing:receptor_identity;missing:receptor_class;missing:evidence_scope;missing:evidence_source;missing:reviewer;missing:reviewed_on;missing:ligand_identity;missing:ligand_class;missing:method;missing:grid_rationale_source;missing:structure_mapping_source;unsupported_method_in_this_entry;receptor_class_outside_this_adapter;candidate_specific_evidence_not_established;evidence_review_incomplete;structure_required,retain_raw_annotations; obtain_missing_predictor_evidence,Data-readiness decision; not a prediction of binding or failure
A0A0H3B6E3,abstain_from_docking,missing:sequence_sha256;missing:target_taxon;missing:target_context;missing:receptor_identity;missing:receptor_class;missing:evidence_scope;missing:evidence_source;missing:reviewer;missing:reviewed_on;missing:ligand_identity;missing:ligand_class;missing:method;missing:grid_rationale_source;missing:structure_mapping_source;unsupported_method_in_this_entry;receptor_class_outside_this_adapter;candidate_specific_evidence_not_established;evidence_review_incomplete;structure_required,retain_raw_annotations; obtain_missing_predictor_evidence,Data-readiness decision; not a prediction of binding or failure
A0AB72ZMY1,abstain_from_docking,missing:sequence_sha256;missing:target_taxon;missing:target_context;missing:receptor_identity;missing:receptor_class;missing:evidence_scope;missing:evidence_source;missing:reviewer;missing:reviewed_on;missing:ligand_identity;missing:ligand_class;missing:method;missing:grid_rationale_source;missing:structure_mapping_source;unsupported_method_in_this_entry;receptor_class_outside_this_adapter;candidate_specific_evidence_not_established;evidence_review_incomplete;structure_required,retain_raw_annotations; obtain_missing_predictor_evidence,Data-readiness decision; not a prediction of binding or failure
A0A0T9MH64,abstain_from_docking,missing:sequence_sha256;missing:target_taxon;missing:target_context;missing:receptor_identity;missing:receptor_class;missing:evidence_scope;missing:evidence_source;missing:reviewer;missing:reviewed_on;missing:ligand_identity;missing:ligand_class;missing:method;missing:grid_rationale_source;missing:structure_mapping_source;unsupported_method_in_this_entry;receptor_class_outside_this_adapter;candidate_specific_evidence_not_established;evidence_review_incomplete;structure_required,retain_raw_annotations; obtain_missing_predictor_evidence,Data-readiness decision; not a prediction of binding or failure
A0A2G4U2G2,abstain_from_docking,missing:sequence_sha256;missing:target_taxon;missing:target_context;missing:receptor_identity;missing:receptor_class;missing:evidence_scope;missing:evidence_source;missing:reviewer;missing:reviewed_on;missing:ligand_identity;missing:ligand_class;missing:method;missing:grid_rationale_source;missing:structure_mapping_source;unsupported_method_in_this_entry;receptor_class_outside_this_adapter;candidate_specific_evidence_not_established;evidence_review_incomplete;structure_required,retain_raw_annotations; obtain_missing_predictor_evidence,Data-readiness decision; not a prediction of binding or failure
A0ABX5R0C5,abstain_from_docking,missing:sequence_sha256;missing:target_taxon;missing:target_context;missing:receptor_identity;missing:receptor_class;missing:evidence_scope;missing:evidence_source;missing:reviewer;missing:reviewed_on;missing:ligand_identity;missing:ligand_class;missing:method;missing:grid_rationale_source;missing:structure_mapping_source;unsupported_method_in_this_entry;receptor_class_outside_this_adapter;candidate_specific_evidence_not_established;evidence_review_incomplete;structure_required,retain_raw_annotations; obtain_missing_predictor_evidence,Data-readiness decision; not a prediction of binding or failure
A0ABM9XWV8,abstain_from_docking,missing:sequence_sha256;missing:target_taxon;missing:target_context;missing:receptor_identity;missing:receptor_class;missing:evidence_scope;missing:evidence_source;missing:reviewer;missing:reviewed_on;missing:ligand_identity;missing:ligand_class;missing:method;missing:grid_rationale_source;missing:structure_mapping_source;unsupported_method_in_this_entry;receptor_class_outside_this_adapter;candidate_specific_evidence_not_established;evidence_review_incomplete;structure_required,retain_raw_annotations; obtain_missing_predictor_evidence,Data-readiness decision; not a prediction of binding or failure
A0ABM7AH44,abstain_from_docking,missing:sequence_sha256;missing:target_taxon;missing:target_context;missing:receptor_identity;missing:receptor_class;missing:evidence_scope;missing:evidence_source;missing:reviewer;missing:reviewed_on;missing:ligand_identity;missing:ligand_class;missing:method;missing:grid_rationale_source;missing:structure_mapping_source;unsupported_method_in_this_entry;receptor_class_outside_this_adapter;candidate_specific_evidence_not_established;evidence_review_incomplete;structure_required,retain_raw_annotations; obtain_missing_predictor_evidence,Data-readiness decision; not a prediction of binding or failure
A0A380PQB1,abstain_from_docking,missing:sequence_sha256;missing:target_taxon;missing:target_context;missing:receptor_identity;missing:receptor_class;missing:evidence_scope;missing:evidence_source;missing:reviewer;missing:reviewed_on;missing:ligand_identity;missing:ligand_class;missing:method;missing:grid_rationale_source;missing:structure_mapping_source;unsupported_method_in_this_entry;receptor_class_outside_this_adapter;candidate_specific_evidence_not_established;evidence_review_incomplete;structure_required,retain_raw_annotations; obtain_missing_predictor_evidence,Data-readiness decision; not a prediction of binding or failure
A0ABY5UJG2,abstain_from_docking,missing:sequence_sha256;missing:target_taxon;missing:target_context;missing:receptor_identity;missing:receptor_class;missing:evidence_scope;missing:evidence_source;missing:reviewer;missing:reviewed_on;missing:ligand_identity;missing:ligand_class;missing:method;missing:grid_rationale_source;missing:structure_mapping_source;unsupported_method_in_this_entry;receptor_class_outside_this_adapter;candidate_specific_evidence_not_established;evidence_review_incomplete;structure_required,retain_raw_annotations; obtain_missing_predictor_evidence,Data-readiness decision; not a prediction of binding or failure
A0A0H3B4K0,abstain_from_docking,missing:sequence_sha256;missing:target_taxon;missing:target_context;missing:receptor_identity;missing:receptor_class;missing:evidence_scope;missing:evidence_source;missing:reviewer;missing:reviewed_on;missing:ligand_identity;missing:ligand_class;missing:method;missing:grid_rationale_source;missing:structure_mapping_source;unsupported_method_in_this_entry;receptor_class_outside_this_adapter;candidate_specific_evidence_not_established;evidence_review_incomplete;structure_required,retain_raw_annotations; obtain_missing_predictor_evidence,Data-readiness decision; not a prediction of binding or failure
A0AA36LNC6,abstain_from_docking,missing:sequence_sha256;missing:target_taxon;missing:target_context;missing:receptor_identity;missing:receptor_class;missing:evidence_scope;missing:evidence_source;missing:reviewer;missing:reviewed_on;missing:ligand_identity;missing:ligand_class;missing:method;missing:grid_rationale_source;missing:structure_mapping_source;unsupported_method_in_this_entry;receptor_class_outside_this_adapter;candidate_specific_evidence_not_established;evidence_review_incomplete;structure_required,retain_raw_annotations; obtain_missing_predictor_evidence,Data-readiness decision; not a prediction of binding or failure
A0A0T9TRC6,abstain_from_docking,missing:sequence_sha256;missing:target_taxon;missing:target_context;missing:receptor_identity;missing:receptor_class;missing:evidence_scope;missing:evidence_source;missing:reviewer;missing:reviewed_on;missing:ligand_identity;missing:ligand_class;missing:method;missing:grid_rationale_source;missing:structure_mapping_source;unsupported_method_in_this_entry;receptor_class_outside_this_adapter;candidate_specific_evidence_not_established;evidence_review_incomplete;structure_required,retain_raw_annotations; obtain_missing_predictor_evidence,Data-readiness decision; not a prediction of binding or failure
A0A0H3B3D7,abstain_from_docking,missing:sequence_sha256;missing:target_taxon;missing:target_context;missing:receptor_identity;missing:receptor_class;missing:evidence_scope;missing:evidence_source;missing:reviewer;missing:reviewed_on;missing:ligand_identity;missing:ligand_class;missing:method;missing:grid_rationale_source;missing:structure_mapping_source;unsupported_method_in_this_entry;receptor_class_outside_this_adapter;candidate_specific_evidence_not_established;evidence_review_incomplete;structure_required,retain_raw_annotations; obtain_missing_predictor_evidence,Data-readiness decision; not a prediction of binding or failure
A0A380PNY7,abstain_from_docking,missing:sequence_sha256;missing:target_taxon;missing:target_context;missing:receptor_identity;missing:receptor_class;missing:evidence_scope;missing:evidence_source;missing:reviewer;missing:reviewed_on;missing:ligand_identity;missing:ligand_class;missing:method;missing:grid_rationale_source;missing:structure_mapping_source;unsupported_method_in_this_entry;receptor_class_outside_this_adapter;candidate_specific_evidence_not_established;evidence_review_incomplete;structure_required,retain_raw_annotations; obtain_missing_predictor_evidence,Data-readiness decision; not a prediction of binding or failure
A0ABM6UP52,abstain_from_docking,missing:sequence_sha256;missing:target_taxon;missing:target_context;missing:receptor_identity;missing:receptor_class;missing:evidence_scope;missing:evidence_source;missing:reviewer;missing:reviewed_on;missing:ligand_identity;missing:ligand_class;missing:method;missing:grid_rationale_source;missing:structure_mapping_source;unsupported_method_in_this_entry;receptor_class_outside_this_adapter;candidate_specific_evidence_not_established;evidence_review_incomplete;structure_required,retain_raw_annotations; obtain_missing_predictor_evidence,Data-readiness decision; not a prediction of binding or failure
A0A380PNE2,abstain_from_docking,missing:sequence_sha256;missing:target_taxon;missing:target_context;missing:receptor_identity;missing:receptor_class;missing:evidence_scope;missing:evidence_source;missing:reviewer;missing:reviewed_on;missing:ligand_identity;missing:ligand_class;missing:method;missing:grid_rationale_source;missing:structure_mapping_source;unsupported_method_in_this_entry;receptor_class_outside_this_adapter;candidate_specific_evidence_not_established;evidence_review_incomplete;structure_required,retain_raw_annotations; obtain_missing_predictor_evidence,Data-readiness decision; not a prediction of binding or failure
A0ABM9TDA6,abstain_from_docking,missing:sequence_sha256;missing:target_taxon;missing:target_context;missing:receptor_identity;missing:receptor_class;missing:evidence_scope;missing:evidence_source;missing:reviewer;missing:reviewed_on;missing:ligand_identity;missing:ligand_class;missing:method;missing:grid_rationale_source;missing:structure_mapping_source;unsupported_method_in_this_entry;receptor_class_outside_this_adapter;candidate_specific_evidence_not_established;evidence_review_incomplete;structure_required,retain_raw_annotations; obtain_missing_predictor_evidence,Data-readiness decision; not a prediction of binding or failure
A0ABM9TCS0,abstain_from_docking,missing:sequence_sha256;missing:target_taxon;missing:target_context;missing:receptor_identity;missing:receptor_class;missing:evidence_scope;missing:evidence_source;missing:reviewer;missing:reviewed_on;missing:ligand_identity;missing:ligand_class;missing:method;missing:grid_rationale_source;missing:structure_mapping_source;unsupported_method_in_this_entry;receptor_class_outside_this_adapter;candidate_specific_evidence_not_established;evidence_review_incomplete;structure_required,retain_raw_annotations; obtain_missing_predictor_evidence,Data-readiness decision; not a prediction of binding or failure
A0A0H5M9D5,abstain_from_docking,missing:sequence_sha256;missing:target_taxon;missing:target_context;missing:receptor_identity;missing:receptor_class;missing:evidence_scope;missing:evidence_source;missing:reviewer;missing:reviewed_on;missing:ligand_identity;missing:ligand_class;missing:method;missing:grid_rationale_source;missing:structure_mapping_source;unsupported_method_in_this_entry;receptor_class_outside_this_adapter;candidate_specific_evidence_not_established;evidence_review_incomplete;structure_required,retain_raw_annotations; obtain_missing_predictor_evidence,Data-readiness decision; not a prediction of binding or failure
A0A085U5Z0,abstain_from_docking,missing:sequence_sha256;missing:target_taxon;missing:target_context;missing:receptor_identity;missing:receptor_class;missing:evidence_scope;missing:evidence_source;missing:reviewer;missing:reviewed_on;missing:ligand_identity;missing:ligand_class;missing:method;missing:grid_rationale_source;missing:structure_mapping_source;unsupported_method_in_this_entry;receptor_class_outside_this_adapter;candidate_specific_evidence_not_established;evidence_review_incomplete;structure_required,retain_raw_annotations; obtain_missing_predictor_evidence,Data-readiness decision; not a prediction of binding or failure
A0AAV3B8C3,abstain_from_docking,missing:sequence_sha256;missing:target_taxon;missing:target_context;missing:receptor_identity;missing:receptor_class;missing:evidence_scope;missing:evidence_source;missing:reviewer;missing:reviewed_on;missing:ligand_identity;missing:ligand_class;missing:method;missing:grid_rationale_source;missing:structure_mapping_source;unsupported_method_in_this_entry;receptor_class_outside_this_adapter;candidate_specific_evidence_not_established;evidence_review_incomplete;structure_required,retain_raw_annotations; obtain_missing_predictor_evidence,Data-readiness decision; not a prediction of binding or failure
A0A0T9QDU9,abstain_from_docking,missing:sequence_sha256;missing:target_taxon;missing:target_context;missing:receptor_identity;missing:receptor_class;missing:evidence_scope;missing:evidence_source;missing:reviewer;missing:reviewed_on;missing:ligand_identity;missing:ligand_class;missing:method;missing:grid_rationale_source;missing:structure_mapping_source;unsupported_method_in_this_entry;receptor_class_outside_this_adapter;candidate_specific_evidence_not_established;evidence_review_incomplete;structure_required,retain_raw_annotations; obtain_missing_predictor_evidence,Data-readiness decision; not a prediction of binding or failure
A1JQS5,abstain_from_docking,missing:sequence_sha256;missing:target_taxon;missing:target_context;missing:receptor_identity;missing:receptor_class;missing:evidence_scope;missing:evidence_source;missing:reviewer;missing:reviewed_on;missing:ligand_identity;missing:ligand_class;missing:method;missing:grid_rationale_source;missing:structure_mapping_source;unsupported_method_in_this_entry;receptor_class_outside_this_adapter;candidate_specific_evidence_not_established;evidence_review_incomplete;structure_required,retain_raw_annotations; obtain_missing_predictor_evidence,Data-readiness decision; not a prediction of binding or failure
A0ABW9EYQ1,abstain_from_docking,missing:sequence_sha256;missing:target_taxon;missing:target_context;missing:receptor_identity;missing:receptor_class;missing:evidence_scope;missing:evidence_source;missing:reviewer;missing:reviewed_on;missing:ligand_identity;missing:ligand_class;missing:method;missing:grid_rationale_source;missing:structure_mapping_source;unsupported_method_in_this_entry;receptor_class_outside_this_adapter;candidate_specific_evidence_not_established;evidence_review_incomplete;structure_required,retain_raw_annotations; obtain_missing_predictor_evidence,Data-readiness decision; not a prediction of binding or failure
A0AAX2I043,abstain_from_docking,missing:sequence_sha256;missing:target_taxon;missing:target_context;missing:receptor_identity;missing:receptor_class;missing:evidence_scope;missing:evidence_source;missing:reviewer;missing:reviewed_on;missing:ligand_identity;missing:ligand_class;missing:method;missing:grid_rationale_source;missing:structure_mapping_source;unsupported_method_in_this_entry;receptor_class_outside_this_adapter;candidate_specific_evidence_not_established;evidence_review_incomplete;structure_required,retain_raw_annotations; obtain_missing_predictor_evidence,Data-readiness decision; not a prediction of binding or failure
A0A208ZSG0,abstain_from_docking,missing:sequence_sha256;missing:target_taxon;missing:target_context;missing:receptor_identity;missing:receptor_class;missing:evidence_scope;missing:evidence_source;missing:reviewer;missing:reviewed_on;missing:ligand_identity;missing:ligand_class;missing:method;missing:grid_rationale_source;missing:structure_mapping_source;unsupported_method_in_this_entry;receptor_class_outside_this_adapter;candidate_specific_evidence_not_established;evidence_review_incomplete;structure_required,retain_raw_annotations; obtain_missing_predictor_evidence,Data-readiness decision; not a prediction of binding or failure
A0AA90Y526,abstain_from_docking,missing:sequence_sha256;missing:target_taxon;missing:target_context;missing:receptor_identity;missing:receptor_class;missing:evidence_scope;missing:evidence_source;missing:reviewer;missing:reviewed_on;missing:ligand_identity;missing:ligand_class;missing:method;missing:grid_rationale_source;missing:structure_mapping_source;unsupported_method_in_this_entry;receptor_class_outside_this_adapter;candidate_specific_evidence_not_established;evidence_review_incomplete;structure_required,retain_raw_annotations; obtain_missing_predictor_evidence,Data-readiness decision; not a prediction of binding or failure
A0A380QTF7,abstain_from_docking,missing:sequence_sha256;missing:target_taxon;missing:target_context;missing:receptor_identity;missing:receptor_class;missing:evidence_scope;missing:evidence_source;missing:reviewer;missing:reviewed_on;missing:ligand_identity;missing:ligand_class;missing:method;missing:grid_rationale_source;missing:structure_mapping_source;unsupported_method_in_this_entry;receptor_class_outside_this_adapter;candidate_specific_evidence_not_established;evidence_review_incomplete;structure_required,retain_raw_annotations; obtain_missing_predictor_evidence,Data-readiness decision; not a prediction of binding or failure
A0A085U317,abstain_from_docking,missing:sequence_sha256;missing:target_taxon;missing:target_context;missing:receptor_identity;missing:receptor_class;missing:evidence_scope;missing:evidence_source;missing:reviewer;missing:reviewed_on;missing:ligand_identity;missing:ligand_class;missing:method;missing:grid_rationale_source;missing:structure_mapping_source;unsupported_method_in_this_entry;receptor_class_outside_this_adapter;candidate_specific_evidence_not_established;evidence_review_incomplete;structure_required,retain_raw_annotations; obtain_missing_predictor_evidence,Data-readiness decision; not a prediction of binding or failure
A0A2U2GXH7,abstain_from_docking,missing:sequence_sha256;missing:target_taxon;missing:target_context;missing:receptor_identity;missing:receptor_class;missing:evidence_scope;missing:evidence_source;missing:reviewer;missing:reviewed_on;missing:ligand_identity;missing:ligand_class;missing:method;missing:grid_rationale_source;missing:structure_mapping_source;unsupported_method_in_this_entry;receptor_class_outside_this_adapter;candidate_specific_evidence_not_established;evidence_review_incomplete;structure_required,retain_raw_annotations; obtain_missing_predictor_evidence,Data-readiness decision; not a prediction of binding or failure
A0ABR4W9H6,abstain_from_docking,missing:sequence_sha256;missing:target_taxon;missing:target_context;missing:receptor_identity;missing:receptor_class;missing:evidence_scope;missing:evidence_source;missing:reviewer;missing:reviewed_on;missing:ligand_identity;missing:ligand_class;missing:method;missing:grid_rationale_source;missing:structure_mapping_source;unsupported_method_in_this_entry;receptor_class_outside_this_adapter;candidate_specific_evidence_not_established;evidence_review_incomplete;structure_required,retain_raw_annotations; obtain_missing_predictor_evidence,Data-readiness decision; not a prediction of binding or failure
A0AB72ZDV0,abstain_from_docking,missing:sequence_sha256;missing:target_taxon;missing:target_context;missing:receptor_identity;missing:receptor_class;missing:evidence_scope;missing:evidence_source;missing:reviewer;missing:reviewed_on;missing:ligand_identity;missing:ligand_class;missing:method;missing:grid_rationale_source;missing:structure_mapping_source;unsupported_method_in_this_entry;receptor_class_outside_this_adapter;candidate_specific_evidence_not_established;evidence_review_incomplete;structure_required,retain_raw_annotations; obtain_missing_predictor_evidence,Data-readiness decision; not a prediction of binding or failure
A0ABR4VWS1,abstain_from_docking,missing:sequence_sha256;missing:target_taxon;missing:target_context;missing:receptor_identity;missing:receptor_class;missing:evidence_scope;missing:evidence_source;missing:reviewer;missing:reviewed_on;missing:ligand_identity;missing:ligand_class;missing:method;missing:grid_rationale_source;missing:structure_mapping_source;unsupported_method_in_this_entry;receptor_class_outside_this_adapter;candidate_specific_evidence_not_established;evidence_review_incomplete;structure_required,retain_raw_annotations; obtain_missing_predictor_evidence,Data-readiness decision; not a prediction of binding or failure
A0AB73Q5K2,abstain_from_docking,missing:sequence_sha256;missing:target_taxon;missing:target_context;missing:receptor_identity;missing:receptor_class;missing:evidence_scope;missing:evidence_source;missing:reviewer;missing:reviewed_on;missing:ligand_identity;missing:ligand_class;missing:method;missing:grid_rationale_source;missing:structure_mapping_source;unsupported_method_in_this_entry;receptor_class_outside_this_adapter;candidate_specific_evidence_not_established;evidence_review_incomplete;structure_required,retain_raw_annotations; obtain_missing_predictor_evidence,Data-readiness decision; not a prediction of binding or failure
A0A0T9UHA7,abstain_from_docking,missing:sequence_sha256;missing:target_taxon;missing:target_context;missing:receptor_identity;missing:receptor_class;missing:evidence_scope;missing:evidence_source;missing:reviewer;missing:reviewed_on;missing:ligand_identity;missing:ligand_class;missing:method;missing:grid_rationale_source;missing:structure_mapping_source;unsupported_method_in_this_entry;receptor_class_outside_this_adapter;candidate_specific_evidence_not_established;evidence_review_incomplete;structure_required,retain_raw_annotations; obtain_missing_predictor_evidence,Data-readiness decision; not a prediction of binding or failure
A0A0U1R2N4,abstain_from_docking,missing:sequence_sha256;missing:target_taxon;missing:target_context;missing:receptor_identity;missing:receptor_class;missing:evidence_scope;missing:evidence_source;missing:reviewer;missing:reviewed_on;missing:ligand_identity;missing:ligand_class;missing:method;missing:grid_rationale_source;missing:structure_mapping_source;unsupported_method_in_this_entry;receptor_class_outside_this_adapter;candidate_specific_evidence_not_established;evidence_review_incomplete;structure_required,retain_raw_annotations; obtain_missing_predictor_evidence,Data-readiness decision; not a prediction of binding or failure
A0A380PNP9,abstain_from_docking,missing:sequence_sha256;missing:target_taxon;missing:target_context;missing:receptor_identity;missing:receptor_class;missing:evidence_scope;missing:evidence_source;missing:reviewer;missing:reviewed_on;missing:ligand_identity;missing:ligand_class;missing:method;missing:grid_rationale_source;missing:structure_mapping_source;unsupported_method_in_this_entry;receptor_class_outside_this_adapter;candidate_specific_evidence_not_established;evidence_review_incomplete;structure_required,retain_raw_annotations; obtain_missing_predictor_evidence,Data-readiness decision; not a prediction of binding or failure
A0A0T9QV26,abstain_from_docking,missing:sequence_sha256;missing:target_taxon;missing:target_context;missing:receptor_identity;missing:receptor_class;missing:evidence_scope;missing:evidence_source;missing:reviewer;missing:reviewed_on;missing:ligand_identity;missing:ligand_class;missing:method;missing:grid_rationale_source;missing:structure_mapping_source;unsupported_method_in_this_entry;receptor_class_outside_this_adapter;candidate_specific_evidence_not_established;evidence_review_incomplete;structure_required,retain_raw_annotations; obtain_missing_predictor_evidence,Data-readiness decision; not a prediction of binding or failure
A0ABM9XUV6,abstain_from_docking,missing:sequence_sha256;missing:target_taxon;missing:target_context;missing:receptor_identity;missing:receptor_class;missing:evidence_scope;missing:evidence_source;missing:reviewer;missing:reviewed_on;missing:ligand_identity;missing:ligand_class;missing:method;missing:grid_rationale_source;missing:structure_mapping_source;unsupported_method_in_this_entry;receptor_class_outside_this_adapter;candidate_specific_evidence_not_established;evidence_review_incomplete;structure_required,retain_raw_annotations; obtain_missing_predictor_evidence,Data-readiness decision; not a prediction of binding or failure
A0A0T9PYB4,abstain_from_docking,missing:sequence_sha256;missing:target_taxon;missing:target_context;missing:receptor_identity;missing:receptor_class;missing:evidence_scope;missing:evidence_source;missing:reviewer;missing:reviewed_on;missing:ligand_identity;missing:ligand_class;missing:method;missing:grid_rationale_source;missing:structure_mapping_source;unsupported_method_in_this_entry;receptor_class_outside_this_adapter;candidate_specific_evidence_not_established;evidence_review_incomplete;structure_required,retain_raw_annotations; obtain_missing_predictor_evidence,Data-readiness decision; not a prediction of binding or failure
A0ABM6BHQ6,abstain_from_docking,missing:sequence_sha256;missing:target_taxon;missing:target_context;missing:receptor_identity;missing:receptor_class;missing:evidence_scope;missing:evidence_source;missing:reviewer;missing:reviewed_on;missing:ligand_identity;missing:ligand_class;missing:method;missing:grid_rationale_source;missing:structure_mapping_source;unsupported_method_in_this_entry;receptor_class_outside_this_adapter;candidate_specific_evidence_not_established;evidence_review_incomplete;structure_required,retain_raw_annotations; obtain_missing_predictor_evidence,Data-readiness decision; not a prediction of binding or failure
A0A0H3B678,abstain_from_docking,missing:sequence_sha256;missing:target_taxon;missing:target_context;missing:receptor_identity;missing:receptor_class;missing:evidence_scope;missing:evidence_source;missing:reviewer;missing:reviewed_on;missing:ligand_identity;missing:ligand_class;missing:method;missing:grid_rationale_source;missing:structure_mapping_source;unsupported_method_in_this_entry;receptor_class_outside_this_adapter;candidate_specific_evidence_not_established;evidence_review_incomplete;structure_required,retain_raw_annotations; obtain_missing_predictor_evidence,Data-readiness decision; not a prediction of binding or failure
A0A0U1QVC6,abstain_from_docking,missing:sequence_sha256;missing:target_taxon;missing:target_context;missing:receptor_identity;missing:receptor_class;missing:evidence_scope;missing:evidence_source;missing:reviewer;missing:reviewed_on;missing:ligand_identity;missing:ligand_class;missing:method;missing:grid_rationale_source;missing:structure_mapping_source;unsupported_method_in_this_entry;receptor_class_outside_this_adapter;candidate_specific_evidence_not_established;evidence_review_incomplete;structure_required,retain_raw_annotations; obtain_missing_predictor_evidence,Data-readiness decision; not a prediction of binding or failure
A0AA90XZS1,abstain_from_docking,missing:sequence_sha256;missing:target_taxon;missing:target_context;missing:receptor_identity;missing:receptor_class;missing:evidence_scope;missing:evidence_source;missing:reviewer;missing:reviewed_on;missing:ligand_identity;missing:ligand_class;missing:method;missing:grid_rationale_source;missing:structure_mapping_source;unsupported_method_in_this_entry;receptor_class_outside_this_adapter;candidate_specific_evidence_not_established;evidence_review_incomplete;structure_required,retain_raw_annotations; obtain_missing_predictor_evidence,Data-readiness decision; not a prediction of binding or failure
A0A0H3B1B9,abstain_from_docking,missing:sequence_sha256;missing:target_taxon;missing:target_context;missing:receptor_identity;missing:receptor_class;missing:evidence_scope;missing:evidence_source;missing:reviewer;missing:reviewed_on;missing:ligand_identity;missing:ligand_class;missing:method;missing:grid_rationale_source;missing:structure_mapping_source;unsupported_method_in_this_entry;receptor_class_outside_this_adapter;candidate_specific_evidence_not_established;evidence_review_incomplete;structure_required,retain_raw_annotations; obtain_missing_predictor_evidence,Data-readiness decision; not a prediction of binding or failure
A0AB73Q656,abstain_from_docking,missing:sequence_sha256;missing:target_taxon;missing:target_context;missing:receptor_identity;missing:receptor_class;missing:evidence_scope;missing:evidence_source;missing:reviewer;missing:reviewed_on;missing:ligand_identity;missing:ligand_class;missing:method;missing:grid_rationale_source;missing:structure_mapping_source;unsupported_method_in_this_entry;receptor_class_outside_this_adapter;candidate_specific_evidence_not_established;evidence_review_incomplete;structure_required,retain_raw_annotations; obtain_missing_predictor_evidence,Data-readiness decision; not a prediction of binding or failure
A0A209A9L1,abstain_from_docking,missing:sequence_sha256;missing:target_taxon;missing:target_context;missing:receptor_identity;missing:receptor_class;missing:evidence_scope;missing:evidence_source;missing:reviewer;missing:reviewed_on;missing:ligand_identity;missing:ligand_class;missing:method;missing:grid_rationale_source;missing:structure_mapping_source;unsupported_method_in_this_entry;receptor_class_outside_this_adapter;candidate_specific_evidence_not_established;evidence_review_incomplete;structure_required,retain_raw_annotations; obtain_missing_predictor_evidence,Data-readiness decision; not a prediction of binding or failure
A0ABM5UHV5,abstain_from_docking,missing:sequence_sha256;missing:target_taxon;missing:target_context;missing:receptor_identity;missing:receptor_class;missing:evidence_scope;missing:evidence_source;missing:reviewer;missing:reviewed_on;missing:ligand_identity;missing:ligand_class;missing:method;missing:grid_rationale_source;missing:structure_mapping_source;unsupported_method_in_this_entry;receptor_class_outside_this_adapter;candidate_specific_evidence_not_established;evidence_review_incomplete;structure_required,retain_raw_annotations; obtain_missing_predictor_evidence,Data-readiness decision; not a prediction of binding or failure
A0AB72ZL33,abstain_from_docking,missing:sequence_sha256;missing:target_taxon;missing:target_context;missing:receptor_identity;missing:receptor_class;missing:evidence_scope;missing:evidence_source;missing:reviewer;missing:reviewed_on;missing:ligand_identity;missing:ligand_class;missing:method;missing:grid_rationale_source;missing:structure_mapping_source;unsupported_method_in_this_entry;receptor_class_outside_this_adapter;candidate_specific_evidence_not_established;evidence_review_incomplete;structure_required,retain_raw_annotations; obtain_missing_predictor_evidence,Data-readiness decision; not a prediction of binding or failure
A0A2G4TYK3,abstain_from_docking,missing:sequence_sha256;missing:target_taxon;missing:target_context;missing:receptor_identity;missing:receptor_class;missing:evidence_scope;missing:evidence_source;missing:reviewer;missing:reviewed_on;missing:ligand_identity;missing:ligand_class;missing:method;missing:grid_rationale_source;missing:structure_mapping_source;unsupported_method_in_this_entry;receptor_class_outside_this_adapter;candidate_specific_evidence_not_established;evidence_review_incomplete;structure_required,retain_raw_annotations; obtain_missing_predictor_evidence,Data-readiness decision; not a prediction of binding or failure
A0ABR4W5R8,abstain_from_docking,missing:sequence_sha256;missing:target_taxon;missing:target_context;missing:receptor_identity;missing:receptor_class;missing:evidence_scope;missing:evidence_source;missing:reviewer;missing:reviewed_on;missing:ligand_identity;missing:ligand_class;missing:method;missing:grid_rationale_source;missing:structure_mapping_source;unsupported_method_in_this_entry;receptor_class_outside_this_adapter;candidate_specific_evidence_not_established;evidence_review_incomplete;structure_required,retain_raw_annotations; obtain_missing_predictor_evidence,Data-readiness decision; not a prediction of binding or failure
A0A0A8VDN9,abstain_from_docking,missing:sequence_sha256;missing:target_taxon;missing:target_context;missing:receptor_identity;missing:receptor_class;missing:evidence_scope;missing:evidence_source;missing:reviewer;missing:reviewed_on;missing:ligand_identity;missing:ligand_class;missing:method;missing:grid_rationale_source;missing:structure_mapping_source;unsupported_method_in_this_entry;receptor_class_outside_this_adapter;candidate_specific_evidence_not_established;evidence_review_incomplete;structure_required,retain_raw_annotations; obtain_missing_predictor_evidence,Data-readiness decision; not a prediction of binding or failure
A0AAI8ZVG7,abstain_from_docking,missing:sequence_sha256;missing:target_taxon;missing:target_context;missing:receptor_identity;missing:receptor_class;missing:evidence_scope;missing:evidence_source;missing:reviewer;missing:reviewed_on;missing:ligand_identity;missing:ligand_class;missing:method;missing:grid_rationale_source;missing:structure_mapping_source;unsupported_method_in_this_entry;receptor_class_outside_this_adapter;candidate_specific_evidence_not_established;evidence_review_incomplete;structure_required,retain_raw_annotations; obtain_missing_predictor_evidence,Data-readiness decision; not a prediction of binding or failure
A0A0H5MHG7,abstain_from_docking,missing:sequence_sha256;missing:target_taxon;missing:target_context;missing:receptor_identity;missing:receptor_class;missing:evidence_scope;missing:evidence_source;missing:reviewer;missing:reviewed_on;missing:ligand_identity;missing:ligand_class;missing:method;missing:grid_rationale_source;missing:structure_mapping_source;unsupported_method_in_this_entry;receptor_class_outside_this_adapter;candidate_specific_evidence_not_established;evidence_review_incomplete;structure_required,retain_raw_annotations; obtain_missing_predictor_evidence,Data-readiness decision; not a prediction of binding or failure
A0AAX2I0L3,abstain_from_docking,missing:sequence_sha256;missing:target_taxon;missing:target_context;missing:receptor_identity;missing:receptor_class;missing:evidence_scope;missing:evidence_source;missing:reviewer;missing:reviewed_on;missing:ligand_identity;missing:ligand_class;missing:method;missing:grid_rationale_source;missing:structure_mapping_source;unsupported_method_in_this_entry;receptor_class_outside_this_adapter;candidate_specific_evidence_not_established;evidence_review_incomplete;structure_required,retain_raw_annotations; obtain_missing_predictor_evidence,Data-readiness decision; not a prediction of binding or failure
A0AA36PIC1,abstain_from_docking,missing:sequence_sha256;missing:target_taxon;missing:target_context;missing:receptor_identity;missing:receptor_class;missing:evidence_scope;missing:evidence_source;missing:reviewer;missing:reviewed_on;missing:ligand_identity;missing:ligand_class;missing:method;missing:grid_rationale_source;missing:structure_mapping_source;unsupported_method_in_this_entry;receptor_class_outside_this_adapter;candidate_specific_evidence_not_established;evidence_review_incomplete;structure_required,retain_raw_annotations; obtain_missing_predictor_evidence,Data-readiness decision; not a prediction of binding or failure
A0AAV3BAT5,abstain_from_docking,missing:sequence_sha256;missing:target_taxon;missing:target_context;missing:receptor_identity;missing:receptor_class;missing:evidence_scope;missing:evidence_source;missing:reviewer;missing:reviewed_on;missing:ligand_identity;missing:ligand_class;missing:method;missing:grid_rationale_source;missing:structure_mapping_source;unsupported_method_in_this_entry;receptor_class_outside_this_adapter;candidate_specific_evidence_not_established;evidence_review_incomplete;structure_required,retain_raw_annotations; obtain_missing_predictor_evidence,Data-readiness decision; not a prediction of binding or failure
A0ABM6UW81,abstain_from_docking,missing:sequence_sha256;missing:target_taxon;missing:target_context;missing:receptor_identity;missing:receptor_class;missing:evidence_scope;missing:evidence_source;missing:reviewer;missing:reviewed_on;missing:ligand_identity;missing:ligand_class;missing:method;missing:grid_rationale_source;missing:structure_mapping_source;unsupported_method_in_this_entry;receptor_class_outside_this_adapter;candidate_specific_evidence_not_established;evidence_review_incomplete;structure_required,retain_raw_annotations; obtain_missing_predictor_evidence,Data-readiness decision; not a prediction of binding or failure
A0ABX5R0V5,abstain_from_docking,missing:sequence_sha256;missing:target_taxon;missing:target_context;missing:receptor_identity;missing:receptor_class;missing:evidence_scope;missing:evidence_source;missing:reviewer;missing:reviewed_on;missing:ligand_identity;missing:ligand_class;missing:method;missing:grid_rationale_source;missing:structure_mapping_source;unsupported_method_in_this_entry;receptor_class_outside_this_adapter;candidate_specific_evidence_not_established;evidence_review_incomplete;structure_required,retain_raw_annotations; obtain_missing_predictor_evidence,Data-readiness decision; not a prediction of binding or failure
A0A0T9MSU1,abstain_from_docking,missing:sequence_sha256;missing:target_taxon;missing:target_context;missing:receptor_identity;missing:receptor_class;missing:evidence_scope;missing:evidence_source;missing:reviewer;missing:reviewed_on;missing:ligand_identity;missing:ligand_class;missing:method;missing:grid_rationale_source;missing:structure_mapping_source;unsupported_method_in_this_entry;receptor_class_outside_this_adapter;candidate_specific_evidence_not_established;evidence_review_incomplete;structure_required,retain_raw_annotations; obtain_missing_predictor_evidence,Data-readiness decision; not a prediction of binding or failure
A0ABP1Z8F7,abstain_from_docking,missing:sequence_sha256;missing:target_taxon;missing:target_context;missing:receptor_identity;missing:receptor_class;missing:evidence_scope;missing:evidence_source;missing:reviewer;missing:reviewed_on;missing:ligand_identity;missing:ligand_class;missing:method;missing:grid_rationale_source;missing:structure_mapping_source;unsupported_method_in_this_entry;receptor_class_outside_this_adapter;candidate_specific_evidence_not_established;evidence_review_incomplete;structure_required,retain_raw_annotations; obtain_missing_predictor_evidence,Data-readiness decision; not a prediction of binding or failure
A0AB73QHN9,abstain_from_docking,missing:sequence_sha256;missing:target_taxon;missing:target_context;missing:receptor_identity;missing:receptor_class;missing:evidence_scope;missing:evidence_source;missing:reviewer;missing:reviewed_on;missing:ligand_identity;missing:ligand_class;missing:method;missing:grid_rationale_source;missing:structure_mapping_source;unsupported_method_in_this_entry;receptor_class_outside_this_adapter;candidate_specific_evidence_not_established;evidence_review_incomplete;structure_required,retain_raw_annotations; obtain_missing_predictor_evidence,Data-readiness decision; not a prediction of binding or failure
A0AB73NKW1,abstain_from_docking,missing:sequence_sha256;missing:target_taxon;missing:target_context;missing:receptor_identity;missing:receptor_class;missing:evidence_scope;missing:evidence_source;missing:reviewer;missing:reviewed_on;missing:ligand_identity;missing:ligand_class;missing:method;missing:grid_rationale_source;missing:structure_mapping_source;unsupported_method_in_this_entry;receptor_class_outside_this_adapter;candidate_specific_evidence_not_established;evidence_review_incomplete;structure_required,retain_raw_annotations; obtain_missing_predictor_evidence,Data-readiness decision; not a prediction of binding or failure
A0AAV3B8C2,abstain_from_docking,missing:sequence_sha256;missing:target_taxon;missing:target_context;missing:receptor_identity;missing:receptor_class;missing:evidence_scope;missing:evidence_source;missing:reviewer;missing:reviewed_on;missing:ligand_identity;missing:ligand_class;missing:method;missing:grid_rationale_source;missing:structure_mapping_source;unsupported_method_in_this_entry;receptor_class_outside_this_adapter;candidate_specific_evidence_not_established;evidence_review_incomplete;structure_required,retain_raw_annotations; obtain_missing_predictor_evidence,Data-readiness decision; not a prediction of binding or failure
A0AB73PP81,abstain_from_docking,missing:sequence_sha256;missing:target_taxon;missing:target_context;missing:receptor_identity;missing:receptor_class;missing:evidence_scope;missing:evidence_source;missing:reviewer;missing:reviewed_on;missing:ligand_identity;missing:ligand_class;missing:method;missing:grid_rationale_source;missing:structure_mapping_source;unsupported_method_in_this_entry;receptor_class_outside_this_adapter;candidate_specific_evidence_not_established;evidence_review_incomplete;structure_required,retain_raw_annotations; obtain_missing_predictor_evidence,Data-readiness decision; not a prediction of binding or failure
A0A0T9LN66,abstain_from_docking,missing:sequence_sha256;missing:target_taxon;missing:target_context;missing:receptor_identity;missing:receptor_class;missing:evidence_scope;missing:evidence_source;missing:reviewer;missing:reviewed_on;missing:ligand_identity;missing:ligand_class;missing:method;missing:grid_rationale_source;missing:structure_mapping_source;unsupported_method_in_this_entry;receptor_class_outside_this_adapter;candidate_specific_evidence_not_established;evidence_review_incomplete;structure_required,retain_raw_annotations; obtain_missing_predictor_evidence,Data-readiness decision; not a prediction of binding or failure
A0ABM7AGN3,abstain_from_docking,missing:sequence_sha256;missing:target_taxon;missing:target_context;missing:receptor_identity;missing:receptor_class;missing:evidence_scope;missing:evidence_source;missing:reviewer;missing:reviewed_on;missing:ligand_identity;missing:ligand_class;missing:method;missing:grid_rationale_source;missing:structure_mapping_source;unsupported_method_in_this_entry;receptor_class_outside_this_adapter;candidate_specific_evidence_not_established;evidence_review_incomplete;structure_required,retain_raw_annotations; obtain_missing_predictor_evidence,Data-readiness decision; not a prediction of binding or failure
A0ABM5U8M7,abstain_from_docking,missing:sequence_sha256;missing:target_taxon;missing:target_context;missing:receptor_identity;missing:receptor_class;missing:evidence_scope;missing:evidence_source;missing:reviewer;missing:reviewed_on;missing:ligand_identity;missing:ligand_class;missing:method;missing:grid_rationale_source;missing:structure_mapping_source;unsupported_method_in_this_entry;receptor_class_outside_this_adapter;candidate_specific_evidence_not_established;evidence_review_incomplete;structure_required,retain_raw_annotations; obtain_missing_predictor_evidence,Data-readiness decision; not a prediction of binding or failure
A0ABN4CNM4,abstain_from_docking,missing:sequence_sha256;missing:target_taxon;missing:target_context;missing:receptor_identity;missing:receptor_class;missing:evidence_scope;missing:evidence_source;missing:reviewer;missing:reviewed_on;missing:ligand_identity;missing:ligand_class;missing:method;missing:grid_rationale_source;missing:structure_mapping_source;unsupported_method_in_this_entry;receptor_class_outside_this_adapter;candidate_specific_evidence_not_established;evidence_review_incomplete;structure_required,retain_raw_annotations; obtain_missing_predictor_evidence,Data-readiness decision; not a prediction of binding or failure
A0A0T9RQ76,abstain_from_docking,missing:sequence_sha256;missing:target_taxon;missing:target_context;missing:receptor_identity;missing:receptor_class;missing:evidence_scope;missing:evidence_source;missing:reviewer;missing:reviewed_on;missing:ligand_identity;missing:ligand_class;missing:method;missing:grid_rationale_source;missing:structure_mapping_source;unsupported_method_in_this_entry;receptor_class_outside_this_adapter;candidate_specific_evidence_not_established;evidence_review_incomplete;structure_required,retain_raw_annotations; obtain_missing_predictor_evidence,Data-readiness decision; not a prediction of binding or failure
A0ABX6FH78,abstain_from_docking,missing:sequence_sha256;missing:target_taxon;missing:target_context;missing:receptor_identity;missing:receptor_class;missing:evidence_scope;missing:evidence_source;missing:reviewer;missing:reviewed_on;missing:ligand_identity;missing:ligand_class;missing:method;missing:grid_rationale_source;missing:structure_mapping_source;unsupported_method_in_this_entry;receptor_class_outside_this_adapter;candidate_specific_evidence_not_established;evidence_review_incomplete;structure_required,retain_raw_annotations; obtain_missing_predictor_evidence,Data-readiness decision; not a prediction of binding or failure
A0A380PNA2,abstain_from_docking,missing:sequence_sha256;missing:target_taxon;missing:target_context;missing:receptor_identity;missing:receptor_class;missing:evidence_scope;missing:evidence_source;missing:reviewer;missing:reviewed_on;missing:ligand_identity;missing:ligand_class;missing:method;missing:grid_rationale_source;missing:structure_mapping_source;unsupported_method_in_this_entry;receptor_class_outside_this_adapter;candidate_specific_evidence_not_established;evidence_review_incomplete;structure_required,retain_raw_annotations; obtain_missing_predictor_evidence,Data-readiness decision; not a prediction of binding or failure
A0AA44I1R7,abstain_from_docking,missing:sequence_sha256;missing:target_taxon;missing:target_context;missing:receptor_identity;missing:receptor_class;missing:evidence_scope;missing:evidence_source;missing:reviewer;missing:reviewed_on;missing:ligand_identity;missing:ligand_class;missing:method;missing:grid_rationale_source;missing:structure_mapping_source;unsupported_method_in_this_entry;receptor_class_outside_this_adapter;candidate_specific_evidence_not_established;evidence_review_incomplete;structure_required,retain_raw_annotations; obtain_missing_predictor_evidence,Data-readiness decision; not a prediction of binding or failure
A0ABP2DZT0,abstain_from_docking,missing:sequence_sha256;missing:target_taxon;missing:target_context;missing:receptor_identity;missing:receptor_class;missing:evidence_scope;missing:evidence_source;missing:reviewer;missing:reviewed_on;missing:ligand_identity;missing:ligand_class;missing:method;missing:grid_rationale_source;missing:structure_mapping_source;unsupported_method_in_this_entry;receptor_class_outside_this_adapter;candidate_specific_evidence_not_established;evidence_review_incomplete;structure_required,retain_raw_annotations; obtain_missing_predictor_evidence,Data-readiness decision; not a prediction of binding or failure
A0ABY5UX71,abstain_from_docking,missing:sequence_sha256;missing:target_taxon;missing:target_context;missing:receptor_identity;missing:receptor_class;missing:evidence_scope;missing:evidence_source;missing:reviewer;missing:reviewed_on;missing:ligand_identity;missing:ligand_class;missing:method;missing:grid_rationale_source;missing:structure_mapping_source;unsupported_method_in_this_entry;receptor_class_outside_this_adapter;candidate_specific_evidence_not_established;evidence_review_incomplete;structure_required,retain_raw_annotations; obtain_missing_predictor_evidence,Data-readiness decision; not a prediction of binding or failure
A0AB73QFS4,abstain_from_docking,missing:sequence_sha256;missing:target_taxon;missing:target_context;missing:receptor_identity;missing:receptor_class;missing:evidence_scope;missing:evidence_source;missing:reviewer;missing:reviewed_on;missing:ligand_identity;missing:ligand_class;missing:method;missing:grid_rationale_source;missing:structure_mapping_source;unsupported_method_in_this_entry;receptor_class_outside_this_adapter;candidate_specific_evidence_not_established;evidence_review_incomplete;structure_required,retain_raw_annotations; obtain_missing_predictor_evidence,Data-readiness decision; not a prediction of binding or failure
A0A380PUT3,abstain_from_docking,missing:sequence_sha256;missing:target_taxon;missing:target_context;missing:receptor_identity;missing:receptor_class;missing:evidence_scope;missing:evidence_source;missing:reviewer;missing:reviewed_on;missing:ligand_identity;missing:ligand_class;missing:method;missing:grid_rationale_source;missing:structure_mapping_source;unsupported_method_in_this_entry;receptor_class_outside_this_adapter;candidate_specific_evidence_not_established;evidence_review_incomplete;structure_required,retain_raw_annotations; obtain_missing_predictor_evidence,Data-readiness decision; not a prediction of binding or failure
A0A085U7Z9,abstain_from_docking,missing:sequence_sha256;missing:target_taxon;missing:target_context;missing:receptor_identity;missing:receptor_class;missing:evidence_scope;missing:evidence_source;missing:reviewer;missing:reviewed_on;missing:ligand_identity;missing:ligand_class;missing:method;missing:grid_rationale_source;missing:structure_mapping_source;unsupported_method_in_this_entry;receptor_class_outside_this_adapter;candidate_specific_evidence_not_established;evidence_review_incomplete;structure_required,retain_raw_annotations; obtain_missing_predictor_evidence,Data-readiness decision; not a prediction of binding or failure
A0A208ZSG3,abstain_from_docking,missing:sequence_sha256;missing:target_taxon;missing:target_context;missing:receptor_identity;missing:receptor_class;missing:evidence_scope;missing:evidence_source;missing:reviewer;missing:reviewed_on;missing:ligand_identity;missing:ligand_class;missing:method;missing:grid_rationale_source;missing:structure_mapping_source;unsupported_method_in_this_entry;receptor_class_outside_this_adapter;candidate_specific_evidence_not_established;evidence_review_incomplete;structure_required,retain_raw_annotations; obtain_missing_predictor_evidence,Data-readiness decision; not a prediction of binding or failure
A0ABM9TGV0,abstain_from_docking,missing:sequence_sha256;missing:target_taxon;missing:target_context;missing:receptor_identity;missing:receptor_class;missing:evidence_scope;missing:evidence_source;missing:reviewer;missing:reviewed_on;missing:ligand_identity;missing:ligand_class;missing:method;missing:grid_rationale_source;missing:structure_mapping_source;unsupported_method_in_this_entry;receptor_class_outside_this_adapter;candidate_specific_evidence_not_established;evidence_review_incomplete;structure_required,retain_raw_annotations; obtain_missing_predictor_evidence,Data-readiness decision; not a prediction of binding or failure
A0AA44CPT5,abstain_from_docking,missing:sequence_sha256;missing:target_taxon;missing:target_context;missing:receptor_identity;missing:receptor_class;missing:evidence_scope;missing:evidence_source;missing:reviewer;missing:reviewed_on;missing:ligand_identity;missing:ligand_class;missing:method;missing:grid_rationale_source;missing:structure_mapping_source;unsupported_method_in_this_entry;receptor_class_outside_this_adapter;candidate_specific_evidence_not_established;evidence_review_incomplete;structure_required,retain_raw_annotations; obtain_missing_predictor_evidence,Data-readiness decision; not a prediction of binding or failure
A0A0T9KLV1,abstain_from_docking,missing:sequence_sha256;missing:target_taxon;missing:target_context;missing:receptor_identity;missing:receptor_class;missing:evidence_scope;missing:evidence_source;missing:reviewer;missing:reviewed_on;missing:ligand_identity;missing:ligand_class;missing:method;missing:grid_rationale_source;missing:structure_mapping_source;unsupported_method_in_this_entry;receptor_class_outside_this_adapter;candidate_specific_evidence_not_established;evidence_review_incomplete;structure_required,retain_raw_annotations; obtain_missing_predictor_evidence,Data-readiness decision; not a prediction of binding or failure
A0ABW9ETP4,abstain_from_docking,missing:sequence_sha256;missing:target_taxon;missing:target_context;missing:receptor_identity;missing:receptor_class;missing:evidence_scope;missing:evidence_source;missing:reviewer;missing:reviewed_on;missing:ligand_identity;missing:ligand_class;missing:method;missing:grid_rationale_source;missing:structure_mapping_source;unsupported_method_in_this_entry;receptor_class_outside_this_adapter;candidate_specific_evidence_not_established;evidence_review_incomplete;structure_required,retain_raw_annotations; obtain_missing_predictor_evidence,Data-readiness decision; not a prediction of binding or failure
A0A0E1NNL7,abstain_from_docking,missing:sequence_sha256;missing:target_taxon;missing:target_context;missing:receptor_identity;missing:receptor_class;missing:evidence_scope;missing:evidence_source;missing:reviewer;missing:reviewed_on;missing:ligand_identity;missing:ligand_class;missing:method;missing:grid_rationale_source;missing:structure_mapping_source;unsupported_method_in_this_entry;receptor_class_outside_this_adapter;candidate_specific_evidence_not_established;evidence_review_incomplete;structure_required,retain_raw_annotations; obtain_missing_predictor_evidence,Data-readiness decision; not a prediction of binding or failure
A0A0U1QWC7,abstain_from_docking,missing:sequence_sha256;missing:target_taxon;missing:target_context;missing:receptor_identity;missing:receptor_class;missing:evidence_scope;missing:evidence_source;missing:reviewer;missing:reviewed_on;missing:ligand_identity;missing:ligand_class;missing:method;missing:grid_rationale_source;missing:structure_mapping_source;unsupported_method_in_this_entry;receptor_class_outside_this_adapter;candidate_specific_evidence_not_established;evidence_review_incomplete;structure_required,retain_raw_annotations; obtain_missing_predictor_evidence,Data-readiness decision; not a prediction of binding or failure
A0ABM9STX9,abstain_from_docking,missing:sequence_sha256;missing:target_taxon;missing:target_context;missing:receptor_identity;missing:receptor_class;missing:evidence_scope;missing:evidence_source;missing:reviewer;missing:reviewed_on;missing:ligand_identity;missing:ligand_class;missing:method;missing:grid_rationale_source;missing:structure_mapping_source;unsupported_method_in_this_entry;receptor_class_outside_this_adapter;candidate_specific_evidence_not_established;evidence_review_incomplete;structure_required,retain_raw_annotations; obtain_missing_predictor_evidence,Data-readiness decision; not a prediction of binding or failure
A0A380QTH7,abstain_from_docking,missing:sequence_sha256;missing:target_taxon;missing:target_context;missing:receptor_identity;missing:receptor_class;missing:evidence_scope;missing:evidence_source;missing:reviewer;missing:reviewed_on;missing:ligand_identity;missing:ligand_class;missing:method;missing:grid_rationale_source;missing:structure_mapping_source;unsupported_method_in_this_entry;receptor_class_outside_this_adapter;candidate_specific_evidence_not_established;evidence_review_incomplete;structure_required,retain_raw_annotations; obtain_missing_predictor_evidence,Data-readiness decision; not a prediction of binding or failure
A0ABM6UUN8,abstain_from_docking,missing:sequence_sha256;missing:target_taxon;missing:target_context;missing:receptor_identity;missing:receptor_class;missing:evidence_scope;missing:evidence_source;missing:reviewer;missing:reviewed_on;missing:ligand_identity;missing:ligand_class;missing:method;missing:grid_rationale_source;missing:structure_mapping_source;unsupported_method_in_this_entry;receptor_class_outside_this_adapter;candidate_specific_evidence_not_established;evidence_review_incomplete;structure_required,retain_raw_annotations; obtain_missing_predictor_evidence,Data-readiness decision; not a prediction of binding or failure
A0A2G4U293,abstain_from_docking,missing:sequence_sha256;missing:target_taxon;missing:target_context;missing:receptor_identity;missing:receptor_class;missing:evidence_scope;missing:evidence_source;missing:reviewer;missing:reviewed_on;missing:ligand_identity;missing:ligand_class;missing:method;missing:grid_rationale_source;missing:structure_mapping_source;unsupported_method_in_this_entry;receptor_class_outside_this_adapter;candidate_specific_evidence_not_established;evidence_review_incomplete;structure_required,retain_raw_annotations; obtain_missing_predictor_evidence,Data-readiness decision; not a prediction of binding or failure
A0ABM5SR09,abstain_from_docking,missing:sequence_sha256;missing:target_taxon;missing:target_context;missing:receptor_identity;missing:receptor_class;missing:evidence_scope;missing:evidence_source;missing:reviewer;missing:reviewed_on;missing:ligand_identity;missing:ligand_class;missing:method;missing:grid_rationale_source;missing:structure_mapping_source;unsupported_method_in_this_entry;receptor_class_outside_this_adapter;candidate_specific_evidence_not_established;evidence_review_incomplete;structure_required,retain_raw_annotations; obtain_missing_predictor_evidence,Data-readiness decision; not a prediction of binding or failure
Q666T9,abstain_from_docking,missing:sequence_sha256;missing:target_taxon;missing:target_context;missing:receptor_identity;missing:receptor_class;missing:evidence_scope;missing:evidence_source;missing:reviewer;missing:reviewed_on;missing:ligand_identity;missing:ligand_class;missing:method;missing:grid_rationale_source;missing:structure_mapping_source;unsupported_method_in_this_entry;receptor_class_outside_this_adapter;candidate_specific_evidence_not_established;evidence_review_incomplete;structure_required,retain_raw_annotations; obtain_missing_predictor_evidence,Data-readiness decision; not a prediction of binding or failure
A0A0T9QEA5,abstain_from_docking,missing:sequence_sha256;missing:target_taxon;missing:target_context;missing:receptor_identity;missing:receptor_class;missing:evidence_scope;missing:evidence_source;missing:reviewer;missing:reviewed_on;missing:ligand_identity;missing:ligand_class;missing:method;missing:grid_rationale_source;missing:structure_mapping_source;unsupported_method_in_this_entry;receptor_class_outside_this_adapter;candidate_specific_evidence_not_established;evidence_review_incomplete;structure_required,retain_raw_annotations; obtain_missing_predictor_evidence,Data-readiness decision; not a prediction of binding or failure
A0AA44CIX0,abstain_from_docking,missing:sequence_sha256;missing:target_taxon;missing:target_context;missing:receptor_identity;missing:receptor_class;missing:evidence_scope;missing:evidence_source;missing:reviewer;missing:reviewed_on;missing:ligand_identity;missing:ligand_class;missing:method;missing:grid_rationale_source;missing:structure_mapping_source;unsupported_method_in_this_entry;receptor_class_outside_this_adapter;candidate_specific_evidence_not_established;evidence_review_incomplete;structure_required,retain_raw_annotations; obtain_missing_predictor_evidence,Data-readiness decision; not a prediction of binding or failure
A0ABM7ANK9,abstain_from_docking,missing:sequence_sha256;missing:target_taxon;missing:target_context;missing:receptor_identity;missing:receptor_class;missing:evidence_scope;missing:evidence_source;missing:reviewer;missing:reviewed_on;missing:ligand_identity;missing:ligand_class;missing:method;missing:grid_rationale_source;missing:structure_mapping_source;unsupported_method_in_this_entry;receptor_class_outside_this_adapter;candidate_specific_evidence_not_established;evidence_review_incomplete;structure_required,retain_raw_annotations; obtain_missing_predictor_evidence,Data-readiness decision; not a prediction of binding or failure
A0ABR4VY47,abstain_from_docking,missing:sequence_sha256;missing:target_taxon;missing:target_context;missing:receptor_identity;missing:receptor_class;missing:evidence_scope;missing:evidence_source;missing:reviewer;missing:reviewed_on;missing:ligand_identity;missing:ligand_class;missing:method;missing:grid_rationale_source;missing:structure_mapping_source;unsupported_method_in_this_entry;receptor_class_outside_this_adapter;candidate_specific_evidence_not_established;evidence_review_incomplete;structure_required,retain_raw_annotations; obtain_missing_predictor_evidence,Data-readiness decision; not a prediction of binding or failure
A0A0H2W1J5,abstain_from_docking,missing:sequence_sha256;missing:target_taxon;missing:target_context;missing:receptor_identity;missing:receptor_class;missing:evidence_scope;missing:evidence_source;missing:reviewer;missing:reviewed_on;missing:ligand_identity;missing:ligand_class;missing:method;missing:grid_rationale_source;missing:structure_mapping_source;unsupported_method_in_this_entry;receptor_class_outside_this_adapter;candidate_specific_evidence_not_established;evidence_review_incomplete;structure_required,retain_raw_annotations; obtain_missing_predictor_evidence,Data-readiness decision; not a prediction of binding or failure
A0AB73PZQ4,abstain_from_docking,missing:sequence_sha256;missing:target_taxon;missing:target_context;missing:receptor_identity;missing:receptor_class;missing:evidence_scope;missing:evidence_source;missing:reviewer;missing:reviewed_on;missing:ligand_identity;missing:ligand_class;missing:method;missing:grid_rationale_source;missing:structure_mapping_source;unsupported_method_in_this_entry;receptor_class_outside_this_adapter;candidate_specific_evidence_not_established;evidence_review_incomplete;structure_required,retain_raw_annotations; obtain_missing_predictor_evidence,Data-readiness decision; not a prediction of binding or failure
A0ABP1YSK3,abstain_from_docking,missing:sequence_sha256;missing:target_taxon;missing:target_context;missing:receptor_identity;missing:receptor_class;missing:evidence_scope;missing:evidence_source;missing:reviewer;missing:reviewed_on;missing:ligand_identity;missing:ligand_class;missing:method;missing:grid_rationale_source;missing:structure_mapping_source;unsupported_method_in_this_entry;receptor_class_outside_this_adapter;candidate_specific_evidence_not_established;evidence_review_incomplete;structure_required,retain_raw_annotations; obtain_missing_predictor_evidence,Data-readiness decision; not a prediction of binding or failure
A0AAW7JSQ1,abstain_from_docking,missing:sequence_sha256;missing:target_taxon;missing:target_context;missing:receptor_identity;missing:receptor_class;missing:evidence_scope;missing:evidence_source;missing:reviewer;missing:reviewed_on;missing:ligand_identity;missing:ligand_class;missing:method;missing:grid_rationale_source;missing:structure_mapping_source;unsupported_method_in_this_entry;receptor_class_outside_this_adapter;candidate_specific_evidence_not_established;evidence_review_incomplete;structure_required,retain_raw_annotations; obtain_missing_predictor_evidence,Data-readiness decision; not a prediction of binding or failure
A0ABM9YBE2,abstain_from_docking,missing:sequence_sha256;missing:target_taxon;missing:target_context;missing:receptor_identity;missing:receptor_class;missing:evidence_scope;missing:evidence_source;missing:reviewer;missing:reviewed_on;missing:ligand_identity;missing:ligand_class;missing:method;missing:grid_rationale_source;missing:structure_mapping_source;unsupported_method_in_this_entry;receptor_class_outside_this_adapter;candidate_specific_evidence_not_established;evidence_review_incomplete;structure_required,retain_raw_annotations; obtain_missing_predictor_evidence,Data-readiness decision; not a prediction of binding or failure
A0ABM9TGR4,abstain_from_docking,missing:sequence_sha256;missing:target_taxon;missing:target_context;missing:receptor_identity;missing:receptor_class;missing:evidence_scope;missing:evidence_source;missing:reviewer;missing:reviewed_on;missing:ligand_identity;missing:ligand_class;missing:method;missing:grid_rationale_source;missing:structure_mapping_source;unsupported_method_in_this_entry;receptor_class_outside_this_adapter;candidate_specific_evidence_not_established;evidence_review_incomplete;structure_required,retain_raw_annotations; obtain_missing_predictor_evidence,Data-readiness decision; not a prediction of binding or failure
A0ABY5UV58,abstain_from_docking,missing:sequence_sha256;missing:target_taxon;missing:target_context;missing:receptor_identity;missing:receptor_class;missing:evidence_scope;missing:evidence_source;missing:reviewer;missing:reviewed_on;missing:ligand_identity;missing:ligand_class;missing:method;missing:grid_rationale_source;missing:structure_mapping_source;unsupported_method_in_this_entry;receptor_class_outside_this_adapter;candidate_specific_evidence_not_established;evidence_review_incomplete;structure_required,retain_raw_annotations; obtain_missing_predictor_evidence,Data-readiness decision; not a prediction of binding or failure
A0ABP1ZGZ5,abstain_from_docking,missing:sequence_sha256;missing:target_taxon;missing:target_context;missing:receptor_identity;missing:receptor_class;missing:evidence_scope;missing:evidence_source;missing:reviewer;missing:reviewed_on;missing:ligand_identity;missing:ligand_class;missing:method;missing:grid_rationale_source;missing:structure_mapping_source;unsupported_method_in_this_entry;receptor_class_outside_this_adapter;candidate_specific_evidence_not_established;evidence_review_incomplete;structure_required,retain_raw_annotations; obtain_missing_predictor_evidence,Data-readiness decision; not a prediction of binding or failure
A0A0H2YKF3,abstain_from_docking,missing:sequence_sha256;missing:target_taxon;missing:target_context;missing:receptor_identity;missing:receptor_class;missing:evidence_scope;missing:evidence_source;missing:reviewer;missing:reviewed_on;missing:ligand_identity;missing:ligand_class;missing:method;missing:grid_rationale_source;missing:structure_mapping_source;unsupported_method_in_this_entry;receptor_class_outside_this_adapter;candidate_specific_evidence_not_established;evidence_review_incomplete;structure_required,retain_raw_annotations; obtain_missing_predictor_evidence,Data-readiness decision; not a prediction of binding or failure
A0AA44CIM3,abstain_from_docking,missing:sequence_sha256;missing:target_taxon;missing:target_context;missing:receptor_identity;missing:receptor_class;missing:evidence_scope;missing:evidence_source;missing:reviewer;missing:reviewed_on;missing:ligand_identity;missing:ligand_class;missing:method;missing:grid_rationale_source;missing:structure_mapping_source;unsupported_method_in_this_entry;receptor_class_outside_this_adapter;candidate_specific_evidence_not_established;evidence_review_incomplete;structure_required,retain_raw_annotations; obtain_missing_predictor_evidence,Data-readiness decision; not a prediction of binding or failure
Q66BC8,abstain_from_docking,missing:sequence_sha256;missing:target_taxon;missing:target_context;missing:receptor_identity;missing:receptor_class;missing:evidence_scope;missing:evidence_source;missing:reviewer;missing:reviewed_on;missing:ligand_identity;missing:ligand_class;missing:method;missing:grid_rationale_source;missing:structure_mapping_source;unsupported_method_in_this_entry;receptor_class_outside_this_adapter;candidate_specific_evidence_not_established;evidence_review_incomplete;structure_required,retain_raw_annotations; obtain_missing_predictor_evidence,Data-readiness decision; not a prediction of binding or failure
A0ABM9SZ95,abstain_from_docking,missing:sequence_sha256;missing:target_taxon;missing:target_context;missing:receptor_identity;missing:receptor_class;missing:evidence_scope;missing:evidence_source;missing:reviewer;missing:reviewed_on;missing:ligand_identity;missing:ligand_class;missing:method;missing:grid_rationale_source;missing:structure_mapping_source;unsupported_method_in_this_entry;receptor_class_outside_this_adapter;candidate_specific_evidence_not_established;evidence_review_incomplete;structure_required,retain_raw_annotations; obtain_missing_predictor_evidence,Data-readiness decision; not a prediction of binding or failure
A0AA36LM82,abstain_from_docking,missing:sequence_sha256;missing:target_taxon;missing:target_context;missing:receptor_identity;missing:receptor_class;missing:evidence_scope;missing:evidence_source;missing:reviewer;missing:reviewed_on;missing:ligand_identity;missing:ligand_class;missing:method;missing:grid_rationale_source;missing:structure_mapping_source;unsupported_method_in_this_entry;receptor_class_outside_this_adapter;candidate_specific_evidence_not_established;evidence_review_incomplete;structure_required,retain_raw_annotations; obtain_missing_predictor_evidence,Data-readiness decision; not a prediction of binding or failure
A0AB73PEI7,abstain_from_docking,missing:sequence_sha256;missing:target_taxon;missing:target_context;missing:receptor_identity;missing:receptor_class;missing:evidence_scope;missing:evidence_source;missing:reviewer;missing:reviewed_on;missing:ligand_identity;missing:ligand_class;missing:method;missing:grid_rationale_source;missing:structure_mapping_source;unsupported_method_in_this_entry;receptor_class_outside_this_adapter;candidate_specific_evidence_not_established;evidence_review_incomplete;structure_required,retain_raw_annotations; obtain_missing_predictor_evidence,Data-readiness decision; not a prediction of binding or failure
A0A380PP39,abstain_from_docking,missing:sequence_sha256;missing:target_taxon;missing:target_context;missing:receptor_identity;missing:receptor_class;missing:evidence_scope;missing:evidence_source;missing:reviewer;missing:reviewed_on;missing:ligand_identity;missing:ligand_class;missing:method;missing:grid_rationale_source;missing:structure_mapping_source;unsupported_method_in_this_entry;receptor_class_outside_this_adapter;candidate_specific_evidence_not_established;evidence_review_incomplete;structure_required,retain_raw_annotations; obtain_missing_predictor_evidence,Data-readiness decision; not a prediction of binding or failure
A0A0T9RKA1,abstain_from_docking,missing:sequence_sha256;missing:target_taxon;missing:target_context;missing:receptor_identity;missing:receptor_class;missing:evidence_scope;missing:evidence_source;missing:reviewer;missing:reviewed_on;missing:ligand_identity;missing:ligand_class;missing:method;missing:grid_rationale_source;missing:structure_mapping_source;unsupported_method_in_this_entry;receptor_class_outside_this_adapter;candidate_specific_evidence_not_established;evidence_review_incomplete;structure_required,retain_raw_annotations; obtain_missing_predictor_evidence,Data-readiness decision; not a prediction of binding or failure
A0A0H3B6E0,abstain_from_docking,missing:sequence_sha256;missing:target_taxon;missing:target_context;missing:receptor_identity;missing:receptor_class;missing:evidence_scope;missing:evidence_source;missing:reviewer;missing:reviewed_on;missing:ligand_identity;missing:ligand_class;missing:method;missing:grid_rationale_source;missing:structure_mapping_source;unsupported_method_in_this_entry;receptor_class_outside_this_adapter;candidate_specific_evidence_not_established;evidence_review_incomplete;structure_required,retain_raw_annotations; obtain_missing_predictor_evidence,Data-readiness decision; not a prediction of binding or failure
A0ABM5U8N2,abstain_from_docking,missing:sequence_sha256;missing:target_taxon;missing:target_context;missing:receptor_identity;missing:receptor_class;missing:evidence_scope;missing:evidence_source;missing:reviewer;missing:reviewed_on;missing:ligand_identity;missing:ligand_class;missing:method;missing:grid_rationale_source;missing:structure_mapping_source;unsupported_method_in_this_entry;receptor_class_outside_this_adapter;candidate_specific_evidence_not_established;evidence_review_incomplete;structure_required,retain_raw_annotations; obtain_missing_predictor_evidence,Data-readiness decision; not a prediction of binding or failure
A0ABW9EWX0,abstain_from_docking,missing:sequence_sha256;missing:target_taxon;missing:target_context;missing:receptor_identity;missing:receptor_class;missing:evidence_scope;missing:evidence_source;missing:reviewer;missing:reviewed_on;missing:ligand_identity;missing:ligand_class;missing:method;missing:grid_rationale_source;missing:structure_mapping_source;unsupported_method_in_this_entry;receptor_class_outside_this_adapter;candidate_specific_evidence_not_established;evidence_review_incomplete;structure_required,retain_raw_annotations; obtain_missing_predictor_evidence,Data-readiness decision; not a prediction of binding or failure
A0ABP1Y7W3,abstain_from_docking,missing:sequence_sha256;missing:target_taxon;missing:target_context;missing:receptor_identity;missing:receptor_class;missing:evidence_scope;missing:evidence_source;missing:reviewer;missing:reviewed_on;missing:ligand_identity;missing:ligand_class;missing:method;missing:grid_rationale_source;missing:structure_mapping_source;unsupported_method_in_this_entry;receptor_class_outside_this_adapter;candidate_specific_evidence_not_established;evidence_review_incomplete;structure_required,retain_raw_annotations; obtain_missing_predictor_evidence,Data-readiness decision; not a prediction of binding or failure
A0ABN4PWA2,abstain_from_docking,missing:sequence_sha256;missing:target_taxon;missing:target_context;missing:receptor_identity;missing:receptor_class;missing:evidence_scope;missing:evidence_source;missing:reviewer;missing:reviewed_on;missing:ligand_identity;missing:ligand_class;missing:method;missing:grid_rationale_source;missing:structure_mapping_source;unsupported_method_in_this_entry;receptor_class_outside_this_adapter;candidate_specific_evidence_not_established;evidence_review_incomplete;structure_required,retain_raw_annotations; obtain_missing_predictor_evidence,Data-readiness decision; not a prediction of binding or failure
A0ABM5UH14,abstain_from_docking,missing:sequence_sha256;missing:target_taxon;missing:target_context;missing:receptor_identity;missing:receptor_class;missing:evidence_scope;missing:evidence_source;missing:reviewer;missing:reviewed_on;missing:ligand_identity;missing:ligand_class;missing:method;missing:grid_rationale_source;missing:structure_mapping_source;unsupported_method_in_this_entry;receptor_class_outside_this_adapter;candidate_specific_evidence_not_established;evidence_review_incomplete;structure_required,retain_raw_annotations; obtain_missing_predictor_evidence,Data-readiness decision; not a prediction of binding or failure
A0A0T9KKA0,abstain_from_docking,missing:sequence_sha256;missing:target_taxon;missing:target_context;missing:receptor_identity;missing:receptor_class;missing:evidence_scope;missing:evidence_source;missing:reviewer;missing:reviewed_on;missing:ligand_identity;missing:ligand_class;missing:method;missing:grid_rationale_source;missing:structure_mapping_source;unsupported_method_in_this_entry;receptor_class_outside_this_adapter;candidate_specific_evidence_not_established;evidence_review_incomplete;structure_required,retain_raw_annotations; obtain_missing_predictor_evidence,Data-readiness decision; not a prediction of binding or failure
Q66CW5,abstain_from_docking,missing:sequence_sha256;missing:target_taxon;missing:target_context;missing:receptor_identity;missing:receptor_class;missing:evidence_scope;missing:evidence_source;missing:reviewer;missing:reviewed_on;missing:ligand_identity;missing:ligand_class;missing:method;missing:grid_rationale_source;missing:structure_mapping_source;unsupported_method_in_this_entry;receptor_class_outside_this_adapter;candidate_specific_evidence_not_established;evidence_review_incomplete;structure_required,retain_raw_annotations; obtain_missing_predictor_evidence,Data-readiness decision; not a prediction of binding or failure
A0A380Q814,abstain_from_docking,missing:sequence_sha256;missing:target_taxon;missing:target_context;missing:receptor_identity;missing:receptor_class;missing:evidence_scope;missing:evidence_source;missing:reviewer;missing:reviewed_on;missing:ligand_identity;missing:ligand_class;missing:method;missing:grid_rationale_source;missing:structure_mapping_source;unsupported_method_in_this_entry;receptor_class_outside_this_adapter;candidate_specific_evidence_not_established;evidence_review_incomplete;structure_required,retain_raw_annotations; obtain_missing_predictor_evidence,Data-readiness decision; not a prediction of binding or failure
A0A0E1NX19,abstain_from_docking,missing:sequence_sha256;missing:target_taxon;missing:target_context;missing:receptor_identity;missing:receptor_class;missing:evidence_scope;missing:evidence_source;missing:reviewer;missing:reviewed_on;missing:ligand_identity;missing:ligand_class;missing:method;missing:grid_rationale_source;missing:structure_mapping_source;unsupported_method_in_this_entry;receptor_class_outside_this_adapter;candidate_specific_evidence_not_established;evidence_review_incomplete;structure_required,retain_raw_annotations; obtain_missing_predictor_evidence,Data-readiness decision; not a prediction of binding or failure
A0ABM9Y7R4,abstain_from_docking,missing:sequence_sha256;missing:target_taxon;missing:target_context;missing:receptor_identity;missing:receptor_class;missing:evidence_scope;missing:evidence_source;missing:reviewer;missing:reviewed_on;missing:ligand_identity;missing:ligand_class;missing:method;missing:grid_rationale_source;missing:structure_mapping_source;unsupported_method_in_this_entry;receptor_class_outside_this_adapter;candidate_specific_evidence_not_established;evidence_review_incomplete;structure_required,retain_raw_annotations; obtain_missing_predictor_evidence,Data-readiness decision; not a prediction of binding or failure
A0ABN4PV81,abstain_from_docking,missing:sequence_sha256;missing:target_taxon;missing:target_context;missing:receptor_identity;missing:receptor_class;missing:evidence_scope;missing:evidence_source;missing:reviewer;missing:reviewed_on;missing:ligand_identity;missing:ligand_class;missing:method;missing:grid_rationale_source;missing:structure_mapping_source;unsupported_method_in_this_entry;receptor_class_outside_this_adapter;candidate_specific_evidence_not_established;evidence_review_incomplete;structure_required,retain_raw_annotations; obtain_missing_predictor_evidence,Data-readiness decision; not a prediction of binding or failure
A0ABM7ALJ4,abstain_from_docking,missing:sequence_sha256;missing:target_taxon;missing:target_context;missing:receptor_identity;missing:receptor_class;missing:evidence_scope;missing:evidence_source;missing:reviewer;missing:reviewed_on;missing:ligand_identity;missing:ligand_class;missing:method;missing:grid_rationale_source;missing:structure_mapping_source;unsupported_method_in_this_entry;receptor_class_outside_this_adapter;candidate_specific_evidence_not_established;evidence_review_incomplete;structure_required,retain_raw_annotations; obtain_missing_predictor_evidence,Data-readiness decision; not a prediction of binding or failure
A0A857EWU7,abstain_from_docking,missing:sequence_sha256;missing:target_taxon;missing:target_context;missing:receptor_identity;missing:receptor_class;missing:evidence_scope;missing:evidence_source;missing:reviewer;missing:reviewed_on;missing:ligand_identity;missing:ligand_class;missing:method;missing:grid_rationale_source;missing:structure_mapping_source;unsupported_method_in_this_entry;receptor_class_outside_this_adapter;candidate_specific_evidence_not_established;evidence_review_incomplete;structure_required,retain_raw_annotations; obtain_missing_predictor_evidence,Data-readiness decision; not a prediction of binding or failure
A0A0T9UMM8,abstain_from_docking,missing:sequence_sha256;missing:target_taxon;missing:target_context;missing:receptor_identity;missing:receptor_class;missing:evidence_scope;missing:evidence_source;missing:reviewer;missing:reviewed_on;missing:ligand_identity;missing:ligand_class;missing:method;missing:grid_rationale_source;missing:structure_mapping_source;unsupported_method_in_this_entry;receptor_class_outside_this_adapter;candidate_specific_evidence_not_established;evidence_review_incomplete;structure_required,retain_raw_annotations; obtain_missing_predictor_evidence,Data-readiness decision; not a prediction of binding or failure
A0A0A8VIE2,abstain_from_docking,missing:sequence_sha256;missing:target_taxon;missing:target_context;missing:receptor_identity;missing:receptor_class;missing:evidence_scope;missing:evidence_source;missing:reviewer;missing:reviewed_on;missing:ligand_identity;missing:ligand_class;missing:method;missing:grid_rationale_source;missing:structure_mapping_source;unsupported_method_in_this_entry;receptor_class_outside_this_adapter;candidate_specific_evidence_not_established;evidence_review_incomplete;structure_required,retain_raw_annotations; obtain_missing_predictor_evidence,Data-readiness decision; not a prediction of binding or failure
A0ABP1YWJ1,abstain_from_docking,missing:sequence_sha256;missing:target_taxon;missing:target_context;missing:receptor_identity;missing:receptor_class;missing:evidence_scope;missing:evidence_source;missing:reviewer;missing:reviewed_on;missing:ligand_identity;missing:ligand_class;missing:method;missing:grid_rationale_source;missing:structure_mapping_source;unsupported_method_in_this_entry;receptor_class_outside_this_adapter;candidate_specific_evidence_not_established;evidence_review_incomplete;structure_required,retain_raw_annotations; obtain_missing_predictor_evidence,Data-readiness decision; not a prediction of binding or failure
A0A0H3AWU3,abstain_from_docking,missing:sequence_sha256;missing:target_taxon;missing:target_context;missing:receptor_identity;missing:receptor_class;missing:evidence_scope;missing:evidence_source;missing:reviewer;missing:reviewed_on;missing:ligand_identity;missing:ligand_class;missing:method;missing:grid_rationale_source;missing:structure_mapping_source;unsupported_method_in_this_entry;receptor_class_outside_this_adapter;candidate_specific_evidence_not_established;evidence_review_incomplete;structure_required,retain_raw_annotations; obtain_missing_predictor_evidence,Data-readiness decision; not a prediction of binding or failure
A0AA90XTP7,abstain_from_docking,missing:sequence_sha256;missing:target_taxon;missing:target_context;missing:receptor_identity;missing:receptor_class;missing:evidence_scope;missing:evidence_source;missing:reviewer;missing:reviewed_on;missing:ligand_identity;missing:ligand_class;missing:method;missing:grid_rationale_source;missing:structure_mapping_source;unsupported_method_in_this_entry;receptor_class_outside_this_adapter;candidate_specific_evidence_not_established;evidence_review_incomplete;structure_required,retain_raw_annotations; obtain_missing_predictor_evidence,Data-readiness decision; not a prediction of binding or failure
A0ABR4W506,abstain_from_docking,missing:sequence_sha256;missing:target_taxon;missing:target_context;missing:receptor_identity;missing:receptor_class;missing:evidence_scope;missing:evidence_source;missing:reviewer;missing:reviewed_on;missing:ligand_identity;missing:ligand_class;missing:method;missing:grid_rationale_source;missing:structure_mapping_source;unsupported_method_in_this_entry;receptor_class_outside_this_adapter;candidate_specific_evidence_not_established;evidence_review_incomplete;structure_required,retain_raw_annotations; obtain_missing_predictor_evidence,Data-readiness decision; not a prediction of binding or failure
A0A0T9KYN8,abstain_from_docking,missing:sequence_sha256;missing:target_taxon;missing:target_context;missing:receptor_identity;missing:receptor_class;missing:evidence_scope;missing:evidence_source;missing:reviewer;missing:reviewed_on;missing:ligand_identity;missing:ligand_class;missing:method;missing:grid_rationale_source;missing:structure_mapping_source;unsupported_method_in_this_entry;receptor_class_outside_this_adapter;candidate_specific_evidence_not_established;evidence_review_incomplete;structure_required,retain_raw_annotations; obtain_missing_predictor_evidence,Data-readiness decision; not a prediction of binding or failure
A0A0E1NTB1,abstain_from_docking,missing:sequence_sha256;missing:target_taxon;missing:target_context;missing:receptor_identity;missing:receptor_class;missing:evidence_scope;missing:evidence_source;missing:reviewer;missing:reviewed_on;missing:ligand_identity;missing:ligand_class;missing:method;missing:grid_rationale_source;missing:structure_mapping_source;unsupported_method_in_this_entry;receptor_class_outside_this_adapter;candidate_specific_evidence_not_established;evidence_review_incomplete;structure_required,retain_raw_annotations; obtain_missing_predictor_evidence,Data-readiness decision; not a prediction of binding or failure
A0AAW7JU40,abstain_from_docking,missing:sequence_sha256;missing:target_taxon;missing:target_context;missing:receptor_identity;missing:receptor_class;missing:evidence_scope;missing:evidence_source;missing:reviewer;missing:reviewed_on;missing:ligand_identity;missing:ligand_class;missing:method;missing:grid_rationale_source;missing:structure_mapping_source;unsupported_method_in_this_entry;receptor_class_outside_this_adapter;candidate_specific_evidence_not_established;evidence_review_incomplete;structure_required,retain_raw_annotations; obtain_missing_predictor_evidence,Data-readiness decision; not a prediction of binding or failure
A0ABM5U8P4,abstain_from_docking,missing:sequence_sha256;missing:target_taxon;missing:target_context;missing:receptor_identity;missing:receptor_class;missing:evidence_scope;missing:evidence_source;missing:reviewer;missing:reviewed_on;missing:ligand_identity;missing:ligand_class;missing:method;missing:grid_rationale_source;missing:structure_mapping_source;unsupported_method_in_this_entry;receptor_class_outside_this_adapter;candidate_specific_evidence_not_established;evidence_review_incomplete;structure_required,retain_raw_annotations; obtain_missing_predictor_evidence,Data-readiness decision; not a prediction of binding or failure
A0ABM9TMK5,abstain_from_docking,missing:sequence_sha256;missing:target_taxon;missing:target_context;missing:receptor_identity;missing:receptor_class;missing:evidence_scope;missing:evidence_source;missing:reviewer;missing:reviewed_on;missing:ligand_identity;missing:ligand_class;missing:method;missing:grid_rationale_source;missing:structure_mapping_source;unsupported_method_in_this_entry;receptor_class_outside_this_adapter;candidate_specific_evidence_not_established;evidence_review_incomplete;structure_required,retain_raw_annotations; obtain_missing_predictor_evidence,Data-readiness decision; not a prediction of binding or failure
A0AA36LQN9,abstain_from_docking,missing:sequence_sha256;missing:target_taxon;missing:target_context;missing:receptor_identity;missing:receptor_class;missing:evidence_scope;missing:evidence_source;missing:reviewer;missing:reviewed_on;missing:ligand_identity;missing:ligand_class;missing:method;missing:grid_rationale_source;missing:structure_mapping_source;unsupported_method_in_this_entry;receptor_class_outside_this_adapter;candidate_specific_evidence_not_established;evidence_review_incomplete;structure_required,retain_raw_annotations; obtain_missing_predictor_evidence,Data-readiness decision; not a prediction of binding or failure
A0ABR4W522,abstain_from_docking,missing:sequence_sha256;missing:target_taxon;missing:target_context;missing:receptor_identity;missing:receptor_class;missing:evidence_scope;missing:evidence_source;missing:reviewer;missing:reviewed_on;missing:ligand_identity;missing:ligand_class;missing:method;missing:grid_rationale_source;missing:structure_mapping_source;unsupported_method_in_this_entry;receptor_class_outside_this_adapter;candidate_specific_evidence_not_established;evidence_review_incomplete;structure_required,retain_raw_annotations; obtain_missing_predictor_evidence,Data-readiness decision; not a prediction of binding or failure
A0AB73P4D7,abstain_from_docking,missing:sequence_sha256;missing:target_taxon;missing:target_context;missing:receptor_identity;missing:receptor_class;missing:evidence_scope;missing:evidence_source;missing:reviewer;missing:reviewed_on;missing:ligand_identity;missing:ligand_class;missing:method;missing:grid_rationale_source;missing:structure_mapping_source;unsupported_method_in_this_entry;receptor_class_outside_this_adapter;candidate_specific_evidence_not_established;evidence_review_incomplete;structure_required,retain_raw_annotations; obtain_missing_predictor_evidence,Data-readiness decision; not a prediction of binding or failure
A0A380Q9X7,abstain_from_docking,missing:sequence_sha256;missing:target_taxon;missing:target_context;missing:receptor_identity;missing:receptor_class;missing:evidence_scope;missing:evidence_source;missing:reviewer;missing:reviewed_on;missing:ligand_identity;missing:ligand_class;missing:method;missing:grid_rationale_source;missing:structure_mapping_source;unsupported_method_in_this_entry;receptor_class_outside_this_adapter;candidate_specific_evidence_not_established;evidence_review_incomplete;structure_required,retain_raw_annotations; obtain_missing_predictor_evidence,Data-readiness decision; not a prediction of binding or failure
A0AAW7K6S3,abstain_from_docking,missing:sequence_sha256;missing:target_taxon;missing:target_context;missing:receptor_identity;missing:receptor_class;missing:evidence_scope;missing:evidence_source;missing:reviewer;missing:reviewed_on;missing:ligand_identity;missing:ligand_class;missing:method;missing:grid_rationale_source;missing:structure_mapping_source;unsupported_method_in_this_entry;receptor_class_outside_this_adapter;candidate_specific_evidence_not_established;evidence_review_incomplete;structure_required,retain_raw_annotations; obtain_missing_predictor_evidence,Data-readiness decision; not a prediction of binding or failure
A0A0T9PX89,abstain_from_docking,missing:sequence_sha256;missing:target_taxon;missing:target_context;missing:receptor_identity;missing:receptor_class;missing:evidence_scope;missing:evidence_source;missing:reviewer;missing:reviewed_on;missing:ligand_identity;missing:ligand_class;missing:method;missing:grid_rationale_source;missing:structure_mapping_source;unsupported_method_in_this_entry;receptor_class_outside_this_adapter;candidate_specific_evidence_not_established;evidence_review_incomplete;structure_required,retain_raw_annotations; obtain_missing_predictor_evidence,Data-readiness decision; not a prediction of binding or failure
A0A0T9LN06,abstain_from_docking,missing:sequence_sha256;missing:target_taxon;missing:target_context;missing:receptor_identity;missing:receptor_class;missing:evidence_scope;missing:evidence_source;missing:reviewer;missing:reviewed_on;missing:ligand_identity;missing:ligand_class;missing:method;missing:grid_rationale_source;missing:structure_mapping_source;unsupported_method_in_this_entry;receptor_class_outside_this_adapter;candidate_specific_evidence_not_established;evidence_review_incomplete;structure_required,retain_raw_annotations; obtain_missing_predictor_evidence,Data-readiness decision; not a prediction of binding or failure
A0A0T9KYN4,abstain_from_docking,missing:sequence_sha256;missing:target_taxon;missing:target_context;missing:receptor_identity;missing:receptor_class;missing:evidence_scope;missing:evidence_source;missing:reviewer;missing:reviewed_on;missing:ligand_identity;missing:ligand_class;missing:method;missing:grid_rationale_source;missing:structure_mapping_source;unsupported_method_in_this_entry;receptor_class_outside_this_adapter;candidate_specific_evidence_not_established;evidence_review_incomplete;structure_required,retain_raw_annotations; obtain_missing_predictor_evidence,Data-readiness decision; not a prediction of binding or failure
A0ABM9TUX3,abstain_from_docking,missing:sequence_sha256;missing:target_taxon;missing:target_context;missing:receptor_identity;missing:receptor_class;missing:evidence_scope;missing:evidence_source;missing:reviewer;missing:reviewed_on;missing:ligand_identity;missing:ligand_class;missing:method;missing:grid_rationale_source;missing:structure_mapping_source;unsupported_method_in_this_entry;receptor_class_outside_this_adapter;candidate_specific_evidence_not_established;evidence_review_incomplete;structure_required,retain_raw_annotations; obtain_missing_predictor_evidence,Data-readiness decision; not a prediction of binding or failure
A0AA44CIL6,abstain_from_docking,missing:sequence_sha256;missing:target_taxon;missing:target_context;missing:receptor_identity;missing:receptor_class;missing:evidence_scope;missing:evidence_source;missing:reviewer;missing:reviewed_on;missing:ligand_identity;missing:ligand_class;missing:method;missing:grid_rationale_source;missing:structure_mapping_source;unsupported_method_in_this_entry;receptor_class_outside_this_adapter;candidate_specific_evidence_not_established;evidence_review_incomplete;structure_required,retain_raw_annotations; obtain_missing_predictor_evidence,Data-readiness decision; not a prediction of binding or failure
A0A0U1QX07,abstain_from_docking,missing:sequence_sha256;missing:target_taxon;missing:target_context;missing:receptor_identity;missing:receptor_class;missing:evidence_scope;missing:evidence_source;missing:reviewer;missing:reviewed_on;missing:ligand_identity;missing:ligand_class;missing:method;missing:grid_rationale_source;missing:structure_mapping_source;unsupported_method_in_this_entry;receptor_class_outside_this_adapter;candidate_specific_evidence_not_established;evidence_review_incomplete;structure_required,retain_raw_annotations; obtain_missing_predictor_evidence,Data-readiness decision; not a prediction of binding or failure
A0A380Q7B5,abstain_from_docking,missing:sequence_sha256;missing:target_taxon;missing:target_context;missing:receptor_identity;missing:receptor_class;missing:evidence_scope;missing:evidence_source;missing:reviewer;missing:reviewed_on;missing:ligand_identity;missing:ligand_class;missing:method;missing:grid_rationale_source;missing:structure_mapping_source;unsupported_method_in_this_entry;receptor_class_outside_this_adapter;candidate_specific_evidence_not_established;evidence_review_incomplete;structure_required,retain_raw_annotations; obtain_missing_predictor_evidence,Data-readiness decision; not a prediction of binding or failure
A0A208ZGJ0,abstain_from_docking,missing:sequence_sha256;missing:target_taxon;missing:target_context;missing:receptor_identity;missing:receptor_class;missing:evidence_scope;missing:evidence_source;missing:reviewer;missing:reviewed_on;missing:ligand_identity;missing:ligand_class;missing:method;missing:grid_rationale_source;missing:structure_mapping_source;unsupported_method_in_this_entry;receptor_class_outside_this_adapter;candidate_specific_evidence_not_established;evidence_review_incomplete;structure_required,retain_raw_annotations; obtain_missing_predictor_evidence,Data-readiness decision; not a prediction of binding or failure
A0A0T9LN23,abstain_from_docking,missing:sequence_sha256;missing:target_taxon;missing:target_context;missing:receptor_identity;missing:receptor_class;missing:evidence_scope;missing:evidence_source;missing:reviewer;missing:reviewed_on;missing:ligand_identity;missing:ligand_class;missing:method;missing:grid_rationale_source;missing:structure_mapping_source;unsupported_method_in_this_entry;receptor_class_outside_this_adapter;candidate_specific_evidence_not_established;evidence_review_incomplete;structure_required,retain_raw_annotations; obtain_missing_predictor_evidence,Data-readiness decision; not a prediction of binding or failure
A0ABM6UP56,abstain_from_docking,missing:sequence_sha256;missing:target_taxon;missing:target_context;missing:receptor_identity;missing:receptor_class;missing:evidence_scope;missing:evidence_source;missing:reviewer;missing:reviewed_on;missing:ligand_identity;missing:ligand_class;missing:method;missing:grid_rationale_source;missing:structure_mapping_source;unsupported_method_in_this_entry;receptor_class_outside_this_adapter;candidate_specific_evidence_not_established;evidence_review_incomplete;structure_required,retain_raw_annotations; obtain_missing_predictor_evidence,Data-readiness decision; not a prediction of binding or failure
A0A0T9QDA1,abstain_from_docking,missing:sequence_sha256;missing:target_taxon;missing:target_context;missing:receptor_identity;missing:receptor_class;missing:evidence_scope;missing:evidence_source;missing:reviewer;missing:reviewed_on;missing:ligand_identity;missing:ligand_class;missing:method;missing:grid_rationale_source;missing:structure_mapping_source;unsupported_method_in_this_entry;receptor_class_outside_this_adapter;candidate_specific_evidence_not_established;evidence_review_incomplete;structure_required,retain_raw_annotations; obtain_missing_predictor_evidence,Data-readiness decision; not a prediction of binding or failure
Q666U1,abstain_from_docking,missing:sequence_sha256;missing:target_taxon;missing:target_context;missing:receptor_identity;missing:receptor_class;missing:evidence_scope;missing:evidence_source;missing:reviewer;missing:reviewed_on;missing:ligand_identity;missing:ligand_class;missing:method;missing:grid_rationale_source;missing:structure_mapping_source;unsupported_method_in_this_entry;receptor_class_outside_this_adapter;candidate_specific_evidence_not_established;evidence_review_incomplete;structure_required,retain_raw_annotations; obtain_missing_predictor_evidence,Data-readiness decision; not a prediction of binding or failure
A0ABM7ANU6,abstain_from_docking,missing:sequence_sha256;missing:target_taxon;missing:target_context;missing:receptor_identity;missing:receptor_class;missing:evidence_scope;missing:evidence_source;missing:reviewer;missing:reviewed_on;missing:ligand_identity;missing:ligand_class;missing:method;missing:grid_rationale_source;missing:structure_mapping_source;unsupported_method_in_this_entry;receptor_class_outside_this_adapter;candidate_specific_evidence_not_established;evidence_review_incomplete;structure_required,retain_raw_annotations; obtain_missing_predictor_evidence,Data-readiness decision; not a prediction of binding or failure
A0AAV3BFB4,abstain_from_docking,missing:sequence_sha256;missing:target_taxon;missing:target_context;missing:receptor_identity;missing:receptor_class;missing:evidence_scope;missing:evidence_source;missing:reviewer;missing:reviewed_on;missing:ligand_identity;missing:ligand_class;missing:method;missing:grid_rationale_source;missing:structure_mapping_source;unsupported_method_in_this_entry;receptor_class_outside_this_adapter;candidate_specific_evidence_not_established;evidence_review_incomplete;structure_required,retain_raw_annotations; obtain_missing_predictor_evidence,Data-readiness decision; not a prediction of binding or failure
A0AA44I1K4,abstain_from_docking,missing:sequence_sha256;missing:target_taxon;missing:target_context;missing:receptor_identity;missing:receptor_class;missing:evidence_scope;missing:evidence_source;missing:reviewer;missing:reviewed_on;missing:ligand_identity;missing:ligand_class;missing:method;missing:grid_rationale_source;missing:structure_mapping_source;unsupported_method_in_this_entry;receptor_class_outside_this_adapter;candidate_specific_evidence_not_established;evidence_review_incomplete;structure_required,retain_raw_annotations; obtain_missing_predictor_evidence,Data-readiness decision; not a prediction of binding or failure
A0AB73Q1P8,abstain_from_docking,missing:sequence_sha256;missing:target_taxon;missing:target_context;missing:receptor_identity;missing:receptor_class;missing:evidence_scope;missing:evidence_source;missing:reviewer;missing:reviewed_on;missing:ligand_identity;missing:ligand_class;missing:method;missing:grid_rationale_source;missing:structure_mapping_source;unsupported_method_in_this_entry;receptor_class_outside_this_adapter;candidate_specific_evidence_not_established;evidence_review_incomplete;structure_required,retain_raw_annotations; obtain_missing_predictor_evidence,Data-readiness decision; not a prediction of binding or failure
A0A0H2YL52,abstain_from_docking,missing:sequence_sha256;missing:target_taxon;missing:target_context;missing:receptor_identity;missing:receptor_class;missing:evidence_scope;missing:evidence_source;missing:reviewer;missing:reviewed_on;missing:ligand_identity;missing:ligand_class;missing:method;missing:grid_rationale_source;missing:structure_mapping_source;unsupported_method_in_this_entry;receptor_class_outside_this_adapter;candidate_specific_evidence_not_established;evidence_review_incomplete;structure_required,retain_raw_annotations; obtain_missing_predictor_evidence,Data-readiness decision; not a prediction of binding or failure
A0A0T9QE48,abstain_from_docking,missing:sequence_sha256;missing:target_taxon;missing:target_context;missing:receptor_identity;missing:receptor_class;missing:evidence_scope;missing:evidence_source;missing:reviewer;missing:reviewed_on;missing:ligand_identity;missing:ligand_class;missing:method;missing:grid_rationale_source;missing:structure_mapping_source;unsupported_method_in_this_entry;receptor_class_outside_this_adapter;candidate_specific_evidence_not_established;evidence_review_incomplete;structure_required,retain_raw_annotations; obtain_missing_predictor_evidence,Data-readiness decision; not a prediction of binding or failure
Q66CW9,abstain_from_docking,missing:sequence_sha256;missing:target_taxon;missing:target_context;missing:receptor_identity;missing:receptor_class;missing:evidence_scope;missing:evidence_source;missing:reviewer;missing:reviewed_on;missing:ligand_identity;missing:ligand_class;missing:method;missing:grid_rationale_source;missing:structure_mapping_source;unsupported_method_in_this_entry;receptor_class_outside_this_adapter;candidate_specific_evidence_not_established;evidence_review_incomplete;structure_required,retain_raw_annotations; obtain_missing_predictor_evidence,Data-readiness decision; not a prediction of binding or failure
A0ABM6UNY3,abstain_from_docking,missing:sequence_sha256;missing:target_taxon;missing:target_context;missing:receptor_identity;missing:receptor_class;missing:evidence_scope;missing:evidence_source;missing:reviewer;missing:reviewed_on;missing:ligand_identity;missing:ligand_class;missing:method;missing:grid_rationale_source;missing:structure_mapping_source;unsupported_method_in_this_entry;receptor_class_outside_this_adapter;candidate_specific_evidence_not_established;evidence_review_incomplete;structure_required,retain_raw_annotations; obtain_missing_predictor_evidence,Data-readiness decision; not a prediction of binding or failure
A0ABX5R0U9,abstain_from_docking,missing:sequence_sha256;missing:target_taxon;missing:target_context;missing:receptor_identity;missing:receptor_class;missing:evidence_scope;missing:evidence_source;missing:reviewer;missing:reviewed_on;missing:ligand_identity;missing:ligand_class;missing:method;missing:grid_rationale_source;missing:structure_mapping_source;unsupported_method_in_this_entry;receptor_class_outside_this_adapter;candidate_specific_evidence_not_established;evidence_review_incomplete;structure_required,retain_raw_annotations; obtain_missing_predictor_evidence,Data-readiness decision; not a prediction of binding or failure
A0A0H3AYM7,abstain_from_docking,missing:sequence_sha256;missing:target_taxon;missing:target_context;missing:receptor_identity;missing:receptor_class;missing:evidence_scope;missing:evidence_source;missing:reviewer;missing:reviewed_on;missing:ligand_identity;missing:ligand_class;missing:method;missing:grid_rationale_source;missing:structure_mapping_source;unsupported_method_in_this_entry;receptor_class_outside_this_adapter;candidate_specific_evidence_not_established;evidence_review_incomplete;structure_required,retain_raw_annotations; obtain_missing_predictor_evidence,Data-readiness decision; not a prediction of binding or failure
A0A0T9UM98,abstain_from_docking,missing:sequence_sha256;missing:target_taxon;missing:target_context;missing:receptor_identity;missing:receptor_class;missing:evidence_scope;missing:evidence_source;missing:reviewer;missing:reviewed_on;missing:ligand_identity;missing:ligand_class;missing:method;missing:grid_rationale_source;missing:structure_mapping_source;unsupported_method_in_this_entry;receptor_class_outside_this_adapter;candidate_specific_evidence_not_established;evidence_review_incomplete;structure_required,retain_raw_annotations; obtain_missing_predictor_evidence,Data-readiness decision; not a prediction of binding or failure
A0ABR4W6F7,abstain_from_docking,missing:sequence_sha256;missing:target_taxon;missing:target_context;missing:receptor_identity;missing:receptor_class;missing:evidence_scope;missing:evidence_source;missing:reviewer;missing:reviewed_on;missing:ligand_identity;missing:ligand_class;missing:method;missing:grid_rationale_source;missing:structure_mapping_source;unsupported_method_in_this_entry;receptor_class_outside_this_adapter;candidate_specific_evidence_not_established;evidence_review_incomplete;structure_required,retain_raw_annotations; obtain_missing_predictor_evidence,Data-readiness decision; not a prediction of binding or failure
A0A0H2Y6N9,abstain_from_docking,missing:sequence_sha256;missing:target_taxon;missing:target_context;missing:receptor_identity;missing:receptor_class;missing:evidence_scope;missing:evidence_source;missing:reviewer;missing:reviewed_on;missing:ligand_identity;missing:ligand_class;missing:method;missing:grid_rationale_source;missing:structure_mapping_source;unsupported_method_in_this_entry;receptor_class_outside_this_adapter;candidate_specific_evidence_not_established;evidence_review_incomplete;structure_required,retain_raw_annotations; obtain_missing_predictor_evidence,Data-readiness decision; not a prediction of binding or failure
A0AA44CKU4,abstain_from_docking,missing:sequence_sha256;missing:target_taxon;missing:target_context;missing:receptor_identity;missing:receptor_class;missing:evidence_scope;missing:evidence_source;missing:reviewer;missing:reviewed_on;missing:ligand_identity;missing:ligand_class;missing:method;missing:grid_rationale_source;missing:structure_mapping_source;unsupported_method_in_this_entry;receptor_class_outside_this_adapter;candidate_specific_evidence_not_established;evidence_review_incomplete;structure_required,retain_raw_annotations; obtain_missing_predictor_evidence,Data-readiness decision; not a prediction of binding or failure
A0ABW9EXU6,abstain_from_docking,missing:sequence_sha256;missing:target_taxon;missing:target_context;missing:receptor_identity;missing:receptor_class;missing:evidence_scope;missing:evidence_source;missing:reviewer;missing:reviewed_on;missing:ligand_identity;missing:ligand_class;missing:method;missing:grid_rationale_source;missing:structure_mapping_source;unsupported_method_in_this_entry;receptor_class_outside_this_adapter;candidate_specific_evidence_not_established;evidence_review_incomplete;structure_required,retain_raw_annotations; obtain_missing_predictor_evidence,Data-readiness decision; not a prediction of binding or failure
A0A0H3B0A7,abstain_from_docking,missing:sequence_sha256;missing:target_taxon;missing:target_context;missing:receptor_identity;missing:receptor_class;missing:evidence_scope;missing:evidence_source;missing:reviewer;missing:reviewed_on;missing:ligand_identity;missing:ligand_class;missing:method;missing:grid_rationale_source;missing:structure_mapping_source;unsupported_method_in_this_entry;receptor_class_outside_this_adapter;candidate_specific_evidence_not_established;evidence_review_incomplete;structure_required,retain_raw_annotations; obtain_missing_predictor_evidence,Data-readiness decision; not a prediction of binding or failure
Q66BF1,abstain_from_docking,missing:sequence_sha256;missing:target_taxon;missing:target_context;missing:receptor_identity;missing:receptor_class;missing:evidence_scope;missing:evidence_source;missing:reviewer;missing:reviewed_on;missing:ligand_identity;missing:ligand_class;missing:method;missing:grid_rationale_source;missing:structure_mapping_source;unsupported_method_in_this_entry;receptor_class_outside_this_adapter;candidate_specific_evidence_not_established;evidence_review_incomplete;structure_required,retain_raw_annotations; obtain_missing_predictor_evidence,Data-readiness decision; not a prediction of binding or failure
A0AB73NKK6,abstain_from_docking,missing:sequence_sha256;missing:target_taxon;missing:target_context;missing:receptor_identity;missing:receptor_class;missing:evidence_scope;missing:evidence_source;missing:reviewer;missing:reviewed_on;missing:ligand_identity;missing:ligand_class;missing:method;missing:grid_rationale_source;missing:structure_mapping_source;unsupported_method_in_this_entry;receptor_class_outside_this_adapter;candidate_specific_evidence_not_established;evidence_review_incomplete;structure_required,retain_raw_annotations; obtain_missing_predictor_evidence,Data-readiness decision; not a prediction of binding or failure
A0ABM6UX29,abstain_from_docking,missing:sequence_sha256;missing:target_taxon;missing:target_context;missing:receptor_identity;missing:receptor_class;missing:evidence_scope;missing:evidence_source;missing:reviewer;missing:reviewed_on;missing:ligand_identity;missing:ligand_class;missing:method;missing:grid_rationale_source;missing:structure_mapping_source;unsupported_method_in_this_entry;receptor_class_outside_this_adapter;candidate_specific_evidence_not_established;evidence_review_incomplete;structure_required,retain_raw_annotations; obtain_missing_predictor_evidence,Data-readiness decision; not a prediction of binding or failure
A0A380Q8N6,abstain_from_docking,missing:sequence_sha256;missing:target_taxon;missing:target_context;missing:receptor_identity;missing:receptor_class;missing:evidence_scope;missing:evidence_source;missing:reviewer;missing:reviewed_on;missing:ligand_identity;missing:ligand_class;missing:method;missing:grid_rationale_source;missing:structure_mapping_source;unsupported_method_in_this_entry;receptor_class_outside_this_adapter;candidate_specific_evidence_not_established;evidence_review_incomplete;structure_required,retain_raw_annotations; obtain_missing_predictor_evidence,Data-readiness decision; not a prediction of binding or failure
A0ABX6FD19,abstain_from_docking,missing:sequence_sha256;missing:target_taxon;missing:target_context;missing:receptor_identity;missing:receptor_class;missing:evidence_scope;missing:evidence_source;missing:reviewer;missing:reviewed_on;missing:ligand_identity;missing:ligand_class;missing:method;missing:grid_rationale_source;missing:structure_mapping_source;unsupported_method_in_this_entry;receptor_class_outside_this_adapter;candidate_specific_evidence_not_established;evidence_review_incomplete;structure_required,retain_raw_annotations; obtain_missing_predictor_evidence,Data-readiness decision; not a prediction of binding or failure
A0A857EWT6,abstain_from_docking,missing:sequence_sha256;missing:target_taxon;missing:target_context;missing:receptor_identity;missing:receptor_class;missing:evidence_scope;missing:evidence_source;missing:reviewer;missing:reviewed_on;missing:ligand_identity;missing:ligand_class;missing:method;missing:grid_rationale_source;missing:structure_mapping_source;unsupported_method_in_this_entry;receptor_class_outside_this_adapter;candidate_specific_evidence_not_established;evidence_review_incomplete;structure_required,retain_raw_annotations; obtain_missing_predictor_evidence,Data-readiness decision; not a prediction of binding or failure
A0ABP1ZEA7,abstain_from_docking,missing:sequence_sha256;missing:target_taxon;missing:target_context;missing:receptor_identity;missing:receptor_class;missing:evidence_scope;missing:evidence_source;missing:reviewer;missing:reviewed_on;missing:ligand_identity;missing:ligand_class;missing:method;missing:grid_rationale_source;missing:structure_mapping_source;unsupported_method_in_this_entry;receptor_class_outside_this_adapter;candidate_specific_evidence_not_established;evidence_review_incomplete;structure_required,retain_raw_annotations; obtain_missing_predictor_evidence,Data-readiness decision; not a prediction of binding or failure
A0A380Q4G1,abstain_from_docking,missing:sequence_sha256;missing:target_taxon;missing:target_context;missing:receptor_identity;missing:receptor_class;missing:evidence_scope;missing:evidence_source;missing:reviewer;missing:reviewed_on;missing:ligand_identity;missing:ligand_class;missing:method;missing:grid_rationale_source;missing:structure_mapping_source;unsupported_method_in_this_entry;receptor_class_outside_this_adapter;candidate_specific_evidence_not_established;evidence_review_incomplete;structure_required,retain_raw_annotations; obtain_missing_predictor_evidence,Data-readiness decision; not a prediction of binding or failure
A0ABN4FAB0,abstain_from_docking,missing:sequence_sha256;missing:target_taxon;missing:target_context;missing:receptor_identity;missing:receptor_class;missing:evidence_scope;missing:evidence_source;missing:reviewer;missing:reviewed_on;missing:ligand_identity;missing:ligand_class;missing:method;missing:grid_rationale_source;missing:structure_mapping_source;unsupported_method_in_this_entry;receptor_class_outside_this_adapter;candidate_specific_evidence_not_established;evidence_review_incomplete;structure_required,retain_raw_annotations; obtain_missing_predictor_evidence,Data-readiness decision; not a prediction of binding or failure
Q66BC4,abstain_from_docking,missing:sequence_sha256;missing:target_taxon;missing:target_context;missing:receptor_identity;missing:receptor_class;missing:evidence_scope;missing:evidence_source;missing:reviewer;missing:reviewed_on;missing:ligand_identity;missing:ligand_class;missing:method;missing:grid_rationale_source;missing:structure_mapping_source;unsupported_method_in_this_entry;receptor_class_outside_this_adapter;candidate_specific_evidence_not_established;evidence_review_incomplete;structure_required,retain_raw_annotations; obtain_missing_predictor_evidence,Data-readiness decision; not a prediction of binding or failure
A0ABY5UJR0,abstain_from_docking,missing:sequence_sha256;missing:target_taxon;missing:target_context;missing:receptor_identity;missing:receptor_class;missing:evidence_scope;missing:evidence_source;missing:reviewer;missing:reviewed_on;missing:ligand_identity;missing:ligand_class;missing:method;missing:grid_rationale_source;missing:structure_mapping_source;unsupported_method_in_this_entry;receptor_class_outside_this_adapter;candidate_specific_evidence_not_established;evidence_review_incomplete;structure_required,retain_raw_annotations; obtain_missing_predictor_evidence,Data-readiness decision; not a prediction of binding or failure
A0A0T9LR98,abstain_from_docking,missing:sequence_sha256;missing:target_taxon;missing:target_context;missing:receptor_identity;missing:receptor_class;missing:evidence_scope;missing:evidence_source;missing:reviewer;missing:reviewed_on;missing:ligand_identity;missing:ligand_class;missing:method;missing:grid_rationale_source;missing:structure_mapping_source;unsupported_method_in_this_entry;receptor_class_outside_this_adapter;candidate_specific_evidence_not_established;evidence_review_incomplete;structure_required,retain_raw_annotations; obtain_missing_predictor_evidence,Data-readiness decision; not a prediction of binding or failure
A0ABX5QYD3,abstain_from_docking,missing:sequence_sha256;missing:target_taxon;missing:target_context;missing:receptor_identity;missing:receptor_class;missing:evidence_scope;missing:evidence_source;missing:reviewer;missing:reviewed_on;missing:ligand_identity;missing:ligand_class;missing:method;missing:grid_rationale_source;missing:structure_mapping_source;unsupported_method_in_this_entry;receptor_class_outside_this_adapter;candidate_specific_evidence_not_established;evidence_review_incomplete;structure_required,retain_raw_annotations; obtain_missing_predictor_evidence,Data-readiness decision; not a prediction of binding or failure
A0AB73NQS2,abstain_from_docking,missing:sequence_sha256;missing:target_taxon;missing:target_context;missing:receptor_identity;missing:receptor_class;missing:evidence_scope;missing:evidence_source;missing:reviewer;missing:reviewed_on;missing:ligand_identity;missing:ligand_class;missing:method;missing:grid_rationale_source;missing:structure_mapping_source;unsupported_method_in_this_entry;receptor_class_outside_this_adapter;candidate_specific_evidence_not_established;evidence_review_incomplete;structure_required,retain_raw_annotations; obtain_missing_predictor_evidence,Data-readiness decision; not a prediction of binding or failure
A0A0T9N2B7,abstain_from_docking,missing:sequence_sha256;missing:target_taxon;missing:target_context;missing:receptor_identity;missing:receptor_class;missing:evidence_scope;missing:evidence_source;missing:reviewer;missing:reviewed_on;missing:ligand_identity;missing:ligand_class;missing:method;missing:grid_rationale_source;missing:structure_mapping_source;unsupported_method_in_this_entry;receptor_class_outside_this_adapter;candidate_specific_evidence_not_established;evidence_review_incomplete;structure_required,retain_raw_annotations; obtain_missing_predictor_evidence,Data-readiness decision; not a prediction of binding or failure
A0AAI8ZTY6,abstain_from_docking,missing:sequence_sha256;missing:target_taxon;missing:target_context;missing:receptor_identity;missing:receptor_class;missing:evidence_scope;missing:evidence_source;missing:reviewer;missing:reviewed_on;missing:ligand_identity;missing:ligand_class;missing:method;missing:grid_rationale_source;missing:structure_mapping_source;unsupported_method_in_this_entry;receptor_class_outside_this_adapter;candidate_specific_evidence_not_established;evidence_review_incomplete;structure_required,retain_raw_annotations; obtain_missing_predictor_evidence,Data-readiness decision; not a prediction of binding or failure
A0ABP1YVJ3,abstain_from_docking,missing:sequence_sha256;missing:target_taxon;missing:target_context;missing:receptor_identity;missing:receptor_class;missing:evidence_scope;missing:evidence_source;missing:reviewer;missing:reviewed_on;missing:ligand_identity;missing:ligand_class;missing:method;missing:grid_rationale_source;missing:structure_mapping_source;unsupported_method_in_this_entry;receptor_class_outside_this_adapter;candidate_specific_evidence_not_established;evidence_review_incomplete;structure_required,retain_raw_annotations; obtain_missing_predictor_evidence,Data-readiness decision; not a prediction of binding or failure
A0ABM6UTV9,abstain_from_docking,missing:sequence_sha256;missing:target_taxon;missing:target_context;missing:receptor_identity;missing:receptor_class;missing:evidence_scope;missing:evidence_source;missing:reviewer;missing:reviewed_on;missing:ligand_identity;missing:ligand_class;missing:method;missing:grid_rationale_source;missing:structure_mapping_source;unsupported_method_in_this_entry;receptor_class_outside_this_adapter;candidate_specific_evidence_not_established;evidence_review_incomplete;structure_required,retain_raw_annotations; obtain_missing_predictor_evidence,Data-readiness decision; not a prediction of binding or failure
A0A0T9Q3M1,abstain_from_docking,missing:sequence_sha256;missing:target_taxon;missing:target_context;missing:receptor_identity;missing:receptor_class;missing:evidence_scope;missing:evidence_source;missing:reviewer;missing:reviewed_on;missing:ligand_identity;missing:ligand_class;missing:method;missing:grid_rationale_source;missing:structure_mapping_source;unsupported_method_in_this_entry;receptor_class_outside_this_adapter;candidate_specific_evidence_not_established;evidence_review_incomplete;structure_required,retain_raw_annotations; obtain_missing_predictor_evidence,Data-readiness decision; not a prediction of binding or failure
A0A857F2M2,abstain_from_docking,missing:sequence_sha256;missing:target_taxon;missing:target_context;missing:receptor_identity;missing:receptor_class;missing:evidence_scope;missing:evidence_source;missing:reviewer;missing:reviewed_on;missing:ligand_identity;missing:ligand_class;missing:method;missing:grid_rationale_source;missing:structure_mapping_source;unsupported_method_in_this_entry;receptor_class_outside_this_adapter;candidate_specific_evidence_not_established;evidence_review_incomplete;structure_required,retain_raw_annotations; obtain_missing_predictor_evidence,Data-readiness decision; not a prediction of binding or failure
Q8D1M8,abstain_from_docking,missing:sequence_sha256;missing:target_taxon;missing:target_context;missing:receptor_identity;missing:receptor_class;missing:evidence_scope;missing:evidence_source;missing:reviewer;missing:reviewed_on;missing:ligand_identity;missing:ligand_class;missing:method;missing:grid_rationale_source;missing:structure_mapping_source;unsupported_method_in_this_entry;receptor_class_outside_this_adapter;candidate_specific_evidence_not_established;evidence_review_incomplete;structure_required,retain_raw_annotations; obtain_missing_predictor_evidence,Data-readiness decision; not a prediction of binding or failure
A0A0T9PT88,abstain_from_docking,missing:sequence_sha256;missing:target_taxon;missing:target_context;missing:receptor_identity;missing:receptor_class;missing:evidence_scope;missing:evidence_source;missing:reviewer;missing:reviewed_on;missing:ligand_identity;missing:ligand_class;missing:method;missing:grid_rationale_source;missing:structure_mapping_source;unsupported_method_in_this_entry;receptor_class_outside_this_adapter;candidate_specific_evidence_not_established;evidence_review_incomplete;structure_required,retain_raw_annotations; obtain_missing_predictor_evidence,Data-readiness decision; not a prediction of binding or failure
A0A0T9KM71,abstain_from_docking,missing:sequence_sha256;missing:target_taxon;missing:target_context;missing:receptor_identity;missing:receptor_class;missing:evidence_scope;missing:evidence_source;missing:reviewer;missing:reviewed_on;missing:ligand_identity;missing:ligand_class;missing:method;missing:grid_rationale_source;missing:structure_mapping_source;unsupported_method_in_this_entry;receptor_class_outside_this_adapter;candidate_specific_evidence_not_established;evidence_review_incomplete;structure_required,retain_raw_annotations; obtain_missing_predictor_evidence,Data-readiness decision; not a prediction of binding or failure
A0A0T9RK55,abstain_from_docking,missing:sequence_sha256;missing:target_taxon;missing:target_context;missing:receptor_identity;missing:receptor_class;missing:evidence_scope;missing:evidence_source;missing:reviewer;missing:reviewed_on;missing:ligand_identity;missing:ligand_class;missing:method;missing:grid_rationale_source;missing:structure_mapping_source;unsupported_method_in_this_entry;receptor_class_outside_this_adapter;candidate_specific_evidence_not_established;evidence_review_incomplete;structure_required,retain_raw_annotations; obtain_missing_predictor_evidence,Data-readiness decision; not a prediction of binding or failure
A0A5P8YE56,abstain_from_docking,missing:sequence_sha256;missing:target_taxon;missing:target_context;missing:receptor_identity;missing:receptor_class;missing:evidence_scope;missing:evidence_source;missing:reviewer;missing:reviewed_on;missing:ligand_identity;missing:ligand_class;missing:method;missing:grid_rationale_source;missing:structure_mapping_source;unsupported_method_in_this_entry;receptor_class_outside_this_adapter;candidate_specific_evidence_not_established;evidence_review_incomplete;structure_required,retain_raw_annotations; obtain_missing_predictor_evidence,Data-readiness decision; not a prediction of binding or failure
A0A0T9QGW8,abstain_from_docking,missing:sequence_sha256;missing:target_taxon;missing:target_context;missing:receptor_identity;missing:receptor_class;missing:evidence_scope;missing:evidence_source;missing:reviewer;missing:reviewed_on;missing:ligand_identity;missing:ligand_class;missing:method;missing:grid_rationale_source;missing:structure_mapping_source;unsupported_method_in_this_entry;receptor_class_outside_this_adapter;candidate_specific_evidence_not_established;evidence_review_incomplete;structure_required,retain_raw_annotations; obtain_missing_predictor_evidence,Data-readiness decision; not a prediction of binding or failure
A0ABP1ZLC4,abstain_from_docking,missing:sequence_sha256;missing:target_taxon;missing:target_context;missing:receptor_identity;missing:receptor_class;missing:evidence_scope;missing:evidence_source;missing:reviewer;missing:reviewed_on;missing:ligand_identity;missing:ligand_class;missing:method;missing:grid_rationale_source;missing:structure_mapping_source;unsupported_method_in_this_entry;receptor_class_outside_this_adapter;candidate_specific_evidence_not_established;evidence_review_incomplete;structure_required,retain_raw_annotations; obtain_missing_predictor_evidence,Data-readiness decision; not a prediction of binding or failure
A0A0T9QY81,abstain_from_docking,missing:sequence_sha256;missing:target_taxon;missing:target_context;missing:receptor_identity;missing:receptor_class;missing:evidence_scope;missing:evidence_source;missing:reviewer;missing:reviewed_on;missing:ligand_identity;missing:ligand_class;missing:method;missing:grid_rationale_source;missing:structure_mapping_source;unsupported_method_in_this_entry;receptor_class_outside_this_adapter;candidate_specific_evidence_not_established;evidence_review_incomplete;structure_required,retain_raw_annotations; obtain_missing_predictor_evidence,Data-readiness decision; not a prediction of binding or failure
A0ABR4W4S9,abstain_from_docking,missing:sequence_sha256;missing:target_taxon;missing:target_context;missing:receptor_identity;missing:receptor_class;missing:evidence_scope;missing:evidence_source;missing:reviewer;missing:reviewed_on;missing:ligand_identity;missing:ligand_class;missing:method;missing:grid_rationale_source;missing:structure_mapping_source;unsupported_method_in_this_entry;receptor_class_outside_this_adapter;candidate_specific_evidence_not_established;evidence_review_incomplete;structure_required,retain_raw_annotations; obtain_missing_predictor_evidence,Data-readiness decision; not a prediction of binding or failure
A0ABM5U8N9,abstain_from_docking,missing:sequence_sha256;missing:target_taxon;missing:target_context;missing:receptor_identity;missing:receptor_class;missing:evidence_scope;missing:evidence_source;missing:reviewer;missing:reviewed_on;missing:ligand_identity;missing:ligand_class;missing:method;missing:grid_rationale_source;missing:structure_mapping_source;unsupported_method_in_this_entry;receptor_class_outside_this_adapter;candidate_specific_evidence_not_established;evidence_review_incomplete;structure_required,retain_raw_annotations; obtain_missing_predictor_evidence,Data-readiness decision; not a prediction of binding or failure
A0AA36PLD9,abstain_from_docking,missing:sequence_sha256;missing:target_taxon;missing:target_context;missing:receptor_identity;missing:receptor_class;missing:evidence_scope;missing:evidence_source;missing:reviewer;missing:reviewed_on;missing:ligand_identity;missing:ligand_class;missing:method;missing:grid_rationale_source;missing:structure_mapping_source;unsupported_method_in_this_entry;receptor_class_outside_this_adapter;candidate_specific_evidence_not_established;evidence_review_incomplete;structure_required,retain_raw_annotations; obtain_missing_predictor_evidence,Data-readiness decision; not a prediction of binding or failure
A0ABX6F3U1,abstain_from_docking,missing:sequence_sha256;missing:target_taxon;missing:target_context;missing:receptor_identity;missing:receptor_class;missing:evidence_scope;missing:evidence_source;missing:reviewer;missing:reviewed_on;missing:ligand_identity;missing:ligand_class;missing:method;missing:grid_rationale_source;missing:structure_mapping_source;unsupported_method_in_this_entry;receptor_class_outside_this_adapter;candidate_specific_evidence_not_established;evidence_review_incomplete;structure_required,retain_raw_annotations; obtain_missing_predictor_evidence,Data-readiness decision; not a prediction of binding or failure
A0A0H2W3V2,abstain_from_docking,missing:sequence_sha256;missing:target_taxon;missing:target_context;missing:receptor_identity;missing:receptor_class;missing:evidence_scope;missing:evidence_source;missing:reviewer;missing:reviewed_on;missing:ligand_identity;missing:ligand_class;missing:method;missing:grid_rationale_source;missing:structure_mapping_source;unsupported_method_in_this_entry;receptor_class_outside_this_adapter;candidate_specific_evidence_not_established;evidence_review_incomplete;structure_required,retain_raw_annotations; obtain_missing_predictor_evidence,Data-readiness decision; not a prediction of binding or failure
A0AA36LNQ9,abstain_from_docking,missing:sequence_sha256;missing:target_taxon;missing:target_context;missing:receptor_identity;missing:receptor_class;missing:evidence_scope;missing:evidence_source;missing:reviewer;missing:reviewed_on;missing:ligand_identity;missing:ligand_class;missing:method;missing:grid_rationale_source;missing:structure_mapping_source;unsupported_method_in_this_entry;receptor_class_outside_this_adapter;candidate_specific_evidence_not_established;evidence_review_incomplete;structure_required,retain_raw_annotations; obtain_missing_predictor_evidence,Data-readiness decision; not a prediction of binding or failure
A0A2G4U6E8,abstain_from_docking,missing:sequence_sha256;missing:target_taxon;missing:target_context;missing:receptor_identity;missing:receptor_class;missing:evidence_scope;missing:evidence_source;missing:reviewer;missing:reviewed_on;missing:ligand_identity;missing:ligand_class;missing:method;missing:grid_rationale_source;missing:structure_mapping_source;unsupported_method_in_this_entry;receptor_class_outside_this_adapter;candidate_specific_evidence_not_established;evidence_review_incomplete;structure_required,retain_raw_annotations; obtain_missing_predictor_evidence,Data-readiness decision; not a prediction of binding or failure
A0ABN4CUZ1,abstain_from_docking,missing:sequence_sha256;missing:target_taxon;missing:target_context;missing:receptor_identity;missing:receptor_class;missing:evidence_scope;missing:evidence_source;missing:reviewer;missing:reviewed_on;missing:ligand_identity;missing:ligand_class;missing:method;missing:grid_rationale_source;missing:structure_mapping_source;unsupported_method_in_this_entry;receptor_class_outside_this_adapter;candidate_specific_evidence_not_established;evidence_review_incomplete;structure_required,retain_raw_annotations; obtain_missing_predictor_evidence,Data-readiness decision; not a prediction of binding or failure
A0ABW9EZG0,abstain_from_docking,missing:sequence_sha256;missing:target_taxon;missing:target_context;missing:receptor_identity;missing:receptor_class;missing:evidence_scope;missing:evidence_source;missing:reviewer;missing:reviewed_on;missing:ligand_identity;missing:ligand_class;missing:method;missing:grid_rationale_source;missing:structure_mapping_source;unsupported_method_in_this_entry;receptor_class_outside_this_adapter;candidate_specific_evidence_not_established;evidence_review_incomplete;structure_required,retain_raw_annotations; obtain_missing_predictor_evidence,Data-readiness decision; not a prediction of binding or failure
A0A0U1QUW3,abstain_from_docking,missing:sequence_sha256;missing:target_taxon;missing:target_context;missing:receptor_identity;missing:receptor_class;missing:evidence_scope;missing:evidence_source;missing:reviewer;missing:reviewed_on;missing:ligand_identity;missing:ligand_class;missing:method;missing:grid_rationale_source;missing:structure_mapping_source;unsupported_method_in_this_entry;receptor_class_outside_this_adapter;candidate_specific_evidence_not_established;evidence_review_incomplete;structure_required,retain_raw_annotations; obtain_missing_predictor_evidence,Data-readiness decision; not a prediction of binding or failure
A0ABX6F9M0,abstain_from_docking,missing:sequence_sha256;missing:target_taxon;missing:target_context;missing:receptor_identity;missing:receptor_class;missing:evidence_scope;missing:evidence_source;missing:reviewer;missing:reviewed_on;missing:ligand_identity;missing:ligand_class;missing:method;missing:grid_rationale_source;missing:structure_mapping_source;unsupported_method_in_this_entry;receptor_class_outside_this_adapter;candidate_specific_evidence_not_established;evidence_review_incomplete;structure_required,retain_raw_annotations; obtain_missing_predictor_evidence,Data-readiness decision; not a prediction of binding or failure
A0ABN4F8Y2,abstain_from_docking,missing:sequence_sha256;missing:target_taxon;missing:target_context;missing:receptor_identity;missing:receptor_class;missing:evidence_scope;missing:evidence_source;missing:reviewer;missing:reviewed_on;missing:ligand_identity;missing:ligand_class;missing:method;missing:grid_rationale_source;missing:structure_mapping_source;unsupported_method_in_this_entry;receptor_class_outside_this_adapter;candidate_specific_evidence_not_established;evidence_review_incomplete;structure_required,retain_raw_annotations; obtain_missing_predictor_evidence,Data-readiness decision; not a prediction of binding or failure
A0AA90XTS9,abstain_from_docking,missing:sequence_sha256;missing:target_taxon;missing:target_context;missing:receptor_identity;missing:receptor_class;missing:evidence_scope;missing:evidence_source;missing:reviewer;missing:reviewed_on;missing:ligand_identity;missing:ligand_class;missing:method;missing:grid_rationale_source;missing:structure_mapping_source;unsupported_method_in_this_entry;receptor_class_outside_this_adapter;candidate_specific_evidence_not_established;evidence_review_incomplete;structure_required,retain_raw_annotations; obtain_missing_predictor_evidence,Data-readiness decision; not a prediction of binding or failure
A0AA44CL49,abstain_from_docking,missing:sequence_sha256;missing:target_taxon;missing:target_context;missing:receptor_identity;missing:receptor_class;missing:evidence_scope;missing:evidence_source;missing:reviewer;missing:reviewed_on;missing:ligand_identity;missing:ligand_class;missing:method;missing:grid_rationale_source;missing:structure_mapping_source;unsupported_method_in_this_entry;receptor_class_outside_this_adapter;candidate_specific_evidence_not_established;evidence_review_incomplete;structure_required,retain_raw_annotations; obtain_missing_predictor_evidence,Data-readiness decision; not a prediction of binding or failure
A0AA36LIH7,abstain_from_docking,missing:sequence_sha256;missing:target_taxon;missing:target_context;missing:receptor_identity;missing:receptor_class;missing:evidence_scope;missing:evidence_source;missing:reviewer;missing:reviewed_on;missing:ligand_identity;missing:ligand_class;missing:method;missing:grid_rationale_source;missing:structure_mapping_source;unsupported_method_in_this_entry;receptor_class_outside_this_adapter;candidate_specific_evidence_not_established;evidence_review_incomplete;structure_required,retain_raw_annotations; obtain_missing_predictor_evidence,Data-readiness decision; not a prediction of binding or failure
A0A0T9KXM0,abstain_from_docking,missing:sequence_sha256;missing:target_taxon;missing:target_context;missing:receptor_identity;missing:receptor_class;missing:evidence_scope;missing:evidence_source;missing:reviewer;missing:reviewed_on;missing:ligand_identity;missing:ligand_class;missing:method;missing:grid_rationale_source;missing:structure_mapping_source;unsupported_method_in_this_entry;receptor_class_outside_this_adapter;candidate_specific_evidence_not_established;evidence_review_incomplete;structure_required,retain_raw_annotations; obtain_missing_predictor_evidence,Data-readiness decision; not a prediction of binding or failure
Q66BN2,abstain_from_docking,missing:sequence_sha256;missing:target_taxon;missing:target_context;missing:receptor_identity;missing:receptor_class;missing:evidence_scope;missing:evidence_source;missing:reviewer;missing:reviewed_on;missing:ligand_identity;missing:ligand_class;missing:method;missing:grid_rationale_source;missing:structure_mapping_source;unsupported_method_in_this_entry;receptor_class_outside_this_adapter;candidate_specific_evidence_not_established;evidence_review_incomplete;structure_required,retain_raw_annotations; obtain_missing_predictor_evidence,Data-readiness decision; not a prediction of binding or failure
A0ABM9XUU0,abstain_from_docking,missing:sequence_sha256;missing:target_taxon;missing:target_context;missing:receptor_identity;missing:receptor_class;missing:evidence_scope;missing:evidence_source;missing:reviewer;missing:reviewed_on;missing:ligand_identity;missing:ligand_class;missing:method;missing:grid_rationale_source;missing:structure_mapping_source;unsupported_method_in_this_entry;receptor_class_outside_this_adapter;candidate_specific_evidence_not_established;evidence_review_incomplete;structure_required,retain_raw_annotations; obtain_missing_predictor_evidence,Data-readiness decision; not a prediction of binding or failure
A0ABP2DXX8,abstain_from_docking,missing:sequence_sha256;missing:target_taxon;missing:target_context;missing:receptor_identity;missing:receptor_class;missing:evidence_scope;missing:evidence_source;missing:reviewer;missing:reviewed_on;missing:ligand_identity;missing:ligand_class;missing:method;missing:grid_rationale_source;missing:structure_mapping_source;unsupported_method_in_this_entry;receptor_class_outside_this_adapter;candidate_specific_evidence_not_established;evidence_review_incomplete;structure_required,retain_raw_annotations; obtain_missing_predictor_evidence,Data-readiness decision; not a prediction of binding or failure
A0A208ZSF8,abstain_from_docking,missing:sequence_sha256;missing:target_taxon;missing:target_context;missing:receptor_identity;missing:receptor_class;missing:evidence_scope;missing:evidence_source;missing:reviewer;missing:reviewed_on;missing:ligand_identity;missing:ligand_class;missing:method;missing:grid_rationale_source;missing:structure_mapping_source;unsupported_method_in_this_entry;receptor_class_outside_this_adapter;candidate_specific_evidence_not_established;evidence_review_incomplete;structure_required,retain_raw_annotations; obtain_missing_predictor_evidence,Data-readiness decision; not a prediction of binding or failure
A0A208ZSS5,abstain_from_docking,missing:sequence_sha256;missing:target_taxon;missing:target_context;missing:receptor_identity;missing:receptor_class;missing:evidence_scope;missing:evidence_source;missing:reviewer;missing:reviewed_on;missing:ligand_identity;missing:ligand_class;missing:method;missing:grid_rationale_source;missing:structure_mapping_source;unsupported_method_in_this_entry;receptor_class_outside_this_adapter;candidate_specific_evidence_not_established;evidence_review_incomplete;structure_required,retain_raw_annotations; obtain_missing_predictor_evidence,Data-readiness decision; not a prediction of binding or failure
A0A380PTJ1,abstain_from_docking,missing:sequence_sha256;missing:target_taxon;missing:target_context;missing:receptor_identity;missing:receptor_class;missing:evidence_scope;missing:evidence_source;missing:reviewer;missing:reviewed_on;missing:ligand_identity;missing:ligand_class;missing:method;missing:grid_rationale_source;missing:structure_mapping_source;unsupported_method_in_this_entry;receptor_class_outside_this_adapter;candidate_specific_evidence_not_established;evidence_review_incomplete;structure_required,retain_raw_annotations; obtain_missing_predictor_evidence,Data-readiness decision; not a prediction of binding or failure
A0AA36LSX5,abstain_from_docking,missing:sequence_sha256;missing:target_taxon;missing:target_context;missing:receptor_identity;missing:receptor_class;missing:evidence_scope;missing:evidence_source;missing:reviewer;missing:reviewed_on;missing:ligand_identity;missing:ligand_class;missing:method;missing:grid_rationale_source;missing:structure_mapping_source;unsupported_method_in_this_entry;receptor_class_outside_this_adapter;candidate_specific_evidence_not_established;evidence_review_incomplete;structure_required,retain_raw_annotations; obtain_missing_predictor_evidence,Data-readiness decision; not a prediction of binding or failure
A0A0T9PTD3,abstain_from_docking,missing:sequence_sha256;missing:target_taxon;missing:target_context;missing:receptor_identity;missing:receptor_class;missing:evidence_scope;missing:evidence_source;missing:reviewer;missing:reviewed_on;missing:ligand_identity;missing:ligand_class;missing:method;missing:grid_rationale_source;missing:structure_mapping_source;unsupported_method_in_this_entry;receptor_class_outside_this_adapter;candidate_specific_evidence_not_established;evidence_review_incomplete;structure_required,retain_raw_annotations; obtain_missing_predictor_evidence,Data-readiness decision; not a prediction of binding or failure
A0ABM6BHL4,abstain_from_docking,missing:sequence_sha256;missing:target_taxon;missing:target_context;missing:receptor_identity;missing:receptor_class;missing:evidence_scope;missing:evidence_source;missing:reviewer;missing:reviewed_on;missing:ligand_identity;missing:ligand_class;missing:method;missing:grid_rationale_source;missing:structure_mapping_source;unsupported_method_in_this_entry;receptor_class_outside_this_adapter;candidate_specific_evidence_not_established;evidence_review_incomplete;structure_required,retain_raw_annotations; obtain_missing_predictor_evidence,Data-readiness decision; not a prediction of binding or failure
A0AA36PL17,abstain_from_docking,missing:sequence_sha256;missing:target_taxon;missing:target_context;missing:receptor_identity;missing:receptor_class;missing:evidence_scope;missing:evidence_source;missing:reviewer;missing:reviewed_on;missing:ligand_identity;missing:ligand_class;missing:method;missing:grid_rationale_source;missing:structure_mapping_source;unsupported_method_in_this_entry;receptor_class_outside_this_adapter;candidate_specific_evidence_not_established;evidence_review_incomplete;structure_required,retain_raw_annotations; obtain_missing_predictor_evidence,Data-readiness decision; not a prediction of binding or failure
A0A380Q3T2,abstain_from_docking,missing:sequence_sha256;missing:target_taxon;missing:target_context;missing:receptor_identity;missing:receptor_class;missing:evidence_scope;missing:evidence_source;missing:reviewer;missing:reviewed_on;missing:ligand_identity;missing:ligand_class;missing:method;missing:grid_rationale_source;missing:structure_mapping_source;unsupported_method_in_this_entry;receptor_class_outside_this_adapter;candidate_specific_evidence_not_established;evidence_review_incomplete;structure_required,retain_raw_annotations; obtain_missing_predictor_evidence,Data-readiness decision; not a prediction of binding or failure
A0A0T9PR09,abstain_from_docking,missing:sequence_sha256;missing:target_taxon;missing:target_context;missing:receptor_identity;missing:receptor_class;missing:evidence_scope;missing:evidence_source;missing:reviewer;missing:reviewed_on;missing:ligand_identity;missing:ligand_class;missing:method;missing:grid_rationale_source;missing:structure_mapping_source;unsupported_method_in_this_entry;receptor_class_outside_this_adapter;candidate_specific_evidence_not_established;evidence_review_incomplete;structure_required,retain_raw_annotations; obtain_missing_predictor_evidence,Data-readiness decision; not a prediction of binding or failure
A0A2G4U6D9,abstain_from_docking,missing:sequence_sha256;missing:target_taxon;missing:target_context;missing:receptor_identity;missing:receptor_class;missing:evidence_scope;missing:evidence_source;missing:reviewer;missing:reviewed_on;missing:ligand_identity;missing:ligand_class;missing:method;missing:grid_rationale_source;missing:structure_mapping_source;unsupported_method_in_this_entry;receptor_class_outside_this_adapter;candidate_specific_evidence_not_established;evidence_review_incomplete;structure_required,retain_raw_annotations; obtain_missing_predictor_evidence,Data-readiness decision; not a prediction of binding or failure
A0ABP1Z7N4,abstain_from_docking,missing:sequence_sha256;missing:target_taxon;missing:target_context;missing:receptor_identity;missing:receptor_class;missing:evidence_scope;missing:evidence_source;missing:reviewer;missing:reviewed_on;missing:ligand_identity;missing:ligand_class;missing:method;missing:grid_rationale_source;missing:structure_mapping_source;unsupported_method_in_this_entry;receptor_class_outside_this_adapter;candidate_specific_evidence_not_established;evidence_review_incomplete;structure_required,retain_raw_annotations; obtain_missing_predictor_evidence,Data-readiness decision; not a prediction of binding or failure
A0ABM9SY22,abstain_from_docking,missing:sequence_sha256;missing:target_taxon;missing:target_context;missing:receptor_identity;missing:receptor_class;missing:evidence_scope;missing:evidence_source;missing:reviewer;missing:reviewed_on;missing:ligand_identity;missing:ligand_class;missing:method;missing:grid_rationale_source;missing:structure_mapping_source;unsupported_method_in_this_entry;receptor_class_outside_this_adapter;candidate_specific_evidence_not_established;evidence_review_incomplete;structure_required,retain_raw_annotations; obtain_missing_predictor_evidence,Data-readiness decision; not a prediction of binding or failure
A0AAV3BFY5,abstain_from_docking,missing:sequence_sha256;missing:target_taxon;missing:target_context;missing:receptor_identity;missing:receptor_class;missing:evidence_scope;missing:evidence_source;missing:reviewer;missing:reviewed_on;missing:ligand_identity;missing:ligand_class;missing:method;missing:grid_rationale_source;missing:structure_mapping_source;unsupported_method_in_this_entry;receptor_class_outside_this_adapter;candidate_specific_evidence_not_established;evidence_review_incomplete;structure_required,retain_raw_annotations; obtain_missing_predictor_evidence,Data-readiness decision; not a prediction of binding or failure
A0ABM9TCW2,abstain_from_docking,missing:sequence_sha256;missing:target_taxon;missing:target_context;missing:receptor_identity;missing:receptor_class;missing:evidence_scope;missing:evidence_source;missing:reviewer;missing:reviewed_on;missing:ligand_identity;missing:ligand_class;missing:method;missing:grid_rationale_source;missing:structure_mapping_source;unsupported_method_in_this_entry;receptor_class_outside_this_adapter;candidate_specific_evidence_not_established;evidence_review_incomplete;structure_required,retain_raw_annotations; obtain_missing_predictor_evidence,Data-readiness decision; not a prediction of binding or failure
B6CGX2,abstain_from_docking,missing:sequence_sha256;missing:target_taxon;missing:target_context;missing:receptor_identity;missing:receptor_class;missing:evidence_scope;missing:evidence_source;missing:reviewer;missing:reviewed_on;missing:ligand_identity;missing:ligand_class;missing:method;missing:grid_rationale_source;missing:structure_mapping_source;unsupported_method_in_this_entry;receptor_class_outside_this_adapter;candidate_specific_evidence_not_established;evidence_review_incomplete;structure_required,retain_raw_annotations; obtain_missing_predictor_evidence,Data-readiness decision; not a prediction of binding or failure
A0A380PPA0,abstain_from_docking,missing:sequence_sha256;missing:target_taxon;missing:target_context;missing:receptor_identity;missing:receptor_class;missing:evidence_scope;missing:evidence_source;missing:reviewer;missing:reviewed_on;missing:ligand_identity;missing:ligand_class;missing:method;missing:grid_rationale_source;missing:structure_mapping_source;unsupported_method_in_this_entry;receptor_class_outside_this_adapter;candidate_specific_evidence_not_established;evidence_review_incomplete;structure_required,retain_raw_annotations; obtain_missing_predictor_evidence,Data-readiness decision; not a prediction of binding or failure
A0A2G4U294,abstain_from_docking,missing:sequence_sha256;missing:target_taxon;missing:target_context;missing:receptor_identity;missing:receptor_class;missing:evidence_scope;missing:evidence_source;missing:reviewer;missing:reviewed_on;missing:ligand_identity;missing:ligand_class;missing:method;missing:grid_rationale_source;missing:structure_mapping_source;unsupported_method_in_this_entry;receptor_class_outside_this_adapter;candidate_specific_evidence_not_established;evidence_review_incomplete;structure_required,retain_raw_annotations; obtain_missing_predictor_evidence,Data-readiness decision; not a prediction of binding or failure
A0ABX6F8L7,abstain_from_docking,missing:sequence_sha256;missing:target_taxon;missing:target_context;missing:receptor_identity;missing:receptor_class;missing:evidence_scope;missing:evidence_source;missing:reviewer;missing:reviewed_on;missing:ligand_identity;missing:ligand_class;missing:method;missing:grid_rationale_source;missing:structure_mapping_source;unsupported_method_in_this_entry;receptor_class_outside_this_adapter;candidate_specific_evidence_not_established;evidence_review_incomplete;structure_required,retain_raw_annotations; obtain_missing_predictor_evidence,Data-readiness decision; not a prediction of binding or failure
A0A0T9QCY7,abstain_from_docking,missing:sequence_sha256;missing:target_taxon;missing:target_context;missing:receptor_identity;missing:receptor_class;missing:evidence_scope;missing:evidence_source;missing:reviewer;missing:reviewed_on;missing:ligand_identity;missing:ligand_class;missing:method;missing:grid_rationale_source;missing:structure_mapping_source;unsupported_method_in_this_entry;receptor_class_outside_this_adapter;candidate_specific_evidence_not_established;evidence_review_incomplete;structure_required,retain_raw_annotations; obtain_missing_predictor_evidence,Data-readiness decision; not a prediction of binding or failure
A0ABN4PWW7,abstain_from_docking,missing:sequence_sha256;missing:target_taxon;missing:target_context;missing:receptor_identity;missing:receptor_class;missing:evidence_scope;missing:evidence_source;missing:reviewer;missing:reviewed_on;missing:ligand_identity;missing:ligand_class;missing:method;missing:grid_rationale_source;missing:structure_mapping_source;unsupported_method_in_this_entry;receptor_class_outside_this_adapter;candidate_specific_evidence_not_established;evidence_review_incomplete;structure_required,retain_raw_annotations; obtain_missing_predictor_evidence,Data-readiness decision; not a prediction of binding or failure
A0ABM6BJY1,abstain_from_docking,missing:sequence_sha256;missing:target_taxon;missing:target_context;missing:receptor_identity;missing:receptor_class;missing:evidence_scope;missing:evidence_source;missing:reviewer;missing:reviewed_on;missing:ligand_identity;missing:ligand_class;missing:method;missing:grid_rationale_source;missing:structure_mapping_source;unsupported_method_in_this_entry;receptor_class_outside_this_adapter;candidate_specific_evidence_not_established;evidence_review_incomplete;structure_required,retain_raw_annotations; obtain_missing_predictor_evidence,Data-readiness decision; not a prediction of binding or failure
A0A0H3B5G2,abstain_from_docking,missing:sequence_sha256;missing:target_taxon;missing:target_context;missing:receptor_identity;missing:receptor_class;missing:evidence_scope;missing:evidence_source;missing:reviewer;missing:reviewed_on;missing:ligand_identity;missing:ligand_class;missing:method;missing:grid_rationale_source;missing:structure_mapping_source;unsupported_method_in_this_entry;receptor_class_outside_this_adapter;candidate_specific_evidence_not_established;evidence_review_incomplete;structure_required,retain_raw_annotations; obtain_missing_predictor_evidence,Data-readiness decision; not a prediction of binding or failure
A0ABM5Q137,abstain_from_docking,missing:sequence_sha256;missing:target_taxon;missing:target_context;missing:receptor_identity;missing:receptor_class;missing:evidence_scope;missing:evidence_source;missing:reviewer;missing:reviewed_on;missing:ligand_identity;missing:ligand_class;missing:method;missing:grid_rationale_source;missing:structure_mapping_source;unsupported_method_in_this_entry;receptor_class_outside_this_adapter;candidate_specific_evidence_not_established;evidence_review_incomplete;structure_required,retain_raw_annotations; obtain_missing_predictor_evidence,Data-readiness decision; not a prediction of binding or failure
A0ABM5SKZ0,abstain_from_docking,missing:sequence_sha256;missing:target_taxon;missing:target_context;missing:receptor_identity;missing:receptor_class;missing:evidence_scope;missing:evidence_source;missing:reviewer;missing:reviewed_on;missing:ligand_identity;missing:ligand_class;missing:method;missing:grid_rationale_source;missing:structure_mapping_source;unsupported_method_in_this_entry;receptor_class_outside_this_adapter;candidate_specific_evidence_not_established;evidence_review_incomplete;structure_required,retain_raw_annotations; obtain_missing_predictor_evidence,Data-readiness decision; not a prediction of binding or failure
A0A0U1QW74,abstain_from_docking,missing:sequence_sha256;missing:target_taxon;missing:target_context;missing:receptor_identity;missing:receptor_class;missing:evidence_scope;missing:evidence_source;missing:reviewer;missing:reviewed_on;missing:ligand_identity;missing:ligand_class;missing:method;missing:grid_rationale_source;missing:structure_mapping_source;unsupported_method_in_this_entry;receptor_class_outside_this_adapter;candidate_specific_evidence_not_established;evidence_review_incomplete;structure_required,retain_raw_annotations; obtain_missing_predictor_evidence,Data-readiness decision; not a prediction of binding or failure
A0ABY5UJQ0,abstain_from_docking,missing:sequence_sha256;missing:target_taxon;missing:target_context;missing:receptor_identity;missing:receptor_class;missing:evidence_scope;missing:evidence_source;missing:reviewer;missing:reviewed_on;missing:ligand_identity;missing:ligand_class;missing:method;missing:grid_rationale_source;missing:structure_mapping_source;unsupported_method_in_this_entry;receptor_class_outside_this_adapter;candidate_specific_evidence_not_established;evidence_review_incomplete;structure_required,retain_raw_annotations; obtain_missing_predictor_evidence,Data-readiness decision; not a prediction of binding or failure
A0A0U1HX05,abstain_from_docking,missing:sequence_sha256;missing:target_taxon;missing:target_context;missing:receptor_identity;missing:receptor_class;missing:evidence_scope;missing:evidence_source;missing:reviewer;missing:reviewed_on;missing:ligand_identity;missing:ligand_class;missing:method;missing:grid_rationale_source;missing:structure_mapping_source;unsupported_method_in_this_entry;receptor_class_outside_this_adapter;candidate_specific_evidence_not_established;evidence_review_incomplete;structure_required,retain_raw_annotations; obtain_missing_predictor_evidence,Data-readiness decision; not a prediction of binding or failure
A0AAX2HZP5,abstain_from_docking,missing:sequence_sha256;missing:target_taxon;missing:target_context;missing:receptor_identity;missing:receptor_class;missing:evidence_scope;missing:evidence_source;missing:reviewer;missing:reviewed_on;missing:ligand_identity;missing:ligand_class;missing:method;missing:grid_rationale_source;missing:structure_mapping_source;unsupported_method_in_this_entry;receptor_class_outside_this_adapter;candidate_specific_evidence_not_established;evidence_review_incomplete;structure_required,retain_raw_annotations; obtain_missing_predictor_evidence,Data-readiness decision; not a prediction of binding or failure
A0A0T9KKF4,abstain_from_docking,missing:sequence_sha256;missing:target_taxon;missing:target_context;missing:receptor_identity;missing:receptor_class;missing:evidence_scope;missing:evidence_source;missing:reviewer;missing:reviewed_on;missing:ligand_identity;missing:ligand_class;missing:method;missing:grid_rationale_source;missing:structure_mapping_source;unsupported_method_in_this_entry;receptor_class_outside_this_adapter;candidate_specific_evidence_not_established;evidence_review_incomplete;structure_required,retain_raw_annotations; obtain_missing_predictor_evidence,Data-readiness decision; not a prediction of binding or failure
A0A0T9QHF4,abstain_from_docking,missing:sequence_sha256;missing:target_taxon;missing:target_context;missing:receptor_identity;missing:receptor_class;missing:evidence_scope;missing:evidence_source;missing:reviewer;missing:reviewed_on;missing:ligand_identity;missing:ligand_class;missing:method;missing:grid_rationale_source;missing:structure_mapping_source;unsupported_method_in_this_entry;receptor_class_outside_this_adapter;candidate_specific_evidence_not_established;evidence_review_incomplete;structure_required,retain_raw_annotations; obtain_missing_predictor_evidence,Data-readiness decision; not a prediction of binding or failure
A0A0U1R055,abstain_from_docking,missing:sequence_sha256;missing:target_taxon;missing:target_context;missing:receptor_identity;missing:receptor_class;missing:evidence_scope;missing:evidence_source;missing:reviewer;missing:reviewed_on;missing:ligand_identity;missing:ligand_class;missing:method;missing:grid_rationale_source;missing:structure_mapping_source;unsupported_method_in_this_entry;receptor_class_outside_this_adapter;candidate_specific_evidence_not_established;evidence_review_incomplete;structure_required,retain_raw_annotations; obtain_missing_predictor_evidence,Data-readiness decision; not a prediction of binding or failure
A0AB72ZSW9,abstain_from_docking,missing:sequence_sha256;missing:target_taxon;missing:target_context;missing:receptor_identity;missing:receptor_class;missing:evidence_scope;missing:evidence_source;missing:reviewer;missing:reviewed_on;missing:ligand_identity;missing:ligand_class;missing:method;missing:grid_rationale_source;missing:structure_mapping_source;unsupported_method_in_this_entry;receptor_class_outside_this_adapter;candidate_specific_evidence_not_established;evidence_review_incomplete;structure_required,retain_raw_annotations; obtain_missing_predictor_evidence,Data-readiness decision; not a prediction of binding or failure
A0A2A7VG50,abstain_from_docking,missing:sequence_sha256;missing:target_taxon;missing:target_context;missing:receptor_identity;missing:receptor_class;missing:evidence_scope;missing:evidence_source;missing:reviewer;missing:reviewed_on;missing:ligand_identity;missing:ligand_class;missing:method;missing:grid_rationale_source;missing:structure_mapping_source;unsupported_method_in_this_entry;receptor_class_outside_this_adapter;candidate_specific_evidence_not_established;evidence_review_incomplete;structure_required,retain_raw_annotations; obtain_missing_predictor_evidence,Data-readiness decision; not a prediction of binding or failure
A0ABM5Q0I6,abstain_from_docking,missing:sequence_sha256;missing:target_taxon;missing:target_context;missing:receptor_identity;missing:receptor_class;missing:evidence_scope;missing:evidence_source;missing:reviewer;missing:reviewed_on;missing:ligand_identity;missing:ligand_class;missing:method;missing:grid_rationale_source;missing:structure_mapping_source;unsupported_method_in_this_entry;receptor_class_outside_this_adapter;candidate_specific_evidence_not_established;evidence_review_incomplete;structure_required,retain_raw_annotations; obtain_missing_predictor_evidence,Data-readiness decision; not a prediction of binding or failure
A0A380PP26,abstain_from_docking,missing:sequence_sha256;missing:target_taxon;missing:target_context;missing:receptor_identity;missing:receptor_class;missing:evidence_scope;missing:evidence_source;missing:reviewer;missing:reviewed_on;missing:ligand_identity;missing:ligand_class;missing:method;missing:grid_rationale_source;missing:structure_mapping_source;unsupported_method_in_this_entry;receptor_class_outside_this_adapter;candidate_specific_evidence_not_established;evidence_review_incomplete;structure_required,retain_raw_annotations; obtain_missing_predictor_evidence,Data-readiness decision; not a prediction of binding or failure
A0ABM5UGZ3,abstain_from_docking,missing:sequence_sha256;missing:target_taxon;missing:target_context;missing:receptor_identity;missing:receptor_class;missing:evidence_scope;missing:evidence_source;missing:reviewer;missing:reviewed_on;missing:ligand_identity;missing:ligand_class;missing:method;missing:grid_rationale_source;missing:structure_mapping_source;unsupported_method_in_this_entry;receptor_class_outside_this_adapter;candidate_specific_evidence_not_established;evidence_review_incomplete;structure_required,retain_raw_annotations; obtain_missing_predictor_evidence,Data-readiness decision; not a prediction of binding or failure
A0ABM9TW88,abstain_from_docking,missing:sequence_sha256;missing:target_taxon;missing:target_context;missing:receptor_identity;missing:receptor_class;missing:evidence_scope;missing:evidence_source;missing:reviewer;missing:reviewed_on;missing:ligand_identity;missing:ligand_class;missing:method;missing:grid_rationale_source;missing:structure_mapping_source;unsupported_method_in_this_entry;receptor_class_outside_this_adapter;candidate_specific_evidence_not_established;evidence_review_incomplete;structure_required,retain_raw_annotations; obtain_missing_predictor_evidence,Data-readiness decision; not a prediction of binding or failure
A0ABP1YW71,abstain_from_docking,missing:sequence_sha256;missing:target_taxon;missing:target_context;missing:receptor_identity;missing:receptor_class;missing:evidence_scope;missing:evidence_source;missing:reviewer;missing:reviewed_on;missing:ligand_identity;missing:ligand_class;missing:method;missing:grid_rationale_source;missing:structure_mapping_source;unsupported_method_in_this_entry;receptor_class_outside_this_adapter;candidate_specific_evidence_not_established;evidence_review_incomplete;structure_required,retain_raw_annotations; obtain_missing_predictor_evidence,Data-readiness decision; not a prediction of binding or failure
A0A0T9QDB9,abstain_from_docking,missing:sequence_sha256;missing:target_taxon;missing:target_context;missing:receptor_identity;missing:receptor_class;missing:evidence_scope;missing:evidence_source;missing:reviewer;missing:reviewed_on;missing:ligand_identity;missing:ligand_class;missing:method;missing:grid_rationale_source;missing:structure_mapping_source;unsupported_method_in_this_entry;receptor_class_outside_this_adapter;candidate_specific_evidence_not_established;evidence_review_incomplete;structure_required,retain_raw_annotations; obtain_missing_predictor_evidence,Data-readiness decision; not a prediction of binding or failure
A0ABP2E2L7,abstain_from_docking,missing:sequence_sha256;missing:target_taxon;missing:target_context;missing:receptor_identity;missing:receptor_class;missing:evidence_scope;missing:evidence_source;missing:reviewer;missing:reviewed_on;missing:ligand_identity;missing:ligand_class;missing:method;missing:grid_rationale_source;missing:structure_mapping_source;unsupported_method_in_this_entry;receptor_class_outside_this_adapter;candidate_specific_evidence_not_established;evidence_review_incomplete;structure_required,retain_raw_annotations; obtain_missing_predictor_evidence,Data-readiness decision; not a prediction of binding or failure
A0ABM9Y7W9,abstain_from_docking,missing:sequence_sha256;missing:target_taxon;missing:target_context;missing:receptor_identity;missing:receptor_class;missing:evidence_scope;missing:evidence_source;missing:reviewer;missing:reviewed_on;missing:ligand_identity;missing:ligand_class;missing:method;missing:grid_rationale_source;missing:structure_mapping_source;unsupported_method_in_this_entry;receptor_class_outside_this_adapter;candidate_specific_evidence_not_established;evidence_review_incomplete;structure_required,retain_raw_annotations; obtain_missing_predictor_evidence,Data-readiness decision; not a prediction of binding or failure
A0ABW9EY82,abstain_from_docking,missing:sequence_sha256;missing:target_taxon;missing:target_context;missing:receptor_identity;missing:receptor_class;missing:evidence_scope;missing:evidence_source;missing:reviewer;missing:reviewed_on;missing:ligand_identity;missing:ligand_class;missing:method;missing:grid_rationale_source;missing:structure_mapping_source;unsupported_method_in_this_entry;receptor_class_outside_this_adapter;candidate_specific_evidence_not_established;evidence_review_incomplete;structure_required,retain_raw_annotations; obtain_missing_predictor_evidence,Data-readiness decision; not a prediction of binding or failure
A0AA44CMJ6,abstain_from_docking,missing:sequence_sha256;missing:target_taxon;missing:target_context;missing:receptor_identity;missing:receptor_class;missing:evidence_scope;missing:evidence_source;missing:reviewer;missing:reviewed_on;missing:ligand_identity;missing:ligand_class;missing:method;missing:grid_rationale_source;missing:structure_mapping_source;unsupported_method_in_this_entry;receptor_class_outside_this_adapter;candidate_specific_evidence_not_established;evidence_review_incomplete;structure_required,retain_raw_annotations; obtain_missing_predictor_evidence,Data-readiness decision; not a prediction of binding or failure
A0AB73P877,abstain_from_docking,missing:sequence_sha256;missing:target_taxon;missing:target_context;missing:receptor_identity;missing:receptor_class;missing:evidence_scope;missing:evidence_source;missing:reviewer;missing:reviewed_on;missing:ligand_identity;missing:ligand_class;missing:method;missing:grid_rationale_source;missing:structure_mapping_source;unsupported_method_in_this_entry;receptor_class_outside_this_adapter;candidate_specific_evidence_not_established;evidence_review_incomplete;structure_required,retain_raw_annotations; obtain_missing_predictor_evidence,Data-readiness decision; not a prediction of binding or failure
A0AA90XYJ4,abstain_from_docking,missing:sequence_sha256;missing:target_taxon;missing:target_context;missing:receptor_identity;missing:receptor_class;missing:evidence_scope;missing:evidence_source;missing:reviewer;missing:reviewed_on;missing:ligand_identity;missing:ligand_class;missing:method;missing:grid_rationale_source;missing:structure_mapping_source;unsupported_method_in_this_entry;receptor_class_outside_this_adapter;candidate_specific_evidence_not_established;evidence_review_incomplete;structure_required,retain_raw_annotations; obtain_missing_predictor_evidence,Data-readiness decision; not a prediction of binding or failure
A0ABM9XWU7,abstain_from_docking,missing:sequence_sha256;missing:target_taxon;missing:target_context;missing:receptor_identity;missing:receptor_class;missing:evidence_scope;missing:evidence_source;missing:reviewer;missing:reviewed_on;missing:ligand_identity;missing:ligand_class;missing:method;missing:grid_rationale_source;missing:structure_mapping_source;unsupported_method_in_this_entry;receptor_class_outside_this_adapter;candidate_specific_evidence_not_established;evidence_review_incomplete;structure_required,retain_raw_annotations; obtain_missing_predictor_evidence,Data-readiness decision; not a prediction of binding or failure
A0A0T9N293,abstain_from_docking,missing:sequence_sha256;missing:target_taxon;missing:target_context;missing:receptor_identity;missing:receptor_class;missing:evidence_scope;missing:evidence_source;missing:reviewer;missing:reviewed_on;missing:ligand_identity;missing:ligand_class;missing:method;missing:grid_rationale_source;missing:structure_mapping_source;unsupported_method_in_this_entry;receptor_class_outside_this_adapter;candidate_specific_evidence_not_established;evidence_review_incomplete;structure_required,retain_raw_annotations; obtain_missing_predictor_evidence,Data-readiness decision; not a prediction of binding or failure
A0AB73NNK1,abstain_from_docking,missing:sequence_sha256;missing:target_taxon;missing:target_context;missing:receptor_identity;missing:receptor_class;missing:evidence_scope;missing:evidence_source;missing:reviewer;missing:reviewed_on;missing:ligand_identity;missing:ligand_class;missing:method;missing:grid_rationale_source;missing:structure_mapping_source;unsupported_method_in_this_entry;receptor_class_outside_this_adapter;candidate_specific_evidence_not_established;evidence_review_incomplete;structure_required,retain_raw_annotations; obtain_missing_predictor_evidence,Data-readiness decision; not a prediction of binding or failure
A0AA44CQ33,abstain_from_docking,missing:sequence_sha256;missing:target_taxon;missing:target_context;missing:receptor_identity;missing:receptor_class;missing:evidence_scope;missing:evidence_source;missing:reviewer;missing:reviewed_on;missing:ligand_identity;missing:ligand_class;missing:method;missing:grid_rationale_source;missing:structure_mapping_source;unsupported_method_in_this_entry;receptor_class_outside_this_adapter;candidate_specific_evidence_not_established;evidence_review_incomplete;structure_required,retain_raw_annotations; obtain_missing_predictor_evidence,Data-readiness decision; not a prediction of binding or failure
A0ABW9ETP1,abstain_from_docking,missing:sequence_sha256;missing:target_taxon;missing:target_context;missing:receptor_identity;missing:receptor_class;missing:evidence_scope;missing:evidence_source;missing:reviewer;missing:reviewed_on;missing:ligand_identity;missing:ligand_class;missing:method;missing:grid_rationale_source;missing:structure_mapping_source;unsupported_method_in_this_entry;receptor_class_outside_this_adapter;candidate_specific_evidence_not_established;evidence_review_incomplete;structure_required,retain_raw_annotations; obtain_missing_predictor_evidence,Data-readiness decision; not a prediction of binding or failure
A0ABR4W680,abstain_from_docking,missing:sequence_sha256;missing:target_taxon;missing:target_context;missing:receptor_identity;missing:receptor_class;missing:evidence_scope;missing:evidence_source;missing:reviewer;missing:reviewed_on;missing:ligand_identity;missing:ligand_class;missing:method;missing:grid_rationale_source;missing:structure_mapping_source;unsupported_method_in_this_entry;receptor_class_outside_this_adapter;candidate_specific_evidence_not_established;evidence_review_incomplete;structure_required,retain_raw_annotations; obtain_missing_predictor_evidence,Data-readiness decision; not a prediction of binding or failure
A0A0T9RK20,abstain_from_docking,missing:sequence_sha256;missing:target_taxon;missing:target_context;missing:receptor_identity;missing:receptor_class;missing:evidence_scope;missing:evidence_source;missing:reviewer;missing:reviewed_on;missing:ligand_identity;missing:ligand_class;missing:method;missing:grid_rationale_source;missing:structure_mapping_source;unsupported_method_in_this_entry;receptor_class_outside_this_adapter;candidate_specific_evidence_not_established;evidence_review_incomplete;structure_required,retain_raw_annotations; obtain_missing_predictor_evidence,Data-readiness decision; not a prediction of binding or failure
A0A380PRV1,abstain_from_docking,missing:sequence_sha256;missing:target_taxon;missing:target_context;missing:receptor_identity;missing:receptor_class;missing:evidence_scope;missing:evidence_source;missing:reviewer;missing:reviewed_on;missing:ligand_identity;missing:ligand_class;missing:method;missing:grid_rationale_source;missing:structure_mapping_source;unsupported_method_in_this_entry;receptor_class_outside_this_adapter;candidate_specific_evidence_not_established;evidence_review_incomplete;structure_required,retain_raw_annotations; obtain_missing_predictor_evidence,Data-readiness decision; not a prediction of binding or failure
A0A0T9KKH2,abstain_from_docking,missing:sequence_sha256;missing:target_taxon;missing:target_context;missing:receptor_identity;missing:receptor_class;missing:evidence_scope;missing:evidence_source;missing:reviewer;missing:reviewed_on;missing:ligand_identity;missing:ligand_class;missing:method;missing:grid_rationale_source;missing:structure_mapping_source;unsupported_method_in_this_entry;receptor_class_outside_this_adapter;candidate_specific_evidence_not_established;evidence_review_incomplete;structure_required,retain_raw_annotations; obtain_missing_predictor_evidence,Data-readiness decision; not a prediction of binding or failure
A0A380QJL7,abstain_from_docking,missing:sequence_sha256;missing:target_taxon;missing:target_context;missing:receptor_identity;missing:receptor_class;missing:evidence_scope;missing:evidence_source;missing:reviewer;missing:reviewed_on;missing:ligand_identity;missing:ligand_class;missing:method;missing:grid_rationale_source;missing:structure_mapping_source;unsupported_method_in_this_entry;receptor_class_outside_this_adapter;candidate_specific_evidence_not_established;evidence_review_incomplete;structure_required,retain_raw_annotations; obtain_missing_predictor_evidence,Data-readiness decision; not a prediction of binding or failure
A0ABM6BJA0,abstain_from_docking,missing:sequence_sha256;missing:target_taxon;missing:target_context;missing:receptor_identity;missing:receptor_class;missing:evidence_scope;missing:evidence_source;missing:reviewer;missing:reviewed_on;missing:ligand_identity;missing:ligand_class;missing:method;missing:grid_rationale_source;missing:structure_mapping_source;unsupported_method_in_this_entry;receptor_class_outside_this_adapter;candidate_specific_evidence_not_established;evidence_review_incomplete;structure_required,retain_raw_annotations; obtain_missing_predictor_evidence,Data-readiness decision; not a prediction of binding or failure
A0A0H3B592,abstain_from_docking,missing:sequence_sha256;missing:target_taxon;missing:target_context;missing:receptor_identity;missing:receptor_class;missing:evidence_scope;missing:evidence_source;missing:reviewer;missing:reviewed_on;missing:ligand_identity;missing:ligand_class;missing:method;missing:grid_rationale_source;missing:structure_mapping_source;unsupported_method_in_this_entry;receptor_class_outside_this_adapter;candidate_specific_evidence_not_established;evidence_review_incomplete;structure_required,retain_raw_annotations; obtain_missing_predictor_evidence,Data-readiness decision; not a prediction of binding or failure
A0ABN4H4Y5,abstain_from_docking,missing:sequence_sha256;missing:target_taxon;missing:target_context;missing:receptor_identity;missing:receptor_class;missing:evidence_scope;missing:evidence_source;missing:reviewer;missing:reviewed_on;missing:ligand_identity;missing:ligand_class;missing:method;missing:grid_rationale_source;missing:structure_mapping_source;unsupported_method_in_this_entry;receptor_class_outside_this_adapter;candidate_specific_evidence_not_established;evidence_review_incomplete;structure_required,retain_raw_annotations; obtain_missing_predictor_evidence,Data-readiness decision; not a prediction of binding or failure
A0A0T9TRH4,abstain_from_docking,missing:sequence_sha256;missing:target_taxon;missing:target_context;missing:receptor_identity;missing:receptor_class;missing:evidence_scope;missing:evidence_source;missing:reviewer;missing:reviewed_on;missing:ligand_identity;missing:ligand_class;missing:method;missing:grid_rationale_source;missing:structure_mapping_source;unsupported_method_in_this_entry;receptor_class_outside_this_adapter;candidate_specific_evidence_not_established;evidence_review_incomplete;structure_required,retain_raw_annotations; obtain_missing_predictor_evidence,Data-readiness decision; not a prediction of binding or failure
A0ABM6BHF9,abstain_from_docking,missing:sequence_sha256;missing:target_taxon;missing:target_context;missing:receptor_identity;missing:receptor_class;missing:evidence_scope;missing:evidence_source;missing:reviewer;missing:reviewed_on;missing:ligand_identity;missing:ligand_class;missing:method;missing:grid_rationale_source;missing:structure_mapping_source;unsupported_method_in_this_entry;receptor_class_outside_this_adapter;candidate_specific_evidence_not_established;evidence_review_incomplete;structure_required,retain_raw_annotations; obtain_missing_predictor_evidence,Data-readiness decision; not a prediction of binding or failure
A0A209AAW7,abstain_from_docking,missing:sequence_sha256;missing:target_taxon;missing:target_context;missing:receptor_identity;missing:receptor_class;missing:evidence_scope;missing:evidence_source;missing:reviewer;missing:reviewed_on;missing:ligand_identity;missing:ligand_class;missing:method;missing:grid_rationale_source;missing:structure_mapping_source;unsupported_method_in_this_entry;receptor_class_outside_this_adapter;candidate_specific_evidence_not_established;evidence_review_incomplete;structure_required,retain_raw_annotations; obtain_missing_predictor_evidence,Data-readiness decision; not a prediction of binding or failure
A0AA91BG92,abstain_from_docking,missing:sequence_sha256;missing:target_taxon;missing:target_context;missing:receptor_identity;missing:receptor_class;missing:evidence_scope;missing:evidence_source;missing:reviewer;missing:reviewed_on;missing:ligand_identity;missing:ligand_class;missing:method;missing:grid_rationale_source;missing:structure_mapping_source;unsupported_method_in_this_entry;receptor_class_outside_this_adapter;candidate_specific_evidence_not_established;evidence_review_incomplete;structure_required,retain_raw_annotations; obtain_missing_predictor_evidence,Data-readiness decision; not a prediction of binding or failure
A0A380Q9K9,abstain_from_docking,missing:sequence_sha256;missing:target_taxon;missing:target_context;missing:receptor_identity;missing:receptor_class;missing:evidence_scope;missing:evidence_source;missing:reviewer;missing:reviewed_on;missing:ligand_identity;missing:ligand_class;missing:method;missing:grid_rationale_source;missing:structure_mapping_source;unsupported_method_in_this_entry;receptor_class_outside_this_adapter;candidate_specific_evidence_not_established;evidence_review_incomplete;structure_required,retain_raw_annotations; obtain_missing_predictor_evidence,Data-readiness decision; not a prediction of binding or failure
A0ABM5SPQ0,abstain_from_docking,missing:sequence_sha256;missing:target_taxon;missing:target_context;missing:receptor_identity;missing:receptor_class;missing:evidence_scope;missing:evidence_source;missing:reviewer;missing:reviewed_on;missing:ligand_identity;missing:ligand_class;missing:method;missing:grid_rationale_source;missing:structure_mapping_source;unsupported_method_in_this_entry;receptor_class_outside_this_adapter;candidate_specific_evidence_not_established;evidence_review_incomplete;structure_required,retain_raw_annotations; obtain_missing_predictor_evidence,Data-readiness decision; not a prediction of binding or failure
A0ABM5ST74,abstain_from_docking,missing:sequence_sha256;missing:target_taxon;missing:target_context;missing:receptor_identity;missing:receptor_class;missing:evidence_scope;missing:evidence_source;missing:reviewer;missing:reviewed_on;missing:ligand_identity;missing:ligand_class;missing:method;missing:grid_rationale_source;missing:structure_mapping_source;unsupported_method_in_this_entry;receptor_class_outside_this_adapter;candidate_specific_evidence_not_established;evidence_review_incomplete;structure_required,retain_raw_annotations; obtain_missing_predictor_evidence,Data-readiness decision; not a prediction of binding or failure
A0AAV3BFT4,abstain_from_docking,missing:sequence_sha256;missing:target_taxon;missing:target_context;missing:receptor_identity;missing:receptor_class;missing:evidence_scope;missing:evidence_source;missing:reviewer;missing:reviewed_on;missing:ligand_identity;missing:ligand_class;missing:method;missing:grid_rationale_source;missing:structure_mapping_source;unsupported_method_in_this_entry;receptor_class_outside_this_adapter;candidate_specific_evidence_not_established;evidence_review_incomplete;structure_required,retain_raw_annotations; obtain_missing_predictor_evidence,Data-readiness decision; not a prediction of binding or failure
Q66BC6,abstain_from_docking,missing:sequence_sha256;missing:target_taxon;missing:target_context;missing:receptor_identity;missing:receptor_class;missing:evidence_scope;missing:evidence_source;missing:reviewer;missing:reviewed_on;missing:ligand_identity;missing:ligand_class;missing:method;missing:grid_rationale_source;missing:structure_mapping_source;unsupported_method_in_this_entry;receptor_class_outside_this_adapter;candidate_specific_evidence_not_established;evidence_review_incomplete;structure_required,retain_raw_annotations; obtain_missing_predictor_evidence,Data-readiness decision; not a prediction of binding or failure
A0A0T9RLX7,abstain_from_docking,missing:sequence_sha256;missing:target_taxon;missing:target_context;missing:receptor_identity;missing:receptor_class;missing:evidence_scope;missing:evidence_source;missing:reviewer;missing:reviewed_on;missing:ligand_identity;missing:ligand_class;missing:method;missing:grid_rationale_source;missing:structure_mapping_source;unsupported_method_in_this_entry;receptor_class_outside_this_adapter;candidate_specific_evidence_not_established;evidence_review_incomplete;structure_required,retain_raw_annotations; obtain_missing_predictor_evidence,Data-readiness decision; not a prediction of binding or failure
A0ABN4CQH5,abstain_from_docking,missing:sequence_sha256;missing:target_taxon;missing:target_context;missing:receptor_identity;missing:receptor_class;missing:evidence_scope;missing:evidence_source;missing:reviewer;missing:reviewed_on;missing:ligand_identity;missing:ligand_class;missing:method;missing:grid_rationale_source;missing:structure_mapping_source;unsupported_method_in_this_entry;receptor_class_outside_this_adapter;candidate_specific_evidence_not_established;evidence_review_incomplete;structure_required,retain_raw_annotations; obtain_missing_predictor_evidence,Data-readiness decision; not a prediction of binding or failure
A0AB73Q5E6,abstain_from_docking,missing:sequence_sha256;missing:target_taxon;missing:target_context;missing:receptor_identity;missing:receptor_class;missing:evidence_scope;missing:evidence_source;missing:reviewer;missing:reviewed_on;missing:ligand_identity;missing:ligand_class;missing:method;missing:grid_rationale_source;missing:structure_mapping_source;unsupported_method_in_this_entry;receptor_class_outside_this_adapter;candidate_specific_evidence_not_established;evidence_review_incomplete;structure_required,retain_raw_annotations; obtain_missing_predictor_evidence,Data-readiness decision; not a prediction of binding or failure
A0A0U1QXU2,abstain_from_docking,missing:sequence_sha256;missing:target_taxon;missing:target_context;missing:receptor_identity;missing:receptor_class;missing:evidence_scope;missing:evidence_source;missing:reviewer;missing:reviewed_on;missing:ligand_identity;missing:ligand_class;missing:method;missing:grid_rationale_source;missing:structure_mapping_source;unsupported_method_in_this_entry;receptor_class_outside_this_adapter;candidate_specific_evidence_not_established;evidence_review_incomplete;structure_required,retain_raw_annotations; obtain_missing_predictor_evidence,Data-readiness decision; not a prediction of binding or failure
A0AB73PBS8,abstain_from_docking,missing:sequence_sha256;missing:target_taxon;missing:target_context;missing:receptor_identity;missing:receptor_class;missing:evidence_scope;missing:evidence_source;missing:reviewer;missing:reviewed_on;missing:ligand_identity;missing:ligand_class;missing:method;missing:grid_rationale_source;missing:structure_mapping_source;unsupported_method_in_this_entry;receptor_class_outside_this_adapter;candidate_specific_evidence_not_established;evidence_review_incomplete;structure_required,retain_raw_annotations; obtain_missing_predictor_evidence,Data-readiness decision; not a prediction of binding or failure
A0ABM5Q1D7,abstain_from_docking,missing:sequence_sha256;missing:target_taxon;missing:target_context;missing:receptor_identity;missing:receptor_class;missing:evidence_scope;missing:evidence_source;missing:reviewer;missing:reviewed_on;missing:ligand_identity;missing:ligand_class;missing:method;missing:grid_rationale_source;missing:structure_mapping_source;unsupported_method_in_this_entry;receptor_class_outside_this_adapter;candidate_specific_evidence_not_established;evidence_review_incomplete;structure_required,retain_raw_annotations; obtain_missing_predictor_evidence,Data-readiness decision; not a prediction of binding or failure
A0ABP1Z8M7,abstain_from_docking,missing:sequence_sha256;missing:target_taxon;missing:target_context;missing:receptor_identity;missing:receptor_class;missing:evidence_scope;missing:evidence_source;missing:reviewer;missing:reviewed_on;missing:ligand_identity;missing:ligand_class;missing:method;missing:grid_rationale_source;missing:structure_mapping_source;unsupported_method_in_this_entry;receptor_class_outside_this_adapter;candidate_specific_evidence_not_established;evidence_review_incomplete;structure_required,retain_raw_annotations; obtain_missing_predictor_evidence,Data-readiness decision; not a prediction of binding or failure
A0A380QDK2,abstain_from_docking,missing:sequence_sha256;missing:target_taxon;missing:target_context;missing:receptor_identity;missing:receptor_class;missing:evidence_scope;missing:evidence_source;missing:reviewer;missing:reviewed_on;missing:ligand_identity;missing:ligand_class;missing:method;missing:grid_rationale_source;missing:structure_mapping_source;unsupported_method_in_this_entry;receptor_class_outside_this_adapter;candidate_specific_evidence_not_established;evidence_review_incomplete;structure_required,retain_raw_annotations; obtain_missing_predictor_evidence,Data-readiness decision; not a prediction of binding or failure
Q7CIG2,abstain_from_docking,missing:sequence_sha256;missing:target_taxon;missing:target_context;missing:receptor_identity;missing:receptor_class;missing:evidence_scope;missing:evidence_source;missing:reviewer;missing:reviewed_on;missing:ligand_identity;missing:ligand_class;missing:method;missing:grid_rationale_source;missing:structure_mapping_source;unsupported_method_in_this_entry;receptor_class_outside_this_adapter;candidate_specific_evidence_not_established;evidence_review_incomplete;structure_required,retain_raw_annotations; obtain_missing_predictor_evidence,Data-readiness decision; not a prediction of binding or failure
A0ABP2ED01,abstain_from_docking,missing:sequence_sha256;missing:target_taxon;missing:target_context;missing:receptor_identity;missing:receptor_class;missing:evidence_scope;missing:evidence_source;missing:reviewer;missing:reviewed_on;missing:ligand_identity;missing:ligand_class;missing:method;missing:grid_rationale_source;missing:structure_mapping_source;unsupported_method_in_this_entry;receptor_class_outside_this_adapter;candidate_specific_evidence_not_established;evidence_review_incomplete;structure_required,retain_raw_annotations; obtain_missing_predictor_evidence,Data-readiness decision; not a prediction of binding or failure
A0ABX5QZM3,abstain_from_docking,missing:sequence_sha256;missing:target_taxon;missing:target_context;missing:receptor_identity;missing:receptor_class;missing:evidence_scope;missing:evidence_source;missing:reviewer;missing:reviewed_on;missing:ligand_identity;missing:ligand_class;missing:method;missing:grid_rationale_source;missing:structure_mapping_source;unsupported_method_in_this_entry;receptor_class_outside_this_adapter;candidate_specific_evidence_not_established;evidence_review_incomplete;structure_required,retain_raw_annotations; obtain_missing_predictor_evidence,Data-readiness decision; not a prediction of binding or failure
A0ABM9ST81,abstain_from_docking,missing:sequence_sha256;missing:target_taxon;missing:target_context;missing:receptor_identity;missing:receptor_class;missing:evidence_scope;missing:evidence_source;missing:reviewer;missing:reviewed_on;missing:ligand_identity;missing:ligand_class;missing:method;missing:grid_rationale_source;missing:structure_mapping_source;unsupported_method_in_this_entry;receptor_class_outside_this_adapter;candidate_specific_evidence_not_established;evidence_review_incomplete;structure_required,retain_raw_annotations; obtain_missing_predictor_evidence,Data-readiness decision; not a prediction of binding or failure
A0AB73NFU9,abstain_from_docking,missing:sequence_sha256;missing:target_taxon;missing:target_context;missing:receptor_identity;missing:receptor_class;missing:evidence_scope;missing:evidence_source;missing:reviewer;missing:reviewed_on;missing:ligand_identity;missing:ligand_class;missing:method;missing:grid_rationale_source;missing:structure_mapping_source;unsupported_method_in_this_entry;receptor_class_outside_this_adapter;candidate_specific_evidence_not_established;evidence_review_incomplete;structure_required,retain_raw_annotations; obtain_missing_predictor_evidence,Data-readiness decision; not a prediction of binding or failure
A0AA44CIR8,abstain_from_docking,missing:sequence_sha256;missing:target_taxon;missing:target_context;missing:receptor_identity;missing:receptor_class;missing:evidence_scope;missing:evidence_source;missing:reviewer;missing:reviewed_on;missing:ligand_identity;missing:ligand_class;missing:method;missing:grid_rationale_source;missing:structure_mapping_source;unsupported_method_in_this_entry;receptor_class_outside_this_adapter;candidate_specific_evidence_not_established;evidence_review_incomplete;structure_required,retain_raw_annotations; obtain_missing_predictor_evidence,Data-readiness decision; not a prediction of binding or failure
A0ABP1Y756,abstain_from_docking,missing:sequence_sha256;missing:target_taxon;missing:target_context;missing:receptor_identity;missing:receptor_class;missing:evidence_scope;missing:evidence_source;missing:reviewer;missing:reviewed_on;missing:ligand_identity;missing:ligand_class;missing:method;missing:grid_rationale_source;missing:structure_mapping_source;unsupported_method_in_this_entry;receptor_class_outside_this_adapter;candidate_specific_evidence_not_established;evidence_review_incomplete;structure_required,retain_raw_annotations; obtain_missing_predictor_evidence,Data-readiness decision; not a prediction of binding or failure
Q66BM2,abstain_from_docking,missing:sequence_sha256;missing:target_taxon;missing:target_context;missing:receptor_identity;missing:receptor_class;missing:evidence_scope;missing:evidence_source;missing:reviewer;missing:reviewed_on;missing:ligand_identity;missing:ligand_class;missing:method;missing:grid_rationale_source;missing:structure_mapping_source;unsupported_method_in_this_entry;receptor_class_outside_this_adapter;candidate_specific_evidence_not_established;evidence_review_incomplete;structure_required,retain_raw_annotations; obtain_missing_predictor_evidence,Data-readiness decision; not a prediction of binding or failure
A0AAX2I0V1,abstain_from_docking,missing:sequence_sha256;missing:target_taxon;missing:target_context;missing:receptor_identity;missing:receptor_class;missing:evidence_scope;missing:evidence_source;missing:reviewer;missing:reviewed_on;missing:ligand_identity;missing:ligand_class;missing:method;missing:grid_rationale_source;missing:structure_mapping_source;unsupported_method_in_this_entry;receptor_class_outside_this_adapter;candidate_specific_evidence_not_established;evidence_review_incomplete;structure_required,retain_raw_annotations; obtain_missing_predictor_evidence,Data-readiness decision; not a prediction of binding or failure
A0ABM5UH09,abstain_from_docking,missing:sequence_sha256;missing:target_taxon;missing:target_context;missing:receptor_identity;missing:receptor_class;missing:evidence_scope;missing:evidence_source;missing:reviewer;missing:reviewed_on;missing:ligand_identity;missing:ligand_class;missing:method;missing:grid_rationale_source;missing:structure_mapping_source;unsupported_method_in_this_entry;receptor_class_outside_this_adapter;candidate_specific_evidence_not_established;evidence_review_incomplete;structure_required,retain_raw_annotations; obtain_missing_predictor_evidence,Data-readiness decision; not a prediction of binding or failure
A0A0T9UVW1,abstain_from_docking,missing:sequence_sha256;missing:target_taxon;missing:target_context;missing:receptor_identity;missing:receptor_class;missing:evidence_scope;missing:evidence_source;missing:reviewer;missing:reviewed_on;missing:ligand_identity;missing:ligand_class;missing:method;missing:grid_rationale_source;missing:structure_mapping_source;unsupported_method_in_this_entry;receptor_class_outside_this_adapter;candidate_specific_evidence_not_established;evidence_review_incomplete;structure_required,retain_raw_annotations; obtain_missing_predictor_evidence,Data-readiness decision; not a prediction of binding or failure
A0A0T9KME1,abstain_from_docking,missing:sequence_sha256;missing:target_taxon;missing:target_context;missing:receptor_identity;missing:receptor_class;missing:evidence_scope;missing:evidence_source;missing:reviewer;missing:reviewed_on;missing:ligand_identity;missing:ligand_class;missing:method;missing:grid_rationale_source;missing:structure_mapping_source;unsupported_method_in_this_entry;receptor_class_outside_this_adapter;candidate_specific_evidence_not_established;evidence_review_incomplete;structure_required,retain_raw_annotations; obtain_missing_predictor_evidence,Data-readiness decision; not a prediction of binding or failure
A0A0T9RC84,abstain_from_docking,missing:sequence_sha256;missing:target_taxon;missing:target_context;missing:receptor_identity;missing:receptor_class;missing:evidence_scope;missing:evidence_source;missing:reviewer;missing:reviewed_on;missing:ligand_identity;missing:ligand_class;missing:method;missing:grid_rationale_source;missing:structure_mapping_source;unsupported_method_in_this_entry;receptor_class_outside_this_adapter;candidate_specific_evidence_not_established;evidence_review_incomplete;structure_required,retain_raw_annotations; obtain_missing_predictor_evidence,Data-readiness decision; not a prediction of binding or failure
A0ABM9XX67,abstain_from_docking,missing:sequence_sha256;missing:target_taxon;missing:target_context;missing:receptor_identity;missing:receptor_class;missing:evidence_scope;missing:evidence_source;missing:reviewer;missing:reviewed_on;missing:ligand_identity;missing:ligand_class;missing:method;missing:grid_rationale_source;missing:structure_mapping_source;unsupported_method_in_this_entry;receptor_class_outside_this_adapter;candidate_specific_evidence_not_established;evidence_review_incomplete;structure_required,retain_raw_annotations; obtain_missing_predictor_evidence,Data-readiness decision; not a prediction of binding or failure
A0A0T9KKM2,abstain_from_docking,missing:sequence_sha256;missing:target_taxon;missing:target_context;missing:receptor_identity;missing:receptor_class;missing:evidence_scope;missing:evidence_source;missing:reviewer;missing:reviewed_on;missing:ligand_identity;missing:ligand_class;missing:method;missing:grid_rationale_source;missing:structure_mapping_source;unsupported_method_in_this_entry;receptor_class_outside_this_adapter;candidate_specific_evidence_not_established;evidence_review_incomplete;structure_required,retain_raw_annotations; obtain_missing_predictor_evidence,Data-readiness decision; not a prediction of binding or failure
A0ABM5PZP9,abstain_from_docking,missing:sequence_sha256;missing:target_taxon;missing:target_context;missing:receptor_identity;missing:receptor_class;missing:evidence_scope;missing:evidence_source;missing:reviewer;missing:reviewed_on;missing:ligand_identity;missing:ligand_class;missing:method;missing:grid_rationale_source;missing:structure_mapping_source;unsupported_method_in_this_entry;receptor_class_outside_this_adapter;candidate_specific_evidence_not_established;evidence_review_incomplete;structure_required,retain_raw_annotations; obtain_missing_predictor_evidence,Data-readiness decision; not a prediction of binding or failure
A0ABP2EGX4,abstain_from_docking,missing:sequence_sha256;missing:target_taxon;missing:target_context;missing:receptor_identity;missing:receptor_class;missing:evidence_scope;missing:evidence_source;missing:reviewer;missing:reviewed_on;missing:ligand_identity;missing:ligand_class;missing:method;missing:grid_rationale_source;missing:structure_mapping_source;unsupported_method_in_this_entry;receptor_class_outside_this_adapter;candidate_specific_evidence_not_established;evidence_review_incomplete;structure_required,retain_raw_annotations; obtain_missing_predictor_evidence,Data-readiness decision; not a prediction of binding or failure
A0AB73NNV4,abstain_from_docking,missing:sequence_sha256;missing:target_taxon;missing:target_context;missing:receptor_identity;missing:receptor_class;missing:evidence_scope;missing:evidence_source;missing:reviewer;missing:reviewed_on;missing:ligand_identity;missing:ligand_class;missing:method;missing:grid_rationale_source;missing:structure_mapping_source;unsupported_method_in_this_entry;receptor_class_outside_this_adapter;candidate_specific_evidence_not_established;evidence_review_incomplete;structure_required,retain_raw_annotations; obtain_missing_predictor_evidence,Data-readiness decision; not a prediction of binding or failure
A0A0T9PN75,abstain_from_docking,missing:sequence_sha256;missing:target_taxon;missing:target_context;missing:receptor_identity;missing:receptor_class;missing:evidence_scope;missing:evidence_source;missing:reviewer;missing:reviewed_on;missing:ligand_identity;missing:ligand_class;missing:method;missing:grid_rationale_source;missing:structure_mapping_source;unsupported_method_in_this_entry;receptor_class_outside_this_adapter;candidate_specific_evidence_not_established;evidence_review_incomplete;structure_required,retain_raw_annotations; obtain_missing_predictor_evidence,Data-readiness decision; not a prediction of binding or failure
A0AB72ZRU6,abstain_from_docking,missing:sequence_sha256;missing:target_taxon;missing:target_context;missing:receptor_identity;missing:receptor_class;missing:evidence_scope;missing:evidence_source;missing:reviewer;missing:reviewed_on;missing:ligand_identity;missing:ligand_class;missing:method;missing:grid_rationale_source;missing:structure_mapping_source;unsupported_method_in_this_entry;receptor_class_outside_this_adapter;candidate_specific_evidence_not_established;evidence_review_incomplete;structure_required,retain_raw_annotations; obtain_missing_predictor_evidence,Data-readiness decision; not a prediction of binding or failure
A0ABW9EZJ2,abstain_from_docking,missing:sequence_sha256;missing:target_taxon;missing:target_context;missing:receptor_identity;missing:receptor_class;missing:evidence_scope;missing:evidence_source;missing:reviewer;missing:reviewed_on;missing:ligand_identity;missing:ligand_class;missing:method;missing:grid_rationale_source;missing:structure_mapping_source;unsupported_method_in_this_entry;receptor_class_outside_this_adapter;candidate_specific_evidence_not_established;evidence_review_incomplete;structure_required,retain_raw_annotations; obtain_missing_predictor_evidence,Data-readiness decision; not a prediction of binding or failure
A0AB73PN87,abstain_from_docking,missing:sequence_sha256;missing:target_taxon;missing:target_context;missing:receptor_identity;missing:receptor_class;missing:evidence_scope;missing:evidence_source;missing:reviewer;missing:reviewed_on;missing:ligand_identity;missing:ligand_class;missing:method;missing:grid_rationale_source;missing:structure_mapping_source;unsupported_method_in_this_entry;receptor_class_outside_this_adapter;candidate_specific_evidence_not_established;evidence_review_incomplete;structure_required,retain_raw_annotations; obtain_missing_predictor_evidence,Data-readiness decision; not a prediction of binding or failure
A0A0T9RLI7,abstain_from_docking,missing:sequence_sha256;missing:target_taxon;missing:target_context;missing:receptor_identity;missing:receptor_class;missing:evidence_scope;missing:evidence_source;missing:reviewer;missing:reviewed_on;missing:ligand_identity;missing:ligand_class;missing:method;missing:grid_rationale_source;missing:structure_mapping_source;unsupported_method_in_this_entry;receptor_class_outside_this_adapter;candidate_specific_evidence_not_established;evidence_review_incomplete;structure_required,retain_raw_annotations; obtain_missing_predictor_evidence,Data-readiness decision; not a prediction of binding or failure
A0ABM6BKQ9,abstain_from_docking,missing:sequence_sha256;missing:target_taxon;missing:target_context;missing:receptor_identity;missing:receptor_class;missing:evidence_scope;missing:evidence_source;missing:reviewer;missing:reviewed_on;missing:ligand_identity;missing:ligand_class;missing:method;missing:grid_rationale_source;missing:structure_mapping_source;unsupported_method_in_this_entry;receptor_class_outside_this_adapter;candidate_specific_evidence_not_established;evidence_review_incomplete;structure_required,retain_raw_annotations; obtain_missing_predictor_evidence,Data-readiness decision; not a prediction of binding or failure
A0A0T9KM28,abstain_from_docking,missing:sequence_sha256;missing:target_taxon;missing:target_context;missing:receptor_identity;missing:receptor_class;missing:evidence_scope;missing:evidence_source;missing:reviewer;missing:reviewed_on;missing:ligand_identity;missing:ligand_class;missing:method;missing:grid_rationale_source;missing:structure_mapping_source;unsupported_method_in_this_entry;receptor_class_outside_this_adapter;candidate_specific_evidence_not_established;evidence_review_incomplete;structure_required,retain_raw_annotations; obtain_missing_predictor_evidence,Data-readiness decision; not a prediction of binding or failure
A0ABM9SYN9,abstain_from_docking,missing:sequence_sha256;missing:target_taxon;missing:target_context;missing:receptor_identity;missing:receptor_class;missing:evidence_scope;missing:evidence_source;missing:reviewer;missing:reviewed_on;missing:ligand_identity;missing:ligand_class;missing:method;missing:grid_rationale_source;missing:structure_mapping_source;unsupported_method_in_this_entry;receptor_class_outside_this_adapter;candidate_specific_evidence_not_established;evidence_review_incomplete;structure_required,retain_raw_annotations; obtain_missing_predictor_evidence,Data-readiness decision; not a prediction of binding or failure
Q66CW3,abstain_from_docking,missing:sequence_sha256;missing:target_taxon;missing:target_context;missing:receptor_identity;missing:receptor_class;missing:evidence_scope;missing:evidence_source;missing:reviewer;missing:reviewed_on;missing:ligand_identity;missing:ligand_class;missing:method;missing:grid_rationale_source;missing:structure_mapping_source;unsupported_method_in_this_entry;receptor_class_outside_this_adapter;candidate_specific_evidence_not_established;evidence_review_incomplete;structure_required,retain_raw_annotations; obtain_missing_predictor_evidence,Data-readiness decision; not a prediction of binding or failure
A0AB73NNI1,abstain_from_docking,missing:sequence_sha256;missing:target_taxon;missing:target_context;missing:receptor_identity;missing:receptor_class;missing:evidence_scope;missing:evidence_source;missing:reviewer;missing:reviewed_on;missing:ligand_identity;missing:ligand_class;missing:method;missing:grid_rationale_source;missing:structure_mapping_source;unsupported_method_in_this_entry;receptor_class_outside_this_adapter;candidate_specific_evidence_not_established;evidence_review_incomplete;structure_required,retain_raw_annotations; obtain_missing_predictor_evidence,Data-readiness decision; not a prediction of binding or failure
Q66CW8,abstain_from_docking,missing:sequence_sha256;missing:target_taxon;missing:target_context;missing:receptor_identity;missing:receptor_class;missing:evidence_scope;missing:evidence_source;missing:reviewer;missing:reviewed_on;missing:ligand_identity;missing:ligand_class;missing:method;missing:grid_rationale_source;missing:structure_mapping_source;unsupported_method_in_this_entry;receptor_class_outside_this_adapter;candidate_specific_evidence_not_established;evidence_review_incomplete;structure_required,retain_raw_annotations; obtain_missing_predictor_evidence,Data-readiness decision; not a prediction of binding or failure
A0ABM9TBF6,abstain_from_docking,missing:sequence_sha256;missing:target_taxon;missing:target_context;missing:receptor_identity;missing:receptor_class;missing:evidence_scope;missing:evidence_source;missing:reviewer;missing:reviewed_on;missing:ligand_identity;missing:ligand_class;missing:method;missing:grid_rationale_source;missing:structure_mapping_source;unsupported_method_in_this_entry;receptor_class_outside_this_adapter;candidate_specific_evidence_not_established;evidence_review_incomplete;structure_required,retain_raw_annotations; obtain_missing_predictor_evidence,Data-readiness decision; not a prediction of binding or failure
A0AAW7K4V6,abstain_from_docking,missing:sequence_sha256;missing:target_taxon;missing:target_context;missing:receptor_identity;missing:receptor_class;missing:evidence_scope;missing:evidence_source;missing:reviewer;missing:reviewed_on;missing:ligand_identity;missing:ligand_class;missing:method;missing:grid_rationale_source;missing:structure_mapping_source;unsupported_method_in_this_entry;receptor_class_outside_this_adapter;candidate_specific_evidence_not_established;evidence_review_incomplete;structure_required,retain_raw_annotations; obtain_missing_predictor_evidence,Data-readiness decision; not a prediction of binding or failure
A0ABM6UUY9,abstain_from_docking,missing:sequence_sha256;missing:target_taxon;missing:target_context;missing:receptor_identity;missing:receptor_class;missing:evidence_scope;missing:evidence_source;missing:reviewer;missing:reviewed_on;missing:ligand_identity;missing:ligand_class;missing:method;missing:grid_rationale_source;missing:structure_mapping_source;unsupported_method_in_this_entry;receptor_class_outside_this_adapter;candidate_specific_evidence_not_established;evidence_review_incomplete;structure_required,retain_raw_annotations; obtain_missing_predictor_evidence,Data-readiness decision; not a prediction of binding or failure
A0ABM9SSJ6,abstain_from_docking,missing:sequence_sha256;missing:target_taxon;missing:target_context;missing:receptor_identity;missing:receptor_class;missing:evidence_scope;missing:evidence_source;missing:reviewer;missing:reviewed_on;missing:ligand_identity;missing:ligand_class;missing:method;missing:grid_rationale_source;missing:structure_mapping_source;unsupported_method_in_this_entry;receptor_class_outside_this_adapter;candidate_specific_evidence_not_established;evidence_review_incomplete;structure_required,retain_raw_annotations; obtain_missing_predictor_evidence,Data-readiness decision; not a prediction of binding or failure
A0ABM6BHZ0,abstain_from_docking,missing:sequence_sha256;missing:target_taxon;missing:target_context;missing:receptor_identity;missing:receptor_class;missing:evidence_scope;missing:evidence_source;missing:reviewer;missing:reviewed_on;missing:ligand_identity;missing:ligand_class;missing:method;missing:grid_rationale_source;missing:structure_mapping_source;unsupported_method_in_this_entry;receptor_class_outside_this_adapter;candidate_specific_evidence_not_established;evidence_review_incomplete;structure_required,retain_raw_annotations; obtain_missing_predictor_evidence,Data-readiness decision; not a prediction of binding or failure
A0A0T9P2Y6,abstain_from_docking,missing:sequence_sha256;missing:target_taxon;missing:target_context;missing:receptor_identity;missing:receptor_class;missing:evidence_scope;missing:evidence_source;missing:reviewer;missing:reviewed_on;missing:ligand_identity;missing:ligand_class;missing:method;missing:grid_rationale_source;missing:structure_mapping_source;unsupported_method_in_this_entry;receptor_class_outside_this_adapter;candidate_specific_evidence_not_established;evidence_review_incomplete;structure_required,retain_raw_annotations; obtain_missing_predictor_evidence,Data-readiness decision; not a prediction of binding or failure
A0ABM9TZ37,abstain_from_docking,missing:sequence_sha256;missing:target_taxon;missing:target_context;missing:receptor_identity;missing:receptor_class;missing:evidence_scope;missing:evidence_source;missing:reviewer;missing:reviewed_on;missing:ligand_identity;missing:ligand_class;missing:method;missing:grid_rationale_source;missing:structure_mapping_source;unsupported_method_in_this_entry;receptor_class_outside_this_adapter;candidate_specific_evidence_not_established;evidence_review_incomplete;structure_required,retain_raw_annotations; obtain_missing_predictor_evidence,Data-readiness decision; not a prediction of binding or failure
A0AA36LM41,abstain_from_docking,missing:sequence_sha256;missing:target_taxon;missing:target_context;missing:receptor_identity;missing:receptor_class;missing:evidence_scope;missing:evidence_source;missing:reviewer;missing:reviewed_on;missing:ligand_identity;missing:ligand_class;missing:method;missing:grid_rationale_source;missing:structure_mapping_source;unsupported_method_in_this_entry;receptor_class_outside_this_adapter;candidate_specific_evidence_not_established;evidence_review_incomplete;structure_required,retain_raw_annotations; obtain_missing_predictor_evidence,Data-readiness decision; not a prediction of binding or failure
A0ABP1ZYM0,abstain_from_docking,missing:sequence_sha256;missing:target_taxon;missing:target_context;missing:receptor_identity;missing:receptor_class;missing:evidence_scope;missing:evidence_source;missing:reviewer;missing:reviewed_on;missing:ligand_identity;missing:ligand_class;missing:method;missing:grid_rationale_source;missing:structure_mapping_source;unsupported_method_in_this_entry;receptor_class_outside_this_adapter;candidate_specific_evidence_not_established;evidence_review_incomplete;structure_required,retain_raw_annotations; obtain_missing_predictor_evidence,Data-readiness decision; not a prediction of binding or failure
A0A380QV68,abstain_from_docking,missing:sequence_sha256;missing:target_taxon;missing:target_context;missing:receptor_identity;missing:receptor_class;missing:evidence_scope;missing:evidence_source;missing:reviewer;missing:reviewed_on;missing:ligand_identity;missing:ligand_class;missing:method;missing:grid_rationale_source;missing:structure_mapping_source;unsupported_method_in_this_entry;receptor_class_outside_this_adapter;candidate_specific_evidence_not_established;evidence_review_incomplete;structure_required,retain_raw_annotations; obtain_missing_predictor_evidence,Data-readiness decision; not a prediction of binding or failure
A0A380QB56,abstain_from_docking,missing:sequence_sha256;missing:target_taxon;missing:target_context;missing:receptor_identity;missing:receptor_class;missing:evidence_scope;missing:evidence_source;missing:reviewer;missing:reviewed_on;missing:ligand_identity;missing:ligand_class;missing:method;missing:grid_rationale_source;missing:structure_mapping_source;unsupported_method_in_this_entry;receptor_class_outside_this_adapter;candidate_specific_evidence_not_established;evidence_review_incomplete;structure_required,retain_raw_annotations; obtain_missing_predictor_evidence,Data-readiness decision; not a prediction of binding or failure
A0ABP1Y4A2,abstain_from_docking,missing:sequence_sha256;missing:target_taxon;missing:target_context;missing:receptor_identity;missing:receptor_class;missing:evidence_scope;missing:evidence_source;missing:reviewer;missing:reviewed_on;missing:ligand_identity;missing:ligand_class;missing:method;missing:grid_rationale_source;missing:structure_mapping_source;unsupported_method_in_this_entry;receptor_class_outside_this_adapter;candidate_specific_evidence_not_established;evidence_review_incomplete;structure_required,retain_raw_annotations; obtain_missing_predictor_evidence,Data-readiness decision; not a prediction of binding or failure
A0AA44HZF8,abstain_from_docking,missing:sequence_sha256;missing:target_taxon;missing:target_context;missing:receptor_identity;missing:receptor_class;missing:evidence_scope;missing:evidence_source;missing:reviewer;missing:reviewed_on;missing:ligand_identity;missing:ligand_class;missing:method;missing:grid_rationale_source;missing:structure_mapping_source;unsupported_method_in_this_entry;receptor_class_outside_this_adapter;candidate_specific_evidence_not_established;evidence_review_incomplete;structure_required,retain_raw_annotations; obtain_missing_predictor_evidence,Data-readiness decision; not a prediction of binding or failure
A0ABM5Q168,abstain_from_docking,missing:sequence_sha256;missing:target_taxon;missing:target_context;missing:receptor_identity;missing:receptor_class;missing:evidence_scope;missing:evidence_source;missing:reviewer;missing:reviewed_on;missing:ligand_identity;missing:ligand_class;missing:method;missing:grid_rationale_source;missing:structure_mapping_source;unsupported_method_in_this_entry;receptor_class_outside_this_adapter;candidate_specific_evidence_not_established;evidence_review_incomplete;structure_required,retain_raw_annotations; obtain_missing_predictor_evidence,Data-readiness decision; not a prediction of binding or failure
A0A0T9UVB9,abstain_from_docking,missing:sequence_sha256;missing:target_taxon;missing:target_context;missing:receptor_identity;missing:receptor_class;missing:evidence_scope;missing:evidence_source;missing:reviewer;missing:reviewed_on;missing:ligand_identity;missing:ligand_class;missing:method;missing:grid_rationale_source;missing:structure_mapping_source;unsupported_method_in_this_entry;receptor_class_outside_this_adapter;candidate_specific_evidence_not_established;evidence_review_incomplete;structure_required,retain_raw_annotations; obtain_missing_predictor_evidence,Data-readiness decision; not a prediction of binding or failure
A0A0K1H0L3,abstain_from_docking,missing:sequence_sha256;missing:target_taxon;missing:target_context;missing:receptor_identity;missing:receptor_class;missing:evidence_scope;missing:evidence_source;missing:reviewer;missing:reviewed_on;missing:ligand_identity;missing:ligand_class;missing:method;missing:grid_rationale_source;missing:structure_mapping_source;unsupported_method_in_this_entry;receptor_class_outside_this_adapter;candidate_specific_evidence_not_established;evidence_review_incomplete;structure_required,retain_raw_annotations; obtain_missing_predictor_evidence,Data-readiness decision; not a prediction of binding or failure
A0AA44CIT3,abstain_from_docking,missing:sequence_sha256;missing:target_taxon;missing:target_context;missing:receptor_identity;missing:receptor_class;missing:evidence_scope;missing:evidence_source;missing:reviewer;missing:reviewed_on;missing:ligand_identity;missing:ligand_class;missing:method;missing:grid_rationale_source;missing:structure_mapping_source;unsupported_method_in_this_entry;receptor_class_outside_this_adapter;candidate_specific_evidence_not_established;evidence_review_incomplete;structure_required,retain_raw_annotations; obtain_missing_predictor_evidence,Data-readiness decision; not a prediction of binding or failure
A0ABM9SWE1,abstain_from_docking,missing:sequence_sha256;missing:target_taxon;missing:target_context;missing:receptor_identity;missing:receptor_class;missing:evidence_scope;missing:evidence_source;missing:reviewer;missing:reviewed_on;missing:ligand_identity;missing:ligand_class;missing:method;missing:grid_rationale_source;missing:structure_mapping_source;unsupported_method_in_this_entry;receptor_class_outside_this_adapter;candidate_specific_evidence_not_established;evidence_review_incomplete;structure_required,retain_raw_annotations; obtain_missing_predictor_evidence,Data-readiness decision; not a prediction of binding or failure
A0A380PNK7,abstain_from_docking,missing:sequence_sha256;missing:target_taxon;missing:target_context;missing:receptor_identity;missing:receptor_class;missing:evidence_scope;missing:evidence_source;missing:reviewer;missing:reviewed_on;missing:ligand_identity;missing:ligand_class;missing:method;missing:grid_rationale_source;missing:structure_mapping_source;unsupported_method_in_this_entry;receptor_class_outside_this_adapter;candidate_specific_evidence_not_established;evidence_review_incomplete;structure_required,retain_raw_annotations; obtain_missing_predictor_evidence,Data-readiness decision; not a prediction of binding or failure
A0A0T9RLY2,abstain_from_docking,missing:sequence_sha256;missing:target_taxon;missing:target_context;missing:receptor_identity;missing:receptor_class;missing:evidence_scope;missing:evidence_source;missing:reviewer;missing:reviewed_on;missing:ligand_identity;missing:ligand_class;missing:method;missing:grid_rationale_source;missing:structure_mapping_source;unsupported_method_in_this_entry;receptor_class_outside_this_adapter;candidate_specific_evidence_not_established;evidence_review_incomplete;structure_required,retain_raw_annotations; obtain_missing_predictor_evidence,Data-readiness decision; not a prediction of binding or failure
A0AA36PKW6,abstain_from_docking,missing:sequence_sha256;missing:target_taxon;missing:target_context;missing:receptor_identity;missing:receptor_class;missing:evidence_scope;missing:evidence_source;missing:reviewer;missing:reviewed_on;missing:ligand_identity;missing:ligand_class;missing:method;missing:grid_rationale_source;missing:structure_mapping_source;unsupported_method_in_this_entry;receptor_class_outside_this_adapter;candidate_specific_evidence_not_established;evidence_review_incomplete;structure_required,retain_raw_annotations; obtain_missing_predictor_evidence,Data-readiness decision; not a prediction of binding or failure
A0A0T9UVI4,abstain_from_docking,missing:sequence_sha256;missing:target_taxon;missing:target_context;missing:receptor_identity;missing:receptor_class;missing:evidence_scope;missing:evidence_source;missing:reviewer;missing:reviewed_on;missing:ligand_identity;missing:ligand_class;missing:method;missing:grid_rationale_source;missing:structure_mapping_source;unsupported_method_in_this_entry;receptor_class_outside_this_adapter;candidate_specific_evidence_not_established;evidence_review_incomplete;structure_required,retain_raw_annotations; obtain_missing_predictor_evidence,Data-readiness decision; not a prediction of binding or failure
A0AA36LMJ6,abstain_from_docking,missing:sequence_sha256;missing:target_taxon;missing:target_context;missing:receptor_identity;missing:receptor_class;missing:evidence_scope;missing:evidence_source;missing:reviewer;missing:reviewed_on;missing:ligand_identity;missing:ligand_class;missing:method;missing:grid_rationale_source;missing:structure_mapping_source;unsupported_method_in_this_entry;receptor_class_outside_this_adapter;candidate_specific_evidence_not_established;evidence_review_incomplete;structure_required,retain_raw_annotations; obtain_missing_predictor_evidence,Data-readiness decision; not a prediction of binding or failure
A0ABX5QZN1,abstain_from_docking,missing:sequence_sha256;missing:target_taxon;missing:target_context;missing:receptor_identity;missing:receptor_class;missing:evidence_scope;missing:evidence_source;missing:reviewer;missing:reviewed_on;missing:ligand_identity;missing:ligand_class;missing:method;missing:grid_rationale_source;missing:structure_mapping_source;unsupported_method_in_this_entry;receptor_class_outside_this_adapter;candidate_specific_evidence_not_established;evidence_review_incomplete;structure_required,retain_raw_annotations; obtain_missing_predictor_evidence,Data-readiness decision; not a prediction of binding or failure
A0A208ZGJ5,abstain_from_docking,missing:sequence_sha256;missing:target_taxon;missing:target_context;missing:receptor_identity;missing:receptor_class;missing:evidence_scope;missing:evidence_source;missing:reviewer;missing:reviewed_on;missing:ligand_identity;missing:ligand_class;missing:method;missing:grid_rationale_source;missing:structure_mapping_source;unsupported_method_in_this_entry;receptor_class_outside_this_adapter;candidate_specific_evidence_not_established;evidence_review_incomplete;structure_required,retain_raw_annotations; obtain_missing_predictor_evidence,Data-readiness decision; not a prediction of binding or failure
A0A857F0P9,abstain_from_docking,missing:sequence_sha256;missing:target_taxon;missing:target_context;missing:receptor_identity;missing:receptor_class;missing:evidence_scope;missing:evidence_source;missing:reviewer;missing:reviewed_on;missing:ligand_identity;missing:ligand_class;missing:method;missing:grid_rationale_source;missing:structure_mapping_source;unsupported_method_in_this_entry;receptor_class_outside_this_adapter;candidate_specific_evidence_not_established;evidence_review_incomplete;structure_required,retain_raw_annotations; obtain_missing_predictor_evidence,Data-readiness decision; not a prediction of binding or failure
A0A0T9KLZ3,abstain_from_docking,missing:sequence_sha256;missing:target_taxon;missing:target_context;missing:receptor_identity;missing:receptor_class;missing:evidence_scope;missing:evidence_source;missing:reviewer;missing:reviewed_on;missing:ligand_identity;missing:ligand_class;missing:method;missing:grid_rationale_source;missing:structure_mapping_source;unsupported_method_in_this_entry;receptor_class_outside_this_adapter;candidate_specific_evidence_not_established;evidence_review_incomplete;structure_required,retain_raw_annotations; obtain_missing_predictor_evidence,Data-readiness decision; not a prediction of binding or failure
A0A0T9TRJ0,abstain_from_docking,missing:sequence_sha256;missing:target_taxon;missing:target_context;missing:receptor_identity;missing:receptor_class;missing:evidence_scope;missing:evidence_source;missing:reviewer;missing:reviewed_on;missing:ligand_identity;missing:ligand_class;missing:method;missing:grid_rationale_source;missing:structure_mapping_source;unsupported_method_in_this_entry;receptor_class_outside_this_adapter;candidate_specific_evidence_not_established;evidence_review_incomplete;structure_required,retain_raw_annotations; obtain_missing_predictor_evidence,Data-readiness decision; not a prediction of binding or failure
A0ABM7ANH7,abstain_from_docking,missing:sequence_sha256;missing:target_taxon;missing:target_context;missing:receptor_identity;missing:receptor_class;missing:evidence_scope;missing:evidence_source;missing:reviewer;missing:reviewed_on;missing:ligand_identity;missing:ligand_class;missing:method;missing:grid_rationale_source;missing:structure_mapping_source;unsupported_method_in_this_entry;receptor_class_outside_this_adapter;candidate_specific_evidence_not_established;evidence_review_incomplete;structure_required,retain_raw_annotations; obtain_missing_predictor_evidence,Data-readiness decision; not a prediction of binding or failure
A0ABN5RBQ6,abstain_from_docking,missing:sequence_sha256;missing:target_taxon;missing:target_context;missing:receptor_identity;missing:receptor_class;missing:evidence_scope;missing:evidence_source;missing:reviewer;missing:reviewed_on;missing:ligand_identity;missing:ligand_class;missing:method;missing:grid_rationale_source;missing:structure_mapping_source;unsupported_method_in_this_entry;receptor_class_outside_this_adapter;candidate_specific_evidence_not_established;evidence_review_incomplete;structure_required,retain_raw_annotations; obtain_missing_predictor_evidence,Data-readiness decision; not a prediction of binding or failure
A0A0T9RKV0,abstain_from_docking,missing:sequence_sha256;missing:target_taxon;missing:target_context;missing:receptor_identity;missing:receptor_class;missing:evidence_scope;missing:evidence_source;missing:reviewer;missing:reviewed_on;missing:ligand_identity;missing:ligand_class;missing:method;missing:grid_rationale_source;missing:structure_mapping_source;unsupported_method_in_this_entry;receptor_class_outside_this_adapter;candidate_specific_evidence_not_established;evidence_review_incomplete;structure_required,retain_raw_annotations; obtain_missing_predictor_evidence,Data-readiness decision; not a prediction of binding or failure
A0A0T9UMV0,abstain_from_docking,missing:sequence_sha256;missing:target_taxon;missing:target_context;missing:receptor_identity;missing:receptor_class;missing:evidence_scope;missing:evidence_source;missing:reviewer;missing:reviewed_on;missing:ligand_identity;missing:ligand_class;missing:method;missing:grid_rationale_source;missing:structure_mapping_source;unsupported_method_in_this_entry;receptor_class_outside_this_adapter;candidate_specific_evidence_not_established;evidence_review_incomplete;structure_required,retain_raw_annotations; obtain_missing_predictor_evidence,Data-readiness decision; not a prediction of binding or failure
A0ABX5QZY2,abstain_from_docking,missing:sequence_sha256;missing:target_taxon;missing:target_context;missing:receptor_identity;missing:receptor_class;missing:evidence_scope;missing:evidence_source;missing:reviewer;missing:reviewed_on;missing:ligand_identity;missing:ligand_class;missing:method;missing:grid_rationale_source;missing:structure_mapping_source;unsupported_method_in_this_entry;receptor_class_outside_this_adapter;candidate_specific_evidence_not_established;evidence_review_incomplete;structure_required,retain_raw_annotations; obtain_missing_predictor_evidence,Data-readiness decision; not a prediction of binding or failure
A0A0T9KZA2,abstain_from_docking,missing:sequence_sha256;missing:target_taxon;missing:target_context;missing:receptor_identity;missing:receptor_class;missing:evidence_scope;missing:evidence_source;missing:reviewer;missing:reviewed_on;missing:ligand_identity;missing:ligand_class;missing:method;missing:grid_rationale_source;missing:structure_mapping_source;unsupported_method_in_this_entry;receptor_class_outside_this_adapter;candidate_specific_evidence_not_established;evidence_review_incomplete;structure_required,retain_raw_annotations; obtain_missing_predictor_evidence,Data-readiness decision; not a prediction of binding or failure
A0AB72ZN12,abstain_from_docking,missing:sequence_sha256;missing:target_taxon;missing:target_context;missing:receptor_identity;missing:receptor_class;missing:evidence_scope;missing:evidence_source;missing:reviewer;missing:reviewed_on;missing:ligand_identity;missing:ligand_class;missing:method;missing:grid_rationale_source;missing:structure_mapping_source;unsupported_method_in_this_entry;receptor_class_outside_this_adapter;candidate_specific_evidence_not_established;evidence_review_incomplete;structure_required,retain_raw_annotations; obtain_missing_predictor_evidence,Data-readiness decision; not a prediction of binding or failure
A0ABN4F2B0,abstain_from_docking,missing:sequence_sha256;missing:target_taxon;missing:target_context;missing:receptor_identity;missing:receptor_class;missing:evidence_scope;missing:evidence_source;missing:reviewer;missing:reviewed_on;missing:ligand_identity;missing:ligand_class;missing:method;missing:grid_rationale_source;missing:structure_mapping_source;unsupported_method_in_this_entry;receptor_class_outside_this_adapter;candidate_specific_evidence_not_established;evidence_review_incomplete;structure_required,retain_raw_annotations; obtain_missing_predictor_evidence,Data-readiness decision; not a prediction of binding or failure
A0ABN4PY35,abstain_from_docking,missing:sequence_sha256;missing:target_taxon;missing:target_context;missing:receptor_identity;missing:receptor_class;missing:evidence_scope;missing:evidence_source;missing:reviewer;missing:reviewed_on;missing:ligand_identity;missing:ligand_class;missing:method;missing:grid_rationale_source;missing:structure_mapping_source;unsupported_method_in_this_entry;receptor_class_outside_this_adapter;candidate_specific_evidence_not_established;evidence_review_incomplete;structure_required,retain_raw_annotations; obtain_missing_predictor_evidence,Data-readiness decision; not a prediction of binding or failure
A0A380PRL5,abstain_from_docking,missing:sequence_sha256;missing:target_taxon;missing:target_context;missing:receptor_identity;missing:receptor_class;missing:evidence_scope;missing:evidence_source;missing:reviewer;missing:reviewed_on;missing:ligand_identity;missing:ligand_class;missing:method;missing:grid_rationale_source;missing:structure_mapping_source;unsupported_method_in_this_entry;receptor_class_outside_this_adapter;candidate_specific_evidence_not_established;evidence_review_incomplete;structure_required,retain_raw_annotations; obtain_missing_predictor_evidence,Data-readiness decision; not a prediction of binding or failure
A0ABM6UNY7,abstain_from_docking,missing:sequence_sha256;missing:target_taxon;missing:target_context;missing:receptor_identity;missing:receptor_class;missing:evidence_scope;missing:evidence_source;missing:reviewer;missing:reviewed_on;missing:ligand_identity;missing:ligand_class;missing:method;missing:grid_rationale_source;missing:structure_mapping_source;unsupported_method_in_this_entry;receptor_class_outside_this_adapter;candidate_specific_evidence_not_established;evidence_review_incomplete;structure_required,retain_raw_annotations; obtain_missing_predictor_evidence,Data-readiness decision; not a prediction of binding or failure
A0A380PNL7,abstain_from_docking,missing:sequence_sha256;missing:target_taxon;missing:target_context;missing:receptor_identity;missing:receptor_class;missing:evidence_scope;missing:evidence_source;missing:reviewer;missing:reviewed_on;missing:ligand_identity;missing:ligand_class;missing:method;missing:grid_rationale_source;missing:structure_mapping_source;unsupported_method_in_this_entry;receptor_class_outside_this_adapter;candidate_specific_evidence_not_established;evidence_review_incomplete;structure_required,retain_raw_annotations; obtain_missing_predictor_evidence,Data-readiness decision; not a prediction of binding or failure
A0A0T9UVN8,abstain_from_docking,missing:sequence_sha256;missing:target_taxon;missing:target_context;missing:receptor_identity;missing:receptor_class;missing:evidence_scope;missing:evidence_source;missing:reviewer;missing:reviewed_on;missing:ligand_identity;missing:ligand_class;missing:method;missing:grid_rationale_source;missing:structure_mapping_source;unsupported_method_in_this_entry;receptor_class_outside_this_adapter;candidate_specific_evidence_not_established;evidence_review_incomplete;structure_required,retain_raw_annotations; obtain_missing_predictor_evidence,Data-readiness decision; not a prediction of binding or failure
A0A0T9QEH2,abstain_from_docking,missing:sequence_sha256;missing:target_taxon;missing:target_context;missing:receptor_identity;missing:receptor_class;missing:evidence_scope;missing:evidence_source;missing:reviewer;missing:reviewed_on;missing:ligand_identity;missing:ligand_class;missing:method;missing:grid_rationale_source;missing:structure_mapping_source;unsupported_method_in_this_entry;receptor_class_outside_this_adapter;candidate_specific_evidence_not_established;evidence_review_incomplete;structure_required,retain_raw_annotations; obtain_missing_predictor_evidence,Data-readiness decision; not a prediction of binding or failure
A0A2R4NRD1,abstain_from_docking,missing:sequence_sha256;missing:target_taxon;missing:target_context;missing:receptor_identity;missing:receptor_class;missing:evidence_scope;missing:evidence_source;missing:reviewer;missing:reviewed_on;missing:ligand_identity;missing:ligand_class;missing:method;missing:grid_rationale_source;missing:structure_mapping_source;unsupported_method_in_this_entry;receptor_class_outside_this_adapter;candidate_specific_evidence_not_established;evidence_review_incomplete;structure_required,retain_raw_annotations; obtain_missing_predictor_evidence,Data-readiness decision; not a prediction of binding or failure
A0AA36LLP1,abstain_from_docking,missing:sequence_sha256;missing:target_taxon;missing:target_context;missing:receptor_identity;missing:receptor_class;missing:evidence_scope;missing:evidence_source;missing:reviewer;missing:reviewed_on;missing:ligand_identity;missing:ligand_class;missing:method;missing:grid_rationale_source;missing:structure_mapping_source;unsupported_method_in_this_entry;receptor_class_outside_this_adapter;candidate_specific_evidence_not_established;evidence_review_incomplete;structure_required,retain_raw_annotations; obtain_missing_predictor_evidence,Data-readiness decision; not a prediction of binding or failure
A0AB73Q6N8,abstain_from_docking,missing:sequence_sha256;missing:target_taxon;missing:target_context;missing:receptor_identity;missing:receptor_class;missing:evidence_scope;missing:evidence_source;missing:reviewer;missing:reviewed_on;missing:ligand_identity;missing:ligand_class;missing:method;missing:grid_rationale_source;missing:structure_mapping_source;unsupported_method_in_this_entry;receptor_class_outside_this_adapter;candidate_specific_evidence_not_established;evidence_review_incomplete;structure_required,retain_raw_annotations; obtain_missing_predictor_evidence,Data-readiness decision; not a prediction of binding or failure
A0ABW9EZD5,abstain_from_docking,missing:sequence_sha256;missing:target_taxon;missing:target_context;missing:receptor_identity;missing:receptor_class;missing:evidence_scope;missing:evidence_source;missing:reviewer;missing:reviewed_on;missing:ligand_identity;missing:ligand_class;missing:method;missing:grid_rationale_source;missing:structure_mapping_source;unsupported_method_in_this_entry;receptor_class_outside_this_adapter;candidate_specific_evidence_not_established;evidence_review_incomplete;structure_required,retain_raw_annotations; obtain_missing_predictor_evidence,Data-readiness decision; not a prediction of binding or failure
A0ABM9TKC9,abstain_from_docking,missing:sequence_sha256;missing:target_taxon;missing:target_context;missing:receptor_identity;missing:receptor_class;missing:evidence_scope;missing:evidence_source;missing:reviewer;missing:reviewed_on;missing:ligand_identity;missing:ligand_class;missing:method;missing:grid_rationale_source;missing:structure_mapping_source;unsupported_method_in_this_entry;receptor_class_outside_this_adapter;candidate_specific_evidence_not_established;evidence_review_incomplete;structure_required,retain_raw_annotations; obtain_missing_predictor_evidence,Data-readiness decision; not a prediction of binding or failure
A0ABX5QX18,abstain_from_docking,missing:sequence_sha256;missing:target_taxon;missing:target_context;missing:receptor_identity;missing:receptor_class;missing:evidence_scope;missing:evidence_source;missing:reviewer;missing:reviewed_on;missing:ligand_identity;missing:ligand_class;missing:method;missing:grid_rationale_source;missing:structure_mapping_source;unsupported_method_in_this_entry;receptor_class_outside_this_adapter;candidate_specific_evidence_not_established;evidence_review_incomplete;structure_required,retain_raw_annotations; obtain_missing_predictor_evidence,Data-readiness decision; not a prediction of binding or failure
A0AAV3BF90,abstain_from_docking,missing:sequence_sha256;missing:target_taxon;missing:target_context;missing:receptor_identity;missing:receptor_class;missing:evidence_scope;missing:evidence_source;missing:reviewer;missing:reviewed_on;missing:ligand_identity;missing:ligand_class;missing:method;missing:grid_rationale_source;missing:structure_mapping_source;unsupported_method_in_this_entry;receptor_class_outside_this_adapter;candidate_specific_evidence_not_established;evidence_review_incomplete;structure_required,retain_raw_annotations; obtain_missing_predictor_evidence,Data-readiness decision; not a prediction of binding or failure
A0A0T9QWS2,abstain_from_docking,missing:sequence_sha256;missing:target_taxon;missing:target_context;missing:receptor_identity;missing:receptor_class;missing:evidence_scope;missing:evidence_source;missing:reviewer;missing:reviewed_on;missing:ligand_identity;missing:ligand_class;missing:method;missing:grid_rationale_source;missing:structure_mapping_source;unsupported_method_in_this_entry;receptor_class_outside_this_adapter;candidate_specific_evidence_not_established;evidence_review_incomplete;structure_required,retain_raw_annotations; obtain_missing_predictor_evidence,Data-readiness decision; not a prediction of binding or failure
A0ABP1YDG7,abstain_from_docking,missing:sequence_sha256;missing:target_taxon;missing:target_context;missing:receptor_identity;missing:receptor_class;missing:evidence_scope;missing:evidence_source;missing:reviewer;missing:reviewed_on;missing:ligand_identity;missing:ligand_class;missing:method;missing:grid_rationale_source;missing:structure_mapping_source;unsupported_method_in_this_entry;receptor_class_outside_this_adapter;candidate_specific_evidence_not_established;evidence_review_incomplete;structure_required,retain_raw_annotations; obtain_missing_predictor_evidence,Data-readiness decision; not a prediction of binding or failure
A0ABR4W6J9,abstain_from_docking,missing:sequence_sha256;missing:target_taxon;missing:target_context;missing:receptor_identity;missing:receptor_class;missing:evidence_scope;missing:evidence_source;missing:reviewer;missing:reviewed_on;missing:ligand_identity;missing:ligand_class;missing:method;missing:grid_rationale_source;missing:structure_mapping_source;unsupported_method_in_this_entry;receptor_class_outside_this_adapter;candidate_specific_evidence_not_established;evidence_review_incomplete;structure_required,retain_raw_annotations; obtain_missing_predictor_evidence,Data-readiness decision; not a prediction of binding or failure
A0A0T9UVJ2,abstain_from_docking,missing:sequence_sha256;missing:target_taxon;missing:target_context;missing:receptor_identity;missing:receptor_class;missing:evidence_scope;missing:evidence_source;missing:reviewer;missing:reviewed_on;missing:ligand_identity;missing:ligand_class;missing:method;missing:grid_rationale_source;missing:structure_mapping_source;unsupported_method_in_this_entry;receptor_class_outside_this_adapter;candidate_specific_evidence_not_established;evidence_review_incomplete;structure_required,retain_raw_annotations; obtain_missing_predictor_evidence,Data-readiness decision; not a prediction of binding or failure
A0A0T9RMJ4,abstain_from_docking,missing:sequence_sha256;missing:target_taxon;missing:target_context;missing:receptor_identity;missing:receptor_class;missing:evidence_scope;missing:evidence_source;missing:reviewer;missing:reviewed_on;missing:ligand_identity;missing:ligand_class;missing:method;missing:grid_rationale_source;missing:structure_mapping_source;unsupported_method_in_this_entry;receptor_class_outside_this_adapter;candidate_specific_evidence_not_established;evidence_review_incomplete;structure_required,retain_raw_annotations; obtain_missing_predictor_evidence,Data-readiness decision; not a prediction of binding or failure
A0A0T9RLS7,abstain_from_docking,missing:sequence_sha256;missing:target_taxon;missing:target_context;missing:receptor_identity;missing:receptor_class;missing:evidence_scope;missing:evidence_source;missing:reviewer;missing:reviewed_on;missing:ligand_identity;missing:ligand_class;missing:method;missing:grid_rationale_source;missing:structure_mapping_source;unsupported_method_in_this_entry;receptor_class_outside_this_adapter;candidate_specific_evidence_not_established;evidence_review_incomplete;structure_required,retain_raw_annotations; obtain_missing_predictor_evidence,Data-readiness decision; not a prediction of binding or failure
A0ABP1YU38,abstain_from_docking,missing:sequence_sha256;missing:target_taxon;missing:target_context;missing:receptor_identity;missing:receptor_class;missing:evidence_scope;missing:evidence_source;missing:reviewer;missing:reviewed_on;missing:ligand_identity;missing:ligand_class;missing:method;missing:grid_rationale_source;missing:structure_mapping_source;unsupported_method_in_this_entry;receptor_class_outside_this_adapter;candidate_specific_evidence_not_established;evidence_review_incomplete;structure_required,retain_raw_annotations; obtain_missing_predictor_evidence,Data-readiness decision; not a prediction of binding or failure
A0A0T9UMT9,abstain_from_docking,missing:sequence_sha256;missing:target_taxon;missing:target_context;missing:receptor_identity;missing:receptor_class;missing:evidence_scope;missing:evidence_source;missing:reviewer;missing:reviewed_on;missing:ligand_identity;missing:ligand_class;missing:method;missing:grid_rationale_source;missing:structure_mapping_source;unsupported_method_in_this_entry;receptor_class_outside_this_adapter;candidate_specific_evidence_not_established;evidence_review_incomplete;structure_required,retain_raw_annotations; obtain_missing_predictor_evidence,Data-readiness decision; not a prediction of binding or failure
A0ABN4PP01,abstain_from_docking,missing:sequence_sha256;missing:target_taxon;missing:target_context;missing:receptor_identity;missing:receptor_class;missing:evidence_scope;missing:evidence_source;missing:reviewer;missing:reviewed_on;missing:ligand_identity;missing:ligand_class;missing:method;missing:grid_rationale_source;missing:structure_mapping_source;unsupported_method_in_this_entry;receptor_class_outside_this_adapter;candidate_specific_evidence_not_established;evidence_review_incomplete;structure_required,retain_raw_annotations; obtain_missing_predictor_evidence,Data-readiness decision; not a prediction of binding or failure
A0A0T9QQ84,abstain_from_docking,missing:sequence_sha256;missing:target_taxon;missing:target_context;missing:receptor_identity;missing:receptor_class;missing:evidence_scope;missing:evidence_source;missing:reviewer;missing:reviewed_on;missing:ligand_identity;missing:ligand_class;missing:method;missing:grid_rationale_source;missing:structure_mapping_source;unsupported_method_in_this_entry;receptor_class_outside_this_adapter;candidate_specific_evidence_not_established;evidence_review_incomplete;structure_required,retain_raw_annotations; obtain_missing_predictor_evidence,Data-readiness decision; not a prediction of binding or failure
A0A0H5LRG1,abstain_from_docking,missing:sequence_sha256;missing:target_taxon;missing:target_context;missing:receptor_identity;missing:receptor_class;missing:evidence_scope;missing:evidence_source;missing:reviewer;missing:reviewed_on;missing:ligand_identity;missing:ligand_class;missing:method;missing:grid_rationale_source;missing:structure_mapping_source;unsupported_method_in_this_entry;receptor_class_outside_this_adapter;candidate_specific_evidence_not_established;evidence_review_incomplete;structure_required,retain_raw_annotations; obtain_missing_predictor_evidence,Data-readiness decision; not a prediction of binding or failure
A0A0H5LRI4,abstain_from_docking,missing:sequence_sha256;missing:target_taxon;missing:target_context;missing:receptor_identity;missing:receptor_class;missing:evidence_scope;missing:evidence_source;missing:reviewer;missing:reviewed_on;missing:ligand_identity;missing:ligand_class;missing:method;missing:grid_rationale_source;missing:structure_mapping_source;unsupported_method_in_this_entry;receptor_class_outside_this_adapter;candidate_specific_evidence_not_established;evidence_review_incomplete;structure_required,retain_raw_annotations; obtain_missing_predictor_evidence,Data-readiness decision; not a prediction of binding or failure
A0A0T9QYU5,abstain_from_docking,missing:sequence_sha256;missing:target_taxon;missing:target_context;missing:receptor_identity;missing:receptor_class;missing:evidence_scope;missing:evidence_source;missing:reviewer;missing:reviewed_on;missing:ligand_identity;missing:ligand_class;missing:method;missing:grid_rationale_source;missing:structure_mapping_source;unsupported_method_in_this_entry;receptor_class_outside_this_adapter;candidate_specific_evidence_not_established;evidence_review_incomplete;structure_required,retain_raw_annotations; obtain_missing_predictor_evidence,Data-readiness decision; not a prediction of binding or failure
A0A0T9KZ32,abstain_from_docking,missing:sequence_sha256;missing:target_taxon;missing:target_context;missing:receptor_identity;missing:receptor_class;missing:evidence_scope;missing:evidence_source;missing:reviewer;missing:reviewed_on;missing:ligand_identity;missing:ligand_class;missing:method;missing:grid_rationale_source;missing:structure_mapping_source;unsupported_method_in_this_entry;receptor_class_outside_this_adapter;candidate_specific_evidence_not_established;evidence_review_incomplete;structure_required,retain_raw_annotations; obtain_missing_predictor_evidence,Data-readiness decision; not a prediction of binding or failure
A0A2G4U3T2,abstain_from_docking,missing:sequence_sha256;missing:target_taxon;missing:target_context;missing:receptor_identity;missing:receptor_class;missing:evidence_scope;missing:evidence_source;missing:reviewer;missing:reviewed_on;missing:ligand_identity;missing:ligand_class;missing:method;missing:grid_rationale_source;missing:structure_mapping_source;unsupported_method_in_this_entry;receptor_class_outside_this_adapter;candidate_specific_evidence_not_established;evidence_review_incomplete;structure_required,retain_raw_annotations; obtain_missing_predictor_evidence,Data-readiness decision; not a prediction of binding or failure
A0A0U1HXL6,abstain_from_docking,missing:sequence_sha256;missing:target_taxon;missing:target_context;missing:receptor_identity;missing:receptor_class;missing:evidence_scope;missing:evidence_source;missing:reviewer;missing:reviewed_on;missing:ligand_identity;missing:ligand_class;missing:method;missing:grid_rationale_source;missing:structure_mapping_source;unsupported_method_in_this_entry;receptor_class_outside_this_adapter;candidate_specific_evidence_not_established;evidence_review_incomplete;structure_required,retain_raw_annotations; obtain_missing_predictor_evidence,Data-readiness decision; not a prediction of binding or failure
A0ABN4PNK0,abstain_from_docking,missing:sequence_sha256;missing:target_taxon;missing:target_context;missing:receptor_identity;missing:receptor_class;missing:evidence_scope;missing:evidence_source;missing:reviewer;missing:reviewed_on;missing:ligand_identity;missing:ligand_class;missing:method;missing:grid_rationale_source;missing:structure_mapping_source;unsupported_method_in_this_entry;receptor_class_outside_this_adapter;candidate_specific_evidence_not_established;evidence_review_incomplete;structure_required,retain_raw_annotations; obtain_missing_predictor_evidence,Data-readiness decision; not a prediction of binding or failure
A0AA44CMJ2,abstain_from_docking,missing:sequence_sha256;missing:target_taxon;missing:target_context;missing:receptor_identity;missing:receptor_class;missing:evidence_scope;missing:evidence_source;missing:reviewer;missing:reviewed_on;missing:ligand_identity;missing:ligand_class;missing:method;missing:grid_rationale_source;missing:structure_mapping_source;unsupported_method_in_this_entry;receptor_class_outside_this_adapter;candidate_specific_evidence_not_established;evidence_review_incomplete;structure_required,retain_raw_annotations; obtain_missing_predictor_evidence,Data-readiness decision; not a prediction of binding or failure
A0A0T9RLV1,abstain_from_docking,missing:sequence_sha256;missing:target_taxon;missing:target_context;missing:receptor_identity;missing:receptor_class;missing:evidence_scope;missing:evidence_source;missing:reviewer;missing:reviewed_on;missing:ligand_identity;missing:ligand_class;missing:method;missing:grid_rationale_source;missing:structure_mapping_source;unsupported_method_in_this_entry;receptor_class_outside_this_adapter;candidate_specific_evidence_not_established;evidence_review_incomplete;structure_required,retain_raw_annotations; obtain_missing_predictor_evidence,Data-readiness decision; not a prediction of binding or failure
A0AA36LNC2,abstain_from_docking,missing:sequence_sha256;missing:target_taxon;missing:target_context;missing:receptor_identity;missing:receptor_class;missing:evidence_scope;missing:evidence_source;missing:reviewer;missing:reviewed_on;missing:ligand_identity;missing:ligand_class;missing:method;missing:grid_rationale_source;missing:structure_mapping_source;unsupported_method_in_this_entry;receptor_class_outside_this_adapter;candidate_specific_evidence_not_established;evidence_review_incomplete;structure_required,retain_raw_annotations; obtain_missing_predictor_evidence,Data-readiness decision; not a prediction of binding or failure
A0A0T9RPC1,abstain_from_docking,missing:sequence_sha256;missing:target_taxon;missing:target_context;missing:receptor_identity;missing:receptor_class;missing:evidence_scope;missing:evidence_source;missing:reviewer;missing:reviewed_on;missing:ligand_identity;missing:ligand_class;missing:method;missing:grid_rationale_source;missing:structure_mapping_source;unsupported_method_in_this_entry;receptor_class_outside_this_adapter;candidate_specific_evidence_not_established;evidence_review_incomplete;structure_required,retain_raw_annotations; obtain_missing_predictor_evidence,Data-readiness decision; not a prediction of binding or failure
A0AA36LUV4,abstain_from_docking,missing:sequence_sha256;missing:target_taxon;missing:target_context;missing:receptor_identity;missing:receptor_class;missing:evidence_scope;missing:evidence_source;missing:reviewer;missing:reviewed_on;missing:ligand_identity;missing:ligand_class;missing:method;missing:grid_rationale_source;missing:structure_mapping_source;unsupported_method_in_this_entry;receptor_class_outside_this_adapter;candidate_specific_evidence_not_established;evidence_review_incomplete;structure_required,retain_raw_annotations; obtain_missing_predictor_evidence,Data-readiness decision; not a prediction of binding or failure
A0A0H3B0N5,abstain_from_docking,missing:sequence_sha256;missing:target_taxon;missing:target_context;missing:receptor_identity;missing:receptor_class;missing:evidence_scope;missing:evidence_source;missing:reviewer;missing:reviewed_on;missing:ligand_identity;missing:ligand_class;missing:method;missing:grid_rationale_source;missing:structure_mapping_source;unsupported_method_in_this_entry;receptor_class_outside_this_adapter;candidate_specific_evidence_not_established;evidence_review_incomplete;structure_required,retain_raw_annotations; obtain_missing_predictor_evidence,Data-readiness decision; not a prediction of binding or failure
A0ABP1YU19,abstain_from_docking,missing:sequence_sha256;missing:target_taxon;missing:target_context;missing:receptor_identity;missing:receptor_class;missing:evidence_scope;missing:evidence_source;missing:reviewer;missing:reviewed_on;missing:ligand_identity;missing:ligand_class;missing:method;missing:grid_rationale_source;missing:structure_mapping_source;unsupported_method_in_this_entry;receptor_class_outside_this_adapter;candidate_specific_evidence_not_established;evidence_review_incomplete;structure_required,retain_raw_annotations; obtain_missing_predictor_evidence,Data-readiness decision; not a prediction of binding or failure
A0A0T9KKL7,abstain_from_docking,missing:sequence_sha256;missing:target_taxon;missing:target_context;missing:receptor_identity;missing:receptor_class;missing:evidence_scope;missing:evidence_source;missing:reviewer;missing:reviewed_on;missing:ligand_identity;missing:ligand_class;missing:method;missing:grid_rationale_source;missing:structure_mapping_source;unsupported_method_in_this_entry;receptor_class_outside_this_adapter;candidate_specific_evidence_not_established;evidence_review_incomplete;structure_required,retain_raw_annotations; obtain_missing_predictor_evidence,Data-readiness decision; not a prediction of binding or failure
A0ABP2E0A1,abstain_from_docking,missing:sequence_sha256;missing:target_taxon;missing:target_context;missing:receptor_identity;missing:receptor_class;missing:evidence_scope;missing:evidence_source;missing:reviewer;missing:reviewed_on;missing:ligand_identity;missing:ligand_class;missing:method;missing:grid_rationale_source;missing:structure_mapping_source;unsupported_method_in_this_entry;receptor_class_outside_this_adapter;candidate_specific_evidence_not_established;evidence_review_incomplete;structure_required,retain_raw_annotations; obtain_missing_predictor_evidence,Data-readiness decision; not a prediction of binding or failure
A0ABW9EZ05,abstain_from_docking,missing:sequence_sha256;missing:target_taxon;missing:target_context;missing:receptor_identity;missing:receptor_class;missing:evidence_scope;missing:evidence_source;missing:reviewer;missing:reviewed_on;missing:ligand_identity;missing:ligand_class;missing:method;missing:grid_rationale_source;missing:structure_mapping_source;unsupported_method_in_this_entry;receptor_class_outside_this_adapter;candidate_specific_evidence_not_established;evidence_review_incomplete;structure_required,retain_raw_annotations; obtain_missing_predictor_evidence,Data-readiness decision; not a prediction of binding or failure
A0ABM6UY29,abstain_from_docking,missing:sequence_sha256;missing:target_taxon;missing:target_context;missing:receptor_identity;missing:receptor_class;missing:evidence_scope;missing:evidence_source;missing:reviewer;missing:reviewed_on;missing:ligand_identity;missing:ligand_class;missing:method;missing:grid_rationale_source;missing:structure_mapping_source;unsupported_method_in_this_entry;receptor_class_outside_this_adapter;candidate_specific_evidence_not_established;evidence_review_incomplete;structure_required,retain_raw_annotations; obtain_missing_predictor_evidence,Data-readiness decision; not a prediction of binding or failure
A0A380PUP1,abstain_from_docking,missing:sequence_sha256;missing:target_taxon;missing:target_context;missing:receptor_identity;missing:receptor_class;missing:evidence_scope;missing:evidence_source;missing:reviewer;missing:reviewed_on;missing:ligand_identity;missing:ligand_class;missing:method;missing:grid_rationale_source;missing:structure_mapping_source;unsupported_method_in_this_entry;receptor_class_outside_this_adapter;candidate_specific_evidence_not_established;evidence_review_incomplete;structure_required,retain_raw_annotations; obtain_missing_predictor_evidence,Data-readiness decision; not a prediction of binding or failure
A0A380QEC0,abstain_from_docking,missing:sequence_sha256;missing:target_taxon;missing:target_context;missing:receptor_identity;missing:receptor_class;missing:evidence_scope;missing:evidence_source;missing:reviewer;missing:reviewed_on;missing:ligand_identity;missing:ligand_class;missing:method;missing:grid_rationale_source;missing:structure_mapping_source;unsupported_method_in_this_entry;receptor_class_outside_this_adapter;candidate_specific_evidence_not_established;evidence_review_incomplete;structure_required,retain_raw_annotations; obtain_missing_predictor_evidence,Data-readiness decision; not a prediction of binding or failure
A0A857EZE8,abstain_from_docking,missing:sequence_sha256;missing:target_taxon;missing:target_context;missing:receptor_identity;missing:receptor_class;missing:evidence_scope;missing:evidence_source;missing:reviewer;missing:reviewed_on;missing:ligand_identity;missing:ligand_class;missing:method;missing:grid_rationale_source;missing:structure_mapping_source;unsupported_method_in_this_entry;receptor_class_outside_this_adapter;candidate_specific_evidence_not_established;evidence_review_incomplete;structure_required,retain_raw_annotations; obtain_missing_predictor_evidence,Data-readiness decision; not a prediction of binding or failure
A0A3G5LJP4,abstain_from_docking,missing:sequence_sha256;missing:target_taxon;missing:target_context;missing:receptor_identity;missing:receptor_class;missing:evidence_scope;missing:evidence_source;missing:reviewer;missing:reviewed_on;missing:ligand_identity;missing:ligand_class;missing:method;missing:grid_rationale_source;missing:structure_mapping_source;unsupported_method_in_this_entry;receptor_class_outside_this_adapter;candidate_specific_evidence_not_established;evidence_review_incomplete;structure_required,retain_raw_annotations; obtain_missing_predictor_evidence,Data-readiness decision; not a prediction of binding or failure
A0A085U312,abstain_from_docking,missing:sequence_sha256;missing:target_taxon;missing:target_context;missing:receptor_identity;missing:receptor_class;missing:evidence_scope;missing:evidence_source;missing:reviewer;missing:reviewed_on;missing:ligand_identity;missing:ligand_class;missing:method;missing:grid_rationale_source;missing:structure_mapping_source;unsupported_method_in_this_entry;receptor_class_outside_this_adapter;candidate_specific_evidence_not_established;evidence_review_incomplete;structure_required,retain_raw_annotations; obtain_missing_predictor_evidence,Data-readiness decision; not a prediction of binding or failure
A0ABM6BL24,abstain_from_docking,missing:sequence_sha256;missing:target_taxon;missing:target_context;missing:receptor_identity;missing:receptor_class;missing:evidence_scope;missing:evidence_source;missing:reviewer;missing:reviewed_on;missing:ligand_identity;missing:ligand_class;missing:method;missing:grid_rationale_source;missing:structure_mapping_source;unsupported_method_in_this_entry;receptor_class_outside_this_adapter;candidate_specific_evidence_not_established;evidence_review_incomplete;structure_required,retain_raw_annotations; obtain_missing_predictor_evidence,Data-readiness decision; not a prediction of binding or failure
A0ABM9SU56,abstain_from_docking,missing:sequence_sha256;missing:target_taxon;missing:target_context;missing:receptor_identity;missing:receptor_class;missing:evidence_scope;missing:evidence_source;missing:reviewer;missing:reviewed_on;missing:ligand_identity;missing:ligand_class;missing:method;missing:grid_rationale_source;missing:structure_mapping_source;unsupported_method_in_this_entry;receptor_class_outside_this_adapter;candidate_specific_evidence_not_established;evidence_review_incomplete;structure_required,retain_raw_annotations; obtain_missing_predictor_evidence,Data-readiness decision; not a prediction of binding or failure
A0ABM5Q170,abstain_from_docking,missing:sequence_sha256;missing:target_taxon;missing:target_context;missing:receptor_identity;missing:receptor_class;missing:evidence_scope;missing:evidence_source;missing:reviewer;missing:reviewed_on;missing:ligand_identity;missing:ligand_class;missing:method;missing:grid_rationale_source;missing:structure_mapping_source;unsupported_method_in_this_entry;receptor_class_outside_this_adapter;candidate_specific_evidence_not_established;evidence_review_incomplete;structure_required,retain_raw_annotations; obtain_missing_predictor_evidence,Data-readiness decision; not a prediction of binding or failure
A0ABM6BR49,abstain_from_docking,missing:sequence_sha256;missing:target_taxon;missing:target_context;missing:receptor_identity;missing:receptor_class;missing:evidence_scope;missing:evidence_source;missing:reviewer;missing:reviewed_on;missing:ligand_identity;missing:ligand_class;missing:method;missing:grid_rationale_source;missing:structure_mapping_source;unsupported_method_in_this_entry;receptor_class_outside_this_adapter;candidate_specific_evidence_not_established;evidence_review_incomplete;structure_required,retain_raw_annotations; obtain_missing_predictor_evidence,Data-readiness decision; not a prediction of binding or failure
A0A0T9QWQ1,abstain_from_docking,missing:sequence_sha256;missing:target_taxon;missing:target_context;missing:receptor_identity;missing:receptor_class;missing:evidence_scope;missing:evidence_source;missing:reviewer;missing:reviewed_on;missing:ligand_identity;missing:ligand_class;missing:method;missing:grid_rationale_source;missing:structure_mapping_source;unsupported_method_in_this_entry;receptor_class_outside_this_adapter;candidate_specific_evidence_not_established;evidence_review_incomplete;structure_required,retain_raw_annotations; obtain_missing_predictor_evidence,Data-readiness decision; not a prediction of binding or failure
A0A0H2YGI6,abstain_from_docking,missing:sequence_sha256;missing:target_taxon;missing:target_context;missing:receptor_identity;missing:receptor_class;missing:evidence_scope;missing:evidence_source;missing:reviewer;missing:reviewed_on;missing:ligand_identity;missing:ligand_class;missing:method;missing:grid_rationale_source;missing:structure_mapping_source;unsupported_method_in_this_entry;receptor_class_outside_this_adapter;candidate_specific_evidence_not_established;evidence_review_incomplete;structure_required,retain_raw_annotations; obtain_missing_predictor_evidence,Data-readiness decision; not a prediction of binding or failure
A0A0H3B4F8,abstain_from_docking,missing:sequence_sha256;missing:target_taxon;missing:target_context;missing:receptor_identity;missing:receptor_class;missing:evidence_scope;missing:evidence_source;missing:reviewer;missing:reviewed_on;missing:ligand_identity;missing:ligand_class;missing:method;missing:grid_rationale_source;missing:structure_mapping_source;unsupported_method_in_this_entry;receptor_class_outside_this_adapter;candidate_specific_evidence_not_established;evidence_review_incomplete;structure_required,retain_raw_annotations; obtain_missing_predictor_evidence,Data-readiness decision; not a prediction of binding or failure
A0AB73P3H5,abstain_from_docking,missing:sequence_sha256;missing:target_taxon;missing:target_context;missing:receptor_identity;missing:receptor_class;missing:evidence_scope;missing:evidence_source;missing:reviewer;missing:reviewed_on;missing:ligand_identity;missing:ligand_class;missing:method;missing:grid_rationale_source;missing:structure_mapping_source;unsupported_method_in_this_entry;receptor_class_outside_this_adapter;candidate_specific_evidence_not_established;evidence_review_incomplete;structure_required,retain_raw_annotations; obtain_missing_predictor_evidence,Data-readiness decision; not a prediction of binding or failure
A0A0T9JTP2,abstain_from_docking,missing:sequence_sha256;missing:target_taxon;missing:target_context;missing:receptor_identity;missing:receptor_class;missing:evidence_scope;missing:evidence_source;missing:reviewer;missing:reviewed_on;missing:ligand_identity;missing:ligand_class;missing:method;missing:grid_rationale_source;missing:structure_mapping_source;unsupported_method_in_this_entry;receptor_class_outside_this_adapter;candidate_specific_evidence_not_established;evidence_review_incomplete;structure_required,retain_raw_annotations; obtain_missing_predictor_evidence,Data-readiness decision; not a prediction of binding or failure
A0A0T9R7L9,abstain_from_docking,missing:sequence_sha256;missing:target_taxon;missing:target_context;missing:receptor_identity;missing:receptor_class;missing:evidence_scope;missing:evidence_source;missing:reviewer;missing:reviewed_on;missing:ligand_identity;missing:ligand_class;missing:method;missing:grid_rationale_source;missing:structure_mapping_source;unsupported_method_in_this_entry;receptor_class_outside_this_adapter;candidate_specific_evidence_not_established;evidence_review_incomplete;structure_required,retain_raw_annotations; obtain_missing_predictor_evidence,Data-readiness decision; not a prediction of binding or failure
A0A0H3AZK0,abstain_from_docking,missing:sequence_sha256;missing:target_taxon;missing:target_context;missing:receptor_identity;missing:receptor_class;missing:evidence_scope;missing:evidence_source;missing:reviewer;missing:reviewed_on;missing:ligand_identity;missing:ligand_class;missing:method;missing:grid_rationale_source;missing:structure_mapping_source;unsupported_method_in_this_entry;receptor_class_outside_this_adapter;candidate_specific_evidence_not_established;evidence_review_incomplete;structure_required,retain_raw_annotations; obtain_missing_predictor_evidence,Data-readiness decision; not a prediction of binding or failure
A0A0T9TSE5,abstain_from_docking,missing:sequence_sha256;missing:target_taxon;missing:target_context;missing:receptor_identity;missing:receptor_class;missing:evidence_scope;missing:evidence_source;missing:reviewer;missing:reviewed_on;missing:ligand_identity;missing:ligand_class;missing:method;missing:grid_rationale_source;missing:structure_mapping_source;unsupported_method_in_this_entry;receptor_class_outside_this_adapter;candidate_specific_evidence_not_established;evidence_review_incomplete;structure_required,retain_raw_annotations; obtain_missing_predictor_evidence,Data-readiness decision; not a prediction of binding or failure
A0AB72ZFA0,abstain_from_docking,missing:sequence_sha256;missing:target_taxon;missing:target_context;missing:receptor_identity;missing:receptor_class;missing:evidence_scope;missing:evidence_source;missing:reviewer;missing:reviewed_on;missing:ligand_identity;missing:ligand_class;missing:method;missing:grid_rationale_source;missing:structure_mapping_source;unsupported_method_in_this_entry;receptor_class_outside_this_adapter;candidate_specific_evidence_not_established;evidence_review_incomplete;structure_required,retain_raw_annotations; obtain_missing_predictor_evidence,Data-readiness decision; not a prediction of binding or failure
A0ABM7ANY7,abstain_from_docking,missing:sequence_sha256;missing:target_taxon;missing:target_context;missing:receptor_identity;missing:receptor_class;missing:evidence_scope;missing:evidence_source;missing:reviewer;missing:reviewed_on;missing:ligand_identity;missing:ligand_class;missing:method;missing:grid_rationale_source;missing:structure_mapping_source;unsupported_method_in_this_entry;receptor_class_outside_this_adapter;candidate_specific_evidence_not_established;evidence_review_incomplete;structure_required,retain_raw_annotations; obtain_missing_predictor_evidence,Data-readiness decision; not a prediction of binding or failure
A0AA36LKR2,abstain_from_docking,missing:sequence_sha256;missing:target_taxon;missing:target_context;missing:receptor_identity;missing:receptor_class;missing:evidence_scope;missing:evidence_source;missing:reviewer;missing:reviewed_on;missing:ligand_identity;missing:ligand_class;missing:method;missing:grid_rationale_source;missing:structure_mapping_source;unsupported_method_in_this_entry;receptor_class_outside_this_adapter;candidate_specific_evidence_not_established;evidence_review_incomplete;structure_required,retain_raw_annotations; obtain_missing_predictor_evidence,Data-readiness decision; not a prediction of binding or failure
A0ABN5RAB4,abstain_from_docking,missing:sequence_sha256;missing:target_taxon;missing:target_context;missing:receptor_identity;missing:receptor_class;missing:evidence_scope;missing:evidence_source;missing:reviewer;missing:reviewed_on;missing:ligand_identity;missing:ligand_class;missing:method;missing:grid_rationale_source;missing:structure_mapping_source;unsupported_method_in_this_entry;receptor_class_outside_this_adapter;candidate_specific_evidence_not_established;evidence_review_incomplete;structure_required,retain_raw_annotations; obtain_missing_predictor_evidence,Data-readiness decision; not a prediction of binding or failure
A0A380Q790,abstain_from_docking,missing:sequence_sha256;missing:target_taxon;missing:target_context;missing:receptor_identity;missing:receptor_class;missing:evidence_scope;missing:evidence_source;missing:reviewer;missing:reviewed_on;missing:ligand_identity;missing:ligand_class;missing:method;missing:grid_rationale_source;missing:structure_mapping_source;unsupported_method_in_this_entry;receptor_class_outside_this_adapter;candidate_specific_evidence_not_established;evidence_review_incomplete;structure_required,retain_raw_annotations; obtain_missing_predictor_evidence,Data-readiness decision; not a prediction of binding or failure
A0ABX6FDR8,abstain_from_docking,missing:sequence_sha256;missing:target_taxon;missing:target_context;missing:receptor_identity;missing:receptor_class;missing:evidence_scope;missing:evidence_source;missing:reviewer;missing:reviewed_on;missing:ligand_identity;missing:ligand_class;missing:method;missing:grid_rationale_source;missing:structure_mapping_source;unsupported_method_in_this_entry;receptor_class_outside_this_adapter;candidate_specific_evidence_not_established;evidence_review_incomplete;structure_required,retain_raw_annotations; obtain_missing_predictor_evidence,Data-readiness decision; not a prediction of binding or failure
A0A2G4U6F2,abstain_from_docking,missing:sequence_sha256;missing:target_taxon;missing:target_context;missing:receptor_identity;missing:receptor_class;missing:evidence_scope;missing:evidence_source;missing:reviewer;missing:reviewed_on;missing:ligand_identity;missing:ligand_class;missing:method;missing:grid_rationale_source;missing:structure_mapping_source;unsupported_method_in_this_entry;receptor_class_outside_this_adapter;candidate_specific_evidence_not_established;evidence_review_incomplete;structure_required,retain_raw_annotations; obtain_missing_predictor_evidence,Data-readiness decision; not a prediction of binding or failure
A0A0T9QH70,abstain_from_docking,missing:sequence_sha256;missing:target_taxon;missing:target_context;missing:receptor_identity;missing:receptor_class;missing:evidence_scope;missing:evidence_source;missing:reviewer;missing:reviewed_on;missing:ligand_identity;missing:ligand_class;missing:method;missing:grid_rationale_source;missing:structure_mapping_source;unsupported_method_in_this_entry;receptor_class_outside_this_adapter;candidate_specific_evidence_not_established;evidence_review_incomplete;structure_required,retain_raw_annotations; obtain_missing_predictor_evidence,Data-readiness decision; not a prediction of binding or failure
A0A0H3B283,abstain_from_docking,missing:sequence_sha256;missing:target_taxon;missing:target_context;missing:receptor_identity;missing:receptor_class;missing:evidence_scope;missing:evidence_source;missing:reviewer;missing:reviewed_on;missing:ligand_identity;missing:ligand_class;missing:method;missing:grid_rationale_source;missing:structure_mapping_source;unsupported_method_in_this_entry;receptor_class_outside_this_adapter;candidate_specific_evidence_not_established;evidence_review_incomplete;structure_required,retain_raw_annotations; obtain_missing_predictor_evidence,Data-readiness decision; not a prediction of binding or failure
A0ABN5RAC2,abstain_from_docking,missing:sequence_sha256;missing:target_taxon;missing:target_context;missing:receptor_identity;missing:receptor_class;missing:evidence_scope;missing:evidence_source;missing:reviewer;missing:reviewed_on;missing:ligand_identity;missing:ligand_class;missing:method;missing:grid_rationale_source;missing:structure_mapping_source;unsupported_method_in_this_entry;receptor_class_outside_this_adapter;candidate_specific_evidence_not_established;evidence_review_incomplete;structure_required,retain_raw_annotations; obtain_missing_predictor_evidence,Data-readiness decision; not a prediction of binding or failure
A0A0T9JTR0,abstain_from_docking,missing:sequence_sha256;missing:target_taxon;missing:target_context;missing:receptor_identity;missing:receptor_class;missing:evidence_scope;missing:evidence_source;missing:reviewer;missing:reviewed_on;missing:ligand_identity;missing:ligand_class;missing:method;missing:grid_rationale_source;missing:structure_mapping_source;unsupported_method_in_this_entry;receptor_class_outside_this_adapter;candidate_specific_evidence_not_established;evidence_review_incomplete;structure_required,retain_raw_annotations; obtain_missing_predictor_evidence,Data-readiness decision; not a prediction of binding or failure
A0AA44CKU8,abstain_from_docking,missing:sequence_sha256;missing:target_taxon;missing:target_context;missing:receptor_identity;missing:receptor_class;missing:evidence_scope;missing:evidence_source;missing:reviewer;missing:reviewed_on;missing:ligand_identity;missing:ligand_class;missing:method;missing:grid_rationale_source;missing:structure_mapping_source;unsupported_method_in_this_entry;receptor_class_outside_this_adapter;candidate_specific_evidence_not_established;evidence_review_incomplete;structure_required,retain_raw_annotations; obtain_missing_predictor_evidence,Data-readiness decision; not a prediction of binding or failure
A0ABN4CUU3,abstain_from_docking,missing:sequence_sha256;missing:target_taxon;missing:target_context;missing:receptor_identity;missing:receptor_class;missing:evidence_scope;missing:evidence_source;missing:reviewer;missing:reviewed_on;missing:ligand_identity;missing:ligand_class;missing:method;missing:grid_rationale_source;missing:structure_mapping_source;unsupported_method_in_this_entry;receptor_class_outside_this_adapter;candidate_specific_evidence_not_established;evidence_review_incomplete;structure_required,retain_raw_annotations; obtain_missing_predictor_evidence,Data-readiness decision; not a prediction of binding or failure
A0ABR4VWZ7,abstain_from_docking,missing:sequence_sha256;missing:target_taxon;missing:target_context;missing:receptor_identity;missing:receptor_class;missing:evidence_scope;missing:evidence_source;missing:reviewer;missing:reviewed_on;missing:ligand_identity;missing:ligand_class;missing:method;missing:grid_rationale_source;missing:structure_mapping_source;unsupported_method_in_this_entry;receptor_class_outside_this_adapter;candidate_specific_evidence_not_established;evidence_review_incomplete;structure_required,retain_raw_annotations; obtain_missing_predictor_evidence,Data-readiness decision; not a prediction of binding or failure
A0A0T9RSX1,abstain_from_docking,missing:sequence_sha256;missing:target_taxon;missing:target_context;missing:receptor_identity;missing:receptor_class;missing:evidence_scope;missing:evidence_source;missing:reviewer;missing:reviewed_on;missing:ligand_identity;missing:ligand_class;missing:method;missing:grid_rationale_source;missing:structure_mapping_source;unsupported_method_in_this_entry;receptor_class_outside_this_adapter;candidate_specific_evidence_not_established;evidence_review_incomplete;structure_required,retain_raw_annotations; obtain_missing_predictor_evidence,Data-readiness decision; not a prediction of binding or failure
A0A0T9QZG9,abstain_from_docking,missing:sequence_sha256;missing:target_taxon;missing:target_context;missing:receptor_identity;missing:receptor_class;missing:evidence_scope;missing:evidence_source;missing:reviewer;missing:reviewed_on;missing:ligand_identity;missing:ligand_class;missing:method;missing:grid_rationale_source;missing:structure_mapping_source;unsupported_method_in_this_entry;receptor_class_outside_this_adapter;candidate_specific_evidence_not_established;evidence_review_incomplete;structure_required,retain_raw_annotations; obtain_missing_predictor_evidence,Data-readiness decision; not a prediction of binding or failure
A0ABY5ULB5,abstain_from_docking,missing:sequence_sha256;missing:target_taxon;missing:target_context;missing:receptor_identity;missing:receptor_class;missing:evidence_scope;missing:evidence_source;missing:reviewer;missing:reviewed_on;missing:ligand_identity;missing:ligand_class;missing:method;missing:grid_rationale_source;missing:structure_mapping_source;unsupported_method_in_this_entry;receptor_class_outside_this_adapter;candidate_specific_evidence_not_established;evidence_review_incomplete;structure_required,retain_raw_annotations; obtain_missing_predictor_evidence,Data-readiness decision; not a prediction of binding or failure
A0A0T9KM84,abstain_from_docking,missing:sequence_sha256;missing:target_taxon;missing:target_context;missing:receptor_identity;missing:receptor_class;missing:evidence_scope;missing:evidence_source;missing:reviewer;missing:reviewed_on;missing:ligand_identity;missing:ligand_class;missing:method;missing:grid_rationale_source;missing:structure_mapping_source;unsupported_method_in_this_entry;receptor_class_outside_this_adapter;candidate_specific_evidence_not_established;evidence_review_incomplete;structure_required,retain_raw_annotations; obtain_missing_predictor_evidence,Data-readiness decision; not a prediction of binding or failure
A0A0T9QVI5,abstain_from_docking,missing:sequence_sha256;missing:target_taxon;missing:target_context;missing:receptor_identity;missing:receptor_class;missing:evidence_scope;missing:evidence_source;missing:reviewer;missing:reviewed_on;missing:ligand_identity;missing:ligand_class;missing:method;missing:grid_rationale_source;missing:structure_mapping_source;unsupported_method_in_this_entry;receptor_class_outside_this_adapter;candidate_specific_evidence_not_established;evidence_review_incomplete;structure_required,retain_raw_annotations; obtain_missing_predictor_evidence,Data-readiness decision; not a prediction of binding or failure
A0A0T9RG16,abstain_from_docking,missing:sequence_sha256;missing:target_taxon;missing:target_context;missing:receptor_identity;missing:receptor_class;missing:evidence_scope;missing:evidence_source;missing:reviewer;missing:reviewed_on;missing:ligand_identity;missing:ligand_class;missing:method;missing:grid_rationale_source;missing:structure_mapping_source;unsupported_method_in_this_entry;receptor_class_outside_this_adapter;candidate_specific_evidence_not_established;evidence_review_incomplete;structure_required,retain_raw_annotations; obtain_missing_predictor_evidence,Data-readiness decision; not a prediction of binding or failure
A0ABP2ECT0,abstain_from_docking,missing:sequence_sha256;missing:target_taxon;missing:target_context;missing:receptor_identity;missing:receptor_class;missing:evidence_scope;missing:evidence_source;missing:reviewer;missing:reviewed_on;missing:ligand_identity;missing:ligand_class;missing:method;missing:grid_rationale_source;missing:structure_mapping_source;unsupported_method_in_this_entry;receptor_class_outside_this_adapter;candidate_specific_evidence_not_established;evidence_review_incomplete;structure_required,retain_raw_annotations; obtain_missing_predictor_evidence,Data-readiness decision; not a prediction of binding or failure
A0ABM9SZ17,abstain_from_docking,missing:sequence_sha256;missing:target_taxon;missing:target_context;missing:receptor_identity;missing:receptor_class;missing:evidence_scope;missing:evidence_source;missing:reviewer;missing:reviewed_on;missing:ligand_identity;missing:ligand_class;missing:method;missing:grid_rationale_source;missing:structure_mapping_source;unsupported_method_in_this_entry;receptor_class_outside_this_adapter;candidate_specific_evidence_not_established;evidence_review_incomplete;structure_required,retain_raw_annotations; obtain_missing_predictor_evidence,Data-readiness decision; not a prediction of binding or failure
A0A0E1NQK2,abstain_from_docking,missing:sequence_sha256;missing:target_taxon;missing:target_context;missing:receptor_identity;missing:receptor_class;missing:evidence_scope;missing:evidence_source;missing:reviewer;missing:reviewed_on;missing:ligand_identity;missing:ligand_class;missing:method;missing:grid_rationale_source;missing:structure_mapping_source;unsupported_method_in_this_entry;receptor_class_outside_this_adapter;candidate_specific_evidence_not_established;evidence_review_incomplete;structure_required,retain_raw_annotations; obtain_missing_predictor_evidence,Data-readiness decision; not a prediction of binding or failure
A0AAX2I8P7,abstain_from_docking,missing:sequence_sha256;missing:target_taxon;missing:target_context;missing:receptor_identity;missing:receptor_class;missing:evidence_scope;missing:evidence_source;missing:reviewer;missing:reviewed_on;missing:ligand_identity;missing:ligand_class;missing:method;missing:grid_rationale_source;missing:structure_mapping_source;unsupported_method_in_this_entry;receptor_class_outside_this_adapter;candidate_specific_evidence_not_established;evidence_review_incomplete;structure_required,retain_raw_annotations; obtain_missing_predictor_evidence,Data-readiness decision; not a prediction of binding or failure
Q7BTW6,abstain_from_docking,missing:sequence_sha256;missing:target_taxon;missing:target_context;missing:receptor_identity;missing:receptor_class;missing:evidence_scope;missing:evidence_source;missing:reviewer;missing:reviewed_on;missing:ligand_identity;missing:ligand_class;missing:method;missing:grid_rationale_source;missing:structure_mapping_source;unsupported_method_in_this_entry;receptor_class_outside_this_adapter;candidate_specific_evidence_not_established;evidence_review_incomplete;structure_required,retain_raw_annotations; obtain_missing_predictor_evidence,Data-readiness decision; not a prediction of binding or failure
A0ABP1ZYW2,abstain_from_docking,missing:sequence_sha256;missing:target_taxon;missing:target_context;missing:receptor_identity;missing:receptor_class;missing:evidence_scope;missing:evidence_source;missing:reviewer;missing:reviewed_on;missing:ligand_identity;missing:ligand_class;missing:method;missing:grid_rationale_source;missing:structure_mapping_source;unsupported_method_in_this_entry;receptor_class_outside_this_adapter;candidate_specific_evidence_not_established;evidence_review_incomplete;structure_required,retain_raw_annotations; obtain_missing_predictor_evidence,Data-readiness decision; not a prediction of binding or failure
Q66CW2,abstain_from_docking,missing:sequence_sha256;missing:target_taxon;missing:target_context;missing:receptor_identity;missing:receptor_class;missing:evidence_scope;missing:evidence_source;missing:reviewer;missing:reviewed_on;missing:ligand_identity;missing:ligand_class;missing:method;missing:grid_rationale_source;missing:structure_mapping_source;unsupported_method_in_this_entry;receptor_class_outside_this_adapter;candidate_specific_evidence_not_established;evidence_review_incomplete;structure_required,retain_raw_annotations; obtain_missing_predictor_evidence,Data-readiness decision; not a prediction of binding or failure
A0AA36LJG1,abstain_from_docking,missing:sequence_sha256;missing:target_taxon;missing:target_context;missing:receptor_identity;missing:receptor_class;missing:evidence_scope;missing:evidence_source;missing:reviewer;missing:reviewed_on;missing:ligand_identity;missing:ligand_class;missing:method;missing:grid_rationale_source;missing:structure_mapping_source;unsupported_method_in_this_entry;receptor_class_outside_this_adapter;candidate_specific_evidence_not_established;evidence_review_incomplete;structure_required,retain_raw_annotations; obtain_missing_predictor_evidence,Data-readiness decision; not a prediction of binding or failure
A0ABM5UH02,abstain_from_docking,missing:sequence_sha256;missing:target_taxon;missing:target_context;missing:receptor_identity;missing:receptor_class;missing:evidence_scope;missing:evidence_source;missing:reviewer;missing:reviewed_on;missing:ligand_identity;missing:ligand_class;missing:method;missing:grid_rationale_source;missing:structure_mapping_source;unsupported_method_in_this_entry;receptor_class_outside_this_adapter;candidate_specific_evidence_not_established;evidence_review_incomplete;structure_required,retain_raw_annotations; obtain_missing_predictor_evidence,Data-readiness decision; not a prediction of binding or failure
A0AA36PPQ7,abstain_from_docking,missing:sequence_sha256;missing:target_taxon;missing:target_context;missing:receptor_identity;missing:receptor_class;missing:evidence_scope;missing:evidence_source;missing:reviewer;missing:reviewed_on;missing:ligand_identity;missing:ligand_class;missing:method;missing:grid_rationale_source;missing:structure_mapping_source;unsupported_method_in_this_entry;receptor_class_outside_this_adapter;candidate_specific_evidence_not_established;evidence_review_incomplete;structure_required,retain_raw_annotations; obtain_missing_predictor_evidence,Data-readiness decision; not a prediction of binding or failure
A0A0H2YNL1,abstain_from_docking,missing:sequence_sha256;missing:target_taxon;missing:target_context;missing:receptor_identity;missing:receptor_class;missing:evidence_scope;missing:evidence_source;missing:reviewer;missing:reviewed_on;missing:ligand_identity;missing:ligand_class;missing:method;missing:grid_rationale_source;missing:structure_mapping_source;unsupported_method_in_this_entry;receptor_class_outside_this_adapter;candidate_specific_evidence_not_established;evidence_review_incomplete;structure_required,retain_raw_annotations; obtain_missing_predictor_evidence,Data-readiness decision; not a prediction of binding or failure
A0AA90XRZ3,abstain_from_docking,missing:sequence_sha256;missing:target_taxon;missing:target_context;missing:receptor_identity;missing:receptor_class;missing:evidence_scope;missing:evidence_source;missing:reviewer;missing:reviewed_on;missing:ligand_identity;missing:ligand_class;missing:method;missing:grid_rationale_source;missing:structure_mapping_source;unsupported_method_in_this_entry;receptor_class_outside_this_adapter;candidate_specific_evidence_not_established;evidence_review_incomplete;structure_required,retain_raw_annotations; obtain_missing_predictor_evidence,Data-readiness decision; not a prediction of binding or failure
A0A0T9QD11,abstain_from_docking,missing:sequence_sha256;missing:target_taxon;missing:target_context;missing:receptor_identity;missing:receptor_class;missing:evidence_scope;missing:evidence_source;missing:reviewer;missing:reviewed_on;missing:ligand_identity;missing:ligand_class;missing:method;missing:grid_rationale_source;missing:structure_mapping_source;unsupported_method_in_this_entry;receptor_class_outside_this_adapter;candidate_specific_evidence_not_established;evidence_review_incomplete;structure_required,retain_raw_annotations; obtain_missing_predictor_evidence,Data-readiness decision; not a prediction of binding or failure
A0ABP1ZSE7,abstain_from_docking,missing:sequence_sha256;missing:target_taxon;missing:target_context;missing:receptor_identity;missing:receptor_class;missing:evidence_scope;missing:evidence_source;missing:reviewer;missing:reviewed_on;missing:ligand_identity;missing:ligand_class;missing:method;missing:grid_rationale_source;missing:structure_mapping_source;unsupported_method_in_this_entry;receptor_class_outside_this_adapter;candidate_specific_evidence_not_established;evidence_review_incomplete;structure_required,retain_raw_annotations; obtain_missing_predictor_evidence,Data-readiness decision; not a prediction of binding or failure
A0ABX6FAJ5,abstain_from_docking,missing:sequence_sha256;missing:target_taxon;missing:target_context;missing:receptor_identity;missing:receptor_class;missing:evidence_scope;missing:evidence_source;missing:reviewer;missing:reviewed_on;missing:ligand_identity;missing:ligand_class;missing:method;missing:grid_rationale_source;missing:structure_mapping_source;unsupported_method_in_this_entry;receptor_class_outside_this_adapter;candidate_specific_evidence_not_established;evidence_review_incomplete;structure_required,retain_raw_annotations; obtain_missing_predictor_evidence,Data-readiness decision; not a prediction of binding or failure
A0A0T9UMN3,abstain_from_docking,missing:sequence_sha256;missing:target_taxon;missing:target_context;missing:receptor_identity;missing:receptor_class;missing:evidence_scope;missing:evidence_source;missing:reviewer;missing:reviewed_on;missing:ligand_identity;missing:ligand_class;missing:method;missing:grid_rationale_source;missing:structure_mapping_source;unsupported_method_in_this_entry;receptor_class_outside_this_adapter;candidate_specific_evidence_not_established;evidence_review_incomplete;structure_required,retain_raw_annotations; obtain_missing_predictor_evidence,Data-readiness decision; not a prediction of binding or failure
Q8D0C0,abstain_from_docking,missing:sequence_sha256;missing:target_taxon;missing:target_context;missing:receptor_identity;missing:receptor_class;missing:evidence_scope;missing:evidence_source;missing:reviewer;missing:reviewed_on;missing:ligand_identity;missing:ligand_class;missing:method;missing:grid_rationale_source;missing:structure_mapping_source;unsupported_method_in_this_entry;receptor_class_outside_this_adapter;candidate_specific_evidence_not_established;evidence_review_incomplete;structure_required,retain_raw_annotations; obtain_missing_predictor_evidence,Data-readiness decision; not a prediction of binding or failure
A0A0T9QMF1,abstain_from_docking,missing:sequence_sha256;missing:target_taxon;missing:target_context;missing:receptor_identity;missing:receptor_class;missing:evidence_scope;missing:evidence_source;missing:reviewer;missing:reviewed_on;missing:ligand_identity;missing:ligand_class;missing:method;missing:grid_rationale_source;missing:structure_mapping_source;unsupported_method_in_this_entry;receptor_class_outside_this_adapter;candidate_specific_evidence_not_established;evidence_review_incomplete;structure_required,retain_raw_annotations; obtain_missing_predictor_evidence,Data-readiness decision; not a prediction of binding or failure
A0A0U1R2K8,abstain_from_docking,missing:sequence_sha256;missing:target_taxon;missing:target_context;missing:receptor_identity;missing:receptor_class;missing:evidence_scope;missing:evidence_source;missing:reviewer;missing:reviewed_on;missing:ligand_identity;missing:ligand_class;missing:method;missing:grid_rationale_source;missing:structure_mapping_source;unsupported_method_in_this_entry;receptor_class_outside_this_adapter;candidate_specific_evidence_not_established;evidence_review_incomplete;structure_required,retain_raw_annotations; obtain_missing_predictor_evidence,Data-readiness decision; not a prediction of binding or failure
A0AA36LJU6,abstain_from_docking,missing:sequence_sha256;missing:target_taxon;missing:target_context;missing:receptor_identity;missing:receptor_class;missing:evidence_scope;missing:evidence_source;missing:reviewer;missing:reviewed_on;missing:ligand_identity;missing:ligand_class;missing:method;missing:grid_rationale_source;missing:structure_mapping_source;unsupported_method_in_this_entry;receptor_class_outside_this_adapter;candidate_specific_evidence_not_established;evidence_review_incomplete;structure_required,retain_raw_annotations; obtain_missing_predictor_evidence,Data-readiness decision; not a prediction of binding or failure
A0AA36LI15,abstain_from_docking,missing:sequence_sha256;missing:target_taxon;missing:target_context;missing:receptor_identity;missing:receptor_class;missing:evidence_scope;missing:evidence_source;missing:reviewer;missing:reviewed_on;missing:ligand_identity;missing:ligand_class;missing:method;missing:grid_rationale_source;missing:structure_mapping_source;unsupported_method_in_this_entry;receptor_class_outside_this_adapter;candidate_specific_evidence_not_established;evidence_review_incomplete;structure_required,retain_raw_annotations; obtain_missing_predictor_evidence,Data-readiness decision; not a prediction of binding or failure
A0A0K1H0S6,abstain_from_docking,missing:sequence_sha256;missing:target_taxon;missing:target_context;missing:receptor_identity;missing:receptor_class;missing:evidence_scope;missing:evidence_source;missing:reviewer;missing:reviewed_on;missing:ligand_identity;missing:ligand_class;missing:method;missing:grid_rationale_source;missing:structure_mapping_source;unsupported_method_in_this_entry;receptor_class_outside_this_adapter;candidate_specific_evidence_not_established;evidence_review_incomplete;structure_required,retain_raw_annotations; obtain_missing_predictor_evidence,Data-readiness decision; not a prediction of binding or failure
A0A0T9UVK2,abstain_from_docking,missing:sequence_sha256;missing:target_taxon;missing:target_context;missing:receptor_identity;missing:receptor_class;missing:evidence_scope;missing:evidence_source;missing:reviewer;missing:reviewed_on;missing:ligand_identity;missing:ligand_class;missing:method;missing:grid_rationale_source;missing:structure_mapping_source;unsupported_method_in_this_entry;receptor_class_outside_this_adapter;candidate_specific_evidence_not_established;evidence_review_incomplete;structure_required,retain_raw_annotations; obtain_missing_predictor_evidence,Data-readiness decision; not a prediction of binding or failure
A0A857F028,abstain_from_docking,missing:sequence_sha256;missing:target_taxon;missing:target_context;missing:receptor_identity;missing:receptor_class;missing:evidence_scope;missing:evidence_source;missing:reviewer;missing:reviewed_on;missing:ligand_identity;missing:ligand_class;missing:method;missing:grid_rationale_source;missing:structure_mapping_source;unsupported_method_in_this_entry;receptor_class_outside_this_adapter;candidate_specific_evidence_not_established;evidence_review_incomplete;structure_required,retain_raw_annotations; obtain_missing_predictor_evidence,Data-readiness decision; not a prediction of binding or failure
A0A0H3B6G4,abstain_from_docking,missing:sequence_sha256;missing:target_taxon;missing:target_context;missing:receptor_identity;missing:receptor_class;missing:evidence_scope;missing:evidence_source;missing:reviewer;missing:reviewed_on;missing:ligand_identity;missing:ligand_class;missing:method;missing:grid_rationale_source;missing:structure_mapping_source;unsupported_method_in_this_entry;receptor_class_outside_this_adapter;candidate_specific_evidence_not_established;evidence_review_incomplete;structure_required,retain_raw_annotations; obtain_missing_predictor_evidence,Data-readiness decision; not a prediction of binding or failure
A0A208ZVY5,abstain_from_docking,missing:sequence_sha256;missing:target_taxon;missing:target_context;missing:receptor_identity;missing:receptor_class;missing:evidence_scope;missing:evidence_source;missing:reviewer;missing:reviewed_on;missing:ligand_identity;missing:ligand_class;missing:method;missing:grid_rationale_source;missing:structure_mapping_source;unsupported_method_in_this_entry;receptor_class_outside_this_adapter;candidate_specific_evidence_not_established;evidence_review_incomplete;structure_required,retain_raw_annotations; obtain_missing_predictor_evidence,Data-readiness decision; not a prediction of binding or failure
A0ABN5RCP6,abstain_from_docking,missing:sequence_sha256;missing:target_taxon;missing:target_context;missing:receptor_identity;missing:receptor_class;missing:evidence_scope;missing:evidence_source;missing:reviewer;missing:reviewed_on;missing:ligand_identity;missing:ligand_class;missing:method;missing:grid_rationale_source;missing:structure_mapping_source;unsupported_method_in_this_entry;receptor_class_outside_this_adapter;candidate_specific_evidence_not_established;evidence_review_incomplete;structure_required,retain_raw_annotations; obtain_missing_predictor_evidence,Data-readiness decision; not a prediction of binding or failure
A0A0T9UMW7,abstain_from_docking,missing:sequence_sha256;missing:target_taxon;missing:target_context;missing:receptor_identity;missing:receptor_class;missing:evidence_scope;missing:evidence_source;missing:reviewer;missing:reviewed_on;missing:ligand_identity;missing:ligand_class;missing:method;missing:grid_rationale_source;missing:structure_mapping_source;unsupported_method_in_this_entry;receptor_class_outside_this_adapter;candidate_specific_evidence_not_established;evidence_review_incomplete;structure_required,retain_raw_annotations; obtain_missing_predictor_evidence,Data-readiness decision; not a prediction of binding or failure
A0AB72ZRU3,abstain_from_docking,missing:sequence_sha256;missing:target_taxon;missing:target_context;missing:receptor_identity;missing:receptor_class;missing:evidence_scope;missing:evidence_source;missing:reviewer;missing:reviewed_on;missing:ligand_identity;missing:ligand_class;missing:method;missing:grid_rationale_source;missing:structure_mapping_source;unsupported_method_in_this_entry;receptor_class_outside_this_adapter;candidate_specific_evidence_not_established;evidence_review_incomplete;structure_required,retain_raw_annotations; obtain_missing_predictor_evidence,Data-readiness decision; not a prediction of binding or failure
A0A0U1HUK9,abstain_from_docking,missing:sequence_sha256;missing:target_taxon;missing:target_context;missing:receptor_identity;missing:receptor_class;missing:evidence_scope;missing:evidence_source;missing:reviewer;missing:reviewed_on;missing:ligand_identity;missing:ligand_class;missing:method;missing:grid_rationale_source;missing:structure_mapping_source;unsupported_method_in_this_entry;receptor_class_outside_this_adapter;candidate_specific_evidence_not_established;evidence_review_incomplete;structure_required,retain_raw_annotations; obtain_missing_predictor_evidence,Data-readiness decision; not a prediction of binding or failure
A0ABM7AMA1,abstain_from_docking,missing:sequence_sha256;missing:target_taxon;missing:target_context;missing:receptor_identity;missing:receptor_class;missing:evidence_scope;missing:evidence_source;missing:reviewer;missing:reviewed_on;missing:ligand_identity;missing:ligand_class;missing:method;missing:grid_rationale_source;missing:structure_mapping_source;unsupported_method_in_this_entry;receptor_class_outside_this_adapter;candidate_specific_evidence_not_established;evidence_review_incomplete;structure_required,retain_raw_annotations; obtain_missing_predictor_evidence,Data-readiness decision; not a prediction of binding or failure
A0AAV3B6C2,abstain_from_docking,missing:sequence_sha256;missing:target_taxon;missing:target_context;missing:receptor_identity;missing:receptor_class;missing:evidence_scope;missing:evidence_source;missing:reviewer;missing:reviewed_on;missing:ligand_identity;missing:ligand_class;missing:method;missing:grid_rationale_source;missing:structure_mapping_source;unsupported_method_in_this_entry;receptor_class_outside_this_adapter;candidate_specific_evidence_not_established;evidence_review_incomplete;structure_required,retain_raw_annotations; obtain_missing_predictor_evidence,Data-readiness decision; not a prediction of binding or failure
A0A380QAJ4,abstain_from_docking,missing:sequence_sha256;missing:target_taxon;missing:target_context;missing:receptor_identity;missing:receptor_class;missing:evidence_scope;missing:evidence_source;missing:reviewer;missing:reviewed_on;missing:ligand_identity;missing:ligand_class;missing:method;missing:grid_rationale_source;missing:structure_mapping_source;unsupported_method_in_this_entry;receptor_class_outside_this_adapter;candidate_specific_evidence_not_established;evidence_review_incomplete;structure_required,retain_raw_annotations; obtain_missing_predictor_evidence,Data-readiness decision; not a prediction of binding or failure
A0A0H3AZJ6,abstain_from_docking,missing:sequence_sha256;missing:target_taxon;missing:target_context;missing:receptor_identity;missing:receptor_class;missing:evidence_scope;missing:evidence_source;missing:reviewer;missing:reviewed_on;missing:ligand_identity;missing:ligand_class;missing:method;missing:grid_rationale_source;missing:structure_mapping_source;unsupported_method_in_this_entry;receptor_class_outside_this_adapter;candidate_specific_evidence_not_established;evidence_review_incomplete;structure_required,retain_raw_annotations; obtain_missing_predictor_evidence,Data-readiness decision; not a prediction of binding or failure
A0A0T9QI62,abstain_from_docking,missing:sequence_sha256;missing:target_taxon;missing:target_context;missing:receptor_identity;missing:receptor_class;missing:evidence_scope;missing:evidence_source;missing:reviewer;missing:reviewed_on;missing:ligand_identity;missing:ligand_class;missing:method;missing:grid_rationale_source;missing:structure_mapping_source;unsupported_method_in_this_entry;receptor_class_outside_this_adapter;candidate_specific_evidence_not_established;evidence_review_incomplete;structure_required,retain_raw_annotations; obtain_missing_predictor_evidence,Data-readiness decision; not a prediction of binding or failure
A0A0H2W0D6,abstain_from_docking,missing:sequence_sha256;missing:target_taxon;missing:target_context;missing:receptor_identity;missing:receptor_class;missing:evidence_scope;missing:evidence_source;missing:reviewer;missing:reviewed_on;missing:ligand_identity;missing:ligand_class;missing:method;missing:grid_rationale_source;missing:structure_mapping_source;unsupported_method_in_this_entry;receptor_class_outside_this_adapter;candidate_specific_evidence_not_established;evidence_review_incomplete;structure_required,retain_raw_annotations; obtain_missing_predictor_evidence,Data-readiness decision; not a prediction of binding or failure
A0A2G4U1S2,abstain_from_docking,missing:sequence_sha256;missing:target_taxon;missing:target_context;missing:receptor_identity;missing:receptor_class;missing:evidence_scope;missing:evidence_source;missing:reviewer;missing:reviewed_on;missing:ligand_identity;missing:ligand_class;missing:method;missing:grid_rationale_source;missing:structure_mapping_source;unsupported_method_in_this_entry;receptor_class_outside_this_adapter;candidate_specific_evidence_not_established;evidence_review_incomplete;structure_required,retain_raw_annotations; obtain_missing_predictor_evidence,Data-readiness decision; not a prediction of binding or failure
A0ABM9XV01,abstain_from_docking,missing:sequence_sha256;missing:target_taxon;missing:target_context;missing:receptor_identity;missing:receptor_class;missing:evidence_scope;missing:evidence_source;missing:reviewer;missing:reviewed_on;missing:ligand_identity;missing:ligand_class;missing:method;missing:grid_rationale_source;missing:structure_mapping_source;unsupported_method_in_this_entry;receptor_class_outside_this_adapter;candidate_specific_evidence_not_established;evidence_review_incomplete;structure_required,retain_raw_annotations; obtain_missing_predictor_evidence,Data-readiness decision; not a prediction of binding or failure
A0ABX5QXI4,abstain_from_docking,missing:sequence_sha256;missing:target_taxon;missing:target_context;missing:receptor_identity;missing:receptor_class;missing:evidence_scope;missing:evidence_source;missing:reviewer;missing:reviewed_on;missing:ligand_identity;missing:ligand_class;missing:method;missing:grid_rationale_source;missing:structure_mapping_source;unsupported_method_in_this_entry;receptor_class_outside_this_adapter;candidate_specific_evidence_not_established;evidence_review_incomplete;structure_required,retain_raw_annotations; obtain_missing_predictor_evidence,Data-readiness decision; not a prediction of binding or failure
A0AB72ZJY3,abstain_from_docking,missing:sequence_sha256;missing:target_taxon;missing:target_context;missing:receptor_identity;missing:receptor_class;missing:evidence_scope;missing:evidence_source;missing:reviewer;missing:reviewed_on;missing:ligand_identity;missing:ligand_class;missing:method;missing:grid_rationale_source;missing:structure_mapping_source;unsupported_method_in_this_entry;receptor_class_outside_this_adapter;candidate_specific_evidence_not_established;evidence_review_incomplete;structure_required,retain_raw_annotations; obtain_missing_predictor_evidence,Data-readiness decision; not a prediction of binding or failure
A0A380QTR9,abstain_from_docking,missing:sequence_sha256;missing:target_taxon;missing:target_context;missing:receptor_identity;missing:receptor_class;missing:evidence_scope;missing:evidence_source;missing:reviewer;missing:reviewed_on;missing:ligand_identity;missing:ligand_class;missing:method;missing:grid_rationale_source;missing:structure_mapping_source;unsupported_method_in_this_entry;receptor_class_outside_this_adapter;candidate_specific_evidence_not_established;evidence_review_incomplete;structure_required,retain_raw_annotations; obtain_missing_predictor_evidence,Data-readiness decision; not a prediction of binding or failure
A0A0T9UB25,abstain_from_docking,missing:sequence_sha256;missing:target_taxon;missing:target_context;missing:receptor_identity;missing:receptor_class;missing:evidence_scope;missing:evidence_source;missing:reviewer;missing:reviewed_on;missing:ligand_identity;missing:ligand_class;missing:method;missing:grid_rationale_source;missing:structure_mapping_source;unsupported_method_in_this_entry;receptor_class_outside_this_adapter;candidate_specific_evidence_not_established;evidence_review_incomplete;structure_required,retain_raw_annotations; obtain_missing_predictor_evidence,Data-readiness decision; not a prediction of binding or failure
A0A0T9U5C6,abstain_from_docking,missing:sequence_sha256;missing:target_taxon;missing:target_context;missing:receptor_identity;missing:receptor_class;missing:evidence_scope;missing:evidence_source;missing:reviewer;missing:reviewed_on;missing:ligand_identity;missing:ligand_class;missing:method;missing:grid_rationale_source;missing:structure_mapping_source;unsupported_method_in_this_entry;receptor_class_outside_this_adapter;candidate_specific_evidence_not_established;evidence_review_incomplete;structure_required,retain_raw_annotations; obtain_missing_predictor_evidence,Data-readiness decision; not a prediction of binding or failure
