candidate_id,sequence_sha256,feature_schema,feature_execution,sequence_length,count_A,count_C,count_D,count_E,count_F,count_G,count_H,count_I,count_K,count_L,count_M,count_N,count_P,count_Q,count_R,count_S,count_T,count_V,count_W,count_Y,fraction_A,fraction_C,fraction_D,fraction_E,fraction_F,fraction_G,fraction_H,fraction_I,fraction_K,fraction_L,fraction_M,fraction_N,fraction_P,fraction_Q,fraction_R,fraction_S,fraction_T,fraction_V,fraction_W,fraction_Y,composition_entropy_bits,interpretation
Q9T0Z9,237c0c8d6d1fc671fe1d6b4fc132154cf7b8044ec87216cbfb35e32c9c2f3c0d,raw_composition_v1,computed_from_input_sequence,645,72,0,42,31,16,64,6,40,25,44,12,49,11,24,44,51,47,40,8,19,0.11162790697674418,0.0,0.06511627906976744,0.04806201550387597,0.024806201550387597,0.09922480620155039,0.009302325581395349,0.06201550387596899,0.03875968992248062,0.06821705426356589,0.018604651162790697,0.07596899224806201,0.017054263565891473,0.037209302325581395,0.06821705426356589,0.07906976744186046,0.07286821705426356,0.06201550387596899,0.012403100775193798,0.02945736434108527,4.013177677938905,descriptive_only_not_binding_or_solubility_prediction
A0A7U4GHF9,3d638b35b546184ac847c1288314396dd0dfb7da01d79fcb31a8d5759bb74eb7,raw_composition_v1,computed_from_input_sequence,394,30,2,26,22,15,28,8,23,13,37,9,22,19,16,19,32,23,32,5,13,0.07614213197969544,0.005076142131979695,0.06598984771573604,0.05583756345177665,0.03807106598984772,0.07106598984771574,0.02030456852791878,0.0583756345177665,0.03299492385786802,0.09390862944162437,0.02284263959390863,0.05583756345177665,0.048223350253807105,0.04060913705583756,0.048223350253807105,0.08121827411167512,0.0583756345177665,0.08121827411167512,0.012690355329949238,0.03299492385786802,4.136143934460078,descriptive_only_not_binding_or_solubility_prediction
I7K2S1,31af91cfbc9aa9e674fab1a2bd2b1581405808214a027ab656f63716f9b8f75a,raw_composition_v1,computed_from_input_sequence,301,16,3,17,18,19,9,3,25,13,20,6,24,13,9,14,34,16,21,3,18,0.053156146179401995,0.009966777408637873,0.05647840531561462,0.059800664451827246,0.06312292358803986,0.029900332225913623,0.009966777408637873,0.08305647840531562,0.04318936877076412,0.0664451827242525,0.019933554817275746,0.07973421926910298,0.04318936877076412,0.029900332225913623,0.046511627906976744,0.11295681063122924,0.053156146179401995,0.06976744186046512,0.009966777408637873,0.059800664451827246,4.105882967902062,descriptive_only_not_binding_or_solubility_prediction
A0A1V0DXW2,d79cea01584a0b61d00656930b19cef1b4a366133d8e8ca7ed6c0f9775600097,raw_composition_v1,computed_from_input_sequence,249,9,6,14,21,10,5,5,27,21,25,5,15,12,6,7,16,19,14,2,10,0.03614457831325301,0.024096385542168676,0.05622489959839357,0.08433734939759036,0.040160642570281124,0.020080321285140562,0.020080321285140562,0.10843373493975904,0.08433734939759036,0.10040160642570281,0.020080321285140562,0.060240963855421686,0.04819277108433735,0.024096385542168676,0.028112449799196786,0.0642570281124498,0.07630522088353414,0.05622489959839357,0.008032128514056224,0.040160642570281124,4.087058111295359,descriptive_only_not_binding_or_solubility_prediction
A0AAD2UYA7,4162ecdd071e275c3f9f01dc72a0b5175b5a1e0394dbd5a1cb3340d7fb46b9bc,raw_composition_v1,computed_from_input_sequence,139,16,1,11,10,5,10,2,8,9,7,3,7,4,5,6,5,13,7,3,7,0.11510791366906475,0.007194244604316547,0.07913669064748201,0.07194244604316546,0.03597122302158273,0.07194244604316546,0.014388489208633094,0.05755395683453238,0.06474820143884892,0.050359712230215826,0.02158273381294964,0.050359712230215826,0.02877697841726619,0.03597122302158273,0.04316546762589928,0.03597122302158273,0.09352517985611511,0.050359712230215826,0.02158273381294964,0.050359712230215826,4.1147557468159555,descriptive_only_not_binding_or_solubility_prediction
S5MLA1,5f5f9211ef028b655d15e9047abd7cb1c6e487af81719a9daa092beac5738a0a,raw_composition_v1,computed_from_input_sequence,267,17,4,7,7,10,62,4,19,2,9,7,17,15,10,15,22,10,15,5,10,0.06367041198501873,0.0149812734082397,0.026217228464419477,0.026217228464419477,0.03745318352059925,0.23220973782771537,0.0149812734082397,0.07116104868913857,0.00749063670411985,0.033707865168539325,0.026217228464419477,0.06367041198501873,0.056179775280898875,0.03745318352059925,0.056179775280898875,0.08239700374531835,0.03745318352059925,0.056179775280898875,0.018726591760299626,0.03745318352059925,3.8931579329592707,descriptive_only_not_binding_or_solubility_prediction
A0A0G2PMU5,699ab633ea6a90a81465b27e99819190b56e586bc629039b6d35f0e2423c6504,raw_composition_v1,computed_from_input_sequence,479,61,2,16,20,10,44,5,33,20,40,9,23,20,19,15,36,52,37,4,13,0.12734864300626306,0.0041753653444676405,0.033402922755741124,0.04175365344467641,0.020876826722338204,0.0918580375782881,0.010438413361169102,0.06889352818371608,0.04175365344467641,0.08350730688935282,0.018789144050104383,0.04801670146137787,0.04175365344467641,0.03966597077244259,0.031315240083507306,0.07515657620041753,0.10855949895615867,0.07724425887265135,0.008350730688935281,0.027139874739039668,3.9878952202383386,descriptive_only_not_binding_or_solubility_prediction
B3VCL5,f48fac3ae786f3fb38b3fee0e1ac105ab43dc6a80cd288c0463e3d4deed67f40,raw_composition_v1,computed_from_input_sequence,569,73,2,41,34,17,40,7,26,35,33,6,33,7,24,40,47,42,34,11,17,0.1282952548330404,0.0035149384885764497,0.07205623901581722,0.05975395430579965,0.029876977152899824,0.070298769771529,0.012302284710017574,0.04569420035149385,0.061511423550087874,0.05799648506151142,0.01054481546572935,0.05799648506151142,0.012302284710017574,0.0421792618629174,0.070298769771529,0.08260105448154657,0.07381370826010544,0.05975395430579965,0.019332161687170474,0.029876977152899824,4.039266859794254,descriptive_only_not_binding_or_solubility_prediction
Q858J8,b52688302df2559fdf274b7d94dc047f197964ad1e9e2f0a9cfa4c768bc7f388,raw_composition_v1,computed_from_input_sequence,558,58,2,41,23,22,52,10,25,23,37,7,48,9,27,35,24,45,33,15,22,0.1039426523297491,0.0035842293906810036,0.07347670250896057,0.04121863799283154,0.03942652329749104,0.0931899641577061,0.017921146953405017,0.044802867383512544,0.04121863799283154,0.06630824372759857,0.012544802867383513,0.08602150537634409,0.016129032258064516,0.04838709677419355,0.06272401433691756,0.043010752688172046,0.08064516129032258,0.05913978494623656,0.026881720430107527,0.03942652329749104,4.087174307261373,descriptive_only_not_binding_or_solubility_prediction
A0AAE7V5N4,671b0a26d696e9d51ee6847d290c5472f9fabb476cf9b9ed0a08d2e284251307,raw_composition_v1,computed_from_input_sequence,387,40,1,28,25,13,30,9,18,33,32,8,9,13,13,25,21,30,27,5,7,0.10335917312661498,0.002583979328165375,0.07235142118863049,0.06459948320413436,0.03359173126614987,0.07751937984496124,0.023255813953488372,0.046511627906976744,0.08527131782945736,0.082687338501292,0.020671834625323,0.023255813953488372,0.03359173126614987,0.03359173126614987,0.06459948320413436,0.05426356589147287,0.07751937984496124,0.06976744186046512,0.012919896640826873,0.01808785529715762,4.0668085799112905,descriptive_only_not_binding_or_solubility_prediction
A0A6M3G9R6,37276c3a50e79940a814c237c70db0dbb257dbdba752b9d03f0ef451023bf234,raw_composition_v1,computed_from_input_sequence,249,8,5,17,21,16,5,5,25,28,18,6,11,13,9,6,11,11,21,3,10,0.0321285140562249,0.020080321285140562,0.06827309236947791,0.08433734939759036,0.0642570281124498,0.020080321285140562,0.020080321285140562,0.10040160642570281,0.11244979919678715,0.07228915662650602,0.024096385542168676,0.04417670682730924,0.05220883534136546,0.03614457831325301,0.024096385542168676,0.04417670682730924,0.04417670682730924,0.08433734939759036,0.012048192771084338,0.040160642570281124,4.095166119647384,descriptive_only_not_binding_or_solubility_prediction
A0A0P0LE96,e92abc0cdf34f2e59b61c8a28763e87d31c64cda99dc6bb5f7299896ad81d52f,raw_composition_v1,computed_from_input_sequence,637,53,1,38,30,23,67,7,35,26,41,10,57,10,35,38,45,41,48,13,19,0.08320251177394035,0.0015698587127158557,0.059654631083202514,0.04709576138147567,0.03610675039246468,0.10518053375196232,0.01098901098901099,0.054945054945054944,0.04081632653061224,0.06436420722135008,0.015698587127158554,0.08948194662480377,0.015698587127158554,0.054945054945054944,0.059654631083202514,0.0706436420722135,0.06436420722135008,0.07535321821036106,0.02040816326530612,0.029827315541601257,4.06668471517851,descriptive_only_not_binding_or_solubility_prediction
A0A0H3NKM1,f3019dacd9c075b4e0f69b495d859ded7f5894231b202e2fba138c1ce9f6f2a5,raw_composition_v1,computed_from_input_sequence,387,45,0,25,20,12,27,8,19,28,35,10,11,17,18,21,28,26,26,4,7,0.11627906976744186,0.0,0.06459948320413436,0.05167958656330749,0.031007751937984496,0.06976744186046512,0.020671834625323,0.04909560723514212,0.07235142118863049,0.09043927648578812,0.025839793281653745,0.028423772609819122,0.04392764857881137,0.046511627906976744,0.05426356589147287,0.07235142118863049,0.06718346253229975,0.06718346253229975,0.0103359173126615,0.01808785529715762,4.06221343757867,descriptive_only_not_binding_or_solubility_prediction
A0A0U2DXE3,6c8c50932ac02f35aaef97a084d9d364f171171b08a5f71d29587014136b1faa,raw_composition_v1,computed_from_input_sequence,549,65,0,34,28,9,58,7,30,21,35,12,47,8,22,36,51,28,37,8,13,0.11839708561020036,0.0,0.061930783242258654,0.051001821493624776,0.01639344262295082,0.10564663023679417,0.012750455373406194,0.0546448087431694,0.03825136612021858,0.06375227686703097,0.02185792349726776,0.08561020036429873,0.014571948998178506,0.04007285974499089,0.06557377049180328,0.09289617486338798,0.051001821493624776,0.06739526411657559,0.014571948998178506,0.023679417122040074,3.9877065619320624,descriptive_only_not_binding_or_solubility_prediction
S5M3B5,89e47e574cb0175826eedd63e6981c304334ccda689d988569ca9c40bbb0a060,raw_composition_v1,computed_from_input_sequence,527,47,3,23,22,12,56,6,29,17,30,9,40,22,22,27,46,58,35,6,17,0.08918406072106262,0.0056925996204933585,0.04364326375711575,0.04174573055028463,0.022770398481973434,0.1062618595825427,0.011385199240986717,0.05502846299810247,0.03225806451612903,0.056925996204933584,0.017077798861480076,0.07590132827324478,0.04174573055028463,0.04174573055028463,0.051233396584440226,0.0872865275142315,0.11005692599620494,0.06641366223908918,0.011385199240986717,0.03225806451612903,4.04420579492304,descriptive_only_not_binding_or_solubility_prediction
A0A7U4GE98,050f48d6bbb1c2af986a6d09cd5207f83b8c12dd65fd07606b21eef83a04f0c2,raw_composition_v1,computed_from_input_sequence,158,14,0,11,14,5,6,3,8,8,16,4,7,6,9,7,6,7,18,5,4,0.08860759493670886,0.0,0.06962025316455696,0.08860759493670886,0.03164556962025317,0.0379746835443038,0.0189873417721519,0.05063291139240506,0.05063291139240506,0.10126582278481013,0.02531645569620253,0.04430379746835443,0.0379746835443038,0.056962025316455694,0.04430379746835443,0.0379746835443038,0.04430379746835443,0.11392405063291139,0.03164556962025317,0.02531645569620253,4.077795890653095,descriptive_only_not_binding_or_solubility_prediction
A0AAE9FSZ1,1c0cffb89096a4367505ba7d2a130c45a67699827289cac5a4168744a1456253,raw_composition_v1,computed_from_input_sequence,387,46,0,26,19,13,27,8,19,29,35,10,13,17,18,20,25,27,25,4,6,0.11886304909560723,0.0,0.06718346253229975,0.04909560723514212,0.03359173126614987,0.06976744186046512,0.020671834625323,0.04909560723514212,0.07493540051679587,0.09043927648578812,0.025839793281653745,0.03359173126614987,0.04392764857881137,0.046511627906976744,0.05167958656330749,0.06459948320413436,0.06976744186046512,0.06459948320413436,0.0103359173126615,0.015503875968992248,4.061295218500178,descriptive_only_not_binding_or_solubility_prediction
A0AAE9FUR5,0b0a5d194507b490da99957bc67691e4831ffc6f90bf0a31ab40a0970f3b21a5,raw_composition_v1,computed_from_input_sequence,452,60,1,23,15,8,43,6,28,19,36,4,30,15,19,14,37,38,34,8,14,0.13274336283185842,0.0022123893805309734,0.05088495575221239,0.033185840707964605,0.017699115044247787,0.09513274336283185,0.01327433628318584,0.061946902654867256,0.0420353982300885,0.07964601769911504,0.008849557522123894,0.06637168141592921,0.033185840707964605,0.0420353982300885,0.030973451327433628,0.08185840707964602,0.084070796460177,0.0752212389380531,0.017699115044247787,0.030973451327433628,3.9936233567548007,descriptive_only_not_binding_or_solubility_prediction
A0AAT9S6U3,efe60e0c4edc1bce817107f1e953ab39400334b5852696582c6a4c5d8e6cdade,raw_composition_v1,computed_from_input_sequence,622,66,2,45,36,25,61,14,40,32,38,9,41,10,27,41,36,30,44,8,17,0.10610932475884244,0.003215434083601286,0.07234726688102894,0.05787781350482315,0.04019292604501608,0.09807073954983923,0.022508038585209004,0.06430868167202572,0.05144694533762058,0.06109324758842444,0.014469453376205787,0.06591639871382636,0.01607717041800643,0.04340836012861737,0.06591639871382636,0.05787781350482315,0.04823151125401929,0.0707395498392283,0.012861736334405145,0.027331189710610933,4.081206248979952,descriptive_only_not_binding_or_solubility_prediction
A0AAX4Q2K6,5e8b50c56777c4991e12e0f2ded55a1099d85ddcbcd4393261c7a87becf9fc6d,raw_composition_v1,computed_from_input_sequence,115,6,1,6,5,1,9,1,9,1,10,8,3,4,5,10,13,11,7,1,4,0.05217391304347826,0.008695652173913044,0.05217391304347826,0.043478260869565216,0.008695652173913044,0.0782608695652174,0.008695652173913044,0.0782608695652174,0.008695652173913044,0.08695652173913043,0.06956521739130435,0.02608695652173913,0.034782608695652174,0.043478260869565216,0.08695652173913043,0.11304347826086956,0.09565217391304348,0.06086956521739131,0.008695652173913044,0.034782608695652174,3.990691103303962,descriptive_only_not_binding_or_solubility_prediction
A0A449C531,2f706398545e9484cf3ab23de0e4d902e5f2983144699b324256cbe738e03593,raw_composition_v1,computed_from_input_sequence,660,42,3,49,41,28,40,2,64,32,41,7,52,24,27,29,41,55,39,5,39,0.06363636363636363,0.004545454545454545,0.07424242424242425,0.06212121212121212,0.04242424242424243,0.06060606060606061,0.0030303030303030303,0.09696969696969697,0.048484848484848485,0.06212121212121212,0.010606060606060607,0.07878787878787878,0.03636363636363636,0.04090909090909091,0.04393939393939394,0.06212121212121212,0.08333333333333333,0.05909090909090909,0.007575757575757576,0.05909090909090909,4.06929551905891,descriptive_only_not_binding_or_solubility_prediction
A0AAE7S353,af70e7c90ab2426588f1267b520d5833a38dc7838ea79ad6b2b98908339c5dee,raw_composition_v1,computed_from_input_sequence,669,83,2,42,23,22,58,6,33,35,49,14,46,20,24,28,43,70,44,11,16,0.12406576980568013,0.0029895366218236174,0.06278026905829596,0.0343796711509716,0.03288490284005979,0.08669656203288491,0.008968609865470852,0.04932735426008968,0.052316890881913304,0.07324364723467862,0.02092675635276532,0.0687593423019432,0.029895366218236172,0.03587443946188341,0.04185351270553064,0.06427503736920777,0.10463378176382661,0.06576980568011959,0.016442451420029897,0.02391629297458894,4.035702841513516,descriptive_only_not_binding_or_solubility_prediction
A0A9P1PWH0,7e60bd943abfc9e1cb1b7e4fae29212ad5b208240d2d771505110ca0ca645295,raw_composition_v1,computed_from_input_sequence,369,36,0,28,21,15,28,6,21,26,30,9,10,16,12,25,19,34,22,5,6,0.0975609756097561,0.0,0.07588075880758807,0.056910569105691054,0.04065040650406504,0.07588075880758807,0.016260162601626018,0.056910569105691054,0.07046070460704607,0.08130081300813008,0.024390243902439025,0.02710027100271003,0.04336043360433604,0.032520325203252036,0.06775067750677506,0.051490514905149054,0.0921409214092141,0.05962059620596206,0.013550135501355014,0.016260162601626018,4.063754450277643,descriptive_only_not_binding_or_solubility_prediction
Q858U5,b01cd292eb360577ff4b8238e56e8bb274479e8bdbe6c7f38f2952522f54a612,raw_composition_v1,computed_from_input_sequence,387,38,1,30,24,13,29,9,17,31,32,8,10,13,13,26,21,33,27,5,7,0.09819121447028424,0.002583979328165375,0.07751937984496124,0.06201550387596899,0.03359173126614987,0.07493540051679587,0.023255813953488372,0.04392764857881137,0.08010335917312661,0.082687338501292,0.020671834625323,0.025839793281653745,0.03359173126614987,0.03359173126614987,0.06718346253229975,0.05426356589147287,0.08527131782945736,0.06976744186046512,0.012919896640826873,0.01808785529715762,4.071023313963971,descriptive_only_not_binding_or_solubility_prediction
A0A7U4JZS3,2cac81f244e27885be637b43068da76fff60c1cab369ba5833ba5674a22b36ce,raw_composition_v1,computed_from_input_sequence,210,15,0,14,18,6,9,8,16,8,20,8,11,8,10,11,10,15,14,5,4,0.07142857142857142,0.0,0.06666666666666667,0.08571428571428572,0.02857142857142857,0.04285714285714286,0.0380952380952381,0.0761904761904762,0.0380952380952381,0.09523809523809523,0.0380952380952381,0.05238095238095238,0.0380952380952381,0.047619047619047616,0.05238095238095238,0.047619047619047616,0.07142857142857142,0.06666666666666667,0.023809523809523808,0.01904761904761905,4.135651871908553,descriptive_only_not_binding_or_solubility_prediction
I7LHK5,a19d5b056f427239366299a89fa3bed3f09f4a6ce19dbbc486db245683ff9805,raw_composition_v1,computed_from_input_sequence,391,20,2,23,23,19,21,7,29,23,25,17,31,16,12,12,33,27,26,4,21,0.05115089514066496,0.005115089514066497,0.058823529411764705,0.058823529411764705,0.04859335038363171,0.05370843989769821,0.017902813299232736,0.0741687979539642,0.058823529411764705,0.0639386189258312,0.043478260869565216,0.0792838874680307,0.04092071611253197,0.030690537084398978,0.030690537084398978,0.08439897698209718,0.06905370843989769,0.06649616368286446,0.010230179028132993,0.05370843989769821,4.159500284405164,descriptive_only_not_binding_or_solubility_prediction
A0A0H3NZ47,d80697b26d5ffe3b4736b6527e486ccd8cf2312ac98625679b5f5030f7c5bb83,raw_composition_v1,computed_from_input_sequence,388,45,0,25,21,13,27,8,20,30,37,8,11,18,18,20,27,25,25,4,6,0.11597938144329897,0.0,0.06443298969072164,0.05412371134020619,0.03350515463917526,0.06958762886597938,0.020618556701030927,0.05154639175257732,0.07731958762886598,0.09536082474226804,0.020618556701030927,0.028350515463917526,0.04639175257731959,0.04639175257731959,0.05154639175257732,0.06958762886597938,0.06443298969072164,0.06443298969072164,0.010309278350515464,0.015463917525773196,4.050826888701981,descriptive_only_not_binding_or_solubility_prediction
A0A449C3Z7,43673ebc598b71fc36926840a497682eff2af35975666ab1aed35ce712cd2865,raw_composition_v1,computed_from_input_sequence,229,15,1,17,5,11,27,3,11,12,11,3,18,9,10,10,22,16,16,4,8,0.06550218340611354,0.004366812227074236,0.07423580786026202,0.021834061135371178,0.048034934497816595,0.11790393013100436,0.013100436681222707,0.048034934497816595,0.05240174672489083,0.048034934497816595,0.013100436681222707,0.07860262008733625,0.039301310043668124,0.043668122270742356,0.043668122270742356,0.09606986899563319,0.06986899563318777,0.06986899563318777,0.017467248908296942,0.034934497816593885,4.071053433324211,descriptive_only_not_binding_or_solubility_prediction
I7K3G3,0d19a5553db33839e3e9d7f1ca2514c718c0e489dff7097164eecfa3420186d8,raw_composition_v1,computed_from_input_sequence,669,106,3,43,30,21,58,6,41,29,31,10,36,22,27,28,42,56,47,10,23,0.15844544095665172,0.004484304932735426,0.06427503736920777,0.04484304932735426,0.03139013452914798,0.08669656203288491,0.008968609865470852,0.061285500747384154,0.043348281016442454,0.04633781763826607,0.014947683109118086,0.053811659192825115,0.03288490284005979,0.04035874439461883,0.04185351270553064,0.06278026905829596,0.08370702541106129,0.07025411061285501,0.014947683109118086,0.0343796711509716,4.018850248739765,descriptive_only_not_binding_or_solubility_prediction
A0A449C5Q6,04ac1b6e91280345743e73baf98a13155d5aa5ffce3f68edca46fc3bf7579fe0,raw_composition_v1,computed_from_input_sequence,260,22,4,7,6,10,62,4,16,1,8,7,17,12,11,14,21,9,14,5,10,0.08461538461538462,0.015384615384615385,0.026923076923076925,0.023076923076923078,0.038461538461538464,0.23846153846153847,0.015384615384615385,0.06153846153846154,0.0038461538461538464,0.03076923076923077,0.026923076923076925,0.06538461538461539,0.046153846153846156,0.04230769230769231,0.05384615384615385,0.08076923076923077,0.03461538461538462,0.05384615384615385,0.019230769230769232,0.038461538461538464,3.860588167016178,descriptive_only_not_binding_or_solubility_prediction
I6Q9A1,d80b009022fb672290626551547c1c9dd640ed8b2ce166890938dce88ce4687d,raw_composition_v1,computed_from_input_sequence,558,59,2,41,23,22,49,11,25,22,35,8,48,9,27,36,25,45,34,15,22,0.1057347670250896,0.0035842293906810036,0.07347670250896057,0.04121863799283154,0.03942652329749104,0.08781362007168458,0.01971326164874552,0.044802867383512544,0.03942652329749104,0.06272401433691756,0.014336917562724014,0.08602150537634409,0.016129032258064516,0.04838709677419355,0.06451612903225806,0.044802867383512544,0.08064516129032258,0.06093189964157706,0.026881720430107527,0.03942652329749104,4.095788871508513,descriptive_only_not_binding_or_solubility_prediction
A0A7D3UKK9,248fe57028a83e391ef05d43c707513edde6079c1819688a95ad6d8b328826f3,raw_composition_v1,computed_from_input_sequence,387,39,1,29,25,13,29,9,17,32,32,8,9,13,13,26,21,31,28,5,7,0.10077519379844961,0.002583979328165375,0.07493540051679587,0.06459948320413436,0.03359173126614987,0.07493540051679587,0.023255813953488372,0.04392764857881137,0.082687338501292,0.082687338501292,0.020671834625323,0.023255813953488372,0.03359173126614987,0.03359173126614987,0.06718346253229975,0.05426356589147287,0.08010335917312661,0.07235142118863049,0.012919896640826873,0.01808785529715762,4.067120238701042,descriptive_only_not_binding_or_solubility_prediction
A0A449C440,76db5d59aa15d8db44a6c9f68dc6368e96ba22dd46797eea03aa47c29fcfb11a,raw_composition_v1,computed_from_input_sequence,288,21,3,14,17,8,24,4,32,17,10,6,21,6,9,7,29,24,25,2,9,0.07291666666666667,0.010416666666666666,0.04861111111111111,0.059027777777777776,0.027777777777777776,0.08333333333333333,0.013888888888888888,0.1111111111111111,0.059027777777777776,0.034722222222222224,0.020833333333333332,0.07291666666666667,0.020833333333333332,0.03125,0.024305555555555556,0.10069444444444445,0.08333333333333333,0.08680555555555555,0.006944444444444444,0.03125,4.025779363088962,descriptive_only_not_binding_or_solubility_prediction
F4N2J8,29627bbbe8ea7dfe2e35208c062a4d62f00d351d957679077a1167c0ec281378,raw_composition_v1,computed_from_input_sequence,155,14,0,14,13,6,4,5,12,8,17,4,8,6,10,6,3,6,11,4,4,0.09032258064516129,0.0,0.09032258064516129,0.08387096774193549,0.03870967741935484,0.025806451612903226,0.03225806451612903,0.07741935483870968,0.05161290322580645,0.10967741935483871,0.025806451612903226,0.05161290322580645,0.03870967741935484,0.06451612903225806,0.03870967741935484,0.01935483870967742,0.03870967741935484,0.07096774193548387,0.025806451612903226,0.025806451612903226,4.070351958750698,descriptive_only_not_binding_or_solubility_prediction
A0A449C5Z2,1dd7cfdf14ac10499a242a2a50492f988b9e12532004ff5282369331d697e3ae,raw_composition_v1,computed_from_input_sequence,288,21,3,15,17,8,24,4,31,16,10,6,19,6,9,8,29,25,26,2,9,0.07291666666666667,0.010416666666666666,0.052083333333333336,0.059027777777777776,0.027777777777777776,0.08333333333333333,0.013888888888888888,0.1076388888888889,0.05555555555555555,0.034722222222222224,0.020833333333333332,0.06597222222222222,0.020833333333333332,0.03125,0.027777777777777776,0.10069444444444445,0.08680555555555555,0.09027777777777778,0.006944444444444444,0.03125,4.03138209773101,descriptive_only_not_binding_or_solubility_prediction
F4N729,cd565017b4e6079c3c291738af8dbf2470f107cc115a7a8b4567e32bbe435367,raw_composition_v1,computed_from_input_sequence,93,13,1,3,6,1,8,2,8,2,9,3,5,6,5,5,1,10,2,2,1,0.13978494623655913,0.010752688172043012,0.03225806451612903,0.06451612903225806,0.010752688172043012,0.08602150537634409,0.021505376344086023,0.08602150537634409,0.021505376344086023,0.0967741935483871,0.03225806451612903,0.053763440860215055,0.06451612903225806,0.053763440860215055,0.053763440860215055,0.010752688172043012,0.10752688172043011,0.021505376344086023,0.021505376344086023,0.010752688172043012,3.9454752763340544,descriptive_only_not_binding_or_solubility_prediction
S5ML14,607ce748a4e1fab093556e28c0e0c90fdef605cf8172eaf0be544952202a513a,raw_composition_v1,computed_from_input_sequence,660,42,3,48,41,28,41,2,63,32,41,9,52,24,27,29,41,55,38,5,39,0.06363636363636363,0.004545454545454545,0.07272727272727272,0.06212121212121212,0.04242424242424243,0.06212121212121212,0.0030303030303030303,0.09545454545454546,0.048484848484848485,0.06212121212121212,0.013636363636363636,0.07878787878787878,0.03636363636363636,0.04090909090909091,0.04393939393939394,0.06212121212121212,0.08333333333333333,0.05757575757575758,0.007575757575757576,0.05909090909090909,4.07766376029964,descriptive_only_not_binding_or_solubility_prediction
I7LHJ5,4e6298264c5c9d8277fc76adabec82cca067fc5e5dad4c5bff54a37d0dd7dc9c,raw_composition_v1,computed_from_input_sequence,219,14,0,12,9,9,17,4,15,10,16,3,11,10,9,5,21,23,21,2,8,0.0639269406392694,0.0,0.0547945205479452,0.0410958904109589,0.0410958904109589,0.0776255707762557,0.0182648401826484,0.0684931506849315,0.045662100456621,0.0730593607305936,0.0136986301369863,0.0502283105022831,0.045662100456621,0.0410958904109589,0.0228310502283105,0.0958904109589041,0.1050228310502283,0.0958904109589041,0.0091324200913242,0.0365296803652968,4.042472833038784,descriptive_only_not_binding_or_solubility_prediction
A0A449C555,d4fca03c0ade8d07aecf959b3e1f22413af38e6613ae461a59c17e209607554e,raw_composition_v1,computed_from_input_sequence,249,6,5,17,21,16,5,5,25,27,18,7,13,13,9,6,11,12,20,3,10,0.024096385542168676,0.020080321285140562,0.06827309236947791,0.08433734939759036,0.0642570281124498,0.020080321285140562,0.020080321285140562,0.10040160642570281,0.10843373493975904,0.07228915662650602,0.028112449799196786,0.05220883534136546,0.05220883534136546,0.03614457831325301,0.024096385542168676,0.04417670682730924,0.04819277108433735,0.08032128514056225,0.012048192771084338,0.040160642570281124,4.100607180092907,descriptive_only_not_binding_or_solubility_prediction
A0AAE9FQ76,6d9f69b6a2a2d5b21dd2584529617d084247e0a796e02e2a82dca4480ee65042,raw_composition_v1,computed_from_input_sequence,383,49,1,18,20,8,31,5,31,21,34,5,19,20,14,15,26,33,20,4,9,0.1279373368146214,0.0026109660574412533,0.04699738903394256,0.05221932114882506,0.020887728459530026,0.08093994778067885,0.013054830287206266,0.08093994778067885,0.05483028720626632,0.08877284595300261,0.013054830287206266,0.04960835509138381,0.05221932114882506,0.03655352480417755,0.0391644908616188,0.06788511749347259,0.08616187989556136,0.05221932114882506,0.010443864229765013,0.02349869451697128,4.020078683814214,descriptive_only_not_binding_or_solubility_prediction
A0A1V0DXT2,4cf9be016acb222c9dd82907ec96196678519449cf00555117b10875c818a327,raw_composition_v1,computed_from_input_sequence,650,48,2,41,43,32,41,3,61,31,41,9,41,25,23,23,57,39,44,6,40,0.07384615384615385,0.003076923076923077,0.06307692307692307,0.06615384615384616,0.04923076923076923,0.06307692307692307,0.004615384615384616,0.09384615384615384,0.047692307692307694,0.06307692307692307,0.013846153846153847,0.06307692307692307,0.038461538461538464,0.03538461538461538,0.03538461538461538,0.0876923076923077,0.06,0.06769230769230769,0.009230769230769232,0.06153846153846154,4.079568290902715,descriptive_only_not_binding_or_solubility_prediction
I7K324,628e0cfdf66a9ac8811855af973f3e5a7faeaeda92f37c3b328834a7ec1497ca,raw_composition_v1,computed_from_input_sequence,608,34,6,42,37,26,56,4,45,27,38,9,53,31,17,19,37,46,43,14,24,0.05592105263157895,0.009868421052631578,0.06907894736842106,0.06085526315789474,0.04276315789473684,0.09210526315789473,0.006578947368421052,0.07401315789473684,0.044407894736842105,0.0625,0.014802631578947368,0.08717105263157894,0.05098684210526316,0.027960526315789474,0.03125,0.06085526315789474,0.0756578947368421,0.07072368421052631,0.023026315789473683,0.039473684210526314,4.120522435694371,descriptive_only_not_binding_or_solubility_prediction
A0A0G2PMY8,725a0d6fec836debf2a97c3bc879782b127ba0b7d0db368c536fa10e0f2bc334,raw_composition_v1,computed_from_input_sequence,302,45,2,19,25,3,14,3,13,6,32,3,9,18,10,21,17,19,33,1,9,0.1490066225165563,0.006622516556291391,0.06291390728476821,0.08278145695364239,0.009933774834437087,0.046357615894039736,0.009933774834437087,0.04304635761589404,0.019867549668874173,0.10596026490066225,0.009933774834437087,0.029801324503311258,0.059602649006622516,0.033112582781456956,0.0695364238410596,0.056291390728476824,0.06291390728476821,0.10927152317880795,0.0033112582781456954,0.029801324503311258,3.8961488338126506,descriptive_only_not_binding_or_solubility_prediction
A0A088F649,d04c570455dadb2885ec7beccd299a76d7320d05ac41aa68161a025d3151a77a,raw_composition_v1,computed_from_input_sequence,648,72,1,44,29,14,62,7,41,27,43,12,51,13,21,44,48,48,44,6,21,0.1111111111111111,0.0015432098765432098,0.06790123456790123,0.044753086419753084,0.021604938271604937,0.09567901234567901,0.010802469135802469,0.06327160493827161,0.041666666666666664,0.06635802469135803,0.018518518518518517,0.0787037037037037,0.020061728395061727,0.032407407407407406,0.06790123456790123,0.07407407407407407,0.07407407407407407,0.06790123456790123,0.009259259259259259,0.032407407407407406,4.022243379358219,descriptive_only_not_binding_or_solubility_prediction
S5M9F2,1b77bafe97676059c7945334f5b2df29004279673d1af9686ce84ae0000d71f3,raw_composition_v1,computed_from_input_sequence,390,20,2,23,23,19,21,7,30,23,25,17,31,16,11,12,33,27,25,4,21,0.05128205128205128,0.005128205128205128,0.05897435897435897,0.05897435897435897,0.04871794871794872,0.05384615384615385,0.017948717948717947,0.07692307692307693,0.05897435897435897,0.0641025641025641,0.04358974358974359,0.07948717948717948,0.041025641025641026,0.028205128205128206,0.03076923076923077,0.08461538461538462,0.06923076923076923,0.0641025641025641,0.010256410256410256,0.05384615384615385,4.156585381894821,descriptive_only_not_binding_or_solubility_prediction
A0AAE7CTI2,81f52f281797e2a3702f544a73dc81aacaf4a9638add7bc3e6f56900d19e1735,raw_composition_v1,computed_from_input_sequence,175,15,0,11,18,4,6,1,12,9,12,3,11,7,9,11,10,11,14,6,5,0.08571428571428572,0.0,0.06285714285714286,0.10285714285714286,0.022857142857142857,0.03428571428571429,0.005714285714285714,0.06857142857142857,0.05142857142857143,0.06857142857142857,0.017142857142857144,0.06285714285714286,0.04,0.05142857142857143,0.06285714285714286,0.05714285714285714,0.06285714285714286,0.08,0.03428571428571429,0.02857142857142857,4.076739325999545,descriptive_only_not_binding_or_solubility_prediction
A0A0B4ZXE3,3124183e9821df432db7ac3c768868a86e973dbef06e467487b2cb79b378a225,raw_composition_v1,computed_from_input_sequence,608,33,6,42,37,26,55,4,45,27,38,10,54,31,17,19,39,44,43,14,24,0.054276315789473686,0.009868421052631578,0.06907894736842106,0.06085526315789474,0.04276315789473684,0.09046052631578948,0.006578947368421052,0.07401315789473684,0.044407894736842105,0.0625,0.01644736842105263,0.08881578947368421,0.05098684210526316,0.027960526315789474,0.03125,0.06414473684210527,0.07236842105263158,0.07072368421052631,0.023026315789473683,0.039473684210526314,4.124403474913789,descriptive_only_not_binding_or_solubility_prediction
A0A0H3NZ57,743e21f9b05dae4a29b622853aea9b32658cf3fdfe77ccae6a2d0c884fee96dc,raw_composition_v1,computed_from_input_sequence,430,51,7,24,15,14,32,12,29,18,34,9,27,23,15,23,28,32,17,3,17,0.1186046511627907,0.01627906976744186,0.05581395348837209,0.03488372093023256,0.03255813953488372,0.07441860465116279,0.027906976744186046,0.06744186046511629,0.04186046511627907,0.07906976744186046,0.020930232558139535,0.06279069767441861,0.053488372093023255,0.03488372093023256,0.053488372093023255,0.06511627906976744,0.07441860465116279,0.03953488372093023,0.0069767441860465115,0.03953488372093023,4.132478782944226,descriptive_only_not_binding_or_solubility_prediction
S5MRA5,c60d3696ead8f7842f23b321a2e85f8ae3f9104b6bf012aa89e9c5f9b9c29e51,raw_composition_v1,computed_from_input_sequence,334,16,5,26,24,13,21,3,23,14,18,13,19,28,4,18,20,23,20,9,17,0.04790419161676647,0.014970059880239521,0.07784431137724551,0.0718562874251497,0.038922155688622756,0.06287425149700598,0.008982035928143712,0.0688622754491018,0.041916167664670656,0.05389221556886228,0.038922155688622756,0.05688622754491018,0.08383233532934131,0.011976047904191617,0.05389221556886228,0.059880239520958084,0.0688622754491018,0.059880239520958084,0.02694610778443114,0.05089820359281437,4.171790652241349,descriptive_only_not_binding_or_solubility_prediction
A0A0B5A4Q9,cfb1b0edf5a228825f7dfae24d63985f58af86415032b76c5abcc0525b434e54,raw_composition_v1,computed_from_input_sequence,175,8,3,14,13,4,7,2,16,17,12,5,12,8,6,4,9,8,15,4,8,0.045714285714285714,0.017142857142857144,0.08,0.07428571428571429,0.022857142857142857,0.04,0.011428571428571429,0.09142857142857143,0.09714285714285714,0.06857142857142857,0.02857142857142857,0.06857142857142857,0.045714285714285714,0.03428571428571429,0.022857142857142857,0.05142857142857143,0.045714285714285714,0.08571428571428572,0.022857142857142857,0.045714285714285714,4.1278218264286535,descriptive_only_not_binding_or_solubility_prediction
A0A3B8DLH1,9c3da55da037d84892cdd5db6064e19c91cdb3333519a4cafea9423840f828a8,raw_composition_v1,computed_from_input_sequence,288,22,3,15,17,8,24,4,31,16,10,6,19,6,9,8,29,24,26,2,9,0.0763888888888889,0.010416666666666666,0.052083333333333336,0.059027777777777776,0.027777777777777776,0.08333333333333333,0.013888888888888888,0.1076388888888889,0.05555555555555555,0.034722222222222224,0.020833333333333332,0.06597222222222222,0.020833333333333332,0.03125,0.027777777777777776,0.10069444444444445,0.08333333333333333,0.09027777777777778,0.006944444444444444,0.03125,4.032036524798349,descriptive_only_not_binding_or_solubility_prediction
A0A449C3U4,79f68b4c624ff7b2110c55de3605bd682d1957a8c6a6caaf7813391e44ea1321,raw_composition_v1,computed_from_input_sequence,334,14,5,27,23,13,22,3,24,14,17,12,19,28,4,17,20,25,21,9,17,0.041916167664670656,0.014970059880239521,0.08083832335329341,0.0688622754491018,0.038922155688622756,0.0658682634730539,0.008982035928143712,0.0718562874251497,0.041916167664670656,0.05089820359281437,0.03592814371257485,0.05688622754491018,0.08383233532934131,0.011976047904191617,0.05089820359281437,0.059880239520958084,0.0748502994011976,0.06287425149700598,0.02694610778443114,0.05089820359281437,4.162906872342277,descriptive_only_not_binding_or_solubility_prediction
A0AAX4Q199,05ca9265f46ef736acf4f89b5bf4cec2148b16c56c4ee13605d4fae053b874c1,raw_composition_v1,computed_from_input_sequence,389,41,0,29,24,12,25,8,14,32,41,8,11,15,13,23,28,33,22,6,4,0.10539845758354756,0.0,0.07455012853470437,0.061696658097686374,0.030848329048843187,0.06426735218508997,0.02056555269922879,0.03598971722365039,0.08226221079691516,0.10539845758354756,0.02056555269922879,0.028277634961439587,0.038560411311053984,0.033419023136246784,0.05912596401028278,0.07197943444730077,0.08483290488431877,0.056555269922879174,0.015424164524421594,0.010282776349614395,4.022259508606779,descriptive_only_not_binding_or_solubility_prediction
A0A6M3GA37,2c217471858defdc752c220402df9ee8d3451f1b257cab61c1ca7b0e9e732dfc,raw_composition_v1,computed_from_input_sequence,219,15,0,12,10,11,16,3,19,12,11,6,13,10,14,5,16,17,20,2,7,0.0684931506849315,0.0,0.0547945205479452,0.045662100456621,0.0502283105022831,0.0730593607305936,0.0136986301369863,0.0867579908675799,0.0547945205479452,0.0502283105022831,0.0273972602739726,0.0593607305936073,0.045662100456621,0.0639269406392694,0.0228310502283105,0.0730593607305936,0.0776255707762557,0.091324200913242,0.0091324200913242,0.0319634703196347,4.090955817164618,descriptive_only_not_binding_or_solubility_prediction
A0A1V0DXR7,c030ff42fc3bbff5f22656d93eb4a73fdf681a74e48dd6cdcbb089d3dbf2953b,raw_composition_v1,computed_from_input_sequence,314,15,5,25,23,10,23,2,26,12,9,11,23,24,9,14,17,15,23,9,19,0.04777070063694268,0.01592356687898089,0.07961783439490445,0.0732484076433121,0.03184713375796178,0.0732484076433121,0.006369426751592357,0.08280254777070063,0.03821656050955414,0.028662420382165606,0.03503184713375796,0.0732484076433121,0.07643312101910828,0.028662420382165606,0.044585987261146494,0.054140127388535034,0.04777070063694268,0.0732484076433121,0.028662420382165606,0.06050955414012739,4.158595240929039,descriptive_only_not_binding_or_solubility_prediction
A0A0G2PMU8,5064f6fcec4467f4c520f81f523bede6bcb7c74c31d38b22320b5989adc258f2,raw_composition_v1,computed_from_input_sequence,116,9,0,6,3,1,8,2,12,2,11,5,2,6,5,8,11,15,6,1,3,0.07758620689655173,0.0,0.05172413793103448,0.02586206896551724,0.008620689655172414,0.06896551724137931,0.017241379310344827,0.10344827586206896,0.017241379310344827,0.09482758620689655,0.04310344827586207,0.017241379310344827,0.05172413793103448,0.04310344827586207,0.06896551724137931,0.09482758620689655,0.12931034482758622,0.05172413793103448,0.008620689655172414,0.02586206896551724,3.9311007319209827,descriptive_only_not_binding_or_solubility_prediction
A0AAE9JYJ2,120f3af6759a264e52478235dfbaa81810e5f380065545658e80af9f323aabd8,raw_composition_v1,computed_from_input_sequence,386,44,0,25,20,12,27,8,19,29,35,9,12,17,18,20,26,29,25,4,7,0.11398963730569948,0.0,0.06476683937823834,0.05181347150259067,0.031088082901554404,0.06994818652849741,0.02072538860103627,0.04922279792746114,0.07512953367875648,0.09067357512953368,0.023316062176165803,0.031088082901554404,0.04404145077720207,0.046632124352331605,0.05181347150259067,0.06735751295336788,0.07512953367875648,0.06476683937823834,0.010362694300518135,0.018134715025906734,4.062295965733976,descriptive_only_not_binding_or_solubility_prediction
I7J474,ffe762bf42609b725c0518ff6f72a43197722791892ee8fc63033e80c2d6664e,raw_composition_v1,computed_from_input_sequence,364,26,1,16,16,16,27,1,27,20,26,9,26,11,10,16,46,39,14,3,14,0.07142857142857142,0.0027472527472527475,0.04395604395604396,0.04395604395604396,0.04395604395604396,0.07417582417582418,0.0027472527472527475,0.07417582417582418,0.054945054945054944,0.07142857142857142,0.024725274725274724,0.07142857142857142,0.03021978021978022,0.027472527472527472,0.04395604395604396,0.12637362637362637,0.10714285714285714,0.038461538461538464,0.008241758241758242,0.038461538461538464,4.0099526054996,descriptive_only_not_binding_or_solubility_prediction
I7KR83,df2d099338d5c31a67515047bc0a21c189f8f9fb36971df1ceade94dc69581f6,raw_composition_v1,computed_from_input_sequence,288,21,2,19,12,10,24,3,24,12,20,2,20,9,6,11,20,27,31,2,13,0.07291666666666667,0.006944444444444444,0.06597222222222222,0.041666666666666664,0.034722222222222224,0.08333333333333333,0.010416666666666666,0.08333333333333333,0.041666666666666664,0.06944444444444445,0.006944444444444444,0.06944444444444445,0.03125,0.020833333333333332,0.03819444444444445,0.06944444444444445,0.09375,0.1076388888888889,0.006944444444444444,0.04513888888888889,4.022296337662649,descriptive_only_not_binding_or_solubility_prediction
A0ZXG5,d014e9f121fd72e570d570d0bbf9b3c8d0cabe55c16ac46ecd2105b4d7fe782e,raw_composition_v1,computed_from_input_sequence,569,69,2,39,34,17,41,7,26,35,35,6,35,7,21,41,47,43,36,11,17,0.12126537785588752,0.0035149384885764497,0.06854130052724078,0.05975395430579965,0.029876977152899824,0.07205623901581722,0.012302284710017574,0.04569420035149385,0.061511423550087874,0.061511423550087874,0.01054481546572935,0.061511423550087874,0.012302284710017574,0.03690685413005272,0.07205623901581722,0.08260105448154657,0.07557117750439367,0.0632688927943761,0.019332161687170474,0.029876977152899824,4.0428133498331595,descriptive_only_not_binding_or_solubility_prediction
A0A449C435,672a53ea2d2286f730ed76d4c5f08b2e1b959fc130853cd00fa68ccd6956630e,raw_composition_v1,computed_from_input_sequence,196,17,1,14,11,7,10,1,14,17,12,5,16,9,7,7,7,7,9,3,22,0.08673469387755102,0.00510204081632653,0.07142857142857142,0.05612244897959184,0.03571428571428571,0.05102040816326531,0.00510204081632653,0.07142857142857142,0.08673469387755102,0.061224489795918366,0.025510204081632654,0.08163265306122448,0.04591836734693878,0.03571428571428571,0.03571428571428571,0.03571428571428571,0.03571428571428571,0.04591836734693878,0.015306122448979591,0.11224489795918367,4.075626430506735,descriptive_only_not_binding_or_solubility_prediction
A0A7U4K0B3,b5b44457b38e48f8f34693faee6ae52e118267f4a60339edf4a9bcda19bb25fb,raw_composition_v1,computed_from_input_sequence,155,13,0,14,13,6,4,5,10,9,18,4,7,5,10,4,3,9,12,5,4,0.08387096774193549,0.0,0.09032258064516129,0.08387096774193549,0.03870967741935484,0.025806451612903226,0.03225806451612903,0.06451612903225806,0.05806451612903226,0.11612903225806452,0.025806451612903226,0.04516129032258064,0.03225806451612903,0.06451612903225806,0.025806451612903226,0.01935483870967742,0.05806451612903226,0.07741935483870968,0.03225806451612903,0.025806451612903226,4.0642864573838935,descriptive_only_not_binding_or_solubility_prediction
A0AAE9FRM6,4e190b980574b21f7a969d040dd80de5b0f6af2dca0924009fba2fb2e3a0d51c,raw_composition_v1,computed_from_input_sequence,391,54,1,23,15,12,29,4,26,21,33,9,22,16,19,11,24,32,25,4,11,0.13810741687979539,0.0025575447570332483,0.058823529411764705,0.03836317135549872,0.030690537084398978,0.0741687979539642,0.010230179028132993,0.06649616368286446,0.05370843989769821,0.08439897698209718,0.023017902813299233,0.056265984654731455,0.04092071611253197,0.04859335038363171,0.028132992327365727,0.061381074168797956,0.08184143222506395,0.0639386189258312,0.010230179028132993,0.028132992327365727,4.038605983633191,descriptive_only_not_binding_or_solubility_prediction
A0AAE7PDX0,f714de0ba23f8323ef126203da7cc2f5d44e81f44385fa6f1eaea034037fc583,raw_composition_v1,computed_from_input_sequence,384,31,5,23,23,14,35,4,32,12,14,7,16,19,14,17,31,39,31,4,13,0.08072916666666667,0.013020833333333334,0.059895833333333336,0.059895833333333336,0.036458333333333336,0.09114583333333333,0.010416666666666666,0.08333333333333333,0.03125,0.036458333333333336,0.018229166666666668,0.041666666666666664,0.049479166666666664,0.036458333333333336,0.044270833333333336,0.08072916666666667,0.1015625,0.08072916666666667,0.010416666666666666,0.033854166666666664,4.087638313143722,descriptive_only_not_binding_or_solubility_prediction
A0A2C9CXH4,9909ec758661fd1e45d2c2fc8bb7ec113883ceded26712a7cc0d7a10b92aa7e4,raw_composition_v1,computed_from_input_sequence,291,14,7,17,28,15,13,6,18,20,27,9,20,10,16,6,18,14,24,3,6,0.048109965635738834,0.024054982817869417,0.058419243986254296,0.09621993127147767,0.05154639175257732,0.044673539518900345,0.020618556701030927,0.061855670103092786,0.06872852233676977,0.09278350515463918,0.030927835051546393,0.06872852233676977,0.03436426116838488,0.054982817869415807,0.020618556701030927,0.061855670103092786,0.048109965635738834,0.08247422680412371,0.010309278350515464,0.020618556701030927,4.1453302963069625,descriptive_only_not_binding_or_solubility_prediction
A0A7D3UH03,248fe57028a83e391ef05d43c707513edde6079c1819688a95ad6d8b328826f3,raw_composition_v1,computed_from_input_sequence,387,39,1,29,25,13,29,9,17,32,32,8,9,13,13,26,21,31,28,5,7,0.10077519379844961,0.002583979328165375,0.07493540051679587,0.06459948320413436,0.03359173126614987,0.07493540051679587,0.023255813953488372,0.04392764857881137,0.082687338501292,0.082687338501292,0.020671834625323,0.023255813953488372,0.03359173126614987,0.03359173126614987,0.06718346253229975,0.05426356589147287,0.08010335917312661,0.07235142118863049,0.012919896640826873,0.01808785529715762,4.067120238701042,descriptive_only_not_binding_or_solubility_prediction
A0AA51VH76,48b98c90c4a18ffd2a09e4f6ff16cf2dcfeab9427f82fbca6470ed42415c2227,raw_composition_v1,computed_from_input_sequence,559,53,2,42,23,23,52,13,24,23,36,8,43,9,29,35,30,46,33,15,20,0.09481216457960644,0.0035778175313059034,0.07513416815742398,0.04114490161001789,0.04114490161001789,0.09302325581395349,0.023255813953488372,0.04293381037567084,0.04114490161001789,0.06440071556350627,0.014311270125223614,0.07692307692307693,0.016100178890876567,0.0518783542039356,0.0626118067978533,0.05366726296958855,0.08228980322003578,0.059033989266547404,0.026833631484794274,0.03577817531305903,4.110728746368378,descriptive_only_not_binding_or_solubility_prediction
A0A2H1UJ87,22a1d747511f18cc857c257a7ce53920f6125862962fcad60dc7f0d89058f2dd,raw_composition_v1,computed_from_input_sequence,520,48,1,36,25,14,51,3,31,26,41,9,42,9,19,27,42,44,36,7,9,0.09230769230769231,0.0019230769230769232,0.06923076923076923,0.04807692307692308,0.026923076923076925,0.09807692307692308,0.0057692307692307696,0.05961538461538462,0.05,0.07884615384615384,0.01730769230769231,0.08076923076923077,0.01730769230769231,0.03653846153846154,0.051923076923076926,0.08076923076923077,0.08461538461538462,0.06923076923076923,0.013461538461538462,0.01730769230769231,4.009457036570775,descriptive_only_not_binding_or_solubility_prediction
A0A449C528,ba66f857772480b5cf0b8efdd5551124bbe5f4f238a153f0667abcc4fd5cbe94,raw_composition_v1,computed_from_input_sequence,288,20,3,15,17,8,24,4,31,16,10,6,19,6,9,8,29,26,26,2,9,0.06944444444444445,0.010416666666666666,0.052083333333333336,0.059027777777777776,0.027777777777777776,0.08333333333333333,0.013888888888888888,0.1076388888888889,0.05555555555555555,0.034722222222222224,0.020833333333333332,0.06597222222222222,0.020833333333333332,0.03125,0.027777777777777776,0.10069444444444445,0.09027777777777778,0.09027777777777778,0.006944444444444444,0.03125,4.03028861180499,descriptive_only_not_binding_or_solubility_prediction
A0A6M3GA49,159abe8f58dd77d29862503519a2c442aece6f10cf05df0aecd3b00188ec4c46,raw_composition_v1,computed_from_input_sequence,660,42,3,50,40,28,40,2,63,32,41,9,51,24,27,29,42,54,39,5,39,0.06363636363636363,0.004545454545454545,0.07575757575757576,0.06060606060606061,0.04242424242424243,0.06060606060606061,0.0030303030303030303,0.09545454545454546,0.048484848484848485,0.06212121212121212,0.013636363636363636,0.07727272727272727,0.03636363636363636,0.04090909090909091,0.04393939393939394,0.06363636363636363,0.08181818181818182,0.05909090909090909,0.007575757575757576,0.05909090909090909,4.078062697831844,descriptive_only_not_binding_or_solubility_prediction
A0A1V0DXD5,daf6db49e9a1364fd6ffad5eac8abdb1f89f7c8a4a1d254396500802750b9915,raw_composition_v1,computed_from_input_sequence,289,38,1,7,2,14,68,5,17,2,9,8,26,12,10,10,16,16,18,7,3,0.1314878892733564,0.0034602076124567475,0.02422145328719723,0.006920415224913495,0.04844290657439446,0.23529411764705882,0.01730103806228374,0.058823529411764705,0.006920415224913495,0.031141868512110725,0.02768166089965398,0.08996539792387544,0.04152249134948097,0.03460207612456748,0.03460207612456748,0.05536332179930796,0.05536332179930796,0.06228373702422145,0.02422145328719723,0.010380622837370242,3.7351901377658683,descriptive_only_not_binding_or_solubility_prediction
A0A3B8DLJ2,6f4d5e0334002805ace884c84d06ad49b30fb72006e758c002e1a9240ababea8,raw_composition_v1,computed_from_input_sequence,219,13,0,12,10,11,16,3,18,12,11,6,13,10,13,5,17,17,23,2,7,0.0593607305936073,0.0,0.0547945205479452,0.045662100456621,0.0502283105022831,0.0730593607305936,0.0136986301369863,0.0821917808219178,0.0547945205479452,0.0502283105022831,0.0273972602739726,0.0593607305936073,0.045662100456621,0.0593607305936073,0.0228310502283105,0.0776255707762557,0.0776255707762557,0.1050228310502283,0.0091324200913242,0.0319634703196347,4.082995253273808,descriptive_only_not_binding_or_solubility_prediction
A0AAE7PDK2,7bcf2e151a6f658f0221f3377dccc250e6b3d07e723801d6ca576983f0d61113,raw_composition_v1,computed_from_input_sequence,176,5,3,13,19,7,14,4,12,21,17,5,10,4,3,6,4,11,11,3,4,0.028409090909090908,0.017045454545454544,0.07386363636363637,0.10795454545454546,0.03977272727272727,0.07954545454545454,0.022727272727272728,0.06818181818181818,0.11931818181818182,0.09659090909090909,0.028409090909090908,0.056818181818181816,0.022727272727272728,0.017045454545454544,0.03409090909090909,0.022727272727272728,0.0625,0.0625,0.017045454545454544,0.022727272727272728,4.045588597834338,descriptive_only_not_binding_or_solubility_prediction
F4N728,7d445189e2f584bbf2b94cc19513900eb235811ee122d8ef1382265cb26bd03e,raw_composition_v1,computed_from_input_sequence,160,20,3,8,8,2,3,4,12,11,15,6,10,9,5,9,12,10,7,0,6,0.125,0.01875,0.05,0.05,0.0125,0.01875,0.025,0.075,0.06875,0.09375,0.0375,0.0625,0.05625,0.03125,0.05625,0.075,0.0625,0.04375,0.0,0.0375,4.056787904139095,descriptive_only_not_binding_or_solubility_prediction
A0AAE9JVZ5,b9eb1d0ea2da37f8418fe2f839432f3c245324d01d42848e49252746b353315e,raw_composition_v1,computed_from_input_sequence,363,31,0,30,18,8,27,6,22,32,32,6,16,11,14,21,22,33,23,4,7,0.08539944903581267,0.0,0.08264462809917356,0.049586776859504134,0.02203856749311295,0.0743801652892562,0.01652892561983471,0.06060606060606061,0.0881542699724518,0.0881542699724518,0.01652892561983471,0.0440771349862259,0.030303030303030304,0.03856749311294766,0.05785123966942149,0.06060606060606061,0.09090909090909091,0.06336088154269973,0.011019283746556474,0.01928374655647383,4.037666632546624,descriptive_only_not_binding_or_solubility_prediction
A0A449C5C7,1b0b186f668edacaa8e8fb4cde25f22ca7559860a0c6bba59938608e5d16ce1b,raw_composition_v1,computed_from_input_sequence,334,16,5,27,23,13,22,3,23,14,18,13,19,28,4,17,20,23,20,9,17,0.04790419161676647,0.014970059880239521,0.08083832335329341,0.0688622754491018,0.038922155688622756,0.0658682634730539,0.008982035928143712,0.0688622754491018,0.041916167664670656,0.05389221556886228,0.038922155688622756,0.05688622754491018,0.08383233532934131,0.011976047904191617,0.05089820359281437,0.059880239520958084,0.0688622754491018,0.059880239520958084,0.02694610778443114,0.05089820359281437,4.170382260427846,descriptive_only_not_binding_or_solubility_prediction
I7LH81,bf33fb7cbbaf7ab3fc2b3401420bd3e4ec7f934fe0d20cfdb66b18a78373ff72,raw_composition_v1,computed_from_input_sequence,334,15,5,25,23,11,23,2,27,16,9,13,25,24,9,15,20,17,26,9,20,0.04491017964071856,0.014970059880239521,0.0748502994011976,0.0688622754491018,0.03293413173652695,0.0688622754491018,0.005988023952095809,0.08083832335329341,0.04790419161676647,0.02694610778443114,0.038922155688622756,0.0748502994011976,0.0718562874251497,0.02694610778443114,0.04491017964071856,0.059880239520958084,0.05089820359281437,0.07784431137724551,0.02694610778443114,0.059880239520958084,4.162635596863339,descriptive_only_not_binding_or_solubility_prediction
A0A1V0DXT5,b2e413efadfc3a1db0e2cd185f6dee8de7b5ced2172e482a058312b4a3b34f4c,raw_composition_v1,computed_from_input_sequence,224,17,0,16,5,8,22,2,19,10,11,5,13,11,13,4,14,25,19,2,8,0.07589285714285714,0.0,0.07142857142857142,0.022321428571428572,0.03571428571428571,0.09821428571428571,0.008928571428571428,0.08482142857142858,0.044642857142857144,0.049107142857142856,0.022321428571428572,0.05803571428571429,0.049107142857142856,0.05803571428571429,0.017857142857142856,0.0625,0.11160714285714286,0.08482142857142858,0.008928571428571428,0.03571428571428571,4.007477809313214,descriptive_only_not_binding_or_solubility_prediction
A0A6M3G969,1430accbc644ca24791119775a93a23100d06bf79301b5d3efa07f8129fdcf46,raw_composition_v1,computed_from_input_sequence,239,12,8,13,23,6,8,10,29,23,26,4,10,10,2,4,12,13,14,3,9,0.0502092050209205,0.03347280334728033,0.05439330543933055,0.09623430962343096,0.02510460251046025,0.03347280334728033,0.04184100418410042,0.12133891213389121,0.09623430962343096,0.1087866108786611,0.016736401673640166,0.04184100418410042,0.04184100418410042,0.008368200836820083,0.016736401673640166,0.0502092050209205,0.05439330543933055,0.058577405857740586,0.012552301255230125,0.03765690376569038,4.0465485507721075,descriptive_only_not_binding_or_solubility_prediction
A0AAX4Q2X2,f7a5e3b1382a78cd7009fb060e41c99cfe086efbb2623b0a6d3e24265f531240,raw_composition_v1,computed_from_input_sequence,302,36,2,21,26,1,13,3,21,5,27,2,8,18,17,18,23,19,29,1,12,0.11920529801324503,0.006622516556291391,0.0695364238410596,0.08609271523178808,0.0033112582781456954,0.04304635761589404,0.009933774834437087,0.0695364238410596,0.016556291390728478,0.08940397350993377,0.006622516556291391,0.026490066225165563,0.059602649006622516,0.056291390728476824,0.059602649006622516,0.076158940397351,0.06291390728476821,0.09602649006622517,0.0033112582781456954,0.039735099337748346,3.9274246521846163,descriptive_only_not_binding_or_solubility_prediction
A0A2D0PE70,4014be7c3ef4e103e5b9829fd014cbcfaf85532cd94d88bf1df5ab2ef9fd4468,raw_composition_v1,computed_from_input_sequence,520,49,1,34,25,14,52,3,30,26,41,9,43,9,19,27,41,44,37,7,9,0.09423076923076923,0.0019230769230769232,0.06538461538461539,0.04807692307692308,0.026923076923076925,0.1,0.0057692307692307696,0.057692307692307696,0.05,0.07884615384615384,0.01730769230769231,0.08269230769230769,0.01730769230769231,0.03653846153846154,0.051923076923076926,0.07884615384615384,0.08461538461538462,0.07115384615384615,0.013461538461538462,0.01730769230769231,4.006915398818593,descriptive_only_not_binding_or_solubility_prediction
A0A0H3NU58,191db7b8b8722060d46efe82c9dbaea1d1c045e403e1236214d89e958bbeb7ba,raw_composition_v1,computed_from_input_sequence,302,42,2,21,21,7,15,4,16,5,30,3,10,19,14,19,18,18,26,0,12,0.1390728476821192,0.006622516556291391,0.0695364238410596,0.0695364238410596,0.023178807947019868,0.04966887417218543,0.013245033112582781,0.052980132450331126,0.016556291390728478,0.09933774834437085,0.009933774834437087,0.033112582781456956,0.06291390728476821,0.046357615894039736,0.06291390728476821,0.059602649006622516,0.059602649006622516,0.08609271523178808,0.0,0.039735099337748346,3.9666413921476464,descriptive_only_not_binding_or_solubility_prediction
A0A449C3S4,6f4d5e0334002805ace884c84d06ad49b30fb72006e758c002e1a9240ababea8,raw_composition_v1,computed_from_input_sequence,219,13,0,12,10,11,16,3,18,12,11,6,13,10,13,5,17,17,23,2,7,0.0593607305936073,0.0,0.0547945205479452,0.045662100456621,0.0502283105022831,0.0730593607305936,0.0136986301369863,0.0821917808219178,0.0547945205479452,0.0502283105022831,0.0273972602739726,0.0593607305936073,0.045662100456621,0.0593607305936073,0.0228310502283105,0.0776255707762557,0.0776255707762557,0.1050228310502283,0.0091324200913242,0.0319634703196347,4.082995253273808,descriptive_only_not_binding_or_solubility_prediction
S5MRE6,ffe762bf42609b725c0518ff6f72a43197722791892ee8fc63033e80c2d6664e,raw_composition_v1,computed_from_input_sequence,364,26,1,16,16,16,27,1,27,20,26,9,26,11,10,16,46,39,14,3,14,0.07142857142857142,0.0027472527472527475,0.04395604395604396,0.04395604395604396,0.04395604395604396,0.07417582417582418,0.0027472527472527475,0.07417582417582418,0.054945054945054944,0.07142857142857142,0.024725274725274724,0.07142857142857142,0.03021978021978022,0.027472527472527472,0.04395604395604396,0.12637362637362637,0.10714285714285714,0.038461538461538464,0.008241758241758242,0.038461538461538464,4.0099526054996,descriptive_only_not_binding_or_solubility_prediction
A0A3B8DL31,2a666ca6318f09aa43a03334b79128df3a18f9c0c6069f1512bdd1c7786c7019,raw_composition_v1,computed_from_input_sequence,216,16,0,12,4,8,24,2,13,8,10,3,16,12,8,7,23,22,18,1,9,0.07407407407407407,0.0,0.05555555555555555,0.018518518518518517,0.037037037037037035,0.1111111111111111,0.009259259259259259,0.06018518518518518,0.037037037037037035,0.046296296296296294,0.013888888888888888,0.07407407407407407,0.05555555555555555,0.037037037037037035,0.032407407407407406,0.10648148148148148,0.10185185185185185,0.08333333333333333,0.004629629629629629,0.041666666666666664,3.969947849783078,descriptive_only_not_binding_or_solubility_prediction
A0AA86IWK5,2f400e1a1324d766d1e42dff8725a8a32b9d6118187d7d6db69e34e5481bd2b1,raw_composition_v1,computed_from_input_sequence,224,8,0,13,19,9,12,2,19,17,13,4,22,7,6,5,13,19,18,4,14,0.03571428571428571,0.0,0.05803571428571429,0.08482142857142858,0.04017857142857143,0.05357142857142857,0.008928571428571428,0.08482142857142858,0.07589285714285714,0.05803571428571429,0.017857142857142856,0.09821428571428571,0.03125,0.026785714285714284,0.022321428571428572,0.05803571428571429,0.08482142857142858,0.08035714285714286,0.017857142857142856,0.0625,4.045190747617278,descriptive_only_not_binding_or_solubility_prediction
I7J3W0,84a2d81af953409da4c8b8cd4640fcc620f99bd9193b2cf0a6e07d4f0bc0ff66,raw_composition_v1,computed_from_input_sequence,285,35,2,9,5,11,54,4,19,7,10,12,24,16,5,9,19,19,13,7,5,0.12280701754385964,0.007017543859649123,0.031578947368421054,0.017543859649122806,0.03859649122807018,0.18947368421052632,0.014035087719298246,0.06666666666666667,0.02456140350877193,0.03508771929824561,0.042105263157894736,0.08421052631578947,0.056140350877192984,0.017543859649122806,0.031578947368421054,0.06666666666666667,0.06666666666666667,0.0456140350877193,0.02456140350877193,0.017543859649122806,3.9090334267716,descriptive_only_not_binding_or_solubility_prediction
A0A0B5A4J3,d6f9008ad57bfacf5d573b0f63e7921cca64d6de7dfe858373e11a248d8a4276,raw_composition_v1,computed_from_input_sequence,288,21,2,20,12,10,24,3,24,12,20,2,20,9,6,11,20,27,30,2,13,0.07291666666666667,0.006944444444444444,0.06944444444444445,0.041666666666666664,0.034722222222222224,0.08333333333333333,0.010416666666666666,0.08333333333333333,0.041666666666666664,0.06944444444444445,0.006944444444444444,0.06944444444444445,0.03125,0.020833333333333332,0.03819444444444445,0.06944444444444445,0.09375,0.10416666666666667,0.006944444444444444,0.04513888888888889,4.024537409230073,descriptive_only_not_binding_or_solubility_prediction
A0A449C6D2,b5711a30bdef7d5d69cab4168d5ec50d2c9609e387af6ea87afa33618e04aa6a,raw_composition_v1,computed_from_input_sequence,364,26,1,17,16,16,27,1,26,20,26,9,26,11,10,16,45,39,15,3,14,0.07142857142857142,0.0027472527472527475,0.046703296703296704,0.04395604395604396,0.04395604395604396,0.07417582417582418,0.0027472527472527475,0.07142857142857142,0.054945054945054944,0.07142857142857142,0.024725274725274724,0.07142857142857142,0.03021978021978022,0.027472527472527472,0.04395604395604396,0.12362637362637363,0.10714285714285714,0.04120879120879121,0.008241758241758242,0.038461538461538464,4.016363957708268,descriptive_only_not_binding_or_solubility_prediction
A0A0B5A2V7,13a994adaf0ac733e77d8603838499fdde843f7b52f701672b297c2aaa943672,raw_composition_v1,computed_from_input_sequence,379,20,1,21,23,16,26,6,38,20,25,15,33,13,15,12,21,27,21,5,21,0.052770448548812667,0.002638522427440633,0.055408970976253295,0.06068601583113457,0.04221635883905013,0.06860158311345646,0.0158311345646438,0.10026385224274406,0.052770448548812667,0.06596306068601583,0.0395778364116095,0.0870712401055409,0.03430079155672823,0.0395778364116095,0.0316622691292876,0.055408970976253295,0.0712401055408971,0.055408970976253295,0.013192612137203167,0.055408970976253295,4.13887418747488,descriptive_only_not_binding_or_solubility_prediction
A0A449C638,2b68d55f296d4d1e2d84608f1b51b0dd61472867144c16719f63cadf298afb42,raw_composition_v1,computed_from_input_sequence,391,20,2,23,23,19,21,7,30,23,25,16,31,16,12,12,33,27,26,4,21,0.05115089514066496,0.005115089514066497,0.058823529411764705,0.058823529411764705,0.04859335038363171,0.05370843989769821,0.017902813299232736,0.07672634271099744,0.058823529411764705,0.0639386189258312,0.04092071611253197,0.0792838874680307,0.04092071611253197,0.030690537084398978,0.030690537084398978,0.08439897698209718,0.06905370843989769,0.06649616368286446,0.010230179028132993,0.05370843989769821,4.157356037069357,descriptive_only_not_binding_or_solubility_prediction
A0A449C6B7,604fafc01e6d46e56cdf010248900fb8da594177d1da207abf2e2312ef0a0ec0,raw_composition_v1,computed_from_input_sequence,249,6,5,17,21,16,5,5,24,28,18,6,11,13,9,6,12,13,21,3,10,0.024096385542168676,0.020080321285140562,0.06827309236947791,0.08433734939759036,0.0642570281124498,0.020080321285140562,0.020080321285140562,0.0963855421686747,0.11244979919678715,0.07228915662650602,0.024096385542168676,0.04417670682730924,0.05220883534136546,0.03614457831325301,0.024096385542168676,0.04819277108433735,0.05220883534136546,0.08433734939759036,0.012048192771084338,0.040160642570281124,4.09327760152797,descriptive_only_not_binding_or_solubility_prediction
A0A6M3G916,3cac0b6d3f7228ede3995a3a979b8bd912b056ba6c5378c2f8d6324af2410d67,raw_composition_v1,computed_from_input_sequence,288,20,3,15,18,8,24,4,31,16,10,6,19,6,9,8,29,25,26,2,9,0.06944444444444445,0.010416666666666666,0.052083333333333336,0.0625,0.027777777777777776,0.08333333333333333,0.013888888888888888,0.1076388888888889,0.05555555555555555,0.034722222222222224,0.020833333333333332,0.06597222222222222,0.020833333333333332,0.03125,0.027777777777777776,0.10069444444444445,0.08680555555555555,0.09027777777777778,0.006944444444444444,0.03125,4.032174883341776,descriptive_only_not_binding_or_solubility_prediction
S5M3A7,11d1ee65f34fefbfb32c941afbebe2e337e4f98f35e6fbcade45dafdc0a61c9a,raw_composition_v1,computed_from_input_sequence,196,17,1,14,11,7,10,1,15,16,12,5,16,9,7,8,7,7,8,3,22,0.08673469387755102,0.00510204081632653,0.07142857142857142,0.05612244897959184,0.03571428571428571,0.05102040816326531,0.00510204081632653,0.07653061224489796,0.08163265306122448,0.061224489795918366,0.025510204081632654,0.08163265306122448,0.04591836734693878,0.03571428571428571,0.04081632653061224,0.03571428571428571,0.03571428571428571,0.04081632653061224,0.015306122448979591,0.11224489795918367,4.077500347564483,descriptive_only_not_binding_or_solubility_prediction
I7K354,c9164f21de26e79a3b697a2e2946ae15424510e9a3cc10d01ea8ee2a0703418f,raw_composition_v1,computed_from_input_sequence,348,26,1,20,10,19,28,3,23,15,26,6,24,12,18,15,33,37,17,3,12,0.07471264367816093,0.0028735632183908046,0.05747126436781609,0.028735632183908046,0.05459770114942529,0.08045977011494253,0.008620689655172414,0.06609195402298851,0.04310344827586207,0.07471264367816093,0.017241379310344827,0.06896551724137931,0.034482758620689655,0.05172413793103448,0.04310344827586207,0.09482758620689655,0.10632183908045977,0.04885057471264368,0.008620689655172414,0.034482758620689655,4.059311425566682,descriptive_only_not_binding_or_solubility_prediction
A0A7D3QKX7,37d84f894940dacef7e744931fff795f60fa1b51dc3b7634d121eaf6f12106d6,raw_composition_v1,computed_from_input_sequence,387,39,1,29,25,13,29,9,16,32,32,8,9,13,13,25,21,32,29,5,7,0.10077519379844961,0.002583979328165375,0.07493540051679587,0.06459948320413436,0.03359173126614987,0.07493540051679587,0.023255813953488372,0.041343669250646,0.082687338501292,0.082687338501292,0.020671834625323,0.023255813953488372,0.03359173126614987,0.03359173126614987,0.06459948320413436,0.05426356589147287,0.082687338501292,0.07493540051679587,0.012919896640826873,0.01808785529715762,4.064294581877948,descriptive_only_not_binding_or_solubility_prediction
A0A449C4D0,6ed67736947b06c5b3c9499057e4c50c0a734de342012f26c6a5e68dc89fa5d3,raw_composition_v1,computed_from_input_sequence,259,18,2,9,4,10,65,5,13,1,8,5,19,12,9,13,19,11,18,11,7,0.0694980694980695,0.007722007722007722,0.03474903474903475,0.015444015444015444,0.03861003861003861,0.25096525096525096,0.019305019305019305,0.05019305019305019,0.003861003861003861,0.03088803088803089,0.019305019305019305,0.07335907335907337,0.04633204633204633,0.03474903474903475,0.05019305019305019,0.07335907335907337,0.04247104247104247,0.0694980694980695,0.04247104247104247,0.02702702702702703,3.825767252636037,descriptive_only_not_binding_or_solubility_prediction
A0A7D3V1W8,7616c3d1d09ec787d4b14966d1f37c17dde8551ad938d52d7b2cf02e9ca7596a,raw_composition_v1,computed_from_input_sequence,302,40,3,18,25,3,14,3,18,4,31,3,12,16,12,21,18,19,29,1,12,0.13245033112582782,0.009933774834437087,0.059602649006622516,0.08278145695364239,0.009933774834437087,0.046357615894039736,0.009933774834437087,0.059602649006622516,0.013245033112582781,0.10264900662251655,0.009933774834437087,0.039735099337748346,0.052980132450331126,0.039735099337748346,0.0695364238410596,0.059602649006622516,0.06291390728476821,0.09602649006622517,0.0033112582781456954,0.039735099337748346,3.9505190748361905,descriptive_only_not_binding_or_solubility_prediction
A0A0B5A2N3,dfdceecd033f31b8485385a05a5a2d2364c7cd6621adb0b42f30e844fa58aa6d,raw_composition_v1,computed_from_input_sequence,249,9,6,14,21,11,5,5,25,21,25,5,14,13,6,8,14,20,16,2,9,0.03614457831325301,0.024096385542168676,0.05622489959839357,0.08433734939759036,0.04417670682730924,0.020080321285140562,0.020080321285140562,0.10040160642570281,0.08433734939759036,0.10040160642570281,0.020080321285140562,0.05622489959839357,0.05220883534136546,0.024096385542168676,0.0321285140562249,0.05622489959839357,0.08032128514056225,0.0642570281124498,0.008032128514056224,0.03614457831325301,4.096209982395868,descriptive_only_not_binding_or_solubility_prediction
A0A449C3T4,c76f1f618c3b18e6c12ee56277b0d825fb9565f654d947db1eb98c3a3002d0ae,raw_composition_v1,computed_from_input_sequence,249,8,5,16,21,16,5,5,24,27,18,7,13,13,9,6,11,11,21,3,10,0.0321285140562249,0.020080321285140562,0.0642570281124498,0.08433734939759036,0.0642570281124498,0.020080321285140562,0.020080321285140562,0.0963855421686747,0.10843373493975904,0.07228915662650602,0.028112449799196786,0.05220883534136546,0.05220883534136546,0.03614457831325301,0.024096385542168676,0.04417670682730924,0.04417670682730924,0.08433734939759036,0.012048192771084338,0.040160642570281124,4.109521422083589,descriptive_only_not_binding_or_solubility_prediction
A0AAX4M7A4,5e8b50c56777c4991e12e0f2ded55a1099d85ddcbcd4393261c7a87becf9fc6d,raw_composition_v1,computed_from_input_sequence,115,6,1,6,5,1,9,1,9,1,10,8,3,4,5,10,13,11,7,1,4,0.05217391304347826,0.008695652173913044,0.05217391304347826,0.043478260869565216,0.008695652173913044,0.0782608695652174,0.008695652173913044,0.0782608695652174,0.008695652173913044,0.08695652173913043,0.06956521739130435,0.02608695652173913,0.034782608695652174,0.043478260869565216,0.08695652173913043,0.11304347826086956,0.09565217391304348,0.06086956521739131,0.008695652173913044,0.034782608695652174,3.990691103303962,descriptive_only_not_binding_or_solubility_prediction
A0AAX4Q2U9,2b6b20df2e215a9f284c803201b39ff8ada378ee3dd5803de9d9b84c0d8ea4ee,raw_composition_v1,computed_from_input_sequence,206,24,0,15,19,5,10,3,10,13,16,2,12,8,5,7,10,18,15,6,8,0.11650485436893204,0.0,0.07281553398058252,0.09223300970873786,0.024271844660194174,0.04854368932038835,0.014563106796116505,0.04854368932038835,0.06310679611650485,0.07766990291262135,0.009708737864077669,0.05825242718446602,0.038834951456310676,0.024271844660194174,0.03398058252427184,0.04854368932038835,0.08737864077669903,0.07281553398058252,0.02912621359223301,0.038834951456310676,4.041191654523853,descriptive_only_not_binding_or_solubility_prediction
A0AAD2UWV2,f299fa7ed782e1725c2f71977ea15791de52632e1f9574beb589951bcfd8df78,raw_composition_v1,computed_from_input_sequence,466,54,4,22,20,17,37,10,20,9,42,18,26,11,20,28,42,35,37,4,10,0.11587982832618025,0.008583690987124463,0.04721030042918455,0.04291845493562232,0.03648068669527897,0.07939914163090128,0.02145922746781116,0.04291845493562232,0.019313304721030045,0.09012875536480687,0.03862660944206009,0.055793991416309016,0.023605150214592276,0.04291845493562232,0.060085836909871244,0.09012875536480687,0.07510729613733906,0.07939914163090128,0.008583690987124463,0.02145922746781116,4.06472101994321,descriptive_only_not_binding_or_solubility_prediction
A0A0H3NZ59,5de49a2fb62ad509b5a473cc5b1416941405bc94957fb03292741fef8c212031,raw_composition_v1,computed_from_input_sequence,211,19,3,10,13,6,21,5,15,8,17,4,9,9,5,8,15,18,21,4,1,0.09004739336492891,0.014218009478672985,0.04739336492890995,0.061611374407582936,0.02843601895734597,0.0995260663507109,0.023696682464454975,0.07109004739336493,0.037914691943127965,0.08056872037914692,0.018957345971563982,0.04265402843601896,0.04265402843601896,0.023696682464454975,0.037914691943127965,0.07109004739336493,0.08530805687203792,0.0995260663507109,0.018957345971563982,0.004739336492890996,4.0585030679790215,descriptive_only_not_binding_or_solubility_prediction
I7KRU3,64d7db01e5833bafd37f2de4275733855e76a9e2aae78f852eb267f23a69611a,raw_composition_v1,computed_from_input_sequence,177,4,3,10,11,11,11,2,17,16,22,4,14,12,4,3,8,6,12,1,6,0.022598870056497175,0.01694915254237288,0.05649717514124294,0.062146892655367235,0.062146892655367235,0.062146892655367235,0.011299435028248588,0.096045197740113,0.0903954802259887,0.12429378531073447,0.022598870056497175,0.07909604519774012,0.06779661016949153,0.022598870056497175,0.01694915254237288,0.04519774011299435,0.03389830508474576,0.06779661016949153,0.005649717514124294,0.03389830508474576,4.027796046047541,descriptive_only_not_binding_or_solubility_prediction
A0A7D3QQ81,76793b46462363d4eb0761e439fb1c621183e49a1db33d14ceb2ad8d01fb93b0,raw_composition_v1,computed_from_input_sequence,211,18,3,9,11,2,23,7,9,5,19,4,8,9,5,12,15,26,20,4,2,0.08530805687203792,0.014218009478672985,0.04265402843601896,0.052132701421800945,0.009478672985781991,0.10900473933649289,0.03317535545023697,0.04265402843601896,0.023696682464454975,0.09004739336492891,0.018957345971563982,0.037914691943127965,0.04265402843601896,0.023696682464454975,0.05687203791469194,0.07109004739336493,0.12322274881516587,0.0947867298578199,0.018957345971563982,0.009478672985781991,3.9990542738622024,descriptive_only_not_binding_or_solubility_prediction
A0AAE7V728,a6fe5d52340c5a57d05a56c55aeb55c687b87310ac95ad2a07998f375a7ba375,raw_composition_v1,computed_from_input_sequence,302,40,3,18,25,3,14,3,18,4,30,3,12,16,12,21,19,19,29,1,12,0.13245033112582782,0.009933774834437087,0.059602649006622516,0.08278145695364239,0.009933774834437087,0.046357615894039736,0.009933774834437087,0.059602649006622516,0.013245033112582781,0.09933774834437085,0.009933774834437087,0.039735099337748346,0.052980132450331126,0.039735099337748346,0.0695364238410596,0.06291390728476821,0.06291390728476821,0.09602649006622517,0.0033112582781456954,0.039735099337748346,3.952907800082121,descriptive_only_not_binding_or_solubility_prediction
A0AAE9FLD0,52d34f1c06f30f4dbb6e8b7001331436c3ed5ada0df578664ac638f4e44457dd,raw_composition_v1,computed_from_input_sequence,116,11,0,7,3,2,7,1,11,2,11,5,2,6,5,8,11,14,6,1,3,0.09482758620689655,0.0,0.0603448275862069,0.02586206896551724,0.017241379310344827,0.0603448275862069,0.008620689655172414,0.09482758620689655,0.017241379310344827,0.09482758620689655,0.04310344827586207,0.017241379310344827,0.05172413793103448,0.04310344827586207,0.06896551724137931,0.09482758620689655,0.1206896551724138,0.05172413793103448,0.008620689655172414,0.02586206896551724,3.939278107200775,descriptive_only_not_binding_or_solubility_prediction
A0A1V0DXX1,bf5377f39d746d87923e0251031d936895e578712b3f959c6c4870ec084b5c2a,raw_composition_v1,computed_from_input_sequence,348,26,1,20,10,19,28,3,23,15,26,6,24,12,18,15,33,37,17,3,12,0.07471264367816093,0.0028735632183908046,0.05747126436781609,0.028735632183908046,0.05459770114942529,0.08045977011494253,0.008620689655172414,0.06609195402298851,0.04310344827586207,0.07471264367816093,0.017241379310344827,0.06896551724137931,0.034482758620689655,0.05172413793103448,0.04310344827586207,0.09482758620689655,0.10632183908045977,0.04885057471264368,0.008620689655172414,0.034482758620689655,4.059311425566682,descriptive_only_not_binding_or_solubility_prediction
A0AAX4M7M8,570c57ee973c818abad8db422772b26d47c18018c9d560524b5f1f11b911ec87,raw_composition_v1,computed_from_input_sequence,211,18,2,9,11,3,22,5,13,7,19,2,7,10,6,7,17,28,19,5,1,0.08530805687203792,0.009478672985781991,0.04265402843601896,0.052132701421800945,0.014218009478672985,0.10426540284360189,0.023696682464454975,0.061611374407582936,0.03317535545023697,0.09004739336492891,0.009478672985781991,0.03317535545023697,0.04739336492890995,0.02843601895734597,0.03317535545023697,0.08056872037914692,0.13270142180094788,0.09004739336492891,0.023696682464454975,0.004739336492890996,3.9626789792902195,descriptive_only_not_binding_or_solubility_prediction
A0A7T9XU25,191db7b8b8722060d46efe82c9dbaea1d1c045e403e1236214d89e958bbeb7ba,raw_composition_v1,computed_from_input_sequence,302,42,2,21,21,7,15,4,16,5,30,3,10,19,14,19,18,18,26,0,12,0.1390728476821192,0.006622516556291391,0.0695364238410596,0.0695364238410596,0.023178807947019868,0.04966887417218543,0.013245033112582781,0.052980132450331126,0.016556291390728478,0.09933774834437085,0.009933774834437087,0.033112582781456956,0.06291390728476821,0.046357615894039736,0.06291390728476821,0.059602649006622516,0.059602649006622516,0.08609271523178808,0.0,0.039735099337748346,3.9666413921476464,descriptive_only_not_binding_or_solubility_prediction
A0A449C5D9,bae6fd3db6f25329d4979da4bb796f665d2c665ba887884ddaf139ecbc6896ac,raw_composition_v1,computed_from_input_sequence,208,10,7,12,20,6,7,9,23,19,23,3,11,7,2,5,10,12,12,3,7,0.04807692307692308,0.03365384615384615,0.057692307692307696,0.09615384615384616,0.028846153846153848,0.03365384615384615,0.04326923076923077,0.11057692307692307,0.09134615384615384,0.11057692307692307,0.014423076923076924,0.052884615384615384,0.03365384615384615,0.009615384615384616,0.02403846153846154,0.04807692307692308,0.057692307692307696,0.057692307692307696,0.014423076923076924,0.03365384615384615,4.072802950476662,descriptive_only_not_binding_or_solubility_prediction
A0A0H3NP24,a4cee65edf974d29704d4033c0d45743b8866df476d9a20379e7c2ece003a66c,raw_composition_v1,computed_from_input_sequence,118,5,0,10,1,0,9,2,11,3,12,7,4,5,6,10,10,12,6,1,4,0.0423728813559322,0.0,0.0847457627118644,0.00847457627118644,0.0,0.07627118644067797,0.01694915254237288,0.09322033898305085,0.025423728813559324,0.1016949152542373,0.059322033898305086,0.03389830508474576,0.0423728813559322,0.05084745762711865,0.0847457627118644,0.0847457627118644,0.1016949152542373,0.05084745762711865,0.00847457627118644,0.03389830508474576,3.9256496714295204,descriptive_only_not_binding_or_solubility_prediction
A0A3B8DLI7,5d5b7750033ad263a3aa2ed64e714dba04a2047b05c665d2a4bc7f684c73d56b,raw_composition_v1,computed_from_input_sequence,196,15,1,14,11,7,10,1,15,16,12,5,17,9,7,8,7,8,8,3,22,0.07653061224489796,0.00510204081632653,0.07142857142857142,0.05612244897959184,0.03571428571428571,0.05102040816326531,0.00510204081632653,0.07653061224489796,0.08163265306122448,0.061224489795918366,0.025510204081632654,0.08673469387755102,0.04591836734693878,0.03571428571428571,0.04081632653061224,0.03571428571428571,0.04081632653061224,0.04081632653061224,0.015306122448979591,0.11224489795918367,4.082847926749561,descriptive_only_not_binding_or_solubility_prediction
A0A1V0DXS1,8caed1e0fcd0e449c2307832d0f793e4ca68f1ea4a7dfcc2add3c720dbe1a07e,raw_composition_v1,computed_from_input_sequence,288,22,2,21,12,10,24,3,25,12,20,2,18,8,6,11,20,26,31,2,13,0.0763888888888889,0.006944444444444444,0.07291666666666667,0.041666666666666664,0.034722222222222224,0.08333333333333333,0.010416666666666666,0.08680555555555555,0.041666666666666664,0.06944444444444445,0.006944444444444444,0.0625,0.027777777777777776,0.020833333333333332,0.03819444444444445,0.06944444444444445,0.09027777777777778,0.1076388888888889,0.006944444444444444,0.04513888888888889,4.017524077905215,descriptive_only_not_binding_or_solubility_prediction
A0A2D0PCZ8,42b7940564c3a76c8aad97e622d31ef2672faef474ee997e61e217dbce5ad95c,raw_composition_v1,computed_from_input_sequence,520,48,1,35,25,13,52,2,30,26,41,9,43,9,19,27,42,44,37,7,10,0.09230769230769231,0.0019230769230769232,0.0673076923076923,0.04807692307692308,0.025,0.1,0.0038461538461538464,0.057692307692307696,0.05,0.07884615384615384,0.01730769230769231,0.08269230769230769,0.01730769230769231,0.03653846153846154,0.051923076923076926,0.08076923076923077,0.08461538461538462,0.07115384615384615,0.013461538461538462,0.019230769230769232,4.001022894796177,descriptive_only_not_binding_or_solubility_prediction
A0A449C3Q1,afbdf08bf9ae46d9808227a8aaff04d36766f904139a7ad979e273d68faa4561,raw_composition_v1,computed_from_input_sequence,601,24,5,46,35,22,55,4,47,31,39,4,47,25,18,20,55,45,40,11,28,0.03993344425956739,0.008319467554076539,0.07653910149750416,0.05823627287853577,0.036605657237936774,0.09151414309484193,0.0066555740432612314,0.07820299500831947,0.051580698835274545,0.064891846921797,0.0066555740432612314,0.07820299500831947,0.04159733777038269,0.029950083194675542,0.033277870216306155,0.09151414309484193,0.07487520798668885,0.06655574043261231,0.018302828618968387,0.04658901830282862,4.07744331083178,descriptive_only_not_binding_or_solubility_prediction
A0A2D0PE10,97f3b942e418373182d31829cfc9876c343c50ee8319fbc06cde831c269f5517,raw_composition_v1,computed_from_input_sequence,520,48,1,35,25,14,52,3,30,26,41,9,43,9,19,27,41,44,37,7,9,0.09230769230769231,0.0019230769230769232,0.0673076923076923,0.04807692307692308,0.026923076923076925,0.1,0.0057692307692307696,0.057692307692307696,0.05,0.07884615384615384,0.01730769230769231,0.08269230769230769,0.01730769230769231,0.03653846153846154,0.051923076923076926,0.07884615384615384,0.08461538461538462,0.07115384615384615,0.013461538461538462,0.01730769230769231,4.007860424465646,descriptive_only_not_binding_or_solubility_prediction
A0A0H3NSE3,de51f72fcd0a7b57a19fdddbbb91e108a30a5784d6eef99d60ce590dea589b63,raw_composition_v1,computed_from_input_sequence,380,41,1,26,14,13,26,10,21,23,39,10,11,14,24,22,24,29,22,4,6,0.10789473684210527,0.002631578947368421,0.06842105263157895,0.03684210526315789,0.034210526315789476,0.06842105263157895,0.02631578947368421,0.05526315789473684,0.060526315789473685,0.10263157894736842,0.02631578947368421,0.02894736842105263,0.03684210526315789,0.06315789473684211,0.05789473684210526,0.06315789473684211,0.07631578947368421,0.05789473684210526,0.010526315789473684,0.015789473684210527,4.079376255936582,descriptive_only_not_binding_or_solubility_prediction
A0A2H1X991,d4ae2b2bf8d1578d1ba198657f5d83dd344df5c251d8dd0f528a1ffc4372ae9d,raw_composition_v1,computed_from_input_sequence,520,47,1,35,26,14,52,3,30,26,41,9,43,9,19,27,41,44,37,7,9,0.09038461538461538,0.0019230769230769232,0.0673076923076923,0.05,0.026923076923076925,0.1,0.0057692307692307696,0.057692307692307696,0.05,0.07884615384615384,0.01730769230769231,0.08269230769230769,0.01730769230769231,0.03653846153846154,0.051923076923076926,0.07884615384615384,0.08461538461538462,0.07115384615384615,0.013461538461538462,0.01730769230769231,4.0095863784626955,descriptive_only_not_binding_or_solubility_prediction
A0A6M3G8D1,9dba963c0baa1e6cf75240c57d05a6956ba62d98ab81a625a6945eba9088847a,raw_composition_v1,computed_from_input_sequence,277,20,4,8,6,12,67,4,16,1,9,8,15,13,12,15,23,11,15,5,13,0.07220216606498195,0.01444043321299639,0.02888086642599278,0.021660649819494584,0.04332129963898917,0.24187725631768953,0.01444043321299639,0.05776173285198556,0.0036101083032490976,0.032490974729241874,0.02888086642599278,0.05415162454873646,0.04693140794223827,0.04332129963898917,0.05415162454873646,0.08303249097472924,0.039711191335740074,0.05415162454873646,0.018050541516245487,0.04693140794223827,3.865830395522677,descriptive_only_not_binding_or_solubility_prediction
A0AAE6YPH1,2325979ebe64609469ac80b608e7fab5db22dac80087bb1e3ab048e29b929428,raw_composition_v1,computed_from_input_sequence,211,18,3,9,11,2,23,7,12,5,18,5,8,9,5,12,15,25,18,4,2,0.08530805687203792,0.014218009478672985,0.04265402843601896,0.052132701421800945,0.009478672985781991,0.10900473933649289,0.03317535545023697,0.05687203791469194,0.023696682464454975,0.08530805687203792,0.023696682464454975,0.037914691943127965,0.04265402843601896,0.023696682464454975,0.05687203791469194,0.07109004739336493,0.11848341232227488,0.08530805687203792,0.018957345971563982,0.009478672985781991,4.022973928167617,descriptive_only_not_binding_or_solubility_prediction
A0AAE9FRR2,624883a43a9af2916499320bb99ba9a9dba65532f2574368c79ee7bed37df5f4,raw_composition_v1,computed_from_input_sequence,213,17,3,13,13,5,24,4,15,6,23,2,12,9,6,7,14,20,13,4,3,0.07981220657276995,0.014084507042253521,0.06103286384976526,0.06103286384976526,0.023474178403755867,0.11267605633802817,0.018779342723004695,0.07042253521126761,0.028169014084507043,0.107981220657277,0.009389671361502348,0.056338028169014086,0.04225352112676056,0.028169014084507043,0.03286384976525822,0.06572769953051644,0.09389671361502347,0.06103286384976526,0.018779342723004695,0.014084507042253521,4.03720137130793,descriptive_only_not_binding_or_solubility_prediction
A0AA51VJM6,21197d950550b65d549b9fafb9ea88e87832054d8f3e1fd6eaa53cc0283732ac,raw_composition_v1,computed_from_input_sequence,520,55,0,35,25,13,57,3,29,24,37,7,42,8,25,34,38,36,33,7,12,0.10576923076923077,0.0,0.0673076923076923,0.04807692307692308,0.025,0.10961538461538461,0.0057692307692307696,0.05576923076923077,0.046153846153846156,0.07115384615384615,0.013461538461538462,0.08076923076923077,0.015384615384615385,0.04807692307692308,0.06538461538461539,0.07307692307692308,0.06923076923076923,0.06346153846153846,0.013461538461538462,0.023076923076923078,3.990684551194568,descriptive_only_not_binding_or_solubility_prediction
A0AAE9FQ04,b8b2f611a634980d1cff63e95dcf9a5e7dcf53bbf397cc0a5540407b7678aae9,raw_composition_v1,computed_from_input_sequence,213,16,3,14,12,5,24,6,12,6,24,2,11,9,5,7,15,19,16,4,3,0.07511737089201878,0.014084507042253521,0.06572769953051644,0.056338028169014086,0.023474178403755867,0.11267605633802817,0.028169014084507043,0.056338028169014086,0.028169014084507043,0.11267605633802817,0.009389671361502348,0.051643192488262914,0.04225352112676056,0.023474178403755867,0.03286384976525822,0.07042253521126761,0.0892018779342723,0.07511737089201878,0.018779342723004695,0.014084507042253521,4.041200634852438,descriptive_only_not_binding_or_solubility_prediction
A0A6M3G876,95bb9a672489a22e56cff332af0c30826906311efdca1802c73b5ad29ede7eb0,raw_composition_v1,computed_from_input_sequence,364,26,1,17,16,16,27,1,27,20,26,9,26,11,10,16,45,39,14,3,14,0.07142857142857142,0.0027472527472527475,0.046703296703296704,0.04395604395604396,0.04395604395604396,0.07417582417582418,0.0027472527472527475,0.07417582417582418,0.054945054945054944,0.07142857142857142,0.024725274725274724,0.07142857142857142,0.03021978021978022,0.027472527472527472,0.04395604395604396,0.12362637362637363,0.10714285714285714,0.038461538461538464,0.008241758241758242,0.038461538461538464,4.013973463583477,descriptive_only_not_binding_or_solubility_prediction
S5M7B3,119d81a92e10a9d426e4f0495a3b5ce9ca5e2e9f1a9e8328a128c30783fa35ec,raw_composition_v1,computed_from_input_sequence,288,21,3,15,18,8,24,4,32,16,10,6,19,6,9,8,28,24,26,2,9,0.07291666666666667,0.010416666666666666,0.052083333333333336,0.0625,0.027777777777777776,0.08333333333333333,0.013888888888888888,0.1111111111111111,0.05555555555555555,0.034722222222222224,0.020833333333333332,0.06597222222222222,0.020833333333333332,0.03125,0.027777777777777776,0.09722222222222222,0.08333333333333333,0.09027777777777778,0.006944444444444444,0.03125,4.032566541013767,descriptive_only_not_binding_or_solubility_prediction
A0A449C608,ba884122d5ed51a18ed327a97db07630235737c505b603afc8c0465312d59e57,raw_composition_v1,computed_from_input_sequence,196,16,1,15,11,7,10,1,15,16,12,5,15,9,7,8,7,8,8,3,22,0.08163265306122448,0.00510204081632653,0.07653061224489796,0.05612244897959184,0.03571428571428571,0.05102040816326531,0.00510204081632653,0.07653061224489796,0.08163265306122448,0.061224489795918366,0.025510204081632654,0.07653061224489796,0.04591836734693878,0.03571428571428571,0.04081632653061224,0.03571428571428571,0.04081632653061224,0.04081632653061224,0.015306122448979591,0.11224489795918367,4.083799346524737,descriptive_only_not_binding_or_solubility_prediction
A0A7D3QML5,187cfb9b158b55a76f889adbc16793d9b530a504e87bdcf9793e349d0b4d90b9,raw_composition_v1,computed_from_input_sequence,302,39,3,18,25,3,14,3,17,4,31,3,12,16,12,21,19,20,29,1,12,0.1291390728476821,0.009933774834437087,0.059602649006622516,0.08278145695364239,0.009933774834437087,0.046357615894039736,0.009933774834437087,0.056291390728476824,0.013245033112582781,0.10264900662251655,0.009933774834437087,0.039735099337748346,0.052980132450331126,0.039735099337748346,0.0695364238410596,0.06291390728476821,0.06622516556291391,0.09602649006622517,0.0033112582781456954,0.039735099337748346,3.9536260520308497,descriptive_only_not_binding_or_solubility_prediction
A0AAX4Q195,570c57ee973c818abad8db422772b26d47c18018c9d560524b5f1f11b911ec87,raw_composition_v1,computed_from_input_sequence,211,18,2,9,11,3,22,5,13,7,19,2,7,10,6,7,17,28,19,5,1,0.08530805687203792,0.009478672985781991,0.04265402843601896,0.052132701421800945,0.014218009478672985,0.10426540284360189,0.023696682464454975,0.061611374407582936,0.03317535545023697,0.09004739336492891,0.009478672985781991,0.03317535545023697,0.04739336492890995,0.02843601895734597,0.03317535545023697,0.08056872037914692,0.13270142180094788,0.09004739336492891,0.023696682464454975,0.004739336492890996,3.9626789792902195,descriptive_only_not_binding_or_solubility_prediction
A0A0B4ZZM3,823b1b8413611300b2f374e8c5ac5cd3714d1a57f10290650d352aa6f3ba8434,raw_composition_v1,computed_from_input_sequence,207,11,7,16,15,11,7,5,25,23,21,4,9,4,3,3,12,9,14,2,6,0.05314009661835749,0.033816425120772944,0.07729468599033816,0.07246376811594203,0.05314009661835749,0.033816425120772944,0.024154589371980676,0.12077294685990338,0.1111111111111111,0.10144927536231885,0.01932367149758454,0.043478260869565216,0.01932367149758454,0.014492753623188406,0.014492753623188406,0.057971014492753624,0.043478260869565216,0.06763285024154589,0.00966183574879227,0.028985507246376812,4.02971314836164,descriptive_only_not_binding_or_solubility_prediction
A0A449C619,31a37b1ae224065605ec42ef824000753eced9711ed97fbbb417b69346df2497,raw_composition_v1,computed_from_input_sequence,219,15,0,12,10,11,16,3,18,12,11,6,13,10,14,5,16,18,20,2,7,0.0684931506849315,0.0,0.0547945205479452,0.045662100456621,0.0502283105022831,0.0730593607305936,0.0136986301369863,0.0821917808219178,0.0547945205479452,0.0502283105022831,0.0273972602739726,0.0593607305936073,0.045662100456621,0.0639269406392694,0.0228310502283105,0.0730593607305936,0.0821917808219178,0.091324200913242,0.0091324200913242,0.0319634703196347,4.091321986136128,descriptive_only_not_binding_or_solubility_prediction
I7LH90,1d6f911d919b2347d4e9674691083d6ad88ae7dcae94bd5a5f4d6b790ee41279,raw_composition_v1,computed_from_input_sequence,174,7,0,11,9,10,10,6,15,15,21,4,8,7,10,4,11,8,15,1,2,0.040229885057471264,0.0,0.06321839080459771,0.05172413793103448,0.05747126436781609,0.05747126436781609,0.034482758620689655,0.08620689655172414,0.08620689655172414,0.1206896551724138,0.022988505747126436,0.04597701149425287,0.040229885057471264,0.05747126436781609,0.022988505747126436,0.06321839080459771,0.04597701149425287,0.08620689655172414,0.005747126436781609,0.011494252873563218,4.034000104679229,descriptive_only_not_binding_or_solubility_prediction
A0AAE9FKC7,2432a28d9e879530129845ebd860ff87f83e33e37c662dc6fee12a8fff580d68,raw_composition_v1,computed_from_input_sequence,211,18,3,10,13,6,21,5,15,8,17,4,9,9,5,9,15,18,21,4,1,0.08530805687203792,0.014218009478672985,0.04739336492890995,0.061611374407582936,0.02843601895734597,0.0995260663507109,0.023696682464454975,0.07109004739336493,0.037914691943127965,0.08056872037914692,0.018957345971563982,0.04265402843601896,0.04265402843601896,0.023696682464454975,0.04265402843601896,0.07109004739336493,0.08530805687203792,0.0995260663507109,0.018957345971563982,0.004739336492890996,4.063823673270423,descriptive_only_not_binding_or_solubility_prediction
A1JNF1,9c66f70e15ca6cede90a2218d2dba89b3ed09b0f77b34accccea8ab4182f513b,raw_composition_v1,computed_from_input_sequence,215,23,3,9,11,2,22,7,17,6,15,4,13,9,7,7,15,24,14,4,3,0.10697674418604651,0.013953488372093023,0.04186046511627907,0.05116279069767442,0.009302325581395349,0.10232558139534884,0.03255813953488372,0.07906976744186046,0.027906976744186046,0.06976744186046512,0.018604651162790697,0.06046511627906977,0.04186046511627907,0.03255813953488372,0.03255813953488372,0.06976744186046512,0.11162790697674418,0.06511627906976744,0.018604651162790697,0.013953488372093023,4.039461718270265,descriptive_only_not_binding_or_solubility_prediction
A0A7D3QJ92,a6fe5d52340c5a57d05a56c55aeb55c687b87310ac95ad2a07998f375a7ba375,raw_composition_v1,computed_from_input_sequence,302,40,3,18,25,3,14,3,18,4,30,3,12,16,12,21,19,19,29,1,12,0.13245033112582782,0.009933774834437087,0.059602649006622516,0.08278145695364239,0.009933774834437087,0.046357615894039736,0.009933774834437087,0.059602649006622516,0.013245033112582781,0.09933774834437085,0.009933774834437087,0.039735099337748346,0.052980132450331126,0.039735099337748346,0.0695364238410596,0.06291390728476821,0.06291390728476821,0.09602649006622517,0.0033112582781456954,0.039735099337748346,3.952907800082121,descriptive_only_not_binding_or_solubility_prediction
A0A6M3G874,2d36abcb71cc025212b6015e8d6bf8dbd6ae205a2de558fa28dd145958fa86ee,raw_composition_v1,computed_from_input_sequence,391,20,2,23,23,19,21,7,30,23,25,17,31,16,12,12,33,27,25,4,21,0.05115089514066496,0.005115089514066497,0.058823529411764705,0.058823529411764705,0.04859335038363171,0.05370843989769821,0.017902813299232736,0.07672634271099744,0.058823529411764705,0.0639386189258312,0.043478260869565216,0.0792838874680307,0.04092071611253197,0.030690537084398978,0.030690537084398978,0.08439897698209718,0.06905370843989769,0.0639386189258312,0.010230179028132993,0.05370843989769821,4.1589625834275274,descriptive_only_not_binding_or_solubility_prediction
S5ML49,64d7db01e5833bafd37f2de4275733855e76a9e2aae78f852eb267f23a69611a,raw_composition_v1,computed_from_input_sequence,177,4,3,10,11,11,11,2,17,16,22,4,14,12,4,3,8,6,12,1,6,0.022598870056497175,0.01694915254237288,0.05649717514124294,0.062146892655367235,0.062146892655367235,0.062146892655367235,0.011299435028248588,0.096045197740113,0.0903954802259887,0.12429378531073447,0.022598870056497175,0.07909604519774012,0.06779661016949153,0.022598870056497175,0.01694915254237288,0.04519774011299435,0.03389830508474576,0.06779661016949153,0.005649717514124294,0.03389830508474576,4.027796046047541,descriptive_only_not_binding_or_solubility_prediction
A0A449C567,b8184f85824c98c4fd1318525a0bafb6291ee360c42b2a79267d83f7cdc59a15,raw_composition_v1,computed_from_input_sequence,391,20,2,22,24,19,21,7,29,23,25,17,31,16,12,12,32,28,26,4,21,0.05115089514066496,0.005115089514066497,0.056265984654731455,0.061381074168797956,0.04859335038363171,0.05370843989769821,0.017902813299232736,0.0741687979539642,0.058823529411764705,0.0639386189258312,0.043478260869565216,0.0792838874680307,0.04092071611253197,0.030690537084398978,0.030690537084398978,0.08184143222506395,0.07161125319693094,0.06649616368286446,0.010230179028132993,0.05370843989769821,4.15995625635126,descriptive_only_not_binding_or_solubility_prediction
A0AAE6YNJ4,99436ee727b518996af5a9730251574483dbf317659a66901ff9bf0b00551ab8,raw_composition_v1,computed_from_input_sequence,302,40,3,18,25,3,14,3,19,4,30,3,12,16,12,21,19,18,29,1,12,0.13245033112582782,0.009933774834437087,0.059602649006622516,0.08278145695364239,0.009933774834437087,0.046357615894039736,0.009933774834437087,0.06291390728476821,0.013245033112582781,0.09933774834437085,0.009933774834437087,0.039735099337748346,0.052980132450331126,0.039735099337748346,0.0695364238410596,0.06291390728476821,0.059602649006622516,0.09602649006622517,0.0033112582781456954,0.039735099337748346,3.952907800082121,descriptive_only_not_binding_or_solubility_prediction
A0A6M3G8B9,0bf520a709e3cd9e09da97259d25b24a0afc33691b6aa0fd12d8be518aa4f161,raw_composition_v1,computed_from_input_sequence,216,16,0,12,4,8,24,2,15,9,10,2,16,12,8,7,23,22,16,1,9,0.07407407407407407,0.0,0.05555555555555555,0.018518518518518517,0.037037037037037035,0.1111111111111111,0.009259259259259259,0.06944444444444445,0.041666666666666664,0.046296296296296294,0.009259259259259259,0.07407407407407407,0.05555555555555555,0.037037037037037035,0.032407407407407406,0.10648148148148148,0.10185185185185185,0.07407407407407407,0.004629629629629629,0.041666666666666664,3.964330117916646,descriptive_only_not_binding_or_solubility_prediction
A0A3B8DYI1,46c698733a3555a789af628d58c3c4af0f067b96047b4c30f6fb3eea5a10a808,raw_composition_v1,computed_from_input_sequence,265,21,4,10,4,8,69,7,15,3,8,5,16,10,15,12,15,6,18,9,10,0.07924528301886792,0.01509433962264151,0.03773584905660377,0.01509433962264151,0.03018867924528302,0.26037735849056604,0.026415094339622643,0.05660377358490566,0.011320754716981131,0.03018867924528302,0.018867924528301886,0.06037735849056604,0.03773584905660377,0.05660377358490566,0.045283018867924525,0.05660377358490566,0.022641509433962263,0.06792452830188679,0.033962264150943396,0.03773584905660377,3.841063321043095,descriptive_only_not_binding_or_solubility_prediction
I7K3U3,8a0030bbd0d956b67754f46d848606e7fe0f2fab302f36fba0792cff2cad2d4a,raw_composition_v1,computed_from_input_sequence,132,5,1,15,8,4,4,0,13,7,12,4,9,7,3,9,11,6,9,1,4,0.03787878787878788,0.007575757575757576,0.11363636363636363,0.06060606060606061,0.030303030303030304,0.030303030303030304,0.0,0.09848484848484848,0.05303030303030303,0.09090909090909091,0.030303030303030304,0.06818181818181818,0.05303030303030303,0.022727272727272728,0.06818181818181818,0.08333333333333333,0.045454545454545456,0.06818181818181818,0.007575757575757576,0.030303030303030304,4.0099424525985885,descriptive_only_not_binding_or_solubility_prediction
I7KRG5,0c31e14dc955b6730d174d853662967d5a0af3bb7802436c162f3560ce77f80b,raw_composition_v1,computed_from_input_sequence,175,7,3,14,13,4,7,2,16,17,12,5,12,8,6,4,9,8,16,4,8,0.04,0.017142857142857144,0.08,0.07428571428571429,0.022857142857142857,0.04,0.011428571428571429,0.09142857142857143,0.09714285714285714,0.06857142857142857,0.02857142857142857,0.06857142857142857,0.045714285714285714,0.03428571428571429,0.022857142857142857,0.05142857142857143,0.045714285714285714,0.09142857142857143,0.022857142857142857,0.045714285714285714,4.121832537741366,descriptive_only_not_binding_or_solubility_prediction
A0A1V0DXW6,05896bc215d19f69116b05c88f59c2f5d95ee80c8b5b6cf3e3aec2ebbcc26e5e,raw_composition_v1,computed_from_input_sequence,379,20,1,22,22,16,26,6,38,20,25,15,33,13,15,11,20,29,21,5,21,0.052770448548812667,0.002638522427440633,0.05804749340369393,0.05804749340369393,0.04221635883905013,0.06860158311345646,0.0158311345646438,0.10026385224274406,0.052770448548812667,0.06596306068601583,0.0395778364116095,0.0870712401055409,0.03430079155672823,0.0395778364116095,0.029023746701846966,0.052770448548812667,0.07651715039577836,0.055408970976253295,0.013192612137203167,0.055408970976253295,4.134473183600443,descriptive_only_not_binding_or_solubility_prediction
I7K349,57572f028896b43cbc1eeb5adc1d8cb610a5873374b679131089bfae89569c42,raw_composition_v1,computed_from_input_sequence,207,11,7,17,16,11,6,2,23,22,21,5,9,4,4,3,14,9,14,2,7,0.05314009661835749,0.033816425120772944,0.0821256038647343,0.07729468599033816,0.05314009661835749,0.028985507246376812,0.00966183574879227,0.1111111111111111,0.10628019323671498,0.10144927536231885,0.024154589371980676,0.043478260869565216,0.01932367149758454,0.01932367149758454,0.014492753623188406,0.06763285024154589,0.043478260869565216,0.06763285024154589,0.00966183574879227,0.033816425120772944,4.027669034203333,descriptive_only_not_binding_or_solubility_prediction
A0A449C4X7,5d5b7750033ad263a3aa2ed64e714dba04a2047b05c665d2a4bc7f684c73d56b,raw_composition_v1,computed_from_input_sequence,196,15,1,14,11,7,10,1,15,16,12,5,17,9,7,8,7,8,8,3,22,0.07653061224489796,0.00510204081632653,0.07142857142857142,0.05612244897959184,0.03571428571428571,0.05102040816326531,0.00510204081632653,0.07653061224489796,0.08163265306122448,0.061224489795918366,0.025510204081632654,0.08673469387755102,0.04591836734693878,0.03571428571428571,0.04081632653061224,0.03571428571428571,0.04081632653061224,0.04081632653061224,0.015306122448979591,0.11224489795918367,4.082847926749561,descriptive_only_not_binding_or_solubility_prediction
S5M3D7,c2a113df13829c5d394c60d6b34a96a380f0441ae6fe254804eec716a3ebd6a9,raw_composition_v1,computed_from_input_sequence,132,4,1,14,8,4,4,0,13,7,12,4,10,7,3,9,12,6,9,1,4,0.030303030303030304,0.007575757575757576,0.10606060606060606,0.06060606060606061,0.030303030303030304,0.030303030303030304,0.0,0.09848484848484848,0.05303030303030303,0.09090909090909091,0.030303030303030304,0.07575757575757576,0.05303030303030303,0.022727272727272728,0.06818181818181818,0.09090909090909091,0.045454545454545456,0.06818181818181818,0.007575757575757576,0.030303030303030304,4.004293000782086,descriptive_only_not_binding_or_solubility_prediction
A0AAE9FSY2,c5e9b47b2bfd7abb3b316697bb36d54c7661bfde852bfcc62cabd36d5b6adceb,raw_composition_v1,computed_from_input_sequence,302,45,2,20,25,4,14,3,16,6,31,3,9,18,9,21,16,17,33,1,9,0.1490066225165563,0.006622516556291391,0.06622516556291391,0.08278145695364239,0.013245033112582781,0.046357615894039736,0.009933774834437087,0.052980132450331126,0.019867549668874173,0.10264900662251655,0.009933774834437087,0.029801324503311258,0.059602649006622516,0.029801324503311258,0.0695364238410596,0.052980132450331126,0.056291390728476824,0.10927152317880795,0.0033112582781456954,0.029801324503311258,3.9059275019086983,descriptive_only_not_binding_or_solubility_prediction
A0A7U4GCC7,5e60078f5022020eba6408a6f8e7248d57e62aea377dfdf3b32cb1f912e00453,raw_composition_v1,computed_from_input_sequence,555,70,2,29,18,21,51,10,34,19,37,11,37,21,24,21,29,50,46,10,15,0.12612612612612611,0.0036036036036036037,0.05225225225225225,0.032432432432432434,0.03783783783783784,0.0918918918918919,0.018018018018018018,0.06126126126126126,0.03423423423423423,0.06666666666666667,0.01981981981981982,0.06666666666666667,0.03783783783783784,0.043243243243243246,0.03783783783783784,0.05225225225225225,0.09009009009009009,0.08288288288288288,0.018018018018018018,0.02702702702702703,4.066836960262423,descriptive_only_not_binding_or_solubility_prediction
S5M7E4,feac0b4e4d5c1feb8a0969eb5cd97372e39cb857fa39c3b126b53d3ca8e7cd7f,raw_composition_v1,computed_from_input_sequence,249,6,5,17,21,16,5,5,26,28,18,6,12,13,9,6,11,12,20,3,10,0.024096385542168676,0.020080321285140562,0.06827309236947791,0.08433734939759036,0.0642570281124498,0.020080321285140562,0.020080321285140562,0.10441767068273092,0.11244979919678715,0.07228915662650602,0.024096385542168676,0.04819277108433735,0.05220883534136546,0.03614457831325301,0.024096385542168676,0.04417670682730924,0.04819277108433735,0.08032128514056225,0.012048192771084338,0.040160642570281124,4.088112692505586,descriptive_only_not_binding_or_solubility_prediction
A0A449C3W7,ebfb73d8e379659d6594d98dde48b50dce8814b33af913c389cf8680999bcabb,raw_composition_v1,computed_from_input_sequence,364,27,1,16,16,16,26,1,25,20,26,9,26,11,10,15,46,40,16,3,14,0.07417582417582418,0.0027472527472527475,0.04395604395604396,0.04395604395604396,0.04395604395604396,0.07142857142857142,0.0027472527472527475,0.06868131868131869,0.054945054945054944,0.07142857142857142,0.024725274725274724,0.07142857142857142,0.03021978021978022,0.027472527472527472,0.04120879120879121,0.12637362637362637,0.10989010989010989,0.04395604395604396,0.008241758241758242,0.038461538461538464,4.010608458600856,descriptive_only_not_binding_or_solubility_prediction
A0A449C5Z9,e23af39f036a1a7bfdc64ccadbee64de11830b578708bc809a3261599edb9117,raw_composition_v1,computed_from_input_sequence,152,4,3,10,10,11,11,2,14,12,17,3,11,9,4,3,6,6,9,1,6,0.02631578947368421,0.019736842105263157,0.06578947368421052,0.06578947368421052,0.07236842105263158,0.07236842105263158,0.013157894736842105,0.09210526315789473,0.07894736842105263,0.1118421052631579,0.019736842105263157,0.07236842105263158,0.05921052631578947,0.02631578947368421,0.019736842105263157,0.039473684210526314,0.039473684210526314,0.05921052631578947,0.006578947368421052,0.039473684210526314,4.075152315569065,descriptive_only_not_binding_or_solubility_prediction
S5ML17,040be1e68ad368a2c6482671b0a8785e77da58a422574385943d2832b915243e,raw_composition_v1,computed_from_input_sequence,219,14,0,12,9,10,17,4,14,10,15,3,11,10,9,5,21,24,21,2,8,0.0639269406392694,0.0,0.0547945205479452,0.0410958904109589,0.045662100456621,0.0776255707762557,0.0182648401826484,0.0639269406392694,0.045662100456621,0.0684931506849315,0.0136986301369863,0.0502283105022831,0.045662100456621,0.0410958904109589,0.0228310502283105,0.0958904109589041,0.1095890410958904,0.0958904109589041,0.0091324200913242,0.0365296803652968,4.042518039099534,descriptive_only_not_binding_or_solubility_prediction
A0AAE9FRD5,7ff1b51a87329ebfddb53bdd4b196cee109f29578007f7730c4a3ed11dcdce1f,raw_composition_v1,computed_from_input_sequence,155,13,0,11,13,6,6,4,13,8,18,4,8,5,10,6,4,8,9,4,5,0.08387096774193549,0.0,0.07096774193548387,0.08387096774193549,0.03870967741935484,0.03870967741935484,0.025806451612903226,0.08387096774193549,0.05161290322580645,0.11612903225806452,0.025806451612903226,0.05161290322580645,0.03225806451612903,0.06451612903225806,0.03870967741935484,0.025806451612903226,0.05161290322580645,0.05806451612903226,0.025806451612903226,0.03225806451612903,4.095951768098861,descriptive_only_not_binding_or_solubility_prediction
A0A2C9CZQ3,6ec1dc0e2041a72e74353d252f67911df51b7391210e7c01733a4da53f6e9d57,raw_composition_v1,computed_from_input_sequence,104,6,0,5,4,2,3,0,6,4,13,1,9,9,6,4,7,7,3,3,12,0.057692307692307696,0.0,0.04807692307692308,0.038461538461538464,0.019230769230769232,0.028846153846153848,0.0,0.057692307692307696,0.038461538461538464,0.125,0.009615384615384616,0.08653846153846154,0.08653846153846154,0.057692307692307696,0.038461538461538464,0.0673076923076923,0.0673076923076923,0.028846153846153848,0.028846153846153848,0.11538461538461539,3.951492475129898,descriptive_only_not_binding_or_solubility_prediction
A0AA86IYU9,83a5d20c9ecb405a2581545e4d8521d0434a83122b6aceccfd389bba2e50aef0,raw_composition_v1,computed_from_input_sequence,122,4,0,9,7,5,6,0,10,9,8,2,7,4,0,9,17,7,10,1,7,0.03278688524590164,0.0,0.07377049180327869,0.05737704918032787,0.040983606557377046,0.04918032786885246,0.0,0.08196721311475409,0.07377049180327869,0.06557377049180328,0.01639344262295082,0.05737704918032787,0.03278688524590164,0.0,0.07377049180327869,0.13934426229508196,0.05737704918032787,0.08196721311475409,0.00819672131147541,0.05737704918032787,3.904190136461885,descriptive_only_not_binding_or_solubility_prediction
A0A2C9CYF4,9909ec758661fd1e45d2c2fc8bb7ec113883ceded26712a7cc0d7a10b92aa7e4,raw_composition_v1,computed_from_input_sequence,291,14,7,17,28,15,13,6,18,20,27,9,20,10,16,6,18,14,24,3,6,0.048109965635738834,0.024054982817869417,0.058419243986254296,0.09621993127147767,0.05154639175257732,0.044673539518900345,0.020618556701030927,0.061855670103092786,0.06872852233676977,0.09278350515463918,0.030927835051546393,0.06872852233676977,0.03436426116838488,0.054982817869415807,0.020618556701030927,0.061855670103092786,0.048109965635738834,0.08247422680412371,0.010309278350515464,0.020618556701030927,4.1453302963069625,descriptive_only_not_binding_or_solubility_prediction
A0A3B8E1I5,ec4dc0b62a4d4bf1c761d3fe8a508eac9c274d3b8017ed6885ca68eebbae1604,raw_composition_v1,computed_from_input_sequence,601,24,5,46,35,22,55,4,47,30,39,4,47,25,18,21,55,45,40,11,28,0.03993344425956739,0.008319467554076539,0.07653910149750416,0.05823627287853577,0.036605657237936774,0.09151414309484193,0.0066555740432612314,0.07820299500831947,0.04991680532445923,0.064891846921797,0.0066555740432612314,0.07820299500831947,0.04159733777038269,0.029950083194675542,0.03494176372712146,0.09151414309484193,0.07487520798668885,0.06655574043261231,0.018302828618968387,0.04658901830282862,4.078397160703878,descriptive_only_not_binding_or_solubility_prediction
A0A7U4GG50,093d5c794d294031bd09619a543bfc9fc8ad2a7cdb554a7a39c0fe33ac3d2662,raw_composition_v1,computed_from_input_sequence,399,49,3,24,19,17,32,3,38,10,22,4,38,13,11,17,23,33,29,3,11,0.12280701754385964,0.007518796992481203,0.06015037593984962,0.047619047619047616,0.042606516290726815,0.08020050125313283,0.007518796992481203,0.09523809523809523,0.02506265664160401,0.05513784461152882,0.010025062656641603,0.09523809523809523,0.03258145363408521,0.02756892230576441,0.042606516290726815,0.05764411027568922,0.08270676691729323,0.07268170426065163,0.007518796992481203,0.02756892230576441,3.9964360050025856,descriptive_only_not_binding_or_solubility_prediction
I7J3Y3,f2e66e102d3142fd1c6eee4420f52b9d7ebbece1f71db057bb65e4a0c9eeeba2,raw_composition_v1,computed_from_input_sequence,192,17,0,14,7,7,13,4,16,13,16,4,9,10,12,4,7,7,7,3,22,0.08854166666666667,0.0,0.07291666666666667,0.036458333333333336,0.036458333333333336,0.06770833333333333,0.020833333333333332,0.08333333333333333,0.06770833333333333,0.08333333333333333,0.020833333333333332,0.046875,0.052083333333333336,0.0625,0.020833333333333332,0.036458333333333336,0.036458333333333336,0.036458333333333336,0.015625,0.11458333333333333,4.059497754698036,descriptive_only_not_binding_or_solubility_prediction
I7KRT2,9dfdea0e8611792eb79b0aee13da89d344b2d8589c7648641b6578d39fb53956,raw_composition_v1,computed_from_input_sequence,527,48,3,24,22,12,57,7,29,18,30,9,38,21,22,26,46,58,35,5,17,0.09108159392789374,0.0056925996204933585,0.04554079696394687,0.04174573055028463,0.022770398481973434,0.10815939278937381,0.013282732447817837,0.05502846299810247,0.03415559772296015,0.056925996204933584,0.017077798861480076,0.07210626185958255,0.03984819734345351,0.04174573055028463,0.04933586337760911,0.0872865275142315,0.11005692599620494,0.06641366223908918,0.009487666034155597,0.03225806451612903,4.043084973390271,descriptive_only_not_binding_or_solubility_prediction
A0A7D3QKS7,00bae73f29372ffc4f0a9d0275ab5227ceb9e532b74a8d5f562f6ef21bc2d61a,raw_composition_v1,computed_from_input_sequence,175,14,0,11,19,4,6,1,11,9,11,4,11,8,10,10,11,10,14,6,5,0.08,0.0,0.06285714285714286,0.10857142857142857,0.022857142857142857,0.03428571428571429,0.005714285714285714,0.06285714285714286,0.05142857142857143,0.06285714285714286,0.022857142857142857,0.06285714285714286,0.045714285714285714,0.05714285714285714,0.05714285714285714,0.06285714285714286,0.05714285714285714,0.08,0.03428571428571429,0.02857142857142857,4.088915923599273,descriptive_only_not_binding_or_solubility_prediction
A0A1V0DXV4,ce0a186fd6a658e10ac967d993d74e9642a1de109ac18eb51901b8e5f7e4f45a,raw_composition_v1,computed_from_input_sequence,207,10,7,16,17,11,7,2,22,23,21,4,9,4,4,2,14,9,16,2,7,0.04830917874396135,0.033816425120772944,0.07729468599033816,0.0821256038647343,0.05314009661835749,0.033816425120772944,0.00966183574879227,0.10628019323671498,0.1111111111111111,0.10144927536231885,0.01932367149758454,0.043478260869565216,0.01932367149758454,0.01932367149758454,0.00966183574879227,0.06763285024154589,0.043478260869565216,0.07729468599033816,0.00966183574879227,0.033816425120772944,4.010085721601725,descriptive_only_not_binding_or_solubility_prediction
A0A7U4GDH6,f9b505a505c6b08e3d31f9df966fd7b586b153a150fea5fe930f88ac72758819,raw_composition_v1,computed_from_input_sequence,406,32,1,33,20,10,42,6,30,21,29,7,12,22,14,27,29,24,33,7,7,0.07881773399014778,0.0024630541871921183,0.0812807881773399,0.04926108374384237,0.024630541871921183,0.10344827586206896,0.014778325123152709,0.07389162561576355,0.05172413793103448,0.07142857142857142,0.017241379310344827,0.029556650246305417,0.054187192118226604,0.034482758620689655,0.0665024630541872,0.07142857142857142,0.059113300492610835,0.0812807881773399,0.017241379310344827,0.017241379310344827,4.06536356887056,descriptive_only_not_binding_or_solubility_prediction
A0A0H3NQY6,31d2481956634396cb1771258240340f76075306ef769032bbc3c32992dc705d,raw_composition_v1,computed_from_input_sequence,93,12,1,3,5,1,8,2,9,3,9,3,5,6,4,6,1,10,2,2,1,0.12903225806451613,0.010752688172043012,0.03225806451612903,0.053763440860215055,0.010752688172043012,0.08602150537634409,0.021505376344086023,0.0967741935483871,0.03225806451612903,0.0967741935483871,0.03225806451612903,0.053763440860215055,0.06451612903225806,0.043010752688172046,0.06451612903225806,0.010752688172043012,0.10752688172043011,0.021505376344086023,0.021505376344086023,0.010752688172043012,3.9606537095219343,descriptive_only_not_binding_or_solubility_prediction
A0A449C532,19cebf4c7fd935e824a2addef9ac99b1720ad95066d33615639df08dccd0937e,raw_composition_v1,computed_from_input_sequence,132,5,1,14,8,4,4,0,13,7,12,4,10,7,3,9,11,6,9,1,4,0.03787878787878788,0.007575757575757576,0.10606060606060606,0.06060606060606061,0.030303030303030304,0.030303030303030304,0.0,0.09848484848484848,0.05303030303030303,0.09090909090909091,0.030303030303030304,0.07575757575757576,0.05303030303030303,0.022727272727272728,0.06818181818181818,0.08333333333333333,0.045454545454545456,0.06818181818181818,0.007575757575757576,0.030303030303030304,4.014566953276077,descriptive_only_not_binding_or_solubility_prediction
A0AAE7TQG4,12495a29b4ffa388d4d1157d4dbe8f4effa4704d0bdd1a183b0300979debf001,raw_composition_v1,computed_from_input_sequence,176,6,3,12,19,8,13,4,12,22,16,4,10,4,3,6,7,9,11,3,4,0.03409090909090909,0.017045454545454544,0.06818181818181818,0.10795454545454546,0.045454545454545456,0.07386363636363637,0.022727272727272728,0.06818181818181818,0.125,0.09090909090909091,0.022727272727272728,0.056818181818181816,0.022727272727272728,0.017045454545454544,0.03409090909090909,0.03977272727272727,0.05113636363636364,0.0625,0.017045454545454544,0.022727272727272728,4.063403292188418,descriptive_only_not_binding_or_solubility_prediction
A0A449C648,108c5d5aa6d9e280a950b35d22cb192f77fbcbc58ad417da23d69a7d71b4f78e,raw_composition_v1,computed_from_input_sequence,208,10,7,12,21,6,8,9,23,19,23,3,11,7,2,5,9,12,11,3,7,0.04807692307692308,0.03365384615384615,0.057692307692307696,0.10096153846153846,0.028846153846153848,0.038461538461538464,0.04326923076923077,0.11057692307692307,0.09134615384615384,0.11057692307692307,0.014423076923076924,0.052884615384615384,0.03365384615384615,0.009615384615384616,0.02403846153846154,0.04326923076923077,0.057692307692307696,0.052884615384615384,0.014423076923076924,0.03365384615384615,4.070433424579224,descriptive_only_not_binding_or_solubility_prediction
I7LF14,907b524a8727bb7813c8737d9726626848799a8f64ff085a5be400250b3e6dbd,raw_composition_v1,computed_from_input_sequence,288,21,3,15,18,8,24,4,31,16,10,6,19,7,9,8,28,24,26,2,9,0.07291666666666667,0.010416666666666666,0.052083333333333336,0.0625,0.027777777777777776,0.08333333333333333,0.013888888888888888,0.1076388888888889,0.05555555555555555,0.034722222222222224,0.020833333333333332,0.06597222222222222,0.024305555555555556,0.03125,0.027777777777777776,0.09722222222222222,0.08333333333333333,0.09027777777777778,0.006944444444444444,0.03125,4.0404769747913045,descriptive_only_not_binding_or_solubility_prediction
A0A3B8DL36,28fa4afe87ebc9bb46fa36053e4d91e3d25f95a2f52536ef3fbb773f0c1e8069,raw_composition_v1,computed_from_input_sequence,132,5,1,14,8,4,5,0,13,7,12,4,10,7,3,8,11,6,9,1,4,0.03787878787878788,0.007575757575757576,0.10606060606060606,0.06060606060606061,0.030303030303030304,0.03787878787878788,0.0,0.09848484848484848,0.05303030303030303,0.09090909090909091,0.030303030303030304,0.07575757575757576,0.05303030303030303,0.022727272727272728,0.06060606060606061,0.08333333333333333,0.045454545454545456,0.06818181818181818,0.007575757575757576,0.030303030303030304,4.021534260386258,descriptive_only_not_binding_or_solubility_prediction
A0AAE7TR04,fd6c32af2c3a12f8f167667b0265a856fdc491e0d72ae59766a2630f55db355c,raw_composition_v1,computed_from_input_sequence,176,5,2,13,19,7,14,4,12,21,17,5,10,4,3,7,5,10,11,3,4,0.028409090909090908,0.011363636363636364,0.07386363636363637,0.10795454545454546,0.03977272727272727,0.07954545454545454,0.022727272727272728,0.06818181818181818,0.11931818181818182,0.09659090909090909,0.028409090909090908,0.056818181818181816,0.022727272727272728,0.017045454545454544,0.03977272727272727,0.028409090909090908,0.056818181818181816,0.0625,0.017045454545454544,0.022727272727272728,4.044668168480856,descriptive_only_not_binding_or_solubility_prediction
A0AAE7PH03,bfd54e1583981abbf4431534c633e7592fb95b878ac9bbd1ce763e6a19679abd,raw_composition_v1,computed_from_input_sequence,384,32,5,23,23,14,34,4,32,12,14,7,16,20,14,17,32,36,32,4,13,0.08333333333333333,0.013020833333333334,0.059895833333333336,0.059895833333333336,0.036458333333333336,0.08854166666666667,0.010416666666666666,0.08333333333333333,0.03125,0.036458333333333336,0.018229166666666668,0.041666666666666664,0.052083333333333336,0.036458333333333336,0.044270833333333336,0.08333333333333333,0.09375,0.08333333333333333,0.010416666666666666,0.033854166666666664,4.091744753763323,descriptive_only_not_binding_or_solubility_prediction
A0AAE6YNV4,8889d12ab36111b56918ad1578ac1b55e658acca6bd369a00e5e58c1a9e60bf3,raw_composition_v1,computed_from_input_sequence,387,38,1,29,25,13,29,9,18,32,32,8,10,13,13,26,21,31,27,5,7,0.09819121447028424,0.002583979328165375,0.07493540051679587,0.06459948320413436,0.03359173126614987,0.07493540051679587,0.023255813953488372,0.046511627906976744,0.082687338501292,0.082687338501292,0.020671834625323,0.025839793281653745,0.03359173126614987,0.03359173126614987,0.06718346253229975,0.05426356589147287,0.08010335917312661,0.06976744186046512,0.012919896640826873,0.01808785529715762,4.074023801035337,descriptive_only_not_binding_or_solubility_prediction
I6Q8T5,a37481208ec4ab11255ef31086c29790823f520b1d9d25c7a024d5c88e16addf,raw_composition_v1,computed_from_input_sequence,558,59,2,41,23,21,51,11,25,22,35,8,48,9,27,35,25,45,34,15,22,0.1057347670250896,0.0035842293906810036,0.07347670250896057,0.04121863799283154,0.03763440860215054,0.0913978494623656,0.01971326164874552,0.044802867383512544,0.03942652329749104,0.06272401433691756,0.014336917562724014,0.08602150537634409,0.016129032258064516,0.04838709677419355,0.06272401433691756,0.044802867383512544,0.08064516129032258,0.06093189964157706,0.026881720430107527,0.03942652329749104,4.092721334074131,descriptive_only_not_binding_or_solubility_prediction
A0A1V0DXR4,335870e109a48014b7cbaa7517c1b2871685736ba9bcd1d0645c6ae4c825f85c,raw_composition_v1,computed_from_input_sequence,192,16,0,14,7,7,13,4,15,13,16,4,9,10,12,4,5,9,9,3,22,0.08333333333333333,0.0,0.07291666666666667,0.036458333333333336,0.036458333333333336,0.06770833333333333,0.020833333333333332,0.078125,0.06770833333333333,0.08333333333333333,0.020833333333333332,0.046875,0.052083333333333336,0.0625,0.020833333333333332,0.026041666666666668,0.046875,0.046875,0.015625,0.11458333333333333,4.0655897975623025,descriptive_only_not_binding_or_solubility_prediction
F4N708,389ca91b6c19c71e78fc9baa0a7a08b7de13947ad3fcc63110a6a14774d02f8e,raw_composition_v1,computed_from_input_sequence,315,30,0,21,17,8,23,5,21,28,25,4,15,10,14,20,18,27,19,4,6,0.09523809523809523,0.0,0.06666666666666667,0.05396825396825397,0.025396825396825397,0.07301587301587302,0.015873015873015872,0.06666666666666667,0.08888888888888889,0.07936507936507936,0.012698412698412698,0.047619047619047616,0.031746031746031744,0.044444444444444446,0.06349206349206349,0.05714285714285714,0.08571428571428572,0.06031746031746032,0.012698412698412698,0.01904761904761905,4.049207996210663,descriptive_only_not_binding_or_solubility_prediction
A0A449C3X5,c2a113df13829c5d394c60d6b34a96a380f0441ae6fe254804eec716a3ebd6a9,raw_composition_v1,computed_from_input_sequence,132,4,1,14,8,4,4,0,13,7,12,4,10,7,3,9,12,6,9,1,4,0.030303030303030304,0.007575757575757576,0.10606060606060606,0.06060606060606061,0.030303030303030304,0.030303030303030304,0.0,0.09848484848484848,0.05303030303030303,0.09090909090909091,0.030303030303030304,0.07575757575757576,0.05303030303030303,0.022727272727272728,0.06818181818181818,0.09090909090909091,0.045454545454545456,0.06818181818181818,0.007575757575757576,0.030303030303030304,4.004293000782086,descriptive_only_not_binding_or_solubility_prediction
A0AAE9JXJ1,cce8b65c32cf698ea93ea85a38fca8ea76ffc956291c498056eb84e80ee91266,raw_composition_v1,computed_from_input_sequence,140,10,0,10,14,2,5,1,11,9,11,3,3,13,4,6,13,5,11,5,4,0.07142857142857142,0.0,0.07142857142857142,0.1,0.014285714285714285,0.03571428571428571,0.007142857142857143,0.07857142857142857,0.06428571428571428,0.07857142857142857,0.02142857142857143,0.02142857142857143,0.09285714285714286,0.02857142857142857,0.04285714285714286,0.09285714285714286,0.03571428571428571,0.07857142857142857,0.03571428571428571,0.02857142857142857,4.011482993100695,descriptive_only_not_binding_or_solubility_prediction
A0A449C469,4471f0d4a527231e697a2ef5847a063d05ac2881ffcf8184504879c82698166c,raw_composition_v1,computed_from_input_sequence,208,10,7,12,20,6,8,9,23,19,23,3,11,6,2,5,10,12,12,3,7,0.04807692307692308,0.03365384615384615,0.057692307692307696,0.09615384615384616,0.028846153846153848,0.038461538461538464,0.04326923076923077,0.11057692307692307,0.09134615384615384,0.11057692307692307,0.014423076923076924,0.052884615384615384,0.028846153846153848,0.009615384615384616,0.02403846153846154,0.04807692307692308,0.057692307692307696,0.057692307692307696,0.014423076923076924,0.03365384615384615,4.071808690402044,descriptive_only_not_binding_or_solubility_prediction
A0A449C5X9,e9c86fef13f6dab689fba529c0c71f1781afa5497e5f042142f884f3a0ce0bc7,raw_composition_v1,computed_from_input_sequence,601,25,5,47,36,22,55,3,46,28,39,5,46,25,17,22,56,44,41,11,28,0.04159733777038269,0.008319467554076539,0.07820299500831947,0.059900166389351084,0.036605657237936774,0.09151414309484193,0.004991680532445923,0.07653910149750416,0.04658901830282862,0.064891846921797,0.008319467554076539,0.07653910149750416,0.04159733777038269,0.028286189683860232,0.036605657237936774,0.09317803660565724,0.07321131447587355,0.06821963394342762,0.018302828618968387,0.04658901830282862,4.0770163441664,descriptive_only_not_binding_or_solubility_prediction
A0A449C542,96d277e947078ad4c4dc8403b2e6ad2b1871468c7c13c029bba0474c9f806960,raw_composition_v1,computed_from_input_sequence,364,24,1,17,16,17,27,1,26,21,25,10,25,11,10,15,43,42,16,3,14,0.06593406593406594,0.0027472527472527475,0.046703296703296704,0.04395604395604396,0.046703296703296704,0.07417582417582418,0.0027472527472527475,0.07142857142857142,0.057692307692307696,0.06868131868131869,0.027472527472527472,0.06868131868131869,0.03021978021978022,0.027472527472527472,0.04120879120879121,0.11813186813186813,0.11538461538461539,0.04395604395604396,0.008241758241758242,0.038461538461538464,4.0215365399961005,descriptive_only_not_binding_or_solubility_prediction
A0A3B8DYS4,3edfe630ee445df3756c1577b201bfe8cf8875e68895eb8d116aabd239e32b0d,raw_composition_v1,computed_from_input_sequence,76,9,0,4,12,0,3,1,8,5,7,2,1,0,5,2,5,7,5,0,0,0.11842105263157894,0.0,0.05263157894736842,0.15789473684210525,0.0,0.039473684210526314,0.013157894736842105,0.10526315789473684,0.06578947368421052,0.09210526315789473,0.02631578947368421,0.013157894736842105,0.0,0.06578947368421052,0.02631578947368421,0.06578947368421052,0.09210526315789473,0.06578947368421052,0.0,0.0,3.6420683906757976,descriptive_only_not_binding_or_solubility_prediction
A0A449C597,e23af39f036a1a7bfdc64ccadbee64de11830b578708bc809a3261599edb9117,raw_composition_v1,computed_from_input_sequence,152,4,3,10,10,11,11,2,14,12,17,3,11,9,4,3,6,6,9,1,6,0.02631578947368421,0.019736842105263157,0.06578947368421052,0.06578947368421052,0.07236842105263158,0.07236842105263158,0.013157894736842105,0.09210526315789473,0.07894736842105263,0.1118421052631579,0.019736842105263157,0.07236842105263158,0.05921052631578947,0.02631578947368421,0.019736842105263157,0.039473684210526314,0.039473684210526314,0.05921052631578947,0.006578947368421052,0.039473684210526314,4.075152315569065,descriptive_only_not_binding_or_solubility_prediction
A0A0B5A4M1,4000bf2d939615e603032420f8ee7887c61b85f4fd5bd0637c2cb6dafbb322de,raw_composition_v1,computed_from_input_sequence,174,6,0,11,9,10,10,6,14,15,22,4,8,7,10,4,10,10,15,1,2,0.034482758620689655,0.0,0.06321839080459771,0.05172413793103448,0.05747126436781609,0.05747126436781609,0.034482758620689655,0.08045977011494253,0.08620689655172414,0.12643678160919541,0.022988505747126436,0.04597701149425287,0.040229885057471264,0.05747126436781609,0.022988505747126436,0.05747126436781609,0.05747126436781609,0.08620689655172414,0.005747126436781609,0.011494252873563218,4.029336056696436,descriptive_only_not_binding_or_solubility_prediction
A0A0B5A2T1,9c385d83860fa21ad3e4b0445a5eaa710b6f26e7155e517008ae997cb912c887,raw_composition_v1,computed_from_input_sequence,334,15,5,25,23,11,23,2,27,15,9,13,25,24,9,16,20,17,26,9,20,0.04491017964071856,0.014970059880239521,0.0748502994011976,0.0688622754491018,0.03293413173652695,0.0688622754491018,0.005988023952095809,0.08083832335329341,0.04491017964071856,0.02694610778443114,0.038922155688622756,0.0748502994011976,0.0718562874251497,0.02694610778443114,0.04790419161676647,0.059880239520958084,0.05089820359281437,0.07784431137724551,0.02694610778443114,0.059880239520958084,4.162635596863339,descriptive_only_not_binding_or_solubility_prediction
A0A7U4GDF9,15076f62f53e269e9c7479433879b8dc997fb601be81dc381ab9c3609eb79a40,raw_composition_v1,computed_from_input_sequence,216,23,2,9,14,5,26,5,14,9,12,5,15,4,11,10,9,21,15,1,6,0.10648148148148148,0.009259259259259259,0.041666666666666664,0.06481481481481481,0.023148148148148147,0.12037037037037036,0.023148148148148147,0.06481481481481481,0.041666666666666664,0.05555555555555555,0.023148148148148147,0.06944444444444445,0.018518518518518517,0.05092592592592592,0.046296296296296294,0.041666666666666664,0.09722222222222222,0.06944444444444445,0.004629629629629629,0.027777777777777776,4.039498939874951,descriptive_only_not_binding_or_solubility_prediction
A0A3B8DYH7,52d7551e8d92917a69419c596884a74b79c8ee5532fca7a8ffbdab2580c1e248,raw_composition_v1,computed_from_input_sequence,390,20,2,22,24,19,21,7,29,23,25,17,31,16,11,12,32,28,26,4,21,0.05128205128205128,0.005128205128205128,0.05641025641025641,0.06153846153846154,0.04871794871794872,0.05384615384615385,0.017948717948717947,0.07435897435897436,0.05897435897435897,0.0641025641025641,0.04358974358974359,0.07948717948717948,0.041025641025641026,0.028205128205128206,0.03076923076923077,0.08205128205128205,0.07179487179487179,0.06666666666666667,0.010256410256410256,0.05384615384615385,4.157581602697846,descriptive_only_not_binding_or_solubility_prediction
A0A2D0PDX6,97f3b942e418373182d31829cfc9876c343c50ee8319fbc06cde831c269f5517,raw_composition_v1,computed_from_input_sequence,520,48,1,35,25,14,52,3,30,26,41,9,43,9,19,27,41,44,37,7,9,0.09230769230769231,0.0019230769230769232,0.0673076923076923,0.04807692307692308,0.026923076923076925,0.1,0.0057692307692307696,0.057692307692307696,0.05,0.07884615384615384,0.01730769230769231,0.08269230769230769,0.01730769230769231,0.03653846153846154,0.051923076923076926,0.07884615384615384,0.08461538461538462,0.07115384615384615,0.013461538461538462,0.01730769230769231,4.007860424465646,descriptive_only_not_binding_or_solubility_prediction
S5M7K0,4966f03ec8573373217838accdb56da4421f7fbb0ec2c1466b22d4bed78f6601,raw_composition_v1,computed_from_input_sequence,216,14,0,12,4,8,24,2,12,8,10,2,15,12,8,7,24,25,19,1,9,0.06481481481481481,0.0,0.05555555555555555,0.018518518518518517,0.037037037037037035,0.1111111111111111,0.009259259259259259,0.05555555555555555,0.037037037037037035,0.046296296296296294,0.009259259259259259,0.06944444444444445,0.05555555555555555,0.037037037037037035,0.032407407407407406,0.1111111111111111,0.11574074074074074,0.08796296296296297,0.004629629629629629,0.041666666666666664,3.943543540035851,descriptive_only_not_binding_or_solubility_prediction
A0A7D3UL75,d6664700c606c9d93a85390f316aae21c29e5812381588bb6116593fcab9bb9a,raw_composition_v1,computed_from_input_sequence,211,18,3,9,11,2,24,6,10,5,19,6,8,10,5,12,14,24,19,4,2,0.08530805687203792,0.014218009478672985,0.04265402843601896,0.052132701421800945,0.009478672985781991,0.11374407582938388,0.02843601895734597,0.04739336492890995,0.023696682464454975,0.09004739336492891,0.02843601895734597,0.037914691943127965,0.04739336492890995,0.023696682464454975,0.05687203791469194,0.06635071090047394,0.11374407582938388,0.09004739336492891,0.018957345971563982,0.009478672985781991,4.020170432004233,descriptive_only_not_binding_or_solubility_prediction
A0AAE7V5W0,b64bae15ff8784aae51485f573dd47d01670a453d984853700c27421f12769f2,raw_composition_v1,computed_from_input_sequence,211,18,4,8,11,2,23,5,9,6,19,5,8,10,5,12,15,25,20,4,2,0.08530805687203792,0.018957345971563982,0.037914691943127965,0.052132701421800945,0.009478672985781991,0.10900473933649289,0.023696682464454975,0.04265402843601896,0.02843601895734597,0.09004739336492891,0.023696682464454975,0.037914691943127965,0.04739336492890995,0.023696682464454975,0.05687203791469194,0.07109004739336493,0.11848341232227488,0.0947867298578199,0.018957345971563982,0.009478672985781991,4.014416138706711,descriptive_only_not_binding_or_solubility_prediction
A0A9P1PUV5,20fa113d4461c286ff9a78fc483ec7ddd4a2523b8a5c148cdbd2d239eaa64b29,raw_composition_v1,computed_from_input_sequence,557,77,1,38,20,22,52,12,40,15,36,6,41,15,19,25,39,36,38,8,17,0.13824057450628366,0.0017953321364452424,0.06822262118491922,0.03590664272890485,0.03949730700179533,0.0933572710951526,0.02154398563734291,0.0718132854578097,0.026929982046678635,0.06463195691202872,0.010771992818671455,0.07360861759425494,0.026929982046678635,0.03411131059245961,0.04488330341113106,0.07001795332136446,0.06463195691202872,0.06822262118491922,0.01436265709156194,0.03052064631956912,4.024072190925448,descriptive_only_not_binding_or_solubility_prediction
A0AAE7S224,ea6bebb5b1a264cc5f584a0da9dee4e50684d968d95733482b8bdf8acbf63b35,raw_composition_v1,computed_from_input_sequence,175,13,0,12,18,4,5,1,11,12,12,4,11,9,9,10,11,9,13,6,5,0.07428571428571429,0.0,0.06857142857142857,0.10285714285714286,0.022857142857142857,0.02857142857142857,0.005714285714285714,0.06285714285714286,0.06857142857142857,0.06857142857142857,0.022857142857142857,0.06285714285714286,0.05142857142857143,0.05142857142857143,0.05714285714285714,0.06285714285714286,0.05142857142857143,0.07428571428571429,0.03428571428571429,0.02857142857142857,4.091060894234391,descriptive_only_not_binding_or_solubility_prediction
A0ABP1YI01,4366732b782ac7fd5235021d196bac699f778066aac123f1b939c427bdd61732,raw_composition_v1,computed_from_input_sequence,379,46,3,21,18,12,23,4,17,6,36,10,21,10,13,24,41,33,33,2,6,0.12137203166226913,0.0079155672823219,0.055408970976253295,0.047493403693931395,0.0316622691292876,0.06068601583113457,0.010554089709762533,0.044854881266490766,0.0158311345646438,0.09498680738786279,0.026385224274406333,0.055408970976253295,0.026385224274406333,0.03430079155672823,0.0633245382585752,0.10817941952506596,0.0870712401055409,0.0870712401055409,0.005277044854881266,0.0158311345646438,3.9770489327854923,descriptive_only_not_binding_or_solubility_prediction
A0A449C541,b58f7b4d4a78da073add3bc6554bcd7f18766705d89d88a2df1db5f9da9a1da1,raw_composition_v1,computed_from_input_sequence,219,12,0,12,10,11,16,3,19,12,11,6,13,9,13,5,19,17,22,2,7,0.0547945205479452,0.0,0.0547945205479452,0.045662100456621,0.0502283105022831,0.0730593607305936,0.0136986301369863,0.0867579908675799,0.0547945205479452,0.0502283105022831,0.0273972602739726,0.0593607305936073,0.0410958904109589,0.0593607305936073,0.0228310502283105,0.0867579908675799,0.0776255707762557,0.1004566210045662,0.0091324200913242,0.0319634703196347,4.077674817012278,descriptive_only_not_binding_or_solubility_prediction
A0A2C9CYV8,6ec1dc0e2041a72e74353d252f67911df51b7391210e7c01733a4da53f6e9d57,raw_composition_v1,computed_from_input_sequence,104,6,0,5,4,2,3,0,6,4,13,1,9,9,6,4,7,7,3,3,12,0.057692307692307696,0.0,0.04807692307692308,0.038461538461538464,0.019230769230769232,0.028846153846153848,0.0,0.057692307692307696,0.038461538461538464,0.125,0.009615384615384616,0.08653846153846154,0.08653846153846154,0.057692307692307696,0.038461538461538464,0.0673076923076923,0.0673076923076923,0.028846153846153848,0.028846153846153848,0.11538461538461539,3.951492475129898,descriptive_only_not_binding_or_solubility_prediction
A0A0B4ZZK4,55f76a2f6f8eb10b0337076b6d904c8f240e18c4853899ea78813473713ca3e6,raw_composition_v1,computed_from_input_sequence,224,18,0,16,5,8,22,2,22,10,10,4,13,10,13,4,14,25,18,2,8,0.08035714285714286,0.0,0.07142857142857142,0.022321428571428572,0.03571428571428571,0.09821428571428571,0.008928571428571428,0.09821428571428571,0.044642857142857144,0.044642857142857144,0.017857142857142856,0.05803571428571429,0.044642857142857144,0.05803571428571429,0.017857142857142856,0.0625,0.11160714285714286,0.08035714285714286,0.008928571428571428,0.03571428571428571,3.9894505429599927,descriptive_only_not_binding_or_solubility_prediction
A0ABP1YEP8,75affd1055534bfa916380b452b063c5154000f41da3f3f68d404deb965fdf74,raw_composition_v1,computed_from_input_sequence,448,72,1,11,17,9,45,3,24,15,44,8,27,14,19,6,48,36,30,3,16,0.16071428571428573,0.002232142857142857,0.024553571428571428,0.03794642857142857,0.020089285714285716,0.10044642857142858,0.006696428571428571,0.05357142857142857,0.033482142857142856,0.09821428571428571,0.017857142857142856,0.060267857142857144,0.03125,0.04241071428571429,0.013392857142857142,0.10714285714285714,0.08035714285714286,0.06696428571428571,0.006696428571428571,0.03571428571428571,3.867371210192645,descriptive_only_not_binding_or_solubility_prediction
A0AAE9FQP6,cce8b65c32cf698ea93ea85a38fca8ea76ffc956291c498056eb84e80ee91266,raw_composition_v1,computed_from_input_sequence,140,10,0,10,14,2,5,1,11,9,11,3,3,13,4,6,13,5,11,5,4,0.07142857142857142,0.0,0.07142857142857142,0.1,0.014285714285714285,0.03571428571428571,0.007142857142857143,0.07857142857142857,0.06428571428571428,0.07857142857142857,0.02142857142857143,0.02142857142857143,0.09285714285714286,0.02857142857142857,0.04285714285714286,0.09285714285714286,0.03571428571428571,0.07857142857142857,0.03571428571428571,0.02857142857142857,4.011482993100695,descriptive_only_not_binding_or_solubility_prediction
A0AAE7V7A7,d7106d0bd2098a289f26f05dc2032a5c364122949a390781ccf4601340eef530,raw_composition_v1,computed_from_input_sequence,115,5,1,7,4,1,8,2,6,2,13,6,2,6,6,9,11,13,9,1,3,0.043478260869565216,0.008695652173913044,0.06086956521739131,0.034782608695652174,0.008695652173913044,0.06956521739130435,0.017391304347826087,0.05217391304347826,0.017391304347826087,0.11304347826086956,0.05217391304347826,0.017391304347826087,0.05217391304347826,0.05217391304347826,0.0782608695652174,0.09565217391304348,0.11304347826086956,0.0782608695652174,0.008695652173913044,0.02608695652173913,3.998716633979579,descriptive_only_not_binding_or_solubility_prediction
A0AA86J4Z9,8ed33f4c737660841282cfba4a0b88ea4e241be1ca6319a2eb210d2624d2dbd1,raw_composition_v1,computed_from_input_sequence,133,5,0,8,19,3,5,1,11,10,13,3,9,11,2,4,9,7,7,2,4,0.03759398496240601,0.0,0.06015037593984962,0.14285714285714285,0.022556390977443608,0.03759398496240601,0.007518796992481203,0.08270676691729323,0.07518796992481203,0.09774436090225563,0.022556390977443608,0.06766917293233082,0.08270676691729323,0.015037593984962405,0.03007518796992481,0.06766917293233082,0.05263157894736842,0.05263157894736842,0.015037593984962405,0.03007518796992481,3.963299047996489,descriptive_only_not_binding_or_solubility_prediction
A0AAX4M766,05ca9265f46ef736acf4f89b5bf4cec2148b16c56c4ee13605d4fae053b874c1,raw_composition_v1,computed_from_input_sequence,389,41,0,29,24,12,25,8,14,32,41,8,11,15,13,23,28,33,22,6,4,0.10539845758354756,0.0,0.07455012853470437,0.061696658097686374,0.030848329048843187,0.06426735218508997,0.02056555269922879,0.03598971722365039,0.08226221079691516,0.10539845758354756,0.02056555269922879,0.028277634961439587,0.038560411311053984,0.033419023136246784,0.05912596401028278,0.07197943444730077,0.08483290488431877,0.056555269922879174,0.015424164524421594,0.010282776349614395,4.022259508606779,descriptive_only_not_binding_or_solubility_prediction
A0AAX4M771,2b6b20df2e215a9f284c803201b39ff8ada378ee3dd5803de9d9b84c0d8ea4ee,raw_composition_v1,computed_from_input_sequence,206,24,0,15,19,5,10,3,10,13,16,2,12,8,5,7,10,18,15,6,8,0.11650485436893204,0.0,0.07281553398058252,0.09223300970873786,0.024271844660194174,0.04854368932038835,0.014563106796116505,0.04854368932038835,0.06310679611650485,0.07766990291262135,0.009708737864077669,0.05825242718446602,0.038834951456310676,0.024271844660194174,0.03398058252427184,0.04854368932038835,0.08737864077669903,0.07281553398058252,0.02912621359223301,0.038834951456310676,4.041191654523853,descriptive_only_not_binding_or_solubility_prediction
A0A0B4ZXG6,8c53c5fbb6e8c1a2cefacd1cc87193869451c1203b1d59870e0a0e255e1cfd3a,raw_composition_v1,computed_from_input_sequence,80,2,1,8,5,3,2,0,8,2,6,2,5,5,4,4,6,5,9,0,3,0.025,0.0125,0.1,0.0625,0.0375,0.025,0.0,0.1,0.025,0.075,0.025,0.0625,0.0625,0.05,0.05,0.075,0.0625,0.1125,0.0,0.0375,3.9782129458410016,descriptive_only_not_binding_or_solubility_prediction
A0AAE9FPR6,7ce7d5ead7d8201c092226ffd2240be3cba776feef417749db47f23936e11b85,raw_composition_v1,computed_from_input_sequence,118,6,1,8,2,0,9,2,10,2,13,7,6,5,7,9,9,11,6,1,4,0.05084745762711865,0.00847457627118644,0.06779661016949153,0.01694915254237288,0.0,0.07627118644067797,0.01694915254237288,0.0847457627118644,0.01694915254237288,0.11016949152542373,0.059322033898305086,0.05084745762711865,0.0423728813559322,0.059322033898305086,0.07627118644067797,0.07627118644067797,0.09322033898305085,0.05084745762711865,0.00847457627118644,0.03389830508474576,3.9978239432187515,descriptive_only_not_binding_or_solubility_prediction
A1JK73,eb19d1061f1a02f26aa985a5b9edd3a3e7c0419a2adfe71230748f201ae87ad5,raw_composition_v1,computed_from_input_sequence,394,44,2,23,18,16,25,10,24,8,41,9,25,16,12,17,27,31,32,5,9,0.1116751269035533,0.005076142131979695,0.0583756345177665,0.04568527918781726,0.04060913705583756,0.06345177664974619,0.025380710659898477,0.06091370558375635,0.02030456852791878,0.10406091370558376,0.02284263959390863,0.06345177664974619,0.04060913705583756,0.030456852791878174,0.04314720812182741,0.06852791878172589,0.07868020304568528,0.08121827411167512,0.012690355329949238,0.02284263959390863,4.07493723602925,descriptive_only_not_binding_or_solubility_prediction
A0AA86J574,c65241a2ca0ea94176df233b03e6932fccde248ae10d08b43d83dd43d733c6cb,raw_composition_v1,computed_from_input_sequence,249,15,2,11,6,9,28,1,18,7,14,9,22,19,5,12,21,22,14,3,11,0.060240963855421686,0.008032128514056224,0.04417670682730924,0.024096385542168676,0.03614457831325301,0.11244979919678715,0.004016064257028112,0.07228915662650602,0.028112449799196786,0.05622489959839357,0.03614457831325301,0.08835341365461848,0.07630522088353414,0.020080321285140562,0.04819277108433735,0.08433734939759036,0.08835341365461848,0.05622489959839357,0.012048192771084338,0.04417670682730924,4.04936077733272,descriptive_only_not_binding_or_solubility_prediction
I7KRB0,1defc3cc2b46d161e3235734310489854e7107da6f26eea002a16d0d07abda11,raw_composition_v1,computed_from_input_sequence,80,2,1,9,4,3,2,0,8,2,6,2,5,5,4,4,6,5,9,0,3,0.025,0.0125,0.1125,0.05,0.0375,0.025,0.0,0.1,0.025,0.075,0.025,0.0625,0.0625,0.05,0.05,0.075,0.0625,0.1125,0.0,0.0375,3.9667168891092017,descriptive_only_not_binding_or_solubility_prediction
A0AAE6YPB5,915d193a8762edbd27453520265a4304f29b79bec54117882e53ef0f79205f25,raw_composition_v1,computed_from_input_sequence,115,6,1,7,4,1,8,2,6,2,13,6,2,6,6,9,11,12,9,1,3,0.05217391304347826,0.008695652173913044,0.06086956521739131,0.034782608695652174,0.008695652173913044,0.06956521739130435,0.017391304347826087,0.05217391304347826,0.017391304347826087,0.11304347826086956,0.05217391304347826,0.017391304347826087,0.05217391304347826,0.05217391304347826,0.0782608695652174,0.09565217391304348,0.10434782608695652,0.0782608695652174,0.008695652173913044,0.02608695652173913,4.0090299539560155,descriptive_only_not_binding_or_solubility_prediction
A0A6M3G945,8a0030bbd0d956b67754f46d848606e7fe0f2fab302f36fba0792cff2cad2d4a,raw_composition_v1,computed_from_input_sequence,132,5,1,15,8,4,4,0,13,7,12,4,9,7,3,9,11,6,9,1,4,0.03787878787878788,0.007575757575757576,0.11363636363636363,0.06060606060606061,0.030303030303030304,0.030303030303030304,0.0,0.09848484848484848,0.05303030303030303,0.09090909090909091,0.030303030303030304,0.06818181818181818,0.05303030303030303,0.022727272727272728,0.06818181818181818,0.08333333333333333,0.045454545454545456,0.06818181818181818,0.007575757575757576,0.030303030303030304,4.0099424525985885,descriptive_only_not_binding_or_solubility_prediction
S5MRE0,4c4ccea08d4e1c03138738472c5a287304f974a75397695820979430cb1f3d96,raw_composition_v1,computed_from_input_sequence,208,10,7,12,20,6,8,9,23,19,23,3,11,7,2,5,9,12,12,3,7,0.04807692307692308,0.03365384615384615,0.057692307692307696,0.09615384615384616,0.028846153846153848,0.038461538461538464,0.04326923076923077,0.11057692307692307,0.09134615384615384,0.11057692307692307,0.014423076923076924,0.052884615384615384,0.03365384615384615,0.009615384615384616,0.02403846153846154,0.04326923076923077,0.057692307692307696,0.057692307692307696,0.014423076923076924,0.03365384615384615,4.074444490814623,descriptive_only_not_binding_or_solubility_prediction
A0AAE9FV72,636399346ce23b9b35b5e8a4ef8e2c51bec57c8e03780173b5d270b835aebf4e,raw_composition_v1,computed_from_input_sequence,116,12,0,5,0,8,11,1,10,4,7,1,6,6,3,3,11,12,9,2,5,0.10344827586206896,0.0,0.04310344827586207,0.0,0.06896551724137931,0.09482758620689655,0.008620689655172414,0.08620689655172414,0.034482758620689655,0.0603448275862069,0.008620689655172414,0.05172413793103448,0.05172413793103448,0.02586206896551724,0.02586206896551724,0.09482758620689655,0.10344827586206896,0.07758620689655173,0.017241379310344827,0.04310344827586207,3.915780201977224,descriptive_only_not_binding_or_solubility_prediction
A0A3B8E5R1,fd240f48f0d7ad844092d6ad13ac1caaba205bfe61fff6fde4c32a2ec7bdcd24,raw_composition_v1,computed_from_input_sequence,208,10,7,12,21,6,8,10,23,20,23,3,10,7,2,4,9,12,11,3,7,0.04807692307692308,0.03365384615384615,0.057692307692307696,0.10096153846153846,0.028846153846153848,0.038461538461538464,0.04807692307692308,0.11057692307692307,0.09615384615384616,0.11057692307692307,0.014423076923076924,0.04807692307692308,0.03365384615384615,0.009615384615384616,0.019230769230769232,0.04326923076923077,0.057692307692307696,0.052884615384615384,0.014423076923076924,0.03365384615384615,4.060944060407885,descriptive_only_not_binding_or_solubility_prediction
A0AAE9FSV4,ea28b73c4de17ebb49e39d6dccb52f37b83c570a5cdacde42a5713e8bc2fa348,raw_composition_v1,computed_from_input_sequence,116,10,0,7,3,2,7,1,11,2,11,5,3,6,5,8,11,14,6,1,3,0.08620689655172414,0.0,0.0603448275862069,0.02586206896551724,0.017241379310344827,0.0603448275862069,0.008620689655172414,0.09482758620689655,0.017241379310344827,0.09482758620689655,0.04310344827586207,0.02586206896551724,0.05172413793103448,0.04310344827586207,0.06896551724137931,0.09482758620689655,0.1206896551724138,0.05172413793103448,0.008620689655172414,0.02586206896551724,3.957205515424682,descriptive_only_not_binding_or_solubility_prediction
A0ABP1XZ23,8000ee50b471df4604ce94c4d42be59c5d33f19487f9d934ae817bc778b362a4,raw_composition_v1,computed_from_input_sequence,410,65,0,9,13,10,35,2,25,9,39,6,25,12,15,8,49,39,32,3,14,0.15853658536585366,0.0,0.02195121951219512,0.03170731707317073,0.024390243902439025,0.08536585365853659,0.004878048780487805,0.06097560975609756,0.02195121951219512,0.0951219512195122,0.014634146341463415,0.06097560975609756,0.02926829268292683,0.036585365853658534,0.01951219512195122,0.11951219512195121,0.0951219512195122,0.07804878048780488,0.007317073170731708,0.03414634146341464,3.825509450651036,descriptive_only_not_binding_or_solubility_prediction
I7LEG3,04c9ed27ed031421e35b1dd070bc33de5c857f0f18c1fd4af721809c29a5c257,raw_composition_v1,computed_from_input_sequence,128,10,0,11,15,3,8,1,7,7,11,3,4,6,5,6,7,3,9,6,6,0.078125,0.0,0.0859375,0.1171875,0.0234375,0.0625,0.0078125,0.0546875,0.0546875,0.0859375,0.0234375,0.03125,0.046875,0.0390625,0.046875,0.0546875,0.0234375,0.0703125,0.046875,0.046875,4.067755336973067,descriptive_only_not_binding_or_solubility_prediction
A0A9P1UYK8,aefd78d6cf66525b54ab01a14d3d257c65d902088c25d15e62c121b865731bad,raw_composition_v1,computed_from_input_sequence,460,66,5,24,25,9,33,2,19,20,36,10,29,17,25,14,41,38,32,2,13,0.14347826086956522,0.010869565217391304,0.05217391304347826,0.05434782608695652,0.01956521739130435,0.07173913043478261,0.004347826086956522,0.041304347826086954,0.043478260869565216,0.0782608695652174,0.021739130434782608,0.06304347826086956,0.03695652173913044,0.05434782608695652,0.030434782608695653,0.0891304347826087,0.08260869565217391,0.06956521739130435,0.004347826086956522,0.02826086956521739,3.9995997497080396,descriptive_only_not_binding_or_solubility_prediction
A0ABM9SIE6,b6480289082a2048eab816b4ef0a5f830401513d4c10bf151984204378d0328f,raw_composition_v1,computed_from_input_sequence,211,18,3,9,14,6,22,5,16,8,17,4,9,9,5,8,15,18,20,4,1,0.08530805687203792,0.014218009478672985,0.04265402843601896,0.06635071090047394,0.02843601895734597,0.10426540284360189,0.023696682464454975,0.07582938388625593,0.037914691943127965,0.08056872037914692,0.018957345971563982,0.04265402843601896,0.04265402843601896,0.023696682464454975,0.037914691943127965,0.07109004739336493,0.08530805687203792,0.0947867298578199,0.018957345971563982,0.004739336492890996,4.056983206725254,descriptive_only_not_binding_or_solubility_prediction
A0A449C473,e23af39f036a1a7bfdc64ccadbee64de11830b578708bc809a3261599edb9117,raw_composition_v1,computed_from_input_sequence,152,4,3,10,10,11,11,2,14,12,17,3,11,9,4,3,6,6,9,1,6,0.02631578947368421,0.019736842105263157,0.06578947368421052,0.06578947368421052,0.07236842105263158,0.07236842105263158,0.013157894736842105,0.09210526315789473,0.07894736842105263,0.1118421052631579,0.019736842105263157,0.07236842105263158,0.05921052631578947,0.02631578947368421,0.019736842105263157,0.039473684210526314,0.039473684210526314,0.05921052631578947,0.006578947368421052,0.039473684210526314,4.075152315569065,descriptive_only_not_binding_or_solubility_prediction
A0A7U4GE85,0e08a825d09139d6a2cc527dc2a040c7ad2f1ddccc9edd2949d309da6e9b8e38,raw_composition_v1,computed_from_input_sequence,468,58,3,26,22,16,32,7,22,4,45,13,20,14,16,31,48,40,37,5,9,0.12393162393162394,0.00641025641025641,0.05555555555555555,0.04700854700854701,0.03418803418803419,0.06837606837606838,0.014957264957264958,0.04700854700854701,0.008547008547008548,0.09615384615384616,0.027777777777777776,0.042735042735042736,0.029914529914529916,0.03418803418803419,0.06623931623931624,0.10256410256410256,0.08547008547008547,0.07905982905982906,0.010683760683760684,0.019230769230769232,3.996432071056288,descriptive_only_not_binding_or_solubility_prediction
A0A7D3V4S6,346fee2d91802e19033d266729a37ae792bce18d461c1b4fd8736c399cb4b5e9,raw_composition_v1,computed_from_input_sequence,211,18,3,9,11,2,23,6,11,6,18,5,8,10,5,12,15,24,19,4,2,0.08530805687203792,0.014218009478672985,0.04265402843601896,0.052132701421800945,0.009478672985781991,0.10900473933649289,0.02843601895734597,0.052132701421800945,0.02843601895734597,0.08530805687203792,0.023696682464454975,0.037914691943127965,0.04739336492890995,0.023696682464454975,0.05687203791469194,0.07109004739336493,0.11374407582938388,0.09004739336492891,0.018957345971563982,0.009478672985781991,4.027347166013735,descriptive_only_not_binding_or_solubility_prediction
A0A2D0PDR4,22a1d747511f18cc857c257a7ce53920f6125862962fcad60dc7f0d89058f2dd,raw_composition_v1,computed_from_input_sequence,520,48,1,36,25,14,51,3,31,26,41,9,42,9,19,27,42,44,36,7,9,0.09230769230769231,0.0019230769230769232,0.06923076923076923,0.04807692307692308,0.026923076923076925,0.09807692307692308,0.0057692307692307696,0.05961538461538462,0.05,0.07884615384615384,0.01730769230769231,0.08076923076923077,0.01730769230769231,0.03653846153846154,0.051923076923076926,0.08076923076923077,0.08461538461538462,0.06923076923076923,0.013461538461538462,0.01730769230769231,4.009457036570775,descriptive_only_not_binding_or_solubility_prediction
A0A7T9XT11,de51f72fcd0a7b57a19fdddbbb91e108a30a5784d6eef99d60ce590dea589b63,raw_composition_v1,computed_from_input_sequence,380,41,1,26,14,13,26,10,21,23,39,10,11,14,24,22,24,29,22,4,6,0.10789473684210527,0.002631578947368421,0.06842105263157895,0.03684210526315789,0.034210526315789476,0.06842105263157895,0.02631578947368421,0.05526315789473684,0.060526315789473685,0.10263157894736842,0.02631578947368421,0.02894736842105263,0.03684210526315789,0.06315789473684211,0.05789473684210526,0.06315789473684211,0.07631578947368421,0.05789473684210526,0.010526315789473684,0.015789473684210527,4.079376255936582,descriptive_only_not_binding_or_solubility_prediction
A0AAE9JYN2,6edf1e24d9022ed483aaa9ad67fe83aae973b6a0f0a1e015ddb52816d09d0efb,raw_composition_v1,computed_from_input_sequence,116,10,0,7,3,1,7,1,11,2,12,5,2,6,5,8,12,14,6,1,3,0.08620689655172414,0.0,0.0603448275862069,0.02586206896551724,0.008620689655172414,0.0603448275862069,0.008620689655172414,0.09482758620689655,0.017241379310344827,0.10344827586206896,0.04310344827586207,0.017241379310344827,0.05172413793103448,0.04310344827586207,0.06896551724137931,0.10344827586206896,0.1206896551724138,0.05172413793103448,0.008620689655172414,0.02586206896551724,3.9125786455529257,descriptive_only_not_binding_or_solubility_prediction
A1JNA9,f497654b05df2f93dc6dd26e7b35617bc9c1cbc2d108d157d630d2fd95fc7cdf,raw_composition_v1,computed_from_input_sequence,369,36,0,29,21,15,27,6,22,26,29,9,11,16,12,25,20,32,22,5,6,0.0975609756097561,0.0,0.07859078590785908,0.056910569105691054,0.04065040650406504,0.07317073170731707,0.016260162601626018,0.05962059620596206,0.07046070460704607,0.07859078590785908,0.024390243902439025,0.02981029810298103,0.04336043360433604,0.032520325203252036,0.06775067750677506,0.05420054200542006,0.08672086720867209,0.05962059620596206,0.013550135501355014,0.016260162601626018,4.071386521009506,descriptive_only_not_binding_or_solubility_prediction
A0AAE9JW72,42b44597ef6b46111e8a7bfe09967c530bef1c9be097bd7721959d9485ef9641,raw_composition_v1,computed_from_input_sequence,213,17,3,14,12,5,24,4,13,6,24,2,12,9,6,7,14,21,13,4,3,0.07981220657276995,0.014084507042253521,0.06572769953051644,0.056338028169014086,0.023474178403755867,0.11267605633802817,0.018779342723004695,0.06103286384976526,0.028169014084507043,0.11267605633802817,0.009389671361502348,0.056338028169014086,0.04225352112676056,0.028169014084507043,0.03286384976525822,0.06572769953051644,0.09859154929577464,0.06103286384976526,0.018779342723004695,0.014084507042253521,4.030578260246421,descriptive_only_not_binding_or_solubility_prediction
A0A9P1PT53,b303c703ed7493f0564866ffd3e22f7846fec6523467838f44b90b0832ed765a,raw_composition_v1,computed_from_input_sequence,443,44,4,20,12,19,41,9,26,16,38,5,39,22,21,18,27,29,36,7,10,0.09932279909706546,0.009029345372460496,0.045146726862302484,0.02708803611738149,0.04288939051918736,0.09255079006772009,0.020316027088036117,0.05869074492099323,0.03611738148984198,0.08577878103837472,0.011286681715575621,0.08803611738148984,0.04966139954853273,0.04740406320541761,0.040632054176072234,0.060948081264108354,0.0654627539503386,0.08126410835214447,0.01580135440180587,0.022573363431151242,4.087772422046144,descriptive_only_not_binding_or_solubility_prediction
I7LEN8,50980a022c523613019fa33b2f8300bd029613885ced0678510f3bd6e2d5fca9,raw_composition_v1,computed_from_input_sequence,249,9,6,14,21,12,5,5,27,22,24,5,15,12,7,6,15,19,14,2,9,0.03614457831325301,0.024096385542168676,0.05622489959839357,0.08433734939759036,0.04819277108433735,0.020080321285140562,0.020080321285140562,0.10843373493975904,0.08835341365461848,0.0963855421686747,0.020080321285140562,0.060240963855421686,0.04819277108433735,0.028112449799196786,0.024096385542168676,0.060240963855421686,0.07630522088353414,0.05622489959839357,0.008032128514056224,0.03614457831325301,4.088964950401296,descriptive_only_not_binding_or_solubility_prediction
Q858V3,262e2dce3a83f413159fef40eb3490466ca749cdd97b8b042bfb1f22f2631977,raw_composition_v1,computed_from_input_sequence,175,13,0,12,19,5,6,1,11,11,9,4,11,8,11,10,12,8,13,6,5,0.07428571428571429,0.0,0.06857142857142857,0.10857142857142857,0.02857142857142857,0.03428571428571429,0.005714285714285714,0.06285714285714286,0.06285714285714286,0.05142857142857143,0.022857142857142857,0.06285714285714286,0.045714285714285714,0.06285714285714286,0.05714285714285714,0.06857142857142857,0.045714285714285714,0.07428571428571429,0.03428571428571429,0.02857142857142857,4.095990634210459,descriptive_only_not_binding_or_solubility_prediction
A0ABP1YG46,f30371cf4a1ae35f65d8bf4b1c02a61df57b3740e941bb3473243639dd70f40b,raw_composition_v1,computed_from_input_sequence,357,23,4,31,16,6,20,1,23,11,36,12,17,16,19,26,30,18,24,10,14,0.06442577030812324,0.011204481792717087,0.08683473389355742,0.04481792717086835,0.01680672268907563,0.056022408963585436,0.0028011204481792717,0.06442577030812324,0.03081232492997199,0.10084033613445378,0.03361344537815126,0.047619047619047616,0.04481792717086835,0.05322128851540616,0.07282913165266107,0.08403361344537816,0.05042016806722689,0.06722689075630252,0.028011204481792718,0.0392156862745098,4.115526729390908,descriptive_only_not_binding_or_solubility_prediction
A0A0H3NU55,5c7661255b6417f8d4e5b85e80815c82ac330382b777dd1e5451930b4340ba28,raw_composition_v1,computed_from_input_sequence,87,13,0,9,2,0,1,3,11,3,7,2,4,4,11,3,2,6,2,3,1,0.14942528735632185,0.0,0.10344827586206896,0.022988505747126436,0.0,0.011494252873563218,0.034482758620689655,0.12643678160919541,0.034482758620689655,0.08045977011494253,0.022988505747126436,0.04597701149425287,0.04597701149425287,0.12643678160919541,0.034482758620689655,0.022988505747126436,0.06896551724137931,0.022988505747126436,0.034482758620689655,0.011494252873563218,3.788652157616319,descriptive_only_not_binding_or_solubility_prediction
A0A449C3Q7,3edfe630ee445df3756c1577b201bfe8cf8875e68895eb8d116aabd239e32b0d,raw_composition_v1,computed_from_input_sequence,76,9,0,4,12,0,3,1,8,5,7,2,1,0,5,2,5,7,5,0,0,0.11842105263157894,0.0,0.05263157894736842,0.15789473684210525,0.0,0.039473684210526314,0.013157894736842105,0.10526315789473684,0.06578947368421052,0.09210526315789473,0.02631578947368421,0.013157894736842105,0.0,0.06578947368421052,0.02631578947368421,0.06578947368421052,0.09210526315789473,0.06578947368421052,0.0,0.0,3.6420683906757976,descriptive_only_not_binding_or_solubility_prediction
A0A449C610,c2a113df13829c5d394c60d6b34a96a380f0441ae6fe254804eec716a3ebd6a9,raw_composition_v1,computed_from_input_sequence,132,4,1,14,8,4,4,0,13,7,12,4,10,7,3,9,12,6,9,1,4,0.030303030303030304,0.007575757575757576,0.10606060606060606,0.06060606060606061,0.030303030303030304,0.030303030303030304,0.0,0.09848484848484848,0.05303030303030303,0.09090909090909091,0.030303030303030304,0.07575757575757576,0.05303030303030303,0.022727272727272728,0.06818181818181818,0.09090909090909091,0.045454545454545456,0.06818181818181818,0.007575757575757576,0.030303030303030304,4.004293000782086,descriptive_only_not_binding_or_solubility_prediction
A0ABP1YH51,203346ec2af5f5b14777fd9f635cebb589920da430958ff0f091dec537c9065a,raw_composition_v1,computed_from_input_sequence,395,39,2,23,20,6,39,3,44,12,30,3,26,17,6,15,30,34,31,2,13,0.09873417721518987,0.005063291139240506,0.05822784810126582,0.05063291139240506,0.015189873417721518,0.09873417721518987,0.007594936708860759,0.11139240506329114,0.030379746835443037,0.0759493670886076,0.007594936708860759,0.06582278481012659,0.043037974683544304,0.015189873417721518,0.0379746835443038,0.0759493670886076,0.08607594936708861,0.07848101265822785,0.005063291139240506,0.03291139240506329,3.942467424320436,descriptive_only_not_binding_or_solubility_prediction
A0A2D0PE26,9d1397d58108a337d5c687f84fdaa289f1533e04a8b954d05b1f7f5518bfbfb4,raw_composition_v1,computed_from_input_sequence,520,48,1,36,24,13,52,2,30,26,41,9,43,9,19,27,42,44,37,7,10,0.09230769230769231,0.0019230769230769232,0.06923076923076923,0.046153846153846156,0.025,0.1,0.0038461538461538464,0.057692307692307696,0.05,0.07884615384615384,0.01730769230769231,0.08269230769230769,0.01730769230769231,0.03653846153846154,0.051923076923076926,0.08076923076923077,0.08461538461538462,0.07115384615384615,0.013461538461538462,0.019230769230769232,3.999993876081198,descriptive_only_not_binding_or_solubility_prediction
A0A0H5HBD5,5fbfb415fe10d3339b32e76cfb5d9a93ae390eaef4bad1621f5cda6c1102c6dc,raw_composition_v1,computed_from_input_sequence,116,11,0,8,2,3,7,1,11,2,10,5,2,6,5,8,11,14,6,1,3,0.09482758620689655,0.0,0.06896551724137931,0.017241379310344827,0.02586206896551724,0.0603448275862069,0.008620689655172414,0.09482758620689655,0.017241379310344827,0.08620689655172414,0.04310344827586207,0.017241379310344827,0.05172413793103448,0.04310344827586207,0.06896551724137931,0.09482758620689655,0.1206896551724138,0.05172413793103448,0.008620689655172414,0.02586206896551724,3.943467342636464,descriptive_only_not_binding_or_solubility_prediction
A0ABM9S2F3,a0420c566a75f06c02ead6f59fd672763628269d43a90b5a66f44b034c3b243a,raw_composition_v1,computed_from_input_sequence,402,60,1,11,11,11,42,5,26,13,31,7,21,15,18,7,36,43,28,2,14,0.14925373134328357,0.0024875621890547263,0.02736318407960199,0.02736318407960199,0.02736318407960199,0.1044776119402985,0.012437810945273632,0.06467661691542288,0.03233830845771144,0.07711442786069651,0.017412935323383085,0.05223880597014925,0.03731343283582089,0.04477611940298507,0.017412935323383085,0.08955223880597014,0.10696517412935323,0.06965174129353234,0.004975124378109453,0.03482587064676617,3.911951887721304,descriptive_only_not_binding_or_solubility_prediction
A0ABM9S2J3,3eea19fd0600cfc0ce5e85d55c22b8c97749fe9d05906207cb3c0c68fe19aa62,raw_composition_v1,computed_from_input_sequence,352,34,3,23,20,6,28,8,22,5,25,6,12,22,10,25,18,29,36,8,12,0.09659090909090909,0.008522727272727272,0.06534090909090909,0.056818181818181816,0.017045454545454544,0.07954545454545454,0.022727272727272728,0.0625,0.014204545454545454,0.07102272727272728,0.017045454545454544,0.03409090909090909,0.0625,0.028409090909090908,0.07102272727272728,0.05113636363636364,0.08238636363636363,0.10227272727272728,0.022727272727272728,0.03409090909090909,4.075432130273716,descriptive_only_not_binding_or_solubility_prediction
A0A6M3G872,e23af39f036a1a7bfdc64ccadbee64de11830b578708bc809a3261599edb9117,raw_composition_v1,computed_from_input_sequence,152,4,3,10,10,11,11,2,14,12,17,3,11,9,4,3,6,6,9,1,6,0.02631578947368421,0.019736842105263157,0.06578947368421052,0.06578947368421052,0.07236842105263158,0.07236842105263158,0.013157894736842105,0.09210526315789473,0.07894736842105263,0.1118421052631579,0.019736842105263157,0.07236842105263158,0.05921052631578947,0.02631578947368421,0.019736842105263157,0.039473684210526314,0.039473684210526314,0.05921052631578947,0.006578947368421052,0.039473684210526314,4.075152315569065,descriptive_only_not_binding_or_solubility_prediction
A0A0H5GK99,4bbc61ba69641863557df261741f10427e1248ab63f09c7d23e0993b9e339d0f,raw_composition_v1,computed_from_input_sequence,357,28,1,25,20,7,34,4,35,7,32,3,18,20,16,16,15,34,27,7,8,0.0784313725490196,0.0028011204481792717,0.0700280112044818,0.056022408963585436,0.0196078431372549,0.09523809523809523,0.011204481792717087,0.09803921568627451,0.0196078431372549,0.0896358543417367,0.008403361344537815,0.05042016806722689,0.056022408963585436,0.04481792717086835,0.04481792717086835,0.04201680672268908,0.09523809523809523,0.07563025210084033,0.0196078431372549,0.022408963585434174,4.012538926383585,descriptive_only_not_binding_or_solubility_prediction
A0A0H3NQF5,00ee628f2b7359ea1f96b3e7a0a70052969236b511b4e9fbd368a224c5d53c97,raw_composition_v1,computed_from_input_sequence,87,14,0,7,1,0,2,2,10,3,8,3,6,4,11,3,1,6,2,3,1,0.16091954022988506,0.0,0.08045977011494253,0.011494252873563218,0.0,0.022988505747126436,0.022988505747126436,0.11494252873563218,0.034482758620689655,0.09195402298850575,0.034482758620689655,0.06896551724137931,0.04597701149425287,0.12643678160919541,0.034482758620689655,0.011494252873563218,0.06896551724137931,0.022988505747126436,0.034482758620689655,0.011494252873563218,3.7732126667176784,descriptive_only_not_binding_or_solubility_prediction
A0AAE9FL40,40ae5c25746686776c9e498ca5c295931d600c72657fc23f3a370733d4ffad5b,raw_composition_v1,computed_from_input_sequence,302,41,2,21,22,8,16,4,19,4,30,4,9,17,14,19,19,17,25,0,11,0.1357615894039735,0.006622516556291391,0.0695364238410596,0.0728476821192053,0.026490066225165563,0.052980132450331126,0.013245033112582781,0.06291390728476821,0.013245033112582781,0.09933774834437085,0.013245033112582781,0.029801324503311258,0.056291390728476824,0.046357615894039736,0.06291390728476821,0.06291390728476821,0.056291390728476824,0.08278145695364239,0.0,0.03642384105960265,3.972508835729274,descriptive_only_not_binding_or_solubility_prediction
A0A2H1UJ90,22a1d747511f18cc857c257a7ce53920f6125862962fcad60dc7f0d89058f2dd,raw_composition_v1,computed_from_input_sequence,520,48,1,36,25,14,51,3,31,26,41,9,42,9,19,27,42,44,36,7,9,0.09230769230769231,0.0019230769230769232,0.06923076923076923,0.04807692307692308,0.026923076923076925,0.09807692307692308,0.0057692307692307696,0.05961538461538462,0.05,0.07884615384615384,0.01730769230769231,0.08076923076923077,0.01730769230769231,0.03653846153846154,0.051923076923076926,0.08076923076923077,0.08461538461538462,0.06923076923076923,0.013461538461538462,0.01730769230769231,4.009457036570775,descriptive_only_not_binding_or_solubility_prediction
A0A6M3G8P6,3edfe630ee445df3756c1577b201bfe8cf8875e68895eb8d116aabd239e32b0d,raw_composition_v1,computed_from_input_sequence,76,9,0,4,12,0,3,1,8,5,7,2,1,0,5,2,5,7,5,0,0,0.11842105263157894,0.0,0.05263157894736842,0.15789473684210525,0.0,0.039473684210526314,0.013157894736842105,0.10526315789473684,0.06578947368421052,0.09210526315789473,0.02631578947368421,0.013157894736842105,0.0,0.06578947368421052,0.02631578947368421,0.06578947368421052,0.09210526315789473,0.06578947368421052,0.0,0.0,3.6420683906757976,descriptive_only_not_binding_or_solubility_prediction
A0A0B5A2L0,5b1a0d9883e5f765f7211eb6139a28704c25f37401ba69fef2843f0abec67f9f,raw_composition_v1,computed_from_input_sequence,192,17,0,14,7,7,13,4,16,13,16,4,9,10,12,4,7,8,6,3,22,0.08854166666666667,0.0,0.07291666666666667,0.036458333333333336,0.036458333333333336,0.06770833333333333,0.020833333333333332,0.08333333333333333,0.06770833333333333,0.08333333333333333,0.020833333333333332,0.046875,0.052083333333333336,0.0625,0.020833333333333332,0.036458333333333336,0.041666666666666664,0.03125,0.015625,0.11458333333333333,4.0584206396172,descriptive_only_not_binding_or_solubility_prediction
A0A449C6B2,a1c16d52570f0024870712b3f8f292a28f7b29acde6ea66f675c3dc230d8660d,raw_composition_v1,computed_from_input_sequence,218,16,0,17,2,9,24,2,14,11,9,4,20,10,8,7,21,15,17,2,10,0.07339449541284404,0.0,0.0779816513761468,0.009174311926605505,0.04128440366972477,0.11009174311926606,0.009174311926605505,0.06422018348623854,0.05045871559633028,0.04128440366972477,0.01834862385321101,0.09174311926605505,0.045871559633027525,0.03669724770642202,0.03211009174311927,0.0963302752293578,0.06880733944954129,0.0779816513761468,0.009174311926605505,0.045871559633027525,3.993877735685288,descriptive_only_not_binding_or_solubility_prediction
A0A0H5H8V4,a2b43ff489a91804edf8bf27b14bb08d0ae25e6bb93e454d3a699849f5904664,raw_composition_v1,computed_from_input_sequence,308,42,1,18,11,7,31,7,16,15,28,6,17,11,7,11,26,22,20,4,8,0.13636363636363635,0.003246753246753247,0.05844155844155844,0.03571428571428571,0.022727272727272728,0.10064935064935066,0.022727272727272728,0.05194805194805195,0.048701298701298704,0.09090909090909091,0.01948051948051948,0.05519480519480519,0.03571428571428571,0.022727272727272728,0.03571428571428571,0.08441558441558442,0.07142857142857142,0.06493506493506493,0.012987012987012988,0.025974025974025976,4.016152792579113,descriptive_only_not_binding_or_solubility_prediction
F4N731,93471b935d5015e8c512ad9c3645af66a106eec67cde03dba277722e07bfb8f9,raw_composition_v1,computed_from_input_sequence,302,42,2,21,21,7,15,4,16,5,30,3,11,19,14,19,18,17,26,0,12,0.1390728476821192,0.006622516556291391,0.0695364238410596,0.0695364238410596,0.023178807947019868,0.04966887417218543,0.013245033112582781,0.052980132450331126,0.016556291390728478,0.09933774834437085,0.009933774834437087,0.03642384105960265,0.06291390728476821,0.046357615894039736,0.06291390728476821,0.059602649006622516,0.056291390728476824,0.08609271523178808,0.0,0.039735099337748346,3.9690828321097964,descriptive_only_not_binding_or_solubility_prediction
A0A7U4K299,e3d43fc2eac0d5ea801d1e73e5c260d08b1ec9c61ccc420a4b5af55498efe2cf,raw_composition_v1,computed_from_input_sequence,188,18,0,11,15,7,15,6,13,11,12,7,11,6,9,11,12,9,12,0,3,0.09574468085106383,0.0,0.05851063829787234,0.0797872340425532,0.03723404255319149,0.0797872340425532,0.031914893617021274,0.06914893617021277,0.05851063829787234,0.06382978723404255,0.03723404255319149,0.05851063829787234,0.031914893617021274,0.047872340425531915,0.05851063829787234,0.06382978723404255,0.047872340425531915,0.06382978723404255,0.0,0.015957446808510637,4.077031501030619,descriptive_only_not_binding_or_solubility_prediction
A0A9P1PUI1,3ffebcead9c81411cfea4742899e42de3a5d2ab68fce385cca4575fe67150089,raw_composition_v1,computed_from_input_sequence,268,33,0,16,10,15,22,1,16,12,24,5,18,14,10,13,17,22,15,3,2,0.12313432835820895,0.0,0.05970149253731343,0.03731343283582089,0.055970149253731345,0.08208955223880597,0.0037313432835820895,0.05970149253731343,0.04477611940298507,0.08955223880597014,0.018656716417910446,0.06716417910447761,0.05223880597014925,0.03731343283582089,0.048507462686567165,0.06343283582089553,0.08208955223880597,0.055970149253731345,0.011194029850746268,0.007462686567164179,3.9925718079977246,descriptive_only_not_binding_or_solubility_prediction
A0ABM9S1Y8,b12d11943a554f443761b33268677d829aa2104276852ae1161593bd2b218ecc,raw_composition_v1,computed_from_input_sequence,188,20,0,11,14,6,16,6,14,10,13,7,11,6,8,11,12,8,12,0,3,0.10638297872340426,0.0,0.05851063829787234,0.07446808510638298,0.031914893617021274,0.0851063829787234,0.031914893617021274,0.07446808510638298,0.05319148936170213,0.06914893617021277,0.03723404255319149,0.05851063829787234,0.031914893617021274,0.0425531914893617,0.05851063829787234,0.06382978723404255,0.0425531914893617,0.06382978723404255,0.0,0.015957446808510637,4.057218971880009,descriptive_only_not_binding_or_solubility_prediction
A0AAD2Z2V4,71807bd2945656f5c28f8e8683b70ef63079660267003f1ca38dd7f74a9ceaf2,raw_composition_v1,computed_from_input_sequence,206,28,0,17,15,0,11,0,7,10,18,1,8,11,10,9,9,23,14,6,9,0.13592233009708737,0.0,0.0825242718446602,0.07281553398058252,0.0,0.05339805825242718,0.0,0.03398058252427184,0.04854368932038835,0.08737864077669903,0.0048543689320388345,0.038834951456310676,0.05339805825242718,0.04854368932038835,0.043689320388349516,0.043689320388349516,0.11165048543689321,0.06796116504854369,0.02912621359223301,0.043689320388349516,3.888466541831198,descriptive_only_not_binding_or_solubility_prediction
A0AAD2Z484,77e55abb13c3f4a4bcbd0f61fa72961fe20760398f1f67cb4525a7729b87c123,raw_composition_v1,computed_from_input_sequence,378,46,3,26,16,10,44,2,31,9,31,6,16,16,18,19,24,22,18,5,16,0.12169312169312169,0.007936507936507936,0.06878306878306878,0.042328042328042326,0.026455026455026454,0.1164021164021164,0.005291005291005291,0.082010582010582,0.023809523809523808,0.082010582010582,0.015873015873015872,0.042328042328042326,0.042328042328042326,0.047619047619047616,0.05026455026455026,0.06349206349206349,0.0582010582010582,0.047619047619047616,0.013227513227513227,0.042328042328042326,4.027142232443878,descriptive_only_not_binding_or_solubility_prediction
A0ABM9SIR4,02214e4db4f8a9cc215068291bd6e20a2f85695d8b2d3ac212f6a6050f33f60c,raw_composition_v1,computed_from_input_sequence,302,42,2,20,22,8,16,5,17,5,29,3,10,19,14,18,17,18,25,0,12,0.1390728476821192,0.006622516556291391,0.06622516556291391,0.0728476821192053,0.026490066225165563,0.052980132450331126,0.016556291390728478,0.056291390728476824,0.016556291390728478,0.09602649006622517,0.009933774834437087,0.033112582781456956,0.06291390728476821,0.046357615894039736,0.059602649006622516,0.056291390728476824,0.059602649006622516,0.08278145695364239,0.0,0.039735099337748346,3.9823819890112464,descriptive_only_not_binding_or_solubility_prediction
A0A9P1PVU6,8852df6a39d3a2ed013d82191e850efe8c6ca4857ec3926e9eb154aaf247efdb,raw_composition_v1,computed_from_input_sequence,272,34,1,15,13,10,25,4,9,11,31,4,13,21,4,11,22,24,12,3,5,0.125,0.003676470588235294,0.05514705882352941,0.04779411764705882,0.03676470588235294,0.09191176470588236,0.014705882352941176,0.03308823529411765,0.04044117647058824,0.11397058823529412,0.014705882352941176,0.04779411764705882,0.07720588235294118,0.014705882352941176,0.04044117647058824,0.08088235294117647,0.08823529411764706,0.04411764705882353,0.011029411764705883,0.01838235294117647,3.9731596808184264,descriptive_only_not_binding_or_solubility_prediction
A0ABP1Y817,288a50ed51b0c629fe9fd37ee6924c552c4df20efbd098df4859fa41e00713af,raw_composition_v1,computed_from_input_sequence,357,28,2,25,19,10,34,1,20,13,21,7,17,16,18,25,20,27,40,5,9,0.0784313725490196,0.0056022408963585435,0.0700280112044818,0.05322128851540616,0.028011204481792718,0.09523809523809523,0.0028011204481792717,0.056022408963585436,0.036414565826330535,0.058823529411764705,0.0196078431372549,0.047619047619047616,0.04481792717086835,0.05042016806722689,0.0700280112044818,0.056022408963585436,0.07563025210084033,0.11204481792717087,0.014005602240896359,0.025210084033613446,4.0581585602593755,descriptive_only_not_binding_or_solubility_prediction
A0A449C4V3,3edfe630ee445df3756c1577b201bfe8cf8875e68895eb8d116aabd239e32b0d,raw_composition_v1,computed_from_input_sequence,76,9,0,4,12,0,3,1,8,5,7,2,1,0,5,2,5,7,5,0,0,0.11842105263157894,0.0,0.05263157894736842,0.15789473684210525,0.0,0.039473684210526314,0.013157894736842105,0.10526315789473684,0.06578947368421052,0.09210526315789473,0.02631578947368421,0.013157894736842105,0.0,0.06578947368421052,0.02631578947368421,0.06578947368421052,0.09210526315789473,0.06578947368421052,0.0,0.0,3.6420683906757976,descriptive_only_not_binding_or_solubility_prediction
F4N725,06d519e11cae59ea27fedb57bf4ef1da0b15130f3991e7b3b8302faa5bc6d33f,raw_composition_v1,computed_from_input_sequence,87,12,1,8,3,1,1,3,10,3,6,3,5,4,11,3,2,6,2,2,1,0.13793103448275862,0.011494252873563218,0.09195402298850575,0.034482758620689655,0.011494252873563218,0.011494252873563218,0.034482758620689655,0.11494252873563218,0.034482758620689655,0.06896551724137931,0.034482758620689655,0.05747126436781609,0.04597701149425287,0.12643678160919541,0.034482758620689655,0.022988505747126436,0.06896551724137931,0.022988505747126436,0.022988505747126436,0.011494252873563218,3.9291939929010753,descriptive_only_not_binding_or_solubility_prediction
A0A7U4GDF4,e14d1962e07b3464f0a0d5b56402071baab3a2cb5243eb404750aefb91aabf1d,raw_composition_v1,computed_from_input_sequence,353,34,2,28,13,6,25,3,37,8,31,5,10,20,10,21,22,40,28,3,7,0.09631728045325778,0.0056657223796034,0.07932011331444759,0.036827195467422094,0.0169971671388102,0.0708215297450425,0.0084985835694051,0.1048158640226629,0.0226628895184136,0.08781869688385269,0.014164305949008499,0.028328611898016998,0.056657223796033995,0.028328611898016998,0.059490084985835696,0.06232294617563739,0.11331444759206799,0.07932011331444759,0.0084985835694051,0.019830028328611898,3.9561626806789385,descriptive_only_not_binding_or_solubility_prediction
A0A3G8F0J9,1103946a36646b99199cb4216d5bc0f845106296644024e2f2fdc75e3357ed15,raw_composition_v1,computed_from_input_sequence,625,75,0,42,30,18,53,13,30,37,31,7,51,7,26,46,41,47,35,13,23,0.12,0.0,0.0672,0.048,0.0288,0.0848,0.0208,0.048,0.0592,0.0496,0.0112,0.0816,0.0112,0.0416,0.0736,0.0656,0.0752,0.056,0.0208,0.0368,4.0422468131168525,descriptive_only_not_binding_or_solubility_prediction
A0A2H1UJE7,d91138b8be54697ffb64d8f69b7e7441ef6adfbcd19fac550c8dfe1417b09759,raw_composition_v1,computed_from_input_sequence,522,53,1,32,23,15,53,4,31,22,36,8,44,10,17,33,44,45,34,4,13,0.10153256704980843,0.0019157088122605363,0.06130268199233716,0.044061302681992334,0.028735632183908046,0.10153256704980843,0.007662835249042145,0.05938697318007663,0.0421455938697318,0.06896551724137931,0.01532567049808429,0.0842911877394636,0.019157088122605363,0.032567049808429116,0.06321839080459771,0.0842911877394636,0.08620689655172414,0.06513409961685823,0.007662835249042145,0.02490421455938697,3.998358653096136,descriptive_only_not_binding_or_solubility_prediction
A0AAD2V1D7,75a5584e6673daddb44871fc8cba81ebb00f0e8ff93e74d41cf7ee7e7ea14761,raw_composition_v1,computed_from_input_sequence,603,85,2,31,28,16,59,4,36,17,41,9,29,24,18,22,45,69,45,12,11,0.14096185737976782,0.003316749585406302,0.05140961857379768,0.04643449419568822,0.026533996683250415,0.0978441127694859,0.006633499170812604,0.05970149253731343,0.028192371475953566,0.06799336650082918,0.014925373134328358,0.04809286898839138,0.03980099502487562,0.029850746268656716,0.03648424543946932,0.07462686567164178,0.11442786069651742,0.07462686567164178,0.01990049751243781,0.01824212271973466,3.9644250094918285,descriptive_only_not_binding_or_solubility_prediction
A0A0H5H5S4,8e5bbdc069a6d38a5c4e66317a2fe90adcb5e4d83e841e114d458b9b68a432fa,raw_composition_v1,computed_from_input_sequence,116,12,0,8,2,2,7,1,11,2,11,5,2,6,5,8,11,13,6,1,3,0.10344827586206896,0.0,0.06896551724137931,0.017241379310344827,0.017241379310344827,0.0603448275862069,0.008620689655172414,0.09482758620689655,0.017241379310344827,0.09482758620689655,0.04310344827586207,0.017241379310344827,0.05172413793103448,0.04310344827586207,0.06896551724137931,0.09482758620689655,0.11206896551724138,0.05172413793103448,0.008620689655172414,0.02586206896551724,3.9275351962171148,descriptive_only_not_binding_or_solubility_prediction
A0A7U0AV15,5de49a2fb62ad509b5a473cc5b1416941405bc94957fb03292741fef8c212031,raw_composition_v1,computed_from_input_sequence,211,19,3,10,13,6,21,5,15,8,17,4,9,9,5,8,15,18,21,4,1,0.09004739336492891,0.014218009478672985,0.04739336492890995,0.061611374407582936,0.02843601895734597,0.0995260663507109,0.023696682464454975,0.07109004739336493,0.037914691943127965,0.08056872037914692,0.018957345971563982,0.04265402843601896,0.04265402843601896,0.023696682464454975,0.037914691943127965,0.07109004739336493,0.08530805687203792,0.0995260663507109,0.018957345971563982,0.004739336492890996,4.0585030679790215,descriptive_only_not_binding_or_solubility_prediction
A0A0H5HAG0,ae7106c4c676b8237aee86e164c7848cd7a2d083b070db7e51a98692872bf68c,raw_composition_v1,computed_from_input_sequence,213,19,3,11,13,5,23,4,13,4,22,2,12,9,9,7,15,20,15,4,3,0.0892018779342723,0.014084507042253521,0.051643192488262914,0.06103286384976526,0.023474178403755867,0.107981220657277,0.018779342723004695,0.06103286384976526,0.018779342723004695,0.10328638497652583,0.009389671361502348,0.056338028169014086,0.04225352112676056,0.04225352112676056,0.03286384976525822,0.07042253521126761,0.09389671361502347,0.07042253521126761,0.018779342723004695,0.014084507042253521,4.0369650025487305,descriptive_only_not_binding_or_solubility_prediction
F2Q846,5cb61e21a6e4c11d56a672cbeeeed20fffd994cd9a32c3360ffd520625f1f43f,raw_composition_v1,computed_from_input_sequence,684,42,10,39,43,25,65,25,45,45,59,11,29,22,41,23,56,39,44,6,15,0.06140350877192982,0.014619883040935672,0.05701754385964912,0.06286549707602339,0.03654970760233918,0.09502923976608187,0.03654970760233918,0.06578947368421052,0.06578947368421052,0.08625730994152046,0.01608187134502924,0.04239766081871345,0.03216374269005848,0.059941520467836254,0.033625730994152045,0.08187134502923976,0.05701754385964912,0.06432748538011696,0.008771929824561403,0.021929824561403508,4.139254479224001,descriptive_only_not_binding_or_solubility_prediction
A0AAD2Z5G5,69048f4eb1213ff8cc32e6bf3562e4ca3585c094a81c2f78010505a212b9d3b2,raw_composition_v1,computed_from_input_sequence,124,11,0,12,10,2,8,1,12,12,8,4,2,8,4,3,13,1,7,4,2,0.08870967741935484,0.0,0.0967741935483871,0.08064516129032258,0.016129032258064516,0.06451612903225806,0.008064516129032258,0.0967741935483871,0.0967741935483871,0.06451612903225806,0.03225806451612903,0.016129032258064516,0.06451612903225806,0.03225806451612903,0.024193548387096774,0.10483870967741936,0.008064516129032258,0.056451612903225805,0.03225806451612903,0.016129032258064516,3.9312627049655333,descriptive_only_not_binding_or_solubility_prediction
A0AAT9S9R9,6dc5e31347d71f84f8bb59a4ff9ae81071c1e35beac49a9539a40d59f62f7eac,raw_composition_v1,computed_from_input_sequence,47,3,0,3,1,3,2,0,3,3,6,1,4,2,0,3,1,4,6,0,2,0.06382978723404255,0.0,0.06382978723404255,0.02127659574468085,0.06382978723404255,0.0425531914893617,0.0,0.06382978723404255,0.06382978723404255,0.1276595744680851,0.02127659574468085,0.0851063829787234,0.0425531914893617,0.0,0.06382978723404255,0.02127659574468085,0.0851063829787234,0.1276595744680851,0.0,0.0425531914893617,3.819506404408814,descriptive_only_not_binding_or_solubility_prediction
A0A2D0PDA0,97f3b942e418373182d31829cfc9876c343c50ee8319fbc06cde831c269f5517,raw_composition_v1,computed_from_input_sequence,520,48,1,35,25,14,52,3,30,26,41,9,43,9,19,27,41,44,37,7,9,0.09230769230769231,0.0019230769230769232,0.0673076923076923,0.04807692307692308,0.026923076923076925,0.1,0.0057692307692307696,0.057692307692307696,0.05,0.07884615384615384,0.01730769230769231,0.08269230769230769,0.01730769230769231,0.03653846153846154,0.051923076923076926,0.07884615384615384,0.08461538461538462,0.07115384615384615,0.013461538461538462,0.01730769230769231,4.007860424465646,descriptive_only_not_binding_or_solubility_prediction
A0AAD2UW33,d427f656fd428327094f387708f8771db53f832ce32d2186fab1484ad80912ef,raw_composition_v1,computed_from_input_sequence,356,28,3,22,13,5,23,6,21,15,31,7,28,13,17,19,31,25,30,10,9,0.07865168539325842,0.008426966292134831,0.06179775280898876,0.03651685393258427,0.014044943820224719,0.06460674157303371,0.016853932584269662,0.05898876404494382,0.042134831460674156,0.08707865168539326,0.019662921348314606,0.07865168539325842,0.03651685393258427,0.047752808988764044,0.05337078651685393,0.08707865168539326,0.0702247191011236,0.08426966292134831,0.028089887640449437,0.025280898876404494,4.11519991403048,descriptive_only_not_binding_or_solubility_prediction
A0A0H5G2H5,fddc251a1005857bdb609dad1bdea9589110b21eb10ae1d42548e748ebce64e1,raw_composition_v1,computed_from_input_sequence,179,10,2,16,10,4,17,4,15,12,15,4,10,5,6,12,9,11,15,0,2,0.055865921787709494,0.0111731843575419,0.0893854748603352,0.055865921787709494,0.0223463687150838,0.09497206703910614,0.0223463687150838,0.08379888268156424,0.0670391061452514,0.08379888268156424,0.0223463687150838,0.055865921787709494,0.027932960893854747,0.0335195530726257,0.0670391061452514,0.05027932960893855,0.061452513966480445,0.08379888268156424,0.0,0.0111731843575419,4.038584624949605,descriptive_only_not_binding_or_solubility_prediction
A0A7T9XU34,743e21f9b05dae4a29b622853aea9b32658cf3fdfe77ccae6a2d0c884fee96dc,raw_composition_v1,computed_from_input_sequence,430,51,7,24,15,14,32,12,29,18,34,9,27,23,15,23,28,32,17,3,17,0.1186046511627907,0.01627906976744186,0.05581395348837209,0.03488372093023256,0.03255813953488372,0.07441860465116279,0.027906976744186046,0.06744186046511629,0.04186046511627907,0.07906976744186046,0.020930232558139535,0.06279069767441861,0.053488372093023255,0.03488372093023256,0.053488372093023255,0.06511627906976744,0.07441860465116279,0.03953488372093023,0.0069767441860465115,0.03953488372093023,4.132478782944226,descriptive_only_not_binding_or_solubility_prediction
A0A0T7P7W8,8e1c016ec4fcbca9cef4ab097c2dd85db84158f8f7826f05aaa88eba9472d1ba,raw_composition_v1,computed_from_input_sequence,352,38,3,25,17,5,27,8,23,5,24,7,11,24,8,25,15,31,36,8,12,0.10795454545454546,0.008522727272727272,0.07102272727272728,0.048295454545454544,0.014204545454545454,0.07670454545454546,0.022727272727272728,0.06534090909090909,0.014204545454545454,0.06818181818181818,0.019886363636363636,0.03125,0.06818181818181818,0.022727272727272728,0.07102272727272728,0.04261363636363636,0.08806818181818182,0.10227272727272728,0.022727272727272728,0.03409090909090909,4.048628475994294,descriptive_only_not_binding_or_solubility_prediction
A1JK75,728355bfbd3b3ed8728a423150fb61ac44ce864a629baa22b0f809640062d25f,raw_composition_v1,computed_from_input_sequence,514,61,1,38,22,26,42,13,37,15,34,9,38,22,20,23,27,30,36,5,15,0.11867704280155641,0.0019455252918287938,0.07392996108949416,0.042801556420233464,0.05058365758754864,0.08171206225680934,0.02529182879377432,0.07198443579766536,0.029182879377431907,0.06614785992217899,0.017509727626459144,0.07392996108949416,0.042801556420233464,0.038910505836575876,0.04474708171206226,0.05252918287937743,0.058365758754863814,0.07003891050583658,0.009727626459143969,0.029182879377431907,4.085619486062736,descriptive_only_not_binding_or_solubility_prediction
A0ABP1Y7A6,1a69d7245a4aa997aa3eb2f7fe99e65984ae5aa0d57aee9942a68570b791fc17,raw_composition_v1,computed_from_input_sequence,378,38,4,26,14,10,44,5,25,7,35,5,14,17,11,16,25,37,27,4,14,0.10052910052910052,0.010582010582010581,0.06878306878306878,0.037037037037037035,0.026455026455026454,0.1164021164021164,0.013227513227513227,0.06613756613756613,0.018518518518518517,0.09259259259259259,0.013227513227513227,0.037037037037037035,0.04497354497354497,0.0291005291005291,0.042328042328042326,0.06613756613756613,0.09788359788359788,0.07142857142857142,0.010582010582010581,0.037037037037037035,4.016642713226638,descriptive_only_not_binding_or_solubility_prediction
A0ABM9S4S5,3b32de5cd40724cb8cfd389a396f95641cacd5c4bcd77a1a97889adcbf11dbfb,raw_composition_v1,computed_from_input_sequence,380,40,0,26,14,13,27,10,21,23,39,10,11,14,24,22,24,30,22,4,6,0.10526315789473684,0.0,0.06842105263157895,0.03684210526315789,0.034210526315789476,0.07105263157894737,0.02631578947368421,0.05526315789473684,0.060526315789473685,0.10263157894736842,0.02631578947368421,0.02894736842105263,0.03684210526315789,0.06315789473684211,0.05789473684210526,0.06315789473684211,0.07894736842105263,0.05789473684210526,0.010526315789473684,0.015789473684210527,4.064341280930123,descriptive_only_not_binding_or_solubility_prediction
A0A7T9XU28,60c0bfea43680efc6db88de4d76076fe2ba3229908374d9894c9aa32f3824855,raw_composition_v1,computed_from_input_sequence,213,17,3,15,12,5,24,4,12,6,24,2,11,9,6,7,14,21,14,4,3,0.07981220657276995,0.014084507042253521,0.07042253521126761,0.056338028169014086,0.023474178403755867,0.11267605633802817,0.018779342723004695,0.056338028169014086,0.028169014084507043,0.11267605633802817,0.009389671361502348,0.051643192488262914,0.04225352112676056,0.028169014084507043,0.03286384976525822,0.06572769953051644,0.09859154929577464,0.06572769953051644,0.018779342723004695,0.014084507042253521,4.028485893732479,descriptive_only_not_binding_or_solubility_prediction
A0A7U4GEA5,07142cfd7f647a12ce015b3e730f025d182f0e51103f7af90329bca74fccacbe,raw_composition_v1,computed_from_input_sequence,378,41,3,25,14,10,45,3,25,8,35,5,15,16,11,15,28,33,28,4,14,0.10846560846560846,0.007936507936507936,0.06613756613756613,0.037037037037037035,0.026455026455026454,0.11904761904761904,0.007936507936507936,0.06613756613756613,0.021164021164021163,0.09259259259259259,0.013227513227513227,0.03968253968253968,0.042328042328042326,0.0291005291005291,0.03968253968253968,0.07407407407407407,0.0873015873015873,0.07407407407407407,0.010582010582010581,0.037037037037037035,3.995065921314835,descriptive_only_not_binding_or_solubility_prediction
A0A7U0ASF4,efebc78370236bc404ad8378c7dc0fb86beeee0f92187bd6db07abf773814c18,raw_composition_v1,computed_from_input_sequence,157,18,0,10,14,6,4,2,12,9,15,4,7,6,8,9,6,7,11,5,4,0.11464968152866242,0.0,0.06369426751592357,0.08917197452229299,0.03821656050955414,0.025477707006369428,0.012738853503184714,0.07643312101910828,0.05732484076433121,0.09554140127388536,0.025477707006369428,0.044585987261146494,0.03821656050955414,0.050955414012738856,0.05732484076433121,0.03821656050955414,0.044585987261146494,0.07006369426751592,0.03184713375796178,0.025477707006369428,4.073231315429084,descriptive_only_not_binding_or_solubility_prediction
A1JMQ3,ea2057c5cd4026ef02f75573544206ab902c197e76c5bfe688b9f71efd811e58,raw_composition_v1,computed_from_input_sequence,294,38,3,11,13,5,19,8,26,7,20,6,19,15,20,19,13,20,18,4,10,0.1292517006802721,0.01020408163265306,0.03741496598639456,0.04421768707482993,0.017006802721088437,0.06462585034013606,0.027210884353741496,0.08843537414965986,0.023809523809523808,0.06802721088435375,0.02040816326530612,0.06462585034013606,0.05102040816326531,0.06802721088435375,0.06462585034013606,0.04421768707482993,0.06802721088435375,0.061224489795918366,0.013605442176870748,0.034013605442176874,4.09167067829547,descriptive_only_not_binding_or_solubility_prediction
A0ABP1Y442,23ae57efd5794281ef11187eff3862814e04cd097d206f4d46af99a98bf13443,raw_composition_v1,computed_from_input_sequence,379,51,3,21,16,12,23,4,15,5,37,11,18,10,13,22,40,35,35,2,6,0.1345646437994723,0.0079155672823219,0.055408970976253295,0.04221635883905013,0.0316622691292876,0.06068601583113457,0.010554089709762533,0.0395778364116095,0.013192612137203167,0.09762532981530343,0.029023746701846966,0.047493403693931395,0.026385224274406333,0.03430079155672823,0.05804749340369393,0.10554089709762533,0.09234828496042216,0.09234828496042216,0.005277044854881266,0.0158311345646438,3.9478664511855137,descriptive_only_not_binding_or_solubility_prediction
A0A0T7PAJ5,9c1c3900f5a680c1725ff4ef6d95b7f3e9b0d9519906003e462275b34c39ee89,raw_composition_v1,computed_from_input_sequence,260,38,2,17,20,3,13,3,12,5,23,3,10,14,8,19,16,15,31,0,8,0.14615384615384616,0.007692307692307693,0.06538461538461539,0.07692307692307693,0.011538461538461539,0.05,0.011538461538461539,0.046153846153846156,0.019230769230769232,0.08846153846153847,0.011538461538461539,0.038461538461538464,0.05384615384615385,0.03076923076923077,0.07307692307692308,0.06153846153846154,0.057692307692307696,0.11923076923076924,0.0,0.03076923076923077,3.90773516997532,descriptive_only_not_binding_or_solubility_prediction
A0A9P1V089,a4965510ad94a2304d43d026a0daccc6de743d9c4be7dad79a510bc73c318ec8,raw_composition_v1,computed_from_input_sequence,394,46,2,23,19,16,24,9,24,9,40,7,24,18,12,18,26,30,33,5,9,0.116751269035533,0.005076142131979695,0.0583756345177665,0.048223350253807105,0.04060913705583756,0.06091370558375635,0.02284263959390863,0.06091370558375635,0.02284263959390863,0.10152284263959391,0.017766497461928935,0.06091370558375635,0.04568527918781726,0.030456852791878174,0.04568527918781726,0.06598984771573604,0.07614213197969544,0.08375634517766498,0.012690355329949238,0.02284263959390863,4.069513930933807,descriptive_only_not_binding_or_solubility_prediction
A0A0H5EYN4,a9fd678dd943a29400f016d7dd5a028c24646d564ba2607ff1656fa4a92a32f2,raw_composition_v1,computed_from_input_sequence,380,41,0,26,14,13,27,10,21,23,39,10,11,14,24,22,24,29,22,4,6,0.10789473684210527,0.0,0.06842105263157895,0.03684210526315789,0.034210526315789476,0.07105263157894737,0.02631578947368421,0.05526315789473684,0.060526315789473685,0.10263157894736842,0.02631578947368421,0.02894736842105263,0.03684210526315789,0.06315789473684211,0.05789473684210526,0.06315789473684211,0.07631578947368421,0.05789473684210526,0.010526315789473684,0.015789473684210527,4.0631380193925155,descriptive_only_not_binding_or_solubility_prediction
A0A0H5GK90,c8203f48ca7153076d11ddd84f0e90d87e0f97e72dba13a41fb7982b5a8d3b20,raw_composition_v1,computed_from_input_sequence,361,24,2,25,19,7,37,0,25,18,29,7,12,14,17,21,30,32,26,11,5,0.0664819944598338,0.00554016620498615,0.06925207756232687,0.05263157894736842,0.019390581717451522,0.10249307479224377,0.0,0.06925207756232687,0.04986149584487535,0.08033240997229917,0.019390581717451522,0.0332409972299169,0.038781163434903045,0.04709141274238227,0.05817174515235457,0.08310249307479224,0.0886426592797784,0.07202216066481995,0.030470914127423823,0.013850415512465374,4.035841269270406,descriptive_only_not_binding_or_solubility_prediction
A0A9P1PUD9,55bf771105c0c240307dbf15a14f2405126174351e4858dc5d80041dfe6ecfc8,raw_composition_v1,computed_from_input_sequence,196,16,1,17,12,10,15,5,16,11,7,2,8,10,6,6,9,15,15,6,9,0.08163265306122448,0.00510204081632653,0.08673469387755102,0.061224489795918366,0.05102040816326531,0.07653061224489796,0.025510204081632654,0.08163265306122448,0.05612244897959184,0.03571428571428571,0.01020408163265306,0.04081632653061224,0.05102040816326531,0.030612244897959183,0.030612244897959183,0.04591836734693878,0.07653061224489796,0.07653061224489796,0.030612244897959183,0.04591836734693878,4.136863391141571,descriptive_only_not_binding_or_solubility_prediction
A0A7U4K0Q6,e57c42f4de26e2c57706e13ab6105d2a9c665cf31d2f0a75b1a19bc53bf4ba0a,raw_composition_v1,computed_from_input_sequence,357,24,4,32,16,6,20,1,23,10,36,12,17,16,20,26,25,21,24,10,14,0.06722689075630252,0.011204481792717087,0.0896358543417367,0.04481792717086835,0.01680672268907563,0.056022408963585436,0.0028011204481792717,0.06442577030812324,0.028011204481792718,0.10084033613445378,0.03361344537815126,0.047619047619047616,0.04481792717086835,0.056022408963585436,0.07282913165266107,0.0700280112044818,0.058823529411764705,0.06722689075630252,0.028011204481792718,0.0392156862745098,4.117262683394575,descriptive_only_not_binding_or_solubility_prediction
A0A0H5H5L7,7e77951bda97f846408cb8d521481eb5d4560541d324dcfbb8bab9c7768ba8c7,raw_composition_v1,computed_from_input_sequence,388,43,0,27,19,13,27,8,20,29,36,9,12,16,19,20,25,29,26,4,6,0.11082474226804123,0.0,0.06958762886597938,0.04896907216494845,0.03350515463917526,0.06958762886597938,0.020618556701030927,0.05154639175257732,0.07474226804123711,0.09278350515463918,0.023195876288659795,0.030927835051546393,0.041237113402061855,0.04896907216494845,0.05154639175257732,0.06443298969072164,0.07474226804123711,0.06701030927835051,0.010309278350515464,0.015463917525773196,4.059335315324955,descriptive_only_not_binding_or_solubility_prediction
S5M3A2,3edcc09bde452919f1a1428e7f67dea78a2132b966e638edf463ae1891b55ff9,raw_composition_v1,computed_from_input_sequence,80,9,0,5,13,0,3,0,8,6,7,2,1,0,5,3,5,8,5,0,0,0.1125,0.0,0.0625,0.1625,0.0,0.0375,0.0,0.1,0.075,0.0875,0.025,0.0125,0.0,0.0625,0.0375,0.0625,0.1,0.0625,0.0,0.0,3.6001201235171205,descriptive_only_not_binding_or_solubility_prediction
A0A9P1PW91,e1ad99bad3db4a0a2504c9fb6f4bf717adc7ade4bdddcaab012352a992e691ba,raw_composition_v1,computed_from_input_sequence,212,25,3,7,11,2,22,4,16,7,15,3,13,10,8,8,16,21,13,4,4,0.1179245283018868,0.014150943396226415,0.0330188679245283,0.05188679245283019,0.009433962264150943,0.10377358490566038,0.018867924528301886,0.07547169811320754,0.0330188679245283,0.07075471698113207,0.014150943396226415,0.06132075471698113,0.04716981132075472,0.03773584905660377,0.03773584905660377,0.07547169811320754,0.09905660377358491,0.06132075471698113,0.018867924528301886,0.018867924528301886,4.032905688027557,descriptive_only_not_binding_or_solubility_prediction
A0ABM9SIJ1,087d125732845082d1ff1587d0bf1ef27cff5a700ad6f9bba9e95de74e62ad93,raw_composition_v1,computed_from_input_sequence,118,5,1,8,2,0,9,2,10,3,13,7,7,5,6,9,7,13,6,1,4,0.0423728813559322,0.00847457627118644,0.06779661016949153,0.01694915254237288,0.0,0.07627118644067797,0.01694915254237288,0.0847457627118644,0.025423728813559324,0.11016949152542373,0.059322033898305086,0.059322033898305086,0.0423728813559322,0.05084745762711865,0.07627118644067797,0.059322033898305086,0.11016949152542373,0.05084745762711865,0.00847457627118644,0.03389830508474576,3.9975791894516353,descriptive_only_not_binding_or_solubility_prediction
A0A7U0AT10,b3dafb77790f962697d015bf137c7c8871918fa7b02cebcb99f0ae47cd7defe9,raw_composition_v1,computed_from_input_sequence,394,34,3,24,23,15,27,8,24,13,36,9,23,18,15,19,31,22,32,5,13,0.08629441624365482,0.007614213197969543,0.06091370558375635,0.0583756345177665,0.03807106598984772,0.06852791878172589,0.02030456852791878,0.06091370558375635,0.03299492385786802,0.09137055837563451,0.02284263959390863,0.0583756345177665,0.04568527918781726,0.03807106598984772,0.048223350253807105,0.07868020304568528,0.05583756345177665,0.08121827411167512,0.012690355329949238,0.03299492385786802,4.141331243900551,descriptive_only_not_binding_or_solubility_prediction
A0A7U0AVA4,d966f80f514fcd70984012562bfb0b876fb83ca9c25924ef4337f7f01af47564,raw_composition_v1,computed_from_input_sequence,302,46,2,18,26,4,14,3,14,6,31,3,10,18,9,21,17,18,32,0,10,0.152317880794702,0.006622516556291391,0.059602649006622516,0.08609271523178808,0.013245033112582781,0.046357615894039736,0.009933774834437087,0.046357615894039736,0.019867549668874173,0.10264900662251655,0.009933774834437087,0.033112582781456956,0.059602649006622516,0.029801324503311258,0.0695364238410596,0.056291390728476824,0.059602649006622516,0.10596026490066225,0.0,0.033112582781456956,3.8894967020178814,descriptive_only_not_binding_or_solubility_prediction
A0A9P1PWI0,10fc887f4d6f27830ea87adb683f2a34590afb6b97d9c2f2b991e848b05f89d8,raw_composition_v1,computed_from_input_sequence,302,51,2,21,22,2,12,2,15,3,33,4,11,18,13,22,15,16,29,0,11,0.16887417218543047,0.006622516556291391,0.0695364238410596,0.0728476821192053,0.006622516556291391,0.039735099337748346,0.006622516556291391,0.04966887417218543,0.009933774834437087,0.10927152317880795,0.013245033112582781,0.03642384105960265,0.059602649006622516,0.04304635761589404,0.0728476821192053,0.04966887417218543,0.052980132450331126,0.09602649006622517,0.0,0.03642384105960265,3.843216588042433,descriptive_only_not_binding_or_solubility_prediction
A1JND9,1c668d2f902f63479a8cd6e6a19fc9a3e4de703d42998fc76e0d17a0791ee323,raw_composition_v1,computed_from_input_sequence,204,23,0,14,10,4,7,9,20,8,18,5,6,12,18,5,7,15,11,5,7,0.11274509803921569,0.0,0.06862745098039216,0.049019607843137254,0.0196078431372549,0.03431372549019608,0.04411764705882353,0.09803921568627451,0.0392156862745098,0.08823529411764706,0.024509803921568627,0.029411764705882353,0.058823529411764705,0.08823529411764706,0.024509803921568627,0.03431372549019608,0.07352941176470588,0.05392156862745098,0.024509803921568627,0.03431372549019608,4.061547065754429,descriptive_only_not_binding_or_solubility_prediction
A0A0T7PAK2,20b925a1000d8da8420d361d13fdd5c95fe8209e030a5b55b990a2f8f698f3fd,raw_composition_v1,computed_from_input_sequence,114,12,0,5,0,9,12,0,10,4,6,2,6,6,2,3,11,9,9,2,6,0.10526315789473684,0.0,0.043859649122807015,0.0,0.07894736842105263,0.10526315789473684,0.0,0.08771929824561403,0.03508771929824561,0.05263157894736842,0.017543859649122806,0.05263157894736842,0.05263157894736842,0.017543859649122806,0.02631578947368421,0.09649122807017543,0.07894736842105263,0.07894736842105263,0.017543859649122806,0.05263157894736842,3.8916292088661266,descriptive_only_not_binding_or_solubility_prediction
A0A7U0AWS6,4674c666418e50d0eec762df3e95faeb6221f9454ce931b72599ffc83177810e,raw_composition_v1,computed_from_input_sequence,382,44,0,24,21,11,27,9,20,25,37,8,12,16,22,25,19,30,21,4,7,0.11518324607329843,0.0,0.06282722513089005,0.0549738219895288,0.028795811518324606,0.07068062827225131,0.02356020942408377,0.05235602094240838,0.06544502617801047,0.0968586387434555,0.020942408376963352,0.031413612565445025,0.041884816753926704,0.05759162303664921,0.06544502617801047,0.049738219895287955,0.07853403141361257,0.0549738219895288,0.010471204188481676,0.01832460732984293,4.059697218135284,descriptive_only_not_binding_or_solubility_prediction
A0ABP1YED8,2ac6211a10867d5f4f905aa8aa8cbfbb7f4bc5ea94fca2f896b5013b487e48d9,raw_composition_v1,computed_from_input_sequence,375,48,0,19,7,17,31,1,24,5,30,8,19,12,16,9,40,41,35,3,10,0.128,0.0,0.050666666666666665,0.018666666666666668,0.04533333333333334,0.08266666666666667,0.0026666666666666666,0.064,0.013333333333333334,0.08,0.021333333333333333,0.050666666666666665,0.032,0.042666666666666665,0.024,0.10666666666666667,0.10933333333333334,0.09333333333333334,0.008,0.02666666666666667,3.882325325826695,descriptive_only_not_binding_or_solubility_prediction
A0A9P1V3L8,a144755a2edf10b017cf26e436e55ac3847927592edd84acef73291d7b969d63,raw_composition_v1,computed_from_input_sequence,203,28,0,14,10,2,7,9,14,10,19,6,6,12,17,4,8,14,11,5,7,0.13793103448275862,0.0,0.06896551724137931,0.04926108374384237,0.009852216748768473,0.034482758620689655,0.04433497536945813,0.06896551724137931,0.04926108374384237,0.09359605911330049,0.029556650246305417,0.029556650246305417,0.059113300492610835,0.08374384236453201,0.019704433497536946,0.03940886699507389,0.06896551724137931,0.054187192118226604,0.024630541871921183,0.034482758620689655,4.036342421042292,descriptive_only_not_binding_or_solubility_prediction
A0A9P1PV32,184da48e6e99fe53dc88bdf331f7500ebd3795aaa90a1f53880c66eaf571aaee,raw_composition_v1,computed_from_input_sequence,157,13,0,12,15,6,5,4,10,8,16,4,9,5,8,6,6,7,14,5,4,0.08280254777070063,0.0,0.07643312101910828,0.09554140127388536,0.03821656050955414,0.03184713375796178,0.025477707006369428,0.06369426751592357,0.050955414012738856,0.10191082802547771,0.025477707006369428,0.05732484076433121,0.03184713375796178,0.050955414012738856,0.03821656050955414,0.03821656050955414,0.044585987261146494,0.08917197452229299,0.03184713375796178,0.025477707006369428,4.0985065384459505,descriptive_only_not_binding_or_solubility_prediction
A0A449C694,3edcc09bde452919f1a1428e7f67dea78a2132b966e638edf463ae1891b55ff9,raw_composition_v1,computed_from_input_sequence,80,9,0,5,13,0,3,0,8,6,7,2,1,0,5,3,5,8,5,0,0,0.1125,0.0,0.0625,0.1625,0.0,0.0375,0.0,0.1,0.075,0.0875,0.025,0.0125,0.0,0.0625,0.0375,0.0625,0.1,0.0625,0.0,0.0,3.6001201235171205,descriptive_only_not_binding_or_solubility_prediction
A0A7U4K153,973e44823c47b02f99cc2e8a7bd5c4a04ad62cc20043bbf78d81fed2bc6922ca,raw_composition_v1,computed_from_input_sequence,42,4,0,3,2,0,3,0,6,2,5,1,1,3,1,1,3,2,3,1,1,0.09523809523809523,0.0,0.07142857142857142,0.047619047619047616,0.0,0.07142857142857142,0.0,0.14285714285714285,0.047619047619047616,0.11904761904761904,0.023809523809523808,0.023809523809523808,0.07142857142857142,0.023809523809523808,0.023809523809523808,0.07142857142857142,0.047619047619047616,0.07142857142857142,0.023809523809523808,0.023809523809523808,3.8472256849315913,descriptive_only_not_binding_or_solubility_prediction
A0A2H1X986,d4ae2b2bf8d1578d1ba198657f5d83dd344df5c251d8dd0f528a1ffc4372ae9d,raw_composition_v1,computed_from_input_sequence,520,47,1,35,26,14,52,3,30,26,41,9,43,9,19,27,41,44,37,7,9,0.09038461538461538,0.0019230769230769232,0.0673076923076923,0.05,0.026923076923076925,0.1,0.0057692307692307696,0.057692307692307696,0.05,0.07884615384615384,0.01730769230769231,0.08269230769230769,0.01730769230769231,0.03653846153846154,0.051923076923076926,0.07884615384615384,0.08461538461538462,0.07115384615384615,0.013461538461538462,0.01730769230769231,4.0095863784626955,descriptive_only_not_binding_or_solubility_prediction
A0A0H5H701,06c8b36a9740278f273c8a8ba886c05a576e11aa5e04815ba6bfde5205dcc5fc,raw_composition_v1,computed_from_input_sequence,140,11,0,7,14,2,7,0,7,8,12,5,6,13,4,5,10,7,11,5,6,0.07857142857142857,0.0,0.05,0.1,0.014285714285714285,0.05,0.0,0.05,0.05714285714285714,0.08571428571428572,0.03571428571428571,0.04285714285714286,0.09285714285714286,0.02857142857142857,0.03571428571428571,0.07142857142857142,0.05,0.07857142857142857,0.03571428571428571,0.04285714285714286,4.042072866503782,descriptive_only_not_binding_or_solubility_prediction
A0ABP1YGH5,76cbd4cfa7dc3243feda733a81d9e5032b94c0ac8af78858f98b2e807cd96b93,raw_composition_v1,computed_from_input_sequence,378,40,3,25,13,10,44,4,28,8,35,4,15,19,11,15,27,33,26,4,14,0.10582010582010581,0.007936507936507936,0.06613756613756613,0.03439153439153439,0.026455026455026454,0.1164021164021164,0.010582010582010581,0.07407407407407407,0.021164021164021163,0.09259259259259259,0.010582010582010581,0.03968253968253968,0.05026455026455026,0.0291005291005291,0.03968253968253968,0.07142857142857142,0.0873015873015873,0.06878306878306878,0.010582010582010581,0.037037037037037035,4.002105634634106,descriptive_only_not_binding_or_solubility_prediction
A0A9P1UYL2,ccbbda5db9aa1df62254221100ac960f737dfe5672aab230b372201f7613b2d0,raw_composition_v1,computed_from_input_sequence,193,17,1,11,19,7,11,3,10,11,15,2,5,11,9,6,13,17,10,5,10,0.08808290155440414,0.0051813471502590676,0.05699481865284974,0.09844559585492228,0.03626943005181347,0.05699481865284974,0.015544041450777202,0.05181347150259067,0.05699481865284974,0.07772020725388601,0.010362694300518135,0.025906735751295335,0.05699481865284974,0.046632124352331605,0.031088082901554404,0.06735751295336788,0.08808290155440414,0.05181347150259067,0.025906735751295335,0.05181347150259067,4.110949153240559,descriptive_only_not_binding_or_solubility_prediction
A0AAD2Z3Y9,491684bf04f6196f659f611da692c3c4d50eb8a0276405d8132c9950aaa22aa8,raw_composition_v1,computed_from_input_sequence,75,7,0,9,8,0,2,1,5,6,6,3,1,4,5,2,4,2,7,2,1,0.09333333333333334,0.0,0.12,0.10666666666666667,0.0,0.02666666666666667,0.013333333333333334,0.06666666666666667,0.08,0.08,0.04,0.013333333333333334,0.05333333333333334,0.06666666666666667,0.02666666666666667,0.05333333333333334,0.02666666666666667,0.09333333333333334,0.02666666666666667,0.013333333333333334,3.897805192076171,descriptive_only_not_binding_or_solubility_prediction
A0A0H5HA66,89e3edab78f5219cd60827760ba96dbadd193fc7383aab82e468c4661bda0c3f,raw_composition_v1,computed_from_input_sequence,387,48,0,26,20,12,27,8,19,29,36,9,10,15,18,20,28,26,25,4,7,0.12403100775193798,0.0,0.06718346253229975,0.05167958656330749,0.031007751937984496,0.06976744186046512,0.020671834625323,0.04909560723514212,0.07493540051679587,0.09302325581395349,0.023255813953488372,0.025839793281653745,0.03875968992248062,0.046511627906976744,0.05167958656330749,0.07235142118863049,0.06718346253229975,0.06459948320413436,0.0103359173126615,0.01808785529715762,4.042563101506443,descriptive_only_not_binding_or_solubility_prediction
A0A0T9PR46,471dedcb26b7d7f65dc8fc517ee528b3fc3dbf6866b873f2b1db4c843c3feccb,raw_composition_v1,computed_from_input_sequence,399,36,3,27,20,16,34,5,37,13,20,5,36,15,8,15,28,33,33,3,12,0.09022556390977443,0.007518796992481203,0.06766917293233082,0.05012531328320802,0.040100250626566414,0.08521303258145363,0.012531328320802004,0.09273182957393483,0.03258145363408521,0.05012531328320802,0.012531328320802004,0.09022556390977443,0.03759398496240601,0.020050125313283207,0.03759398496240601,0.07017543859649122,0.08270676691729323,0.08270676691729323,0.007518796992481203,0.03007518796992481,4.0392068724385055,descriptive_only_not_binding_or_solubility_prediction
A0ABM9S4S8,6e01244c6cec4d263243b14dc7573dfd6b8bfb776d6392b60c5e4bc2ad1d883e,raw_composition_v1,computed_from_input_sequence,157,20,2,14,11,2,7,1,14,7,11,4,6,7,4,8,6,10,11,4,8,0.12738853503184713,0.012738853503184714,0.08917197452229299,0.07006369426751592,0.012738853503184714,0.044585987261146494,0.006369426751592357,0.08917197452229299,0.044585987261146494,0.07006369426751592,0.025477707006369428,0.03821656050955414,0.044585987261146494,0.025477707006369428,0.050955414012738856,0.03821656050955414,0.06369426751592357,0.07006369426751592,0.025477707006369428,0.050955414012738856,4.069149236464059,descriptive_only_not_binding_or_solubility_prediction
A0A9P1PT68,f906cf8013543ccbe5e764bf9bed6c10457504f948e632d61556b3673c775c6b,raw_composition_v1,computed_from_input_sequence,408,31,3,20,12,5,32,1,36,10,29,6,21,26,24,9,38,35,47,4,19,0.07598039215686274,0.007352941176470588,0.049019607843137254,0.029411764705882353,0.012254901960784314,0.0784313725490196,0.0024509803921568627,0.08823529411764706,0.024509803921568627,0.07107843137254902,0.014705882352941176,0.051470588235294115,0.06372549019607843,0.058823529411764705,0.022058823529411766,0.09313725490196079,0.0857843137254902,0.11519607843137254,0.00980392156862745,0.04656862745098039,3.9742108717819464,descriptive_only_not_binding_or_solubility_prediction
A0A9P1V1H6,0c33c978bbc9b2fef08311d10b0392be0bba92a49642b9faaabbf1fdeed1f324,raw_composition_v1,computed_from_input_sequence,200,24,3,15,18,1,14,1,10,5,12,3,5,13,5,11,11,18,16,4,11,0.12,0.015,0.075,0.09,0.005,0.07,0.005,0.05,0.025,0.06,0.015,0.025,0.065,0.025,0.055,0.055,0.09,0.08,0.02,0.055,4.009320114533749,descriptive_only_not_binding_or_solubility_prediction
A0A857F0P1,d38c110ec22313919159a2047c32aa06c3d74b3419becdfa40776da35b6cac9b,raw_composition_v1,computed_from_input_sequence,387,43,0,27,19,13,27,8,21,29,35,10,10,16,19,20,27,29,24,4,6,0.1111111111111111,0.0,0.06976744186046512,0.04909560723514212,0.03359173126614987,0.06976744186046512,0.020671834625323,0.05426356589147287,0.07493540051679587,0.09043927648578812,0.025839793281653745,0.025839793281653745,0.041343669250646,0.04909560723514212,0.05167958656330749,0.06976744186046512,0.07493540051679587,0.06201550387596899,0.0103359173126615,0.015503875968992248,4.0588391050330985,descriptive_only_not_binding_or_solubility_prediction
F4N727,a1e50c9bfabade55ea9df0add1d33124f23b0d5923921313fd3ac4e69e0ced87,raw_composition_v1,computed_from_input_sequence,247,27,5,14,6,12,25,8,18,6,15,4,14,14,8,13,15,21,8,3,11,0.10931174089068826,0.020242914979757085,0.05668016194331984,0.024291497975708502,0.048582995951417005,0.10121457489878542,0.032388663967611336,0.0728744939271255,0.024291497975708502,0.06072874493927125,0.016194331983805668,0.05668016194331984,0.05668016194331984,0.032388663967611336,0.05263157894736842,0.06072874493927125,0.08502024291497975,0.032388663967611336,0.012145748987854251,0.044534412955465584,4.120616624554213,descriptive_only_not_binding_or_solubility_prediction
A0AB73QMA1,13ec48082525ecd11e50c2168da4c1e88fe6949ff3695fc46a25821b82ca95c2,raw_composition_v1,computed_from_input_sequence,369,35,0,30,21,15,27,6,24,26,29,8,11,16,12,25,19,33,21,5,6,0.0948509485094851,0.0,0.08130081300813008,0.056910569105691054,0.04065040650406504,0.07317073170731707,0.016260162601626018,0.06504065040650407,0.07046070460704607,0.07859078590785908,0.02168021680216802,0.02981029810298103,0.04336043360433604,0.032520325203252036,0.06775067750677506,0.051490514905149054,0.08943089430894309,0.056910569105691054,0.013550135501355014,0.016260162601626018,4.065957277080357,descriptive_only_not_binding_or_solubility_prediction
A0AAD2Z8P4,4b13ee49a0edfc956bd802bf30a7f03f36b8be63627aed8577c24bcf9fbea9f4,raw_composition_v1,computed_from_input_sequence,146,13,0,14,12,1,14,3,11,10,13,3,6,6,3,2,11,8,6,5,5,0.08904109589041095,0.0,0.0958904109589041,0.0821917808219178,0.00684931506849315,0.0958904109589041,0.02054794520547945,0.07534246575342465,0.0684931506849315,0.08904109589041095,0.02054794520547945,0.0410958904109589,0.0410958904109589,0.02054794520547945,0.0136986301369863,0.07534246575342465,0.0547945205479452,0.0410958904109589,0.03424657534246575,0.03424657534246575,4.003680959392523,descriptive_only_not_binding_or_solubility_prediction
A0A0H5LRI9,22c4dcac3d3484c6919966f04d5c7bb2ee58653cc9a710fd607ea687dea76aa9,raw_composition_v1,computed_from_input_sequence,376,36,0,29,23,16,28,6,22,26,29,9,12,14,13,24,23,33,21,6,6,0.09574468085106383,0.0,0.07712765957446809,0.061170212765957445,0.0425531914893617,0.07446808510638298,0.015957446808510637,0.05851063829787234,0.06914893617021277,0.07712765957446809,0.023936170212765957,0.031914893617021274,0.03723404255319149,0.034574468085106384,0.06382978723404255,0.061170212765957445,0.08776595744680851,0.05585106382978723,0.015957446808510637,0.015957446808510637,4.078209673589888,descriptive_only_not_binding_or_solubility_prediction
A0A0B4ZZ77,ab51a4842cc61c9e92312176b679e2508f3fc94ee196f65829844d9d99062c25,raw_composition_v1,computed_from_input_sequence,38,9,0,0,3,1,4,0,2,1,1,3,0,2,1,1,2,3,2,2,1,0.23684210526315788,0.0,0.0,0.07894736842105263,0.02631578947368421,0.10526315789473684,0.0,0.05263157894736842,0.02631578947368421,0.02631578947368421,0.07894736842105263,0.0,0.05263157894736842,0.02631578947368421,0.02631578947368421,0.05263157894736842,0.07894736842105263,0.05263157894736842,0.05263157894736842,0.02631578947368421,3.6480857366153954,descriptive_only_not_binding_or_solubility_prediction
A0AAD2UW21,fcad575963c34745872f1cee7f8af53ac1ff96a1a0100efbcee8908a2af477c1,raw_composition_v1,computed_from_input_sequence,148,15,0,11,1,9,20,1,10,5,11,2,5,11,4,8,10,8,12,2,3,0.10135135135135136,0.0,0.07432432432432433,0.006756756756756757,0.060810810810810814,0.13513513513513514,0.006756756756756757,0.06756756756756757,0.033783783783783786,0.07432432432432433,0.013513513513513514,0.033783783783783786,0.07432432432432433,0.02702702702702703,0.05405405405405406,0.06756756756756757,0.05405405405405406,0.08108108108108109,0.013513513513513514,0.02027027027027027,3.9313130303767547,descriptive_only_not_binding_or_solubility_prediction
A0A0H5H5S7,7de38cfea95a20f059ea4d97d337e362054da0ecd3181a35cdb82d4ea8d95d23,raw_composition_v1,computed_from_input_sequence,213,15,3,13,11,4,25,4,10,6,25,2,12,9,7,7,15,22,16,4,3,0.07042253521126761,0.014084507042253521,0.06103286384976526,0.051643192488262914,0.018779342723004695,0.11737089201877934,0.018779342723004695,0.046948356807511735,0.028169014084507043,0.11737089201877934,0.009389671361502348,0.056338028169014086,0.04225352112676056,0.03286384976525822,0.03286384976525822,0.07042253521126761,0.10328638497652583,0.07511737089201878,0.018779342723004695,0.014084507042253521,4.0128450099167985,descriptive_only_not_binding_or_solubility_prediction
A0A0T9Q3J3,9fa1adfe9a9f2618e2d2e13dc41ca0c292bb998a9899d7e56a88a51e29fe8771,raw_composition_v1,computed_from_input_sequence,468,64,3,23,18,15,37,11,20,7,47,16,22,9,21,28,47,33,33,4,10,0.13675213675213677,0.00641025641025641,0.049145299145299144,0.038461538461538464,0.03205128205128205,0.07905982905982906,0.023504273504273504,0.042735042735042736,0.014957264957264958,0.10042735042735043,0.03418803418803419,0.04700854700854701,0.019230769230769232,0.04487179487179487,0.05982905982905983,0.10042735042735043,0.07051282051282051,0.07051282051282051,0.008547008547008548,0.021367521367521368,4.004735532959059,descriptive_only_not_binding_or_solubility_prediction
A0A0T9PX62,4a1a01751cb5354987ffe2502e01237e97ba1281e76fcd2a79809d08df225007,raw_composition_v1,computed_from_input_sequence,468,60,3,26,18,14,34,10,23,8,49,16,20,10,19,31,45,34,34,4,10,0.1282051282051282,0.00641025641025641,0.05555555555555555,0.038461538461538464,0.029914529914529916,0.07264957264957266,0.021367521367521368,0.049145299145299144,0.017094017094017096,0.1047008547008547,0.03418803418803419,0.042735042735042736,0.021367521367521368,0.0405982905982906,0.06623931623931624,0.09615384615384616,0.07264957264957266,0.07264957264957266,0.008547008547008548,0.021367521367521368,4.017061739967535,descriptive_only_not_binding_or_solubility_prediction
A0AAW7K9U6,4f29e6d10fc700d20e1b1423e99427bbf92075b168e6f331d9ef1fa923680399,raw_composition_v1,computed_from_input_sequence,626,43,3,34,38,36,52,17,34,20,48,12,32,32,45,36,47,39,37,9,12,0.06869009584664537,0.004792332268370607,0.054313099041533544,0.06070287539936102,0.05750798722044728,0.08306709265175719,0.027156549520766772,0.054313099041533544,0.03194888178913738,0.07667731629392971,0.019169329073482427,0.051118210862619806,0.051118210862619806,0.07188498402555911,0.05750798722044728,0.07507987220447285,0.06230031948881789,0.05910543130990415,0.01437699680511182,0.019169329073482427,4.1498238983560904,descriptive_only_not_binding_or_solubility_prediction
A0A0H3B5E1,3ca2fef8a1cb98c55f9cfbcebe33b80f42d9ab6cd05c010c68373534fc19fa8e,raw_composition_v1,computed_from_input_sequence,364,32,0,29,21,10,28,7,25,33,27,7,15,11,11,23,20,34,20,4,7,0.08791208791208792,0.0,0.07967032967032966,0.057692307692307696,0.027472527472527472,0.07692307692307693,0.019230769230769232,0.06868131868131869,0.09065934065934066,0.07417582417582418,0.019230769230769232,0.04120879120879121,0.03021978021978022,0.03021978021978022,0.06318681318681318,0.054945054945054944,0.09340659340659341,0.054945054945054944,0.01098901098901099,0.019230769230769232,4.047775958770602,descriptive_only_not_binding_or_solubility_prediction
A0A0T9QCI9,fb3b127a06e653dcd682c4f683d70634289c0c81e93c0f61af281ac16543b1bb,raw_composition_v1,computed_from_input_sequence,368,33,0,30,21,8,27,7,26,30,32,9,17,10,14,22,19,33,19,4,7,0.08967391304347826,0.0,0.08152173913043478,0.057065217391304345,0.021739130434782608,0.07336956521739131,0.019021739130434784,0.07065217391304347,0.08152173913043478,0.08695652173913043,0.024456521739130436,0.04619565217391304,0.02717391304347826,0.03804347826086957,0.059782608695652176,0.051630434782608696,0.08967391304347826,0.051630434782608696,0.010869565217391304,0.019021739130434784,4.05197048343689,descriptive_only_not_binding_or_solubility_prediction
A0ABX5QXK4,721298d8f0dbab22c374a2480c371f76b6e10c7b1f0025c95a0f24c47fbeb5f5,raw_composition_v1,computed_from_input_sequence,353,29,2,28,14,8,27,3,33,9,27,7,8,17,13,20,27,39,32,3,7,0.0821529745042493,0.0056657223796034,0.07932011331444759,0.039660056657223795,0.0226628895184136,0.0764872521246459,0.0084985835694051,0.09348441926345609,0.025495750708215296,0.0764872521246459,0.019830028328611898,0.0226628895184136,0.04815864022662889,0.036827195467422094,0.056657223796033995,0.0764872521246459,0.11048158640226628,0.0906515580736544,0.0084985835694051,0.019830028328611898,3.993538109260506,descriptive_only_not_binding_or_solubility_prediction
A0A0T9RET2,d885d30de1e8d65bc2790b5417a21e9b717bee9f77a5d56d8f59f77c787d98d2,raw_composition_v1,computed_from_input_sequence,659,55,8,37,41,17,53,19,37,38,49,10,20,41,23,47,46,35,42,16,25,0.0834597875569044,0.012139605462822459,0.05614567526555387,0.0622154779969651,0.025796661608497723,0.08042488619119878,0.028831562974203338,0.05614567526555387,0.057663125948406675,0.07435508345978756,0.015174506828528073,0.030349013657056147,0.0622154779969651,0.03490136570561457,0.07132018209408195,0.06980273141122914,0.05311077389984825,0.0637329286798179,0.024279210925644917,0.03793626707132018,4.174361003054076,descriptive_only_not_binding_or_solubility_prediction
A0AAD2Z3C0,06950f0b6b4875cdacd5c8b74319d23cf505172d40e2d5d6ffb2fe4f04fb944e,raw_composition_v1,computed_from_input_sequence,156,9,0,12,16,6,5,2,9,6,19,3,9,4,9,6,7,10,15,5,4,0.057692307692307696,0.0,0.07692307692307693,0.10256410256410256,0.038461538461538464,0.03205128205128205,0.01282051282051282,0.057692307692307696,0.038461538461538464,0.12179487179487179,0.019230769230769232,0.057692307692307696,0.02564102564102564,0.057692307692307696,0.038461538461538464,0.04487179487179487,0.0641025641025641,0.09615384615384616,0.03205128205128205,0.02564102564102564,4.042933689263353,descriptive_only_not_binding_or_solubility_prediction
A0ABM9Y807,934645c701247bf1c36b41cc0ab17392256a866678771642ce5686f1f1cd0389,raw_composition_v1,computed_from_input_sequence,388,45,0,25,21,12,27,8,18,31,36,8,10,17,18,20,27,28,26,4,7,0.11597938144329897,0.0,0.06443298969072164,0.05412371134020619,0.030927835051546393,0.06958762886597938,0.020618556701030927,0.04639175257731959,0.07989690721649484,0.09278350515463918,0.020618556701030927,0.02577319587628866,0.04381443298969072,0.04639175257731959,0.05154639175257732,0.06958762886597938,0.07216494845360824,0.06701030927835051,0.010309278350515464,0.01804123711340206,4.046613391412799,descriptive_only_not_binding_or_solubility_prediction
A0AAV3BI89,793cf56b794121107ff6565589ddfc6d12e57c80859d0a5b9624f4bce87281a8,raw_composition_v1,computed_from_input_sequence,468,60,3,27,18,14,35,10,24,8,48,15,18,10,18,32,44,36,34,4,10,0.1282051282051282,0.00641025641025641,0.057692307692307696,0.038461538461538464,0.029914529914529916,0.07478632478632478,0.021367521367521368,0.05128205128205128,0.017094017094017096,0.10256410256410256,0.03205128205128205,0.038461538461538464,0.021367521367521368,0.038461538461538464,0.06837606837606838,0.09401709401709402,0.07692307692307693,0.07264957264957266,0.008547008547008548,0.021367521367521368,4.013017198036393,descriptive_only_not_binding_or_solubility_prediction
A0ABM9SSL7,623135830f172289e9549a1d9cc812ddfde416c27192b41efc5cb24a52fb9354,raw_composition_v1,computed_from_input_sequence,395,39,2,24,19,6,38,3,45,13,30,4,24,17,5,17,27,36,31,2,13,0.09873417721518987,0.005063291139240506,0.060759493670886074,0.04810126582278481,0.015189873417721518,0.09620253164556962,0.007594936708860759,0.11392405063291139,0.03291139240506329,0.0759493670886076,0.010126582278481013,0.060759493670886074,0.043037974683544304,0.012658227848101266,0.043037974683544304,0.06835443037974684,0.09113924050632911,0.07848101265822785,0.005063291139240506,0.03291139240506329,3.9476843303377422,descriptive_only_not_binding_or_solubility_prediction
A0ABM9TCZ7,1fb918f72248e56ab894da6dc308186cda352b1ea05f10471c9b870310679171,raw_composition_v1,computed_from_input_sequence,351,25,3,25,13,4,22,2,22,16,34,7,19,15,16,19,27,26,37,10,9,0.07122507122507123,0.008547008547008548,0.07122507122507123,0.037037037037037035,0.011396011396011397,0.06267806267806268,0.005698005698005698,0.06267806267806268,0.045584045584045586,0.09686609686609686,0.019943019943019943,0.05413105413105413,0.042735042735042736,0.045584045584045586,0.05413105413105413,0.07692307692307693,0.07407407407407407,0.10541310541310542,0.02849002849002849,0.02564102564102564,4.076381334923132,descriptive_only_not_binding_or_solubility_prediction
A0A0H3B6N5,1a726b8cbd744b00e9668990ebb2b5609af3a079686420e7e1b5bae3a3ad082b,raw_composition_v1,computed_from_input_sequence,356,23,4,31,16,6,22,1,24,11,34,11,16,16,22,24,27,19,25,10,14,0.06460674157303371,0.011235955056179775,0.08707865168539326,0.0449438202247191,0.016853932584269662,0.06179775280898876,0.0028089887640449437,0.06741573033707865,0.03089887640449438,0.09550561797752809,0.03089887640449438,0.0449438202247191,0.0449438202247191,0.06179775280898876,0.06741573033707865,0.07584269662921349,0.05337078651685393,0.0702247191011236,0.028089887640449437,0.03932584269662921,4.121190034902606,descriptive_only_not_binding_or_solubility_prediction
A0AA36LLT8,588f32e9102f81cdad8e8d8a7a6b1d60620f74cc90784e46c22d9171e6542e93,raw_composition_v1,computed_from_input_sequence,388,46,0,26,20,13,27,8,20,29,35,9,12,16,18,20,26,28,25,4,6,0.11855670103092783,0.0,0.06701030927835051,0.05154639175257732,0.03350515463917526,0.06958762886597938,0.020618556701030927,0.05154639175257732,0.07474226804123711,0.09020618556701031,0.023195876288659795,0.030927835051546393,0.041237113402061855,0.04639175257731959,0.05154639175257732,0.06701030927835051,0.07216494845360824,0.06443298969072164,0.010309278350515464,0.015463917525773196,4.054716767508966,descriptive_only_not_binding_or_solubility_prediction
A0A0T9UVK0,de1eba062f8083b96f29f30610b95c731606f94ec5d59a2b29afb3952177c22b,raw_composition_v1,computed_from_input_sequence,302,39,2,21,23,8,16,4,16,2,30,4,10,19,14,23,17,16,28,0,10,0.1291390728476821,0.006622516556291391,0.0695364238410596,0.076158940397351,0.026490066225165563,0.052980132450331126,0.013245033112582781,0.052980132450331126,0.006622516556291391,0.09933774834437085,0.013245033112582781,0.033112582781456956,0.06291390728476821,0.046357615894039736,0.076158940397351,0.056291390728476824,0.052980132450331126,0.09271523178807947,0.0,0.033112582781456956,3.952958117001535,descriptive_only_not_binding_or_solubility_prediction
A0A0T9KM81,1367c34ab8fd44c0e2bea696d71361c45575ef3150dd5c503eaaf9ed4fb4c8fa,raw_composition_v1,computed_from_input_sequence,302,42,2,19,22,8,16,4,19,6,29,4,9,17,12,20,19,18,24,1,11,0.1390728476821192,0.006622516556291391,0.06291390728476821,0.0728476821192053,0.026490066225165563,0.052980132450331126,0.013245033112582781,0.06291390728476821,0.019867549668874173,0.09602649006622517,0.013245033112582781,0.029801324503311258,0.056291390728476824,0.039735099337748346,0.06622516556291391,0.06291390728476821,0.059602649006622516,0.07947019867549669,0.0033112582781456954,0.03642384105960265,4.000875856659659,descriptive_only_not_binding_or_solubility_prediction
A0ABM9Y805,72fa02e1e72b0daf0875e647cdcadb6c8a26ec8e142c2eaaf16edeef6e31753b,raw_composition_v1,computed_from_input_sequence,223,17,3,14,12,5,25,5,15,7,24,3,14,10,4,8,15,21,13,4,4,0.07623318385650224,0.013452914798206279,0.06278026905829596,0.053811659192825115,0.02242152466367713,0.11210762331838565,0.02242152466367713,0.06726457399103139,0.03139013452914798,0.10762331838565023,0.013452914798206279,0.06278026905829596,0.04484304932735426,0.017937219730941704,0.03587443946188341,0.06726457399103139,0.09417040358744394,0.05829596412556054,0.017937219730941704,0.017937219730941704,4.050232714592414,descriptive_only_not_binding_or_solubility_prediction
A0AB73PI84,5d4a04476f16a090a88b4a85bf0f43c7c82dbc23199fcb09719a80bcd36f9341,raw_composition_v1,computed_from_input_sequence,384,46,3,20,14,7,33,5,22,17,34,7,22,20,16,17,24,38,25,5,9,0.11979166666666667,0.0078125,0.052083333333333336,0.036458333333333336,0.018229166666666668,0.0859375,0.013020833333333334,0.057291666666666664,0.044270833333333336,0.08854166666666667,0.018229166666666668,0.057291666666666664,0.052083333333333336,0.041666666666666664,0.044270833333333336,0.0625,0.09895833333333333,0.06510416666666667,0.013020833333333334,0.0234375,4.053049412981122,descriptive_only_not_binding_or_solubility_prediction
A0A0E1NTH1,793cf56b794121107ff6565589ddfc6d12e57c80859d0a5b9624f4bce87281a8,raw_composition_v1,computed_from_input_sequence,468,60,3,27,18,14,35,10,24,8,48,15,18,10,18,32,44,36,34,4,10,0.1282051282051282,0.00641025641025641,0.057692307692307696,0.038461538461538464,0.029914529914529916,0.07478632478632478,0.021367521367521368,0.05128205128205128,0.017094017094017096,0.10256410256410256,0.03205128205128205,0.038461538461538464,0.021367521367521368,0.038461538461538464,0.06837606837606838,0.09401709401709402,0.07692307692307693,0.07264957264957266,0.008547008547008548,0.021367521367521368,4.013017198036393,descriptive_only_not_binding_or_solubility_prediction
A0ABW9EXB2,9b29e70a3eab38a7d00f2650e0a8cdc30f4bd236e6e1bface861ef3f56a3c5e1,raw_composition_v1,computed_from_input_sequence,468,57,3,24,20,15,33,7,22,6,47,13,21,14,16,29,49,37,40,5,10,0.12179487179487179,0.00641025641025641,0.05128205128205128,0.042735042735042736,0.03205128205128205,0.07051282051282051,0.014957264957264958,0.04700854700854701,0.01282051282051282,0.10042735042735043,0.027777777777777776,0.04487179487179487,0.029914529914529916,0.03418803418803419,0.06196581196581197,0.1047008547008547,0.07905982905982906,0.08547008547008547,0.010683760683760684,0.021367521367521368,4.004519680511651,descriptive_only_not_binding_or_solubility_prediction
A0AB72ZKZ2,793cf56b794121107ff6565589ddfc6d12e57c80859d0a5b9624f4bce87281a8,raw_composition_v1,computed_from_input_sequence,468,60,3,27,18,14,35,10,24,8,48,15,18,10,18,32,44,36,34,4,10,0.1282051282051282,0.00641025641025641,0.057692307692307696,0.038461538461538464,0.029914529914529916,0.07478632478632478,0.021367521367521368,0.05128205128205128,0.017094017094017096,0.10256410256410256,0.03205128205128205,0.038461538461538464,0.021367521367521368,0.038461538461538464,0.06837606837606838,0.09401709401709402,0.07692307692307693,0.07264957264957266,0.008547008547008548,0.021367521367521368,4.013017198036393,descriptive_only_not_binding_or_solubility_prediction
A0A0T9KX64,d238ae0626ae21dcda667e33f3c30ab09399b3d15584cb254c3f970dc1289cdc,raw_composition_v1,computed_from_input_sequence,394,29,4,23,22,14,30,9,25,13,37,8,26,19,13,20,29,23,31,5,14,0.07360406091370558,0.01015228426395939,0.0583756345177665,0.05583756345177665,0.03553299492385787,0.07614213197969544,0.02284263959390863,0.06345177664974619,0.03299492385786802,0.09390862944162437,0.02030456852791878,0.06598984771573604,0.048223350253807105,0.03299492385786802,0.050761421319796954,0.07360406091370558,0.0583756345177665,0.07868020304568528,0.012690355329949238,0.03553299492385787,4.150213800749592,descriptive_only_not_binding_or_solubility_prediction
Q66BM0,0c225502b8064123b5c1e4564b06665aa3cfaf4a1614839004dc8d2f551ecf89,raw_composition_v1,computed_from_input_sequence,213,17,3,12,10,5,22,4,11,5,23,1,12,9,7,9,19,20,17,4,3,0.07981220657276995,0.014084507042253521,0.056338028169014086,0.046948356807511735,0.023474178403755867,0.10328638497652583,0.018779342723004695,0.051643192488262914,0.023474178403755867,0.107981220657277,0.004694835680751174,0.056338028169014086,0.04225352112676056,0.03286384976525822,0.04225352112676056,0.0892018779342723,0.09389671361502347,0.07981220657276995,0.018779342723004695,0.014084507042253521,4.02098351196398,descriptive_only_not_binding_or_solubility_prediction
A0AAI8ZUU9,acac72d2bf6ab94d8b755921826f34f22b4a3ed5edd774a1d1f23b3c9a1245a4,raw_composition_v1,computed_from_input_sequence,357,27,2,25,19,10,33,1,19,13,23,7,17,16,18,24,22,27,40,5,9,0.07563025210084033,0.0056022408963585435,0.0700280112044818,0.05322128851540616,0.028011204481792718,0.09243697478991597,0.0028011204481792717,0.05322128851540616,0.036414565826330535,0.06442577030812324,0.0196078431372549,0.047619047619047616,0.04481792717086835,0.05042016806722689,0.06722689075630252,0.06162464985994398,0.07563025210084033,0.11204481792717087,0.014005602240896359,0.025210084033613446,4.0610878514891535,descriptive_only_not_binding_or_solubility_prediction
A0ABM6UUX5,afb043f418ea074f4ff64b0d640f442c39b8d97aa916ac85af1aa48d219562fc,raw_composition_v1,computed_from_input_sequence,420,51,1,29,11,14,48,1,30,16,35,7,21,18,16,15,30,36,29,3,9,0.12142857142857143,0.002380952380952381,0.06904761904761905,0.02619047619047619,0.03333333333333333,0.11428571428571428,0.002380952380952381,0.07142857142857142,0.0380952380952381,0.08333333333333333,0.016666666666666666,0.05,0.04285714285714286,0.0380952380952381,0.03571428571428571,0.07142857142857142,0.08571428571428572,0.06904761904761905,0.007142857142857143,0.02142857142857143,3.958570469818797,descriptive_only_not_binding_or_solubility_prediction
A0ABP2EH72,cdf55e4aef43c8e55a22de2064f552396d30968a3d59583958e3f8b94c54de50,raw_composition_v1,computed_from_input_sequence,644,35,10,40,37,22,54,19,41,30,62,10,31,19,38,28,60,46,39,6,17,0.05434782608695652,0.015527950310559006,0.062111801242236024,0.05745341614906832,0.034161490683229816,0.08385093167701864,0.029503105590062112,0.06366459627329192,0.046583850931677016,0.09627329192546584,0.015527950310559006,0.04813664596273292,0.029503105590062112,0.059006211180124224,0.043478260869565216,0.09316770186335403,0.07142857142857142,0.06055900621118013,0.009316770186335404,0.026397515527950312,4.136597875225362,descriptive_only_not_binding_or_solubility_prediction
A0A0A8VKM3,56f295f5a747628a575b7904a98d3d886d7ec836a5d9179801f9226f61460f31,raw_composition_v1,computed_from_input_sequence,469,62,4,24,22,20,32,9,21,7,38,15,22,12,19,31,47,35,34,5,10,0.13219616204690832,0.008528784648187633,0.0511727078891258,0.046908315565031986,0.042643923240938165,0.06823027718550106,0.019189765458422176,0.04477611940298507,0.014925373134328358,0.08102345415778252,0.031982942430703626,0.046908315565031986,0.0255863539445629,0.04051172707889126,0.06609808102345416,0.10021321961620469,0.07462686567164178,0.07249466950959488,0.010660980810234541,0.021321961620469083,4.046151144064152,descriptive_only_not_binding_or_solubility_prediction
A0AA36LPU1,160a323d422eb48bad2f7527f7a4fe5b6f8689fb68cf5c8325eff2a5a295eb2e,raw_composition_v1,computed_from_input_sequence,397,62,0,14,12,9,29,2,31,13,33,10,23,18,17,7,33,43,29,2,10,0.1561712846347607,0.0,0.03526448362720403,0.030226700251889168,0.022670025188916875,0.07304785894206549,0.005037783375314861,0.07808564231738035,0.0327455919395466,0.08312342569269521,0.02518891687657431,0.05793450881612091,0.04534005037783375,0.042821158690176324,0.017632241813602016,0.08312342569269521,0.10831234256926953,0.07304785894206549,0.005037783375314861,0.02518891687657431,3.891439527500184,descriptive_only_not_binding_or_solubility_prediction
A0A0T9LS41,2a5df772af38ef5508bd7d2337746ebc903bae73e9c0a4589c4c8208d5025327,raw_composition_v1,computed_from_input_sequence,364,32,1,27,19,9,29,7,29,30,29,7,16,11,14,23,18,33,20,4,6,0.08791208791208792,0.0027472527472527475,0.07417582417582418,0.0521978021978022,0.024725274725274724,0.07967032967032966,0.019230769230769232,0.07967032967032966,0.08241758241758242,0.07967032967032966,0.019230769230769232,0.04395604395604396,0.03021978021978022,0.038461538461538464,0.06318681318681318,0.04945054945054945,0.09065934065934066,0.054945054945054944,0.01098901098901099,0.016483516483516484,4.063710634017443,descriptive_only_not_binding_or_solubility_prediction
A0A0H3B6E3,5352e8d4c1c0d46beb9f2679bf19d682388f73bb3ad66b1a17acd0e40e91d706,raw_composition_v1,computed_from_input_sequence,351,25,3,25,13,4,22,2,21,15,34,7,20,15,16,19,27,26,38,10,9,0.07122507122507123,0.008547008547008548,0.07122507122507123,0.037037037037037035,0.011396011396011397,0.06267806267806268,0.005698005698005698,0.05982905982905983,0.042735042735042736,0.09686609686609686,0.019943019943019943,0.05698005698005698,0.042735042735042736,0.045584045584045586,0.05413105413105413,0.07692307692307693,0.07407407407407407,0.10826210826210826,0.02849002849002849,0.02564102564102564,4.073150738548872,descriptive_only_not_binding_or_solubility_prediction
A0AB72ZMY1,845c4a756f316b288f531311a6cb134d676b9e18ca3dd0d57952c762501902dc,raw_composition_v1,computed_from_input_sequence,518,52,1,32,36,18,41,14,21,20,46,9,22,20,28,34,37,30,30,4,23,0.10038610038610038,0.0019305019305019305,0.06177606177606178,0.0694980694980695,0.03474903474903475,0.07915057915057915,0.02702702702702703,0.04054054054054054,0.03861003861003861,0.0888030888030888,0.017374517374517374,0.04247104247104247,0.03861003861003861,0.05405405405405406,0.06563706563706563,0.07142857142857142,0.05791505791505792,0.05791505791505792,0.007722007722007722,0.0444015444015444,4.107189201838947,descriptive_only_not_binding_or_solubility_prediction
A0A0T9MH64,95026d83b088e1115aa7403e332f028962c864449278ec9ff6ae3dc3511ddece,raw_composition_v1,computed_from_input_sequence,116,14,0,5,8,1,7,1,5,4,10,5,2,10,8,7,6,8,8,3,4,0.1206896551724138,0.0,0.04310344827586207,0.06896551724137931,0.008620689655172414,0.0603448275862069,0.008620689655172414,0.04310344827586207,0.034482758620689655,0.08620689655172414,0.04310344827586207,0.017241379310344827,0.08620689655172414,0.06896551724137931,0.0603448275862069,0.05172413793103448,0.06896551724137931,0.06896551724137931,0.02586206896551724,0.034482758620689655,4.029204411979633,descriptive_only_not_binding_or_solubility_prediction
A0A2G4U2G2,a2149e62633d542163ace1dbc6c202026ba4924da90887090798f41bc79eabb5,raw_composition_v1,computed_from_input_sequence,378,38,3,25,14,10,45,4,26,7,36,4,14,17,12,16,26,35,28,4,14,0.10052910052910052,0.007936507936507936,0.06613756613756613,0.037037037037037035,0.026455026455026454,0.11904761904761904,0.010582010582010581,0.06878306878306878,0.018518518518518517,0.09523809523809523,0.010582010582010581,0.037037037037037035,0.04497354497354497,0.031746031746031744,0.042328042328042326,0.06878306878306878,0.09259259259259259,0.07407407407407407,0.010582010582010581,0.037037037037037035,3.997789973592036,descriptive_only_not_binding_or_solubility_prediction
A0ABX5R0C5,e5bf08d71a5897e7732d5dd672c47d3ae681754a9452d7405e54ac1a0178d457,raw_composition_v1,computed_from_input_sequence,428,41,1,15,23,9,71,8,35,18,37,8,17,18,11,14,40,25,25,2,10,0.09579439252336448,0.002336448598130841,0.035046728971962614,0.053738317757009345,0.02102803738317757,0.1658878504672897,0.018691588785046728,0.08177570093457943,0.04205607476635514,0.08644859813084112,0.018691588785046728,0.0397196261682243,0.04205607476635514,0.02570093457943925,0.03271028037383177,0.09345794392523364,0.05841121495327103,0.05841121495327103,0.004672897196261682,0.02336448598130841,3.9307401966066635,descriptive_only_not_binding_or_solubility_prediction
A0ABM9XWV8,87c3b50359595bd56b81585f47552bd75f63f34fe01f432d4c63827be11a5a6d,raw_composition_v1,computed_from_input_sequence,385,47,2,24,11,10,40,4,29,14,32,6,23,19,14,18,27,32,23,4,6,0.12207792207792208,0.005194805194805195,0.06233766233766234,0.02857142857142857,0.025974025974025976,0.1038961038961039,0.01038961038961039,0.07532467532467532,0.03636363636363636,0.08311688311688312,0.015584415584415584,0.05974025974025974,0.04935064935064935,0.03636363636363636,0.046753246753246755,0.07012987012987013,0.08311688311688312,0.05974025974025974,0.01038961038961039,0.015584415584415584,4.006904374286348,descriptive_only_not_binding_or_solubility_prediction
A0ABM7AH44,2f42b9dbea35f69b4a9591363691353941c662e3bc7c07ad7999851a79d947b3,raw_composition_v1,computed_from_input_sequence,216,21,2,8,12,5,26,6,13,10,14,5,15,4,10,10,13,20,15,1,6,0.09722222222222222,0.009259259259259259,0.037037037037037035,0.05555555555555555,0.023148148148148147,0.12037037037037036,0.027777777777777776,0.06018518518518518,0.046296296296296294,0.06481481481481481,0.023148148148148147,0.06944444444444445,0.018518518518518517,0.046296296296296294,0.046296296296296294,0.06018518518518518,0.09259259259259259,0.06944444444444445,0.004629629629629629,0.027777777777777776,4.058007855361143,descriptive_only_not_binding_or_solubility_prediction
A0A380PQB1,f7bce578dcb271744dbdcf44f6952cf0a80bd03ec991c8a29bbd5dc0e2d73dae,raw_composition_v1,computed_from_input_sequence,477,63,1,18,17,12,34,5,32,22,40,7,23,26,23,11,35,50,38,4,16,0.1320754716981132,0.0020964360587002098,0.03773584905660377,0.03563941299790356,0.025157232704402517,0.07127882599580712,0.010482180293501049,0.06708595387840671,0.04612159329140461,0.08385744234800839,0.014675052410901468,0.04821802935010482,0.05450733752620545,0.04821802935010482,0.023060796645702306,0.07337526205450734,0.10482180293501048,0.07966457023060797,0.008385744234800839,0.033542976939203356,3.9904216079946098,descriptive_only_not_binding_or_solubility_prediction
A0ABY5UJG2,9a07e2fbc6cc8fb5dd38d2cc98018e52f0ed845292f89a0e2c5592d96188a24e,raw_composition_v1,computed_from_input_sequence,399,47,3,23,19,17,32,3,40,10,22,5,40,13,11,15,22,33,30,3,11,0.11779448621553884,0.007518796992481203,0.05764411027568922,0.047619047619047616,0.042606516290726815,0.08020050125313283,0.007518796992481203,0.10025062656641603,0.02506265664160401,0.05513784461152882,0.012531328320802004,0.10025062656641603,0.03258145363408521,0.02756892230576441,0.03759398496240601,0.05513784461152882,0.08270676691729323,0.07518796992481203,0.007518796992481203,0.02756892230576441,3.9964950377192325,descriptive_only_not_binding_or_solubility_prediction
A0A0H3B4K0,ec12e18d35db05a873c2d3ff2f155deb410837a7ba180e63d3cfa563aeed2add,raw_composition_v1,computed_from_input_sequence,211,20,3,10,11,6,23,5,18,5,17,4,12,8,4,9,16,19,17,3,1,0.0947867298578199,0.014218009478672985,0.04739336492890995,0.052132701421800945,0.02843601895734597,0.10900473933649289,0.023696682464454975,0.08530805687203792,0.023696682464454975,0.08056872037914692,0.018957345971563982,0.05687203791469194,0.037914691943127965,0.018957345971563982,0.04265402843601896,0.07582938388625593,0.09004739336492891,0.08056872037914692,0.014218009478672985,0.004739336492890996,4.0230696578825125,descriptive_only_not_binding_or_solubility_prediction
A0AA36LNC6,49836e31149770fad7d4f61ef9cd19e8c787d04a53a9dab82da7f1e55ac975ff,raw_composition_v1,computed_from_input_sequence,378,47,3,24,16,10,42,4,27,8,32,7,14,18,17,20,26,21,21,5,16,0.12433862433862433,0.007936507936507936,0.06349206349206349,0.042328042328042326,0.026455026455026454,0.1111111111111111,0.010582010582010581,0.07142857142857142,0.021164021164021163,0.08465608465608465,0.018518518518518517,0.037037037037037035,0.047619047619047616,0.04497354497354497,0.05291005291005291,0.06878306878306878,0.05555555555555555,0.05555555555555555,0.013227513227513227,0.042328042328042326,4.04855147897424,descriptive_only_not_binding_or_solubility_prediction
A0A0T9TRC6,a8de82797535bfec6dd6beb761f27e5ef00a27618ec5b20871959a5e3d2472a6,raw_composition_v1,computed_from_input_sequence,388,48,0,27,20,13,26,8,19,30,37,8,11,16,17,20,26,27,25,4,6,0.12371134020618557,0.0,0.06958762886597938,0.05154639175257732,0.03350515463917526,0.06701030927835051,0.020618556701030927,0.04896907216494845,0.07731958762886598,0.09536082474226804,0.020618556701030927,0.028350515463917526,0.041237113402061855,0.04381443298969072,0.05154639175257732,0.06701030927835051,0.06958762886597938,0.06443298969072164,0.010309278350515464,0.015463917525773196,4.037898044163869,descriptive_only_not_binding_or_solubility_prediction
A0A0H3B3D7,ed8fb4817c8665426fd08d1b2210a02b41f58989b09b6e3d8235046bf09b68d8,raw_composition_v1,computed_from_input_sequence,364,33,0,30,21,11,29,6,27,33,28,6,15,11,12,23,17,32,19,4,7,0.09065934065934066,0.0,0.08241758241758242,0.057692307692307696,0.03021978021978022,0.07967032967032966,0.016483516483516484,0.07417582417582418,0.09065934065934066,0.07692307692307693,0.016483516483516484,0.04120879120879121,0.03021978021978022,0.03296703296703297,0.06318681318681318,0.046703296703296704,0.08791208791208792,0.0521978021978022,0.01098901098901099,0.019230769230769232,4.038328706350213,descriptive_only_not_binding_or_solubility_prediction
A0A380PNY7,e62839b7cc06390b37ba1d649a09e462e091cb2e01a2932476e5fd9c8f59e3e0,raw_composition_v1,computed_from_input_sequence,192,15,1,9,21,5,6,2,12,13,14,3,8,9,13,5,14,16,9,5,12,0.078125,0.005208333333333333,0.046875,0.109375,0.026041666666666668,0.03125,0.010416666666666666,0.0625,0.06770833333333333,0.07291666666666667,0.015625,0.041666666666666664,0.046875,0.06770833333333333,0.026041666666666668,0.07291666666666667,0.08333333333333333,0.046875,0.026041666666666668,0.0625,4.093399717972124,descriptive_only_not_binding_or_solubility_prediction
A0ABM6UP52,e96dab83bdacfc4e0e75c09bc90a24eb6d46dfd747b337e28b5fe7412c06f066,raw_composition_v1,computed_from_input_sequence,389,56,4,19,13,7,39,4,26,18,35,7,19,20,14,10,20,37,29,6,6,0.14395886889460155,0.010282776349614395,0.04884318766066838,0.033419023136246784,0.017994858611825194,0.10025706940874037,0.010282776349614395,0.06683804627249357,0.04627249357326478,0.08997429305912596,0.017994858611825194,0.04884318766066838,0.05141388174807198,0.03598971722365039,0.02570694087403599,0.05141388174807198,0.09511568123393316,0.07455012853470437,0.015424164524421594,0.015424164524421594,3.9840437530431236,descriptive_only_not_binding_or_solubility_prediction
A0A380PNE2,d99e2fd901408babb9f3b4fc9988d34c2fc178dbc1460cc57e0dd2cadba75fb5,raw_composition_v1,computed_from_input_sequence,407,60,1,10,12,11,30,3,30,11,38,5,23,17,16,7,40,45,32,3,13,0.14742014742014742,0.002457002457002457,0.02457002457002457,0.029484029484029485,0.02702702702702703,0.07371007371007371,0.007371007371007371,0.07371007371007371,0.02702702702702703,0.09336609336609336,0.012285012285012284,0.056511056511056514,0.04176904176904177,0.03931203931203931,0.0171990171990172,0.09828009828009827,0.11056511056511056,0.07862407862407862,0.007371007371007371,0.03194103194103194,3.885075730602059,descriptive_only_not_binding_or_solubility_prediction
A0ABM9TDA6,a5b643f828b6ab937b89dedaf173584ac5cad4b577c82f8716b5d328e29f6a49,raw_composition_v1,computed_from_input_sequence,259,29,1,19,11,11,29,0,17,8,23,1,16,17,9,14,14,16,16,4,4,0.11196911196911197,0.003861003861003861,0.07335907335907337,0.04247104247104247,0.04247104247104247,0.11196911196911197,0.0,0.06563706563706563,0.03088803088803089,0.0888030888030888,0.003861003861003861,0.06177606177606178,0.06563706563706563,0.03474903474903475,0.05405405405405406,0.05405405405405406,0.06177606177606178,0.06177606177606178,0.015444015444015444,0.015444015444015444,3.9676502162376566,descriptive_only_not_binding_or_solubility_prediction
A0ABM9TCS0,bc4e5cb0a05321780812ec51f691770b658a0ad21b28dcb68b6f8815512c2d83,raw_composition_v1,computed_from_input_sequence,468,60,3,28,18,14,34,10,23,8,49,15,18,10,18,32,44,36,34,4,10,0.1282051282051282,0.00641025641025641,0.05982905982905983,0.038461538461538464,0.029914529914529916,0.07264957264957266,0.021367521367521368,0.049145299145299144,0.017094017094017096,0.1047008547008547,0.03205128205128205,0.038461538461538464,0.021367521367521368,0.038461538461538464,0.06837606837606838,0.09401709401709402,0.07692307692307693,0.07264957264957266,0.008547008547008548,0.021367521367521368,4.01148255366103,descriptive_only_not_binding_or_solubility_prediction
A0A0H5M9D5,45392d354028236cae8d0980e5697067da9ab1007935f1edde1a4001928b5155,raw_composition_v1,computed_from_input_sequence,436,70,3,22,10,9,39,5,24,21,38,8,20,25,19,7,26,45,30,6,9,0.16055045871559634,0.006880733944954129,0.05045871559633028,0.022935779816513763,0.020642201834862386,0.08944954128440367,0.011467889908256881,0.05504587155963303,0.0481651376146789,0.0871559633027523,0.01834862385321101,0.045871559633027525,0.05733944954128441,0.04357798165137615,0.016055045871559634,0.05963302752293578,0.10321100917431193,0.06880733944954129,0.013761467889908258,0.020642201834862386,3.95032227794027,descriptive_only_not_binding_or_solubility_prediction
A0A085U5Z0,2bd70219a5a2a0ad301f701b02fa3752788de96a972d5a242add70e7a8fb5201,raw_composition_v1,computed_from_input_sequence,356,27,4,29,17,7,22,2,20,13,32,11,12,16,20,23,26,21,30,10,14,0.07584269662921349,0.011235955056179775,0.08146067415730338,0.047752808988764044,0.019662921348314606,0.06179775280898876,0.0056179775280898875,0.056179775280898875,0.03651685393258427,0.0898876404494382,0.03089887640449438,0.033707865168539325,0.0449438202247191,0.056179775280898875,0.06460674157303371,0.07303370786516854,0.05898876404494382,0.08426966292134831,0.028089887640449437,0.03932584269662921,4.136445821435345,descriptive_only_not_binding_or_solubility_prediction
A0AAV3B8C3,c0d950601293d46fba1ca1c8060dfef6dc89e0bc9bc432e5f753a73755a04dd1,raw_composition_v1,computed_from_input_sequence,603,45,3,41,34,33,46,19,32,22,39,13,28,30,46,35,32,40,38,9,18,0.07462686567164178,0.004975124378109453,0.06799336650082918,0.05638474295190713,0.05472636815920398,0.07628524046434494,0.03150912106135987,0.05306799336650083,0.03648424543946932,0.06467661691542288,0.02155887230514096,0.04643449419568822,0.04975124378109453,0.07628524046434494,0.05804311774461028,0.05306799336650083,0.06633499170812604,0.06301824212271974,0.014925373134328358,0.029850746268656716,4.178911740181889,descriptive_only_not_binding_or_solubility_prediction
A0A0T9QDU9,38435485212bf4d97fee01d915861a58f28fc0b8d26c3e794883765d68c2e779,raw_composition_v1,computed_from_input_sequence,476,70,4,19,18,10,37,5,27,19,40,10,27,15,14,15,44,45,42,3,12,0.14705882352941177,0.008403361344537815,0.03991596638655462,0.037815126050420166,0.02100840336134454,0.07773109243697479,0.01050420168067227,0.05672268907563025,0.03991596638655462,0.08403361344537816,0.02100840336134454,0.05672268907563025,0.031512605042016806,0.029411764705882353,0.031512605042016806,0.09243697478991597,0.09453781512605042,0.08823529411764706,0.0063025210084033615,0.025210084033613446,3.9660812735280984,descriptive_only_not_binding_or_solubility_prediction
A1JQS5,36487cd3df6d8c401f8cd1065e670bbbd821c7900f198fc2647ddeaac4ca42ec,raw_composition_v1,computed_from_input_sequence,152,13,0,13,14,1,13,3,10,9,14,3,8,6,3,2,12,8,10,5,5,0.08552631578947369,0.0,0.08552631578947369,0.09210526315789473,0.006578947368421052,0.08552631578947369,0.019736842105263157,0.06578947368421052,0.05921052631578947,0.09210526315789473,0.019736842105263157,0.05263157894736842,0.039473684210526314,0.019736842105263157,0.013157894736842105,0.07894736842105263,0.05263157894736842,0.06578947368421052,0.03289473684210526,0.03289473684210526,4.011715393679188,descriptive_only_not_binding_or_solubility_prediction
A0ABW9EYQ1,67987fb43fd3035b4cf4f22ad96931a78819ef47f104efdffa2ebbf2e3554092,raw_composition_v1,computed_from_input_sequence,384,49,2,20,12,10,36,3,29,20,35,5,21,21,12,12,18,40,26,5,8,0.12760416666666666,0.005208333333333333,0.052083333333333336,0.03125,0.026041666666666668,0.09375,0.0078125,0.07552083333333333,0.052083333333333336,0.09114583333333333,0.013020833333333334,0.0546875,0.0546875,0.03125,0.03125,0.046875,0.10416666666666667,0.06770833333333333,0.013020833333333334,0.020833333333333332,3.987571359219747,descriptive_only_not_binding_or_solubility_prediction
A0AAX2I043,5352e8d4c1c0d46beb9f2679bf19d682388f73bb3ad66b1a17acd0e40e91d706,raw_composition_v1,computed_from_input_sequence,351,25,3,25,13,4,22,2,21,15,34,7,20,15,16,19,27,26,38,10,9,0.07122507122507123,0.008547008547008548,0.07122507122507123,0.037037037037037035,0.011396011396011397,0.06267806267806268,0.005698005698005698,0.05982905982905983,0.042735042735042736,0.09686609686609686,0.019943019943019943,0.05698005698005698,0.042735042735042736,0.045584045584045586,0.05413105413105413,0.07692307692307693,0.07407407407407407,0.10826210826210826,0.02849002849002849,0.02564102564102564,4.073150738548872,descriptive_only_not_binding_or_solubility_prediction
A0A208ZSG0,6f81c05be48164130da79eb50cb12e8247d68251a9ce6791f6be2164662e97e9,raw_composition_v1,computed_from_input_sequence,133,14,1,10,10,4,7,2,5,10,10,2,5,10,4,3,5,10,11,6,4,0.10526315789473684,0.007518796992481203,0.07518796992481203,0.07518796992481203,0.03007518796992481,0.05263157894736842,0.015037593984962405,0.03759398496240601,0.07518796992481203,0.07518796992481203,0.015037593984962405,0.03759398496240601,0.07518796992481203,0.03007518796992481,0.022556390977443608,0.03759398496240601,0.07518796992481203,0.08270676691729323,0.045112781954887216,0.03007518796992481,4.097256339326283,descriptive_only_not_binding_or_solubility_prediction
A0AA90Y526,ee6539157896712360aa01afadc3e4e8f90a8ddcfc3f62a89f102b1b7af3e818,raw_composition_v1,computed_from_input_sequence,356,23,4,31,16,6,21,1,22,11,37,11,17,16,21,25,25,21,24,10,14,0.06460674157303371,0.011235955056179775,0.08707865168539326,0.0449438202247191,0.016853932584269662,0.05898876404494382,0.0028089887640449437,0.06179775280898876,0.03089887640449438,0.10393258426966293,0.03089887640449438,0.047752808988764044,0.0449438202247191,0.05898876404494382,0.0702247191011236,0.0702247191011236,0.05898876404494382,0.06741573033707865,0.028089887640449437,0.03932584269662921,4.11884136168554,descriptive_only_not_binding_or_solubility_prediction
A0A380QTF7,a67aa007d412348bf4421ddf89510151d73520f0520d7424a9a2ae5777034a8b,raw_composition_v1,computed_from_input_sequence,370,50,5,24,12,12,42,3,25,9,32,4,13,21,12,17,22,26,22,6,13,0.13513513513513514,0.013513513513513514,0.06486486486486487,0.032432432432432434,0.032432432432432434,0.11351351351351352,0.008108108108108109,0.06756756756756757,0.024324324324324326,0.08648648648648649,0.010810810810810811,0.03513513513513514,0.05675675675675676,0.032432432432432434,0.04594594594594595,0.05945945945945946,0.07027027027027027,0.05945945945945946,0.016216216216216217,0.03513513513513514,4.02156709627313,descriptive_only_not_binding_or_solubility_prediction
A0A085U317,927d6cf9b8fe635a11408d39a64b5adc39769a55ca213d217f4e81715c8b0c80,raw_composition_v1,computed_from_input_sequence,538,39,4,25,26,17,38,12,38,33,63,5,25,19,43,25,47,32,29,7,11,0.0724907063197026,0.007434944237918215,0.046468401486988845,0.048327137546468404,0.031598513011152414,0.07063197026022305,0.022304832713754646,0.07063197026022305,0.06133828996282528,0.1171003717472119,0.00929368029739777,0.046468401486988845,0.03531598513011153,0.07992565055762081,0.046468401486988845,0.08736059479553904,0.05947955390334572,0.05390334572490706,0.013011152416356878,0.020446096654275093,4.0820276251581795,descriptive_only_not_binding_or_solubility_prediction
A0A2U2GXH7,793cf56b794121107ff6565589ddfc6d12e57c80859d0a5b9624f4bce87281a8,raw_composition_v1,computed_from_input_sequence,468,60,3,27,18,14,35,10,24,8,48,15,18,10,18,32,44,36,34,4,10,0.1282051282051282,0.00641025641025641,0.057692307692307696,0.038461538461538464,0.029914529914529916,0.07478632478632478,0.021367521367521368,0.05128205128205128,0.017094017094017096,0.10256410256410256,0.03205128205128205,0.038461538461538464,0.021367521367521368,0.038461538461538464,0.06837606837606838,0.09401709401709402,0.07692307692307693,0.07264957264957266,0.008547008547008548,0.021367521367521368,4.013017198036393,descriptive_only_not_binding_or_solubility_prediction
A0ABR4W9H6,d99e2fd901408babb9f3b4fc9988d34c2fc178dbc1460cc57e0dd2cadba75fb5,raw_composition_v1,computed_from_input_sequence,407,60,1,10,12,11,30,3,30,11,38,5,23,17,16,7,40,45,32,3,13,0.14742014742014742,0.002457002457002457,0.02457002457002457,0.029484029484029485,0.02702702702702703,0.07371007371007371,0.007371007371007371,0.07371007371007371,0.02702702702702703,0.09336609336609336,0.012285012285012284,0.056511056511056514,0.04176904176904177,0.03931203931203931,0.0171990171990172,0.09828009828009827,0.11056511056511056,0.07862407862407862,0.007371007371007371,0.03194103194103194,3.885075730602059,descriptive_only_not_binding_or_solubility_prediction
A0AB72ZDV0,b55c6cc1fab21095d61b74d5c9bbca98fa7fbaa85856d600938108517eb6b3fd,raw_composition_v1,computed_from_input_sequence,211,28,1,11,10,14,17,3,8,6,21,4,6,10,11,12,13,16,16,2,2,0.13270142180094788,0.004739336492890996,0.052132701421800945,0.04739336492890995,0.06635071090047394,0.08056872037914692,0.014218009478672985,0.037914691943127965,0.02843601895734597,0.0995260663507109,0.018957345971563982,0.02843601895734597,0.04739336492890995,0.052132701421800945,0.05687203791469194,0.061611374407582936,0.07582938388625593,0.07582938388625593,0.009478672985781991,0.009478672985781991,4.009818609232767,descriptive_only_not_binding_or_solubility_prediction
A0ABR4VWS1,eda9d29ff13b504b8f2339e8199e037dc7cd9856c188a151424dcca3a5abc87c,raw_composition_v1,computed_from_input_sequence,211,20,3,10,11,6,21,5,20,9,17,3,11,8,4,7,17,18,16,3,2,0.0947867298578199,0.014218009478672985,0.04739336492890995,0.052132701421800945,0.02843601895734597,0.0995260663507109,0.023696682464454975,0.0947867298578199,0.04265402843601896,0.08056872037914692,0.014218009478672985,0.052132701421800945,0.037914691943127965,0.018957345971563982,0.03317535545023697,0.08056872037914692,0.08530805687203792,0.07582938388625593,0.014218009478672985,0.009478672985781991,4.043185253570436,descriptive_only_not_binding_or_solubility_prediction
A0AB73Q5K2,ad709e24580d3433a8715ff7cb7ded77dc5347ac5f0b20b9b3c1181d55cfd405,raw_composition_v1,computed_from_input_sequence,302,45,2,20,26,4,14,4,14,6,31,3,9,18,9,20,18,17,32,1,9,0.1490066225165563,0.006622516556291391,0.06622516556291391,0.08609271523178808,0.013245033112582781,0.046357615894039736,0.013245033112582781,0.046357615894039736,0.019867549668874173,0.10264900662251655,0.009933774834437087,0.029801324503311258,0.059602649006622516,0.029801324503311258,0.06622516556291391,0.059602649006622516,0.056291390728476824,0.10596026490066225,0.0033112582781456954,0.029801324503311258,3.914349192503171,descriptive_only_not_binding_or_solubility_prediction
A0A0T9UHA7,40e84ccb987083038c20e59f5e1008279a7e72d2e1859fdd15fd4c301453a9e9,raw_composition_v1,computed_from_input_sequence,468,59,3,25,18,14,35,9,20,8,52,19,24,11,18,30,44,31,34,4,10,0.12606837606837606,0.00641025641025641,0.053418803418803416,0.038461538461538464,0.029914529914529916,0.07478632478632478,0.019230769230769232,0.042735042735042736,0.017094017094017096,0.1111111111111111,0.0405982905982906,0.05128205128205128,0.023504273504273504,0.038461538461538464,0.0641025641025641,0.09401709401709402,0.06623931623931624,0.07264957264957266,0.008547008547008548,0.021367521367521368,4.019378732818085,descriptive_only_not_binding_or_solubility_prediction
A0A0U1R2N4,7986e93daef453c36e969778934165909ad8a364f023d8348e4b43777b31fbb3,raw_composition_v1,computed_from_input_sequence,364,33,0,29,21,11,28,6,27,33,26,6,15,11,12,23,19,32,21,4,7,0.09065934065934066,0.0,0.07967032967032966,0.057692307692307696,0.03021978021978022,0.07692307692307693,0.016483516483516484,0.07417582417582418,0.09065934065934066,0.07142857142857142,0.016483516483516484,0.04120879120879121,0.03021978021978022,0.03296703296703297,0.06318681318681318,0.0521978021978022,0.08791208791208792,0.057692307692307696,0.01098901098901099,0.019230769230769232,4.044492133876282,descriptive_only_not_binding_or_solubility_prediction
A0A380PNP9,eda9d29ff13b504b8f2339e8199e037dc7cd9856c188a151424dcca3a5abc87c,raw_composition_v1,computed_from_input_sequence,211,20,3,10,11,6,21,5,20,9,17,3,11,8,4,7,17,18,16,3,2,0.0947867298578199,0.014218009478672985,0.04739336492890995,0.052132701421800945,0.02843601895734597,0.0995260663507109,0.023696682464454975,0.0947867298578199,0.04265402843601896,0.08056872037914692,0.014218009478672985,0.052132701421800945,0.037914691943127965,0.018957345971563982,0.03317535545023697,0.08056872037914692,0.08530805687203792,0.07582938388625593,0.014218009478672985,0.009478672985781991,4.043185253570436,descriptive_only_not_binding_or_solubility_prediction
A0A0T9QV26,a1eb1b67a6a1c6bedf44fa25bb3e9c233b97c84941059aaf00270fe24ad8dbe9,raw_composition_v1,computed_from_input_sequence,531,31,5,28,23,15,41,10,37,28,61,8,29,20,38,29,46,30,32,7,13,0.0583804143126177,0.009416195856873822,0.05273069679849341,0.04331450094161959,0.02824858757062147,0.07721280602636535,0.018832391713747645,0.0696798493408663,0.05273069679849341,0.11487758945386065,0.015065913370998116,0.054613935969868174,0.03766478342749529,0.07156308851224105,0.054613935969868174,0.08662900188323917,0.05649717514124294,0.060263653483992465,0.013182674199623353,0.02448210922787194,4.108837307534784,descriptive_only_not_binding_or_solubility_prediction
A0ABM9XUV6,2be889ffa54b4e37de2189f853a9fbaaab5237efc4e7c56ba629bc2fa6ceef16,raw_composition_v1,computed_from_input_sequence,470,59,3,26,21,16,32,7,23,5,46,12,20,14,16,30,48,39,39,5,9,0.125531914893617,0.006382978723404255,0.05531914893617021,0.04468085106382979,0.03404255319148936,0.06808510638297872,0.014893617021276596,0.04893617021276596,0.010638297872340425,0.09787234042553192,0.02553191489361702,0.0425531914893617,0.029787234042553193,0.03404255319148936,0.06382978723404255,0.10212765957446808,0.08297872340425531,0.08297872340425531,0.010638297872340425,0.019148936170212766,3.9954229824414678,descriptive_only_not_binding_or_solubility_prediction
A0A0T9PYB4,dc8a6c10fa7e17b49302411287611a601ec1189dc6d4f93b9d6f931e160fbf86,raw_composition_v1,computed_from_input_sequence,239,20,1,15,10,8,30,2,14,8,27,3,13,17,9,9,14,15,13,5,6,0.08368200836820083,0.0041841004184100415,0.06276150627615062,0.04184100418410042,0.03347280334728033,0.12552301255230125,0.008368200836820083,0.058577405857740586,0.03347280334728033,0.11297071129707113,0.012552301255230125,0.05439330543933055,0.07112970711297072,0.03765690376569038,0.03765690376569038,0.058577405857740586,0.06276150627615062,0.05439330543933055,0.02092050209205021,0.02510460251046025,4.036053281039445,descriptive_only_not_binding_or_solubility_prediction
A0ABM6BHQ6,da4b9250928a6e29a0c6b515ba51d0eefe7f047d83d1cee2a87f074967e6e914,raw_composition_v1,computed_from_input_sequence,469,61,4,24,21,20,32,8,22,6,37,15,23,12,19,32,47,37,34,5,10,0.1300639658848614,0.008528784648187633,0.0511727078891258,0.04477611940298507,0.042643923240938165,0.06823027718550106,0.017057569296375266,0.046908315565031986,0.01279317697228145,0.07889125799573561,0.031982942430703626,0.04904051172707889,0.0255863539445629,0.04051172707889126,0.06823027718550106,0.10021321961620469,0.07889125799573561,0.07249466950959488,0.010660980810234541,0.021321961620469083,4.0400711577225685,descriptive_only_not_binding_or_solubility_prediction
A0A0H3B678,502c5ea020e08cd8bb1eca62d750bf0aa9eb12633455c83d77b677ad94ee49ef,raw_composition_v1,computed_from_input_sequence,378,39,4,27,14,12,43,4,28,7,33,5,14,16,12,16,26,34,26,4,14,0.10317460317460317,0.010582010582010581,0.07142857142857142,0.037037037037037035,0.031746031746031744,0.11375661375661375,0.010582010582010581,0.07407407407407407,0.018518518518518517,0.0873015873015873,0.013227513227513227,0.037037037037037035,0.042328042328042326,0.031746031746031744,0.042328042328042326,0.06878306878306878,0.08994708994708994,0.06878306878306878,0.010582010582010581,0.037037037037037035,4.023833136070044,descriptive_only_not_binding_or_solubility_prediction
A0A0U1QVC6,c86f6fb4c396d96b217b5c24d0a82d4564e869f70cbb8c217999fff366c517a2,raw_composition_v1,computed_from_input_sequence,259,28,1,19,11,11,29,0,16,8,24,1,16,17,9,14,14,17,16,4,4,0.10810810810810811,0.003861003861003861,0.07335907335907337,0.04247104247104247,0.04247104247104247,0.11196911196911197,0.0,0.06177606177606178,0.03088803088803089,0.09266409266409266,0.003861003861003861,0.06177606177606178,0.06563706563706563,0.03474903474903475,0.05405405405405406,0.05405405405405406,0.06563706563706563,0.06177606177606178,0.015444015444015444,0.015444015444015444,3.9687248726588544,descriptive_only_not_binding_or_solubility_prediction
A0AA90XZS1,bed2aea8d9faf3b55589f330057c8cbbdc3c1d6614b561a4402263bb3ed674b5,raw_composition_v1,computed_from_input_sequence,387,46,0,27,19,13,27,8,18,28,35,10,11,16,19,21,27,26,26,4,6,0.11886304909560723,0.0,0.06976744186046512,0.04909560723514212,0.03359173126614987,0.06976744186046512,0.020671834625323,0.046511627906976744,0.07235142118863049,0.09043927648578812,0.025839793281653745,0.028423772609819122,0.041343669250646,0.04909560723514212,0.05426356589147287,0.06976744186046512,0.06718346253229975,0.06718346253229975,0.0103359173126615,0.015503875968992248,4.055128960492979,descriptive_only_not_binding_or_solubility_prediction
A0A0H3B1B9,22eaed67249d190a4994191e077ca05c6c9fb03e63a5f02a80e3f5df7a8e69b4,raw_composition_v1,computed_from_input_sequence,589,80,5,41,18,24,51,10,40,19,45,7,32,26,26,16,46,38,40,8,17,0.13582342954159593,0.008488964346349746,0.06960950764006792,0.030560271646859084,0.04074702886247878,0.0865874363327674,0.01697792869269949,0.06791171477079797,0.03225806451612903,0.07640067911714771,0.011884550084889643,0.05432937181663837,0.044142614601018676,0.044142614601018676,0.027164685908319185,0.07809847198641766,0.06451612903225806,0.06791171477079797,0.013582342954159592,0.028862478777589132,4.052210722035582,descriptive_only_not_binding_or_solubility_prediction
A0AB73Q656,43ecbd97ec6556336aa60e38e3af24af2e8bd42e7f92305bc678415a82994608,raw_composition_v1,computed_from_input_sequence,197,26,2,11,17,4,13,3,16,14,11,1,6,8,6,4,14,22,7,6,6,0.1319796954314721,0.01015228426395939,0.05583756345177665,0.08629441624365482,0.02030456852791878,0.06598984771573604,0.015228426395939087,0.08121827411167512,0.07106598984771574,0.05583756345177665,0.005076142131979695,0.030456852791878174,0.04060913705583756,0.030456852791878174,0.02030456852791878,0.07106598984771574,0.1116751269035533,0.03553299492385787,0.030456852791878174,0.030456852791878174,4.002405025952382,descriptive_only_not_binding_or_solubility_prediction
A0A209A9L1,1ca2d977dd993bb0363b424275beb350402e2354ebf51934eedb898f002e3d34,raw_composition_v1,computed_from_input_sequence,352,42,3,23,18,6,25,6,24,6,31,8,14,17,6,23,24,28,31,8,9,0.11931818181818182,0.008522727272727272,0.06534090909090909,0.05113636363636364,0.017045454545454544,0.07102272727272728,0.017045454545454544,0.06818181818181818,0.017045454545454544,0.08806818181818182,0.022727272727272728,0.03977272727272727,0.048295454545454544,0.017045454545454544,0.06534090909090909,0.06818181818181818,0.07954545454545454,0.08806818181818182,0.022727272727272728,0.02556818181818182,4.0455858932271,descriptive_only_not_binding_or_solubility_prediction
A0ABM5UHV5,155f0062a1c76cfcaea266a8af4131b8b789981fd78e44dbfd39262ed8e5bff1,raw_composition_v1,computed_from_input_sequence,351,31,3,24,12,6,20,3,24,16,31,6,23,14,21,18,29,23,29,10,8,0.08831908831908832,0.008547008547008548,0.06837606837606838,0.03418803418803419,0.017094017094017096,0.05698005698005698,0.008547008547008548,0.06837606837606838,0.045584045584045586,0.08831908831908832,0.017094017094017096,0.06552706552706553,0.039886039886039885,0.05982905982905983,0.05128205128205128,0.08262108262108261,0.06552706552706553,0.08262108262108261,0.02849002849002849,0.022792022792022793,4.099509209888603,descriptive_only_not_binding_or_solubility_prediction
A0AB72ZL33,5352e8d4c1c0d46beb9f2679bf19d682388f73bb3ad66b1a17acd0e40e91d706,raw_composition_v1,computed_from_input_sequence,351,25,3,25,13,4,22,2,21,15,34,7,20,15,16,19,27,26,38,10,9,0.07122507122507123,0.008547008547008548,0.07122507122507123,0.037037037037037035,0.011396011396011397,0.06267806267806268,0.005698005698005698,0.05982905982905983,0.042735042735042736,0.09686609686609686,0.019943019943019943,0.05698005698005698,0.042735042735042736,0.045584045584045586,0.05413105413105413,0.07692307692307693,0.07407407407407407,0.10826210826210826,0.02849002849002849,0.02564102564102564,4.073150738548872,descriptive_only_not_binding_or_solubility_prediction
A0A2G4TYK3,68f88c6dc6432b97e478c0e45eb8e76550c25964f5a8710252292ac418b8cb49,raw_composition_v1,computed_from_input_sequence,684,42,7,42,37,15,55,18,51,31,44,12,29,24,37,36,72,46,41,14,31,0.06140350877192982,0.01023391812865497,0.06140350877192982,0.054093567251461985,0.021929824561403508,0.0804093567251462,0.02631578947368421,0.07456140350877193,0.04532163742690058,0.06432748538011696,0.017543859649122806,0.04239766081871345,0.03508771929824561,0.054093567251461985,0.05263157894736842,0.10526315789473684,0.06725146198830409,0.059941520467836254,0.02046783625730994,0.04532163742690058,4.157984393175251,descriptive_only_not_binding_or_solubility_prediction
A0ABR4W5R8,7c5a01699170889980b9ac84e1466b5f96f4e1530e56cd7daac514ca274cd236,raw_composition_v1,computed_from_input_sequence,426,42,4,19,17,14,38,8,32,18,36,7,34,25,20,18,19,32,25,5,13,0.09859154929577464,0.009389671361502348,0.04460093896713615,0.03990610328638498,0.03286384976525822,0.0892018779342723,0.018779342723004695,0.07511737089201878,0.04225352112676056,0.08450704225352113,0.01643192488262911,0.07981220657276995,0.05868544600938967,0.046948356807511735,0.04225352112676056,0.04460093896713615,0.07511737089201878,0.05868544600938967,0.011737089201877934,0.03051643192488263,4.111901617066217,descriptive_only_not_binding_or_solubility_prediction
A0A0A8VDN9,d480ba52f7cd806f7a45ab38cd67dadeebc2e172082d02e187b59201175677ed,raw_composition_v1,computed_from_input_sequence,140,14,0,10,16,3,7,0,5,8,11,3,4,11,6,8,8,10,6,5,5,0.1,0.0,0.07142857142857142,0.11428571428571428,0.02142857142857143,0.05,0.0,0.03571428571428571,0.05714285714285714,0.07857142857142857,0.02142857142857143,0.02857142857142857,0.07857142857142857,0.04285714285714286,0.05714285714285714,0.05714285714285714,0.07142857142857142,0.04285714285714286,0.03571428571428571,0.03571428571428571,4.023149036178761,descriptive_only_not_binding_or_solubility_prediction
A0AAI8ZVG7,3f3f37bf45809123705609882b29e8d1b550c4b86bdc7054f5916abc8700b36b,raw_composition_v1,computed_from_input_sequence,304,27,2,22,15,9,28,0,16,13,19,7,13,13,16,18,16,24,35,2,9,0.08881578947368421,0.006578947368421052,0.07236842105263158,0.049342105263157895,0.029605263157894735,0.09210526315789473,0.0,0.05263157894736842,0.04276315789473684,0.0625,0.023026315789473683,0.04276315789473684,0.04276315789473684,0.05263157894736842,0.05921052631578947,0.05263157894736842,0.07894736842105263,0.11513157894736842,0.006578947368421052,0.029605263157894735,4.030627129233672,descriptive_only_not_binding_or_solubility_prediction
A0A0H5MHG7,2745fd5bba2ca1b94d63568f815f8e67e3f343e0a97663bd13d6bd564e7166fc,raw_composition_v1,computed_from_input_sequence,644,32,10,41,38,20,51,21,39,31,60,11,26,18,39,31,62,42,46,6,20,0.049689440993788817,0.015527950310559006,0.06366459627329192,0.059006211180124224,0.031055900621118012,0.07919254658385093,0.03260869565217391,0.06055900621118013,0.04813664596273292,0.09316770186335403,0.017080745341614908,0.040372670807453416,0.027950310559006212,0.06055900621118013,0.04813664596273292,0.09627329192546584,0.06521739130434782,0.07142857142857142,0.009316770186335404,0.031055900621118012,4.142874053112283,descriptive_only_not_binding_or_solubility_prediction
A0AAX2I0L3,c86f6fb4c396d96b217b5c24d0a82d4564e869f70cbb8c217999fff366c517a2,raw_composition_v1,computed_from_input_sequence,259,28,1,19,11,11,29,0,16,8,24,1,16,17,9,14,14,17,16,4,4,0.10810810810810811,0.003861003861003861,0.07335907335907337,0.04247104247104247,0.04247104247104247,0.11196911196911197,0.0,0.06177606177606178,0.03088803088803089,0.09266409266409266,0.003861003861003861,0.06177606177606178,0.06563706563706563,0.03474903474903475,0.05405405405405406,0.05405405405405406,0.06563706563706563,0.06177606177606178,0.015444015444015444,0.015444015444015444,3.9687248726588544,descriptive_only_not_binding_or_solubility_prediction
A0AA36PIC1,056a6ae1cad754d3d23f5702451addf7e0dfd2f8679d714dd15ca8a967fce6cc,raw_composition_v1,computed_from_input_sequence,246,28,0,11,9,7,23,2,23,8,22,4,15,15,9,6,20,19,16,4,5,0.11382113821138211,0.0,0.044715447154471545,0.036585365853658534,0.028455284552845527,0.09349593495934959,0.008130081300813009,0.09349593495934959,0.032520325203252036,0.08943089430894309,0.016260162601626018,0.06097560975609756,0.06097560975609756,0.036585365853658534,0.024390243902439025,0.08130081300813008,0.07723577235772358,0.06504065040650407,0.016260162601626018,0.02032520325203252,3.987081644803362,descriptive_only_not_binding_or_solubility_prediction
A0AAV3BAT5,f6886feaac052d8cca17c7534bee72bf81e64041896aff81057bf173daad499f,raw_composition_v1,computed_from_input_sequence,395,57,2,20,19,20,36,8,16,17,26,10,14,21,18,17,20,32,32,2,8,0.14430379746835442,0.005063291139240506,0.05063291139240506,0.04810126582278481,0.05063291139240506,0.09113924050632911,0.020253164556962026,0.04050632911392405,0.043037974683544304,0.06582278481012659,0.02531645569620253,0.035443037974683546,0.053164556962025315,0.04556962025316456,0.043037974683544304,0.05063291139240506,0.0810126582278481,0.0810126582278481,0.005063291139240506,0.020253164556962026,4.044384604218493,descriptive_only_not_binding_or_solubility_prediction
A0ABM6UW81,dfc29a7db7bd5d0a3d8739a3687d3a752fb090a2252cc58501d335d87d3fe9ad,raw_composition_v1,computed_from_input_sequence,468,60,3,26,20,16,32,7,23,5,46,12,20,14,16,30,48,38,38,5,9,0.1282051282051282,0.00641025641025641,0.05555555555555555,0.042735042735042736,0.03418803418803419,0.06837606837606838,0.014957264957264958,0.049145299145299144,0.010683760683760684,0.09829059829059829,0.02564102564102564,0.042735042735042736,0.029914529914529916,0.03418803418803419,0.0641025641025641,0.10256410256410256,0.0811965811965812,0.0811965811965812,0.010683760683760684,0.019230769230769232,3.9937991791302574,descriptive_only_not_binding_or_solubility_prediction
A0ABX5R0V5,bfac71cb71d1741d31d1f8e2f44e9a18cadba355f29abe6e8457b527c47d6878,raw_composition_v1,computed_from_input_sequence,302,48,2,20,23,4,14,3,15,6,31,3,9,17,10,21,17,17,32,1,9,0.15894039735099338,0.006622516556291391,0.06622516556291391,0.076158940397351,0.013245033112582781,0.046357615894039736,0.009933774834437087,0.04966887417218543,0.019867549668874173,0.10264900662251655,0.009933774834437087,0.029801324503311258,0.056291390728476824,0.033112582781456956,0.0695364238410596,0.056291390728476824,0.056291390728476824,0.10596026490066225,0.0033112582781456954,0.029801324503311258,3.9005178116687484,descriptive_only_not_binding_or_solubility_prediction
A0A0T9MSU1,5021f397a1c12b94c007a4640243ea39371772e381c276b9c815fd8abe52f317,raw_composition_v1,computed_from_input_sequence,700,52,7,48,38,18,51,11,32,40,47,15,27,48,24,54,53,43,45,20,27,0.07428571428571429,0.01,0.06857142857142857,0.054285714285714284,0.025714285714285714,0.07285714285714286,0.015714285714285715,0.045714285714285714,0.05714285714285714,0.06714285714285714,0.02142857142857143,0.03857142857142857,0.06857142857142857,0.03428571428571429,0.07714285714285714,0.07571428571428572,0.06142857142857143,0.06428571428571428,0.02857142857142857,0.03857142857142857,4.173136376924613,descriptive_only_not_binding_or_solubility_prediction
A0ABP1Z8F7,2f42b9dbea35f69b4a9591363691353941c662e3bc7c07ad7999851a79d947b3,raw_composition_v1,computed_from_input_sequence,216,21,2,8,12,5,26,6,13,10,14,5,15,4,10,10,13,20,15,1,6,0.09722222222222222,0.009259259259259259,0.037037037037037035,0.05555555555555555,0.023148148148148147,0.12037037037037036,0.027777777777777776,0.06018518518518518,0.046296296296296294,0.06481481481481481,0.023148148148148147,0.06944444444444445,0.018518518518518517,0.046296296296296294,0.046296296296296294,0.06018518518518518,0.09259259259259259,0.06944444444444445,0.004629629629629629,0.027777777777777776,4.058007855361143,descriptive_only_not_binding_or_solubility_prediction
A0AB73QHN9,1a0b4a7f98c987fe00190ac25ccc88b7affb6ce0be23593ee980cac9c5bc3d0b,raw_composition_v1,computed_from_input_sequence,302,43,2,19,21,8,17,4,21,6,29,3,10,18,12,21,18,16,22,1,11,0.1423841059602649,0.006622516556291391,0.06291390728476821,0.0695364238410596,0.026490066225165563,0.056291390728476824,0.013245033112582781,0.0695364238410596,0.019867549668874173,0.09602649006622517,0.009933774834437087,0.033112582781456956,0.059602649006622516,0.039735099337748346,0.0695364238410596,0.059602649006622516,0.052980132450331126,0.0728476821192053,0.0033112582781456954,0.03642384105960265,3.9936816964985637,descriptive_only_not_binding_or_solubility_prediction
A0AB73NKW1,a9f99a3b5a10e07ba7a674105db059e1b1c566017a060dd09c983b680b366ce5,raw_composition_v1,computed_from_input_sequence,380,43,0,26,15,13,27,12,22,24,38,9,12,15,22,20,22,28,23,4,5,0.11315789473684211,0.0,0.06842105263157895,0.039473684210526314,0.034210526315789476,0.07105263157894737,0.031578947368421054,0.05789473684210526,0.06315789473684211,0.1,0.02368421052631579,0.031578947368421054,0.039473684210526314,0.05789473684210526,0.05263157894736842,0.05789473684210526,0.07368421052631578,0.060526315789473685,0.010526315789473684,0.013157894736842105,4.063848933452041,descriptive_only_not_binding_or_solubility_prediction
A0AAV3B8C2,1bfa78d7f6db324dd179c6f4e35a6de9dcfc099e7d657d894d46dc1f4b50e456,raw_composition_v1,computed_from_input_sequence,202,15,1,14,24,6,12,1,10,14,20,4,10,11,6,4,9,18,12,4,7,0.07425742574257425,0.0049504950495049506,0.06930693069306931,0.1188118811881188,0.0297029702970297,0.0594059405940594,0.0049504950495049506,0.04950495049504951,0.06930693069306931,0.09900990099009901,0.019801980198019802,0.04950495049504951,0.054455445544554455,0.0297029702970297,0.019801980198019802,0.04455445544554455,0.0891089108910891,0.0594059405940594,0.019801980198019802,0.034653465346534656,4.041986839737634,descriptive_only_not_binding_or_solubility_prediction
A0AB73PP81,0f1fe31d7d17ce076ca3274af501a944d3503e230f83d5e3e418b1777af58861,raw_composition_v1,computed_from_input_sequence,466,55,4,22,19,16,40,10,17,8,47,17,26,9,19,29,41,38,35,4,10,0.11802575107296137,0.008583690987124463,0.04721030042918455,0.0407725321888412,0.034334763948497854,0.08583690987124463,0.02145922746781116,0.03648068669527897,0.017167381974248927,0.10085836909871244,0.03648068669527897,0.055793991416309016,0.019313304721030045,0.0407725321888412,0.06223175965665236,0.08798283261802575,0.0815450643776824,0.07510729613733906,0.008583690987124463,0.02145922746781116,4.033528175714461,descriptive_only_not_binding_or_solubility_prediction
A0A0T9LN66,cb38511f9c9dfb1353debf78ba39096af8240839a378009a5a09217293f8b8b6,raw_composition_v1,computed_from_input_sequence,356,26,3,21,17,4,20,5,22,15,32,9,29,14,18,19,30,24,28,11,9,0.07303370786516854,0.008426966292134831,0.05898876404494382,0.047752808988764044,0.011235955056179775,0.056179775280898875,0.014044943820224719,0.06179775280898876,0.042134831460674156,0.0898876404494382,0.025280898876404494,0.08146067415730338,0.03932584269662921,0.05056179775280899,0.05337078651685393,0.08426966292134831,0.06741573033707865,0.07865168539325842,0.03089887640449438,0.025280898876404494,4.126382994582078,descriptive_only_not_binding_or_solubility_prediction
A0ABM7AGN3,c5cb63393d33845827383c93858ed9960f07cab28413763e9c2422a6a7f3d886,raw_composition_v1,computed_from_input_sequence,407,32,2,35,17,10,43,7,29,19,28,6,15,22,15,28,28,23,35,7,6,0.07862407862407862,0.004914004914004914,0.085995085995086,0.04176904176904177,0.02457002457002457,0.10565110565110565,0.0171990171990172,0.07125307125307126,0.04668304668304668,0.0687960687960688,0.014742014742014743,0.036855036855036855,0.05405405405405406,0.036855036855036855,0.0687960687960688,0.0687960687960688,0.056511056511056514,0.085995085995086,0.0171990171990172,0.014742014742014743,4.068949143134843,descriptive_only_not_binding_or_solubility_prediction
A0ABM5U8M7,112d70407848501e388a3c81d6c564adc888feb2b121aa9891de312e5ee7a16a,raw_composition_v1,computed_from_input_sequence,302,35,2,19,20,7,17,5,19,6,32,5,10,19,13,22,18,18,24,0,11,0.11589403973509933,0.006622516556291391,0.06291390728476821,0.06622516556291391,0.023178807947019868,0.056291390728476824,0.016556291390728478,0.06291390728476821,0.019867549668874173,0.10596026490066225,0.016556291390728478,0.033112582781456956,0.06291390728476821,0.04304635761589404,0.0728476821192053,0.059602649006622516,0.059602649006622516,0.07947019867549669,0.0,0.03642384105960265,4.014545847818673,descriptive_only_not_binding_or_solubility_prediction
A0ABN4CNM4,9b4c37c23b62db995e5f930e83aa5855cafb2657d0b3416a0500f1129590af16,raw_composition_v1,computed_from_input_sequence,663,99,2,42,45,21,56,5,41,22,54,9,32,20,21,28,59,48,38,9,12,0.1493212669683258,0.0030165912518853697,0.06334841628959276,0.06787330316742081,0.03167420814479638,0.08446455505279035,0.007541478129713424,0.06184012066365008,0.033182503770739065,0.08144796380090498,0.013574660633484163,0.048265460030165915,0.030165912518853696,0.03167420814479638,0.042232277526395176,0.0889894419306184,0.07239819004524888,0.05731523378582202,0.013574660633484163,0.01809954751131222,3.9770203957539443,descriptive_only_not_binding_or_solubility_prediction
A0A0T9RQ76,56beb79c3bfd812b3adf498dfcc9c5e22fc341cf03daee0079969d199f23d6b1,raw_composition_v1,computed_from_input_sequence,587,45,3,34,34,34,48,14,30,22,44,14,29,31,41,30,35,38,36,9,16,0.07666098807495741,0.005110732538330494,0.05792163543441227,0.05792163543441227,0.05792163543441227,0.0817717206132879,0.02385008517887564,0.05110732538330494,0.03747870528109029,0.07495741056218058,0.02385008517887564,0.049403747870528106,0.05281090289608177,0.06984667802385008,0.05110732538330494,0.059625212947189095,0.06473594548551959,0.06132879045996593,0.015332197614991482,0.027257240204429302,4.171759299750252,descriptive_only_not_binding_or_solubility_prediction
A0ABX6FH78,e557958f660b6822babe0b50ac97eb124e5c5975268ca2a3bfdccb511cff848c,raw_composition_v1,computed_from_input_sequence,309,49,1,11,7,13,28,1,22,10,23,3,21,12,10,8,33,29,19,3,6,0.15857605177993528,0.003236245954692557,0.03559870550161812,0.022653721682847898,0.042071197411003236,0.09061488673139159,0.003236245954692557,0.07119741100323625,0.032362459546925564,0.0744336569579288,0.009708737864077669,0.06796116504854369,0.038834951456310676,0.032362459546925564,0.025889967637540454,0.10679611650485436,0.09385113268608414,0.061488673139158574,0.009708737864077669,0.019417475728155338,3.8816232391658527,descriptive_only_not_binding_or_solubility_prediction
A0A380PNA2,7c5a01699170889980b9ac84e1466b5f96f4e1530e56cd7daac514ca274cd236,raw_composition_v1,computed_from_input_sequence,426,42,4,19,17,14,38,8,32,18,36,7,34,25,20,18,19,32,25,5,13,0.09859154929577464,0.009389671361502348,0.04460093896713615,0.03990610328638498,0.03286384976525822,0.0892018779342723,0.018779342723004695,0.07511737089201878,0.04225352112676056,0.08450704225352113,0.01643192488262911,0.07981220657276995,0.05868544600938967,0.046948356807511735,0.04225352112676056,0.04460093896713615,0.07511737089201878,0.05868544600938967,0.011737089201877934,0.03051643192488263,4.111901617066217,descriptive_only_not_binding_or_solubility_prediction
A0AA44I1R7,8488363a730cebe23030fa878c12a59b3a864f68621703d61227d0cb930cf152,raw_composition_v1,computed_from_input_sequence,468,64,3,25,17,14,37,8,21,9,51,17,22,11,18,27,46,30,34,4,10,0.13675213675213677,0.00641025641025641,0.053418803418803416,0.03632478632478633,0.029914529914529916,0.07905982905982906,0.017094017094017096,0.04487179487179487,0.019230769230769232,0.10897435897435898,0.03632478632478633,0.04700854700854701,0.023504273504273504,0.038461538461538464,0.057692307692307696,0.09829059829059829,0.0641025641025641,0.07264957264957266,0.008547008547008548,0.021367521367521368,4.00065340117385,descriptive_only_not_binding_or_solubility_prediction
A0ABP2DZT0,28a40bf80c1a3f8c0024f1340da5c38a06dc53f18ea177a3d48279a2905e9d51,raw_composition_v1,computed_from_input_sequence,347,31,2,27,19,9,37,5,24,17,25,6,15,17,11,24,21,21,26,5,5,0.0893371757925072,0.005763688760806916,0.07780979827089338,0.05475504322766571,0.025936599423631124,0.10662824207492795,0.01440922190201729,0.069164265129683,0.04899135446685879,0.07204610951008646,0.01729106628242075,0.043227665706051875,0.04899135446685879,0.03170028818443804,0.069164265129683,0.06051873198847262,0.06051873198847262,0.07492795389048991,0.01440922190201729,0.01440922190201729,4.073418136573265,descriptive_only_not_binding_or_solubility_prediction
A0ABY5UX71,2509ed2efd55d37dec0d0590d5cbcfc44af2b36543b77c6c1fb30df514b8720a,raw_composition_v1,computed_from_input_sequence,351,25,3,21,16,5,22,4,21,14,32,6,22,14,22,18,30,27,30,10,9,0.07122507122507123,0.008547008547008548,0.05982905982905983,0.045584045584045586,0.014245014245014245,0.06267806267806268,0.011396011396011397,0.05982905982905983,0.039886039886039885,0.09116809116809117,0.017094017094017096,0.06267806267806268,0.039886039886039885,0.06267806267806268,0.05128205128205128,0.08547008547008547,0.07692307692307693,0.08547008547008547,0.02849002849002849,0.02564102564102564,4.110657367277727,descriptive_only_not_binding_or_solubility_prediction
A0AB73QFS4,69e09739499cdd2c920702a72e6b5f4591ac7028776ca80f4ca86875c27fc3bd,raw_composition_v1,computed_from_input_sequence,196,18,1,14,19,6,12,1,18,15,9,2,5,8,4,7,15,15,11,6,10,0.09183673469387756,0.00510204081632653,0.07142857142857142,0.09693877551020408,0.030612244897959183,0.061224489795918366,0.00510204081632653,0.09183673469387756,0.07653061224489796,0.04591836734693878,0.01020408163265306,0.025510204081632654,0.04081632653061224,0.02040816326530612,0.03571428571428571,0.07653061224489796,0.07653061224489796,0.05612244897959184,0.030612244897959183,0.05102040816326531,4.048161133750138,descriptive_only_not_binding_or_solubility_prediction
A0A380PUT3,ad9113e01b555da7e3b2b2cdc844091ffa678d4003e6b84986c588e1fa0dc0d7,raw_composition_v1,computed_from_input_sequence,357,29,2,24,19,10,34,2,20,12,22,6,17,16,20,24,19,28,39,5,9,0.08123249299719888,0.0056022408963585435,0.06722689075630252,0.05322128851540616,0.028011204481792718,0.09523809523809523,0.0056022408963585435,0.056022408963585436,0.03361344537815126,0.06162464985994398,0.01680672268907563,0.047619047619047616,0.04481792717086835,0.056022408963585436,0.06722689075630252,0.05322128851540616,0.0784313725490196,0.1092436974789916,0.014005602240896359,0.025210084033613446,4.063953052499782,descriptive_only_not_binding_or_solubility_prediction
A0A085U7Z9,2e859fcf26ff65008b9e2453b5f1cad195b02ef9c7fb5da3df41dbc8ecd61e8a,raw_composition_v1,computed_from_input_sequence,216,22,3,9,11,2,16,9,15,7,20,4,9,9,4,10,17,29,12,5,3,0.10185185185185185,0.013888888888888888,0.041666666666666664,0.05092592592592592,0.009259259259259259,0.07407407407407407,0.041666666666666664,0.06944444444444445,0.032407407407407406,0.09259259259259259,0.018518518518518517,0.041666666666666664,0.041666666666666664,0.018518518518518517,0.046296296296296294,0.0787037037037037,0.13425925925925927,0.05555555555555555,0.023148148148148147,0.013888888888888888,4.029431426471437,descriptive_only_not_binding_or_solubility_prediction
A0A208ZSG3,84766fb4833d50a6b61c2485b4b5b8814f999124bb541ae24d04aab462ccb3b9,raw_composition_v1,computed_from_input_sequence,390,30,1,24,19,8,30,5,20,37,32,3,11,10,17,17,42,35,31,4,14,0.07692307692307693,0.002564102564102564,0.06153846153846154,0.04871794871794872,0.020512820512820513,0.07692307692307693,0.01282051282051282,0.05128205128205128,0.09487179487179487,0.08205128205128205,0.007692307692307693,0.028205128205128206,0.02564102564102564,0.04358974358974359,0.04358974358974359,0.1076923076923077,0.08974358974358974,0.07948717948717948,0.010256410256410256,0.035897435897435895,4.002591646701297,descriptive_only_not_binding_or_solubility_prediction
A0ABM9TGV0,3e941bcdd145a669efb68e70ea5690107dfa739e03a7b5d85ba91916ca030746,raw_composition_v1,computed_from_input_sequence,213,17,3,13,10,5,23,4,14,4,21,2,11,8,9,9,18,18,17,4,3,0.07981220657276995,0.014084507042253521,0.06103286384976526,0.046948356807511735,0.023474178403755867,0.107981220657277,0.018779342723004695,0.06572769953051644,0.018779342723004695,0.09859154929577464,0.009389671361502348,0.051643192488262914,0.03755868544600939,0.04225352112676056,0.04225352112676056,0.08450704225352113,0.08450704225352113,0.07981220657276995,0.018779342723004695,0.014084507042253521,4.043482357196026,descriptive_only_not_binding_or_solubility_prediction
A0AA44CPT5,25ee144667aa355736c5cb4bfd1e06fe16bb04b04f42cfc1a950ac78c6090bfb,raw_composition_v1,computed_from_input_sequence,378,47,3,26,17,10,40,4,29,8,32,6,13,18,17,20,26,21,20,5,16,0.12433862433862433,0.007936507936507936,0.06878306878306878,0.04497354497354497,0.026455026455026454,0.10582010582010581,0.010582010582010581,0.07671957671957672,0.021164021164021163,0.08465608465608465,0.015873015873015872,0.03439153439153439,0.047619047619047616,0.04497354497354497,0.05291005291005291,0.06878306878306878,0.05555555555555555,0.05291005291005291,0.013227513227513227,0.042328042328042326,4.044796417357748,descriptive_only_not_binding_or_solubility_prediction
A0A0T9KLV1,33f818d38dd2199462838cb0e3f8caf0f8691d61602536269e498da4d131d4ac,raw_composition_v1,computed_from_input_sequence,197,17,1,13,22,7,12,3,17,15,9,3,5,8,3,7,13,16,11,6,9,0.08629441624365482,0.005076142131979695,0.06598984771573604,0.1116751269035533,0.03553299492385787,0.06091370558375635,0.015228426395939087,0.08629441624365482,0.07614213197969544,0.04568527918781726,0.015228426395939087,0.025380710659898477,0.04060913705583756,0.015228426395939087,0.03553299492385787,0.06598984771573604,0.08121827411167512,0.05583756345177665,0.030456852791878174,0.04568527918781726,4.075275075537521,descriptive_only_not_binding_or_solubility_prediction
A0ABW9ETP4,b045c6ecbf319c813db5af25edd20b1791918db165c71648d40cebfeb73f8660,raw_composition_v1,computed_from_input_sequence,399,46,3,23,20,18,32,2,39,11,22,5,39,13,10,17,23,32,30,3,11,0.11528822055137844,0.007518796992481203,0.05764411027568922,0.05012531328320802,0.045112781954887216,0.08020050125313283,0.005012531328320802,0.09774436090225563,0.02756892230576441,0.05513784461152882,0.012531328320802004,0.09774436090225563,0.03258145363408521,0.02506265664160401,0.042606516290726815,0.05764411027568922,0.08020050125313283,0.07518796992481203,0.007518796992481203,0.02756892230576441,4.000447254254342,descriptive_only_not_binding_or_solubility_prediction
A0A0E1NNL7,104163298f84d6904b2efad647078a6878880739ca35ce0a3d2d77cde279971f,raw_composition_v1,computed_from_input_sequence,378,45,3,23,15,10,43,3,28,9,31,6,16,18,18,18,25,24,23,5,15,0.11904761904761904,0.007936507936507936,0.06084656084656084,0.03968253968253968,0.026455026455026454,0.11375661375661375,0.007936507936507936,0.07407407407407407,0.023809523809523808,0.082010582010582,0.015873015873015872,0.042328042328042326,0.047619047619047616,0.047619047619047616,0.047619047619047616,0.06613756613756613,0.06349206349206349,0.06084656084656084,0.013227513227513227,0.03968253968253968,4.04470640210992,descriptive_only_not_binding_or_solubility_prediction
A0A0U1QWC7,e80691ba9ed4ad28d1098be9727b6997bfdb949b1cbe848b4991649c40d1720e,raw_composition_v1,computed_from_input_sequence,218,21,1,16,16,5,10,2,10,8,15,4,7,15,7,14,12,23,14,8,10,0.0963302752293578,0.0045871559633027525,0.07339449541284404,0.07339449541284404,0.022935779816513763,0.045871559633027525,0.009174311926605505,0.045871559633027525,0.03669724770642202,0.06880733944954129,0.01834862385321101,0.03211009174311927,0.06880733944954129,0.03211009174311927,0.06422018348623854,0.05504587155963303,0.10550458715596331,0.06422018348623854,0.03669724770642202,0.045871559633027525,4.099912541327148,descriptive_only_not_binding_or_solubility_prediction
A0ABM9STX9,ef3382b4570f5f99e21b855496e47c93ef89a94d360cc5fb2110367c236a95c6,raw_composition_v1,computed_from_input_sequence,144,17,0,12,6,5,7,3,7,11,14,2,7,10,5,3,4,9,11,5,6,0.11805555555555555,0.0,0.08333333333333333,0.041666666666666664,0.034722222222222224,0.04861111111111111,0.020833333333333332,0.04861111111111111,0.0763888888888889,0.09722222222222222,0.013888888888888888,0.04861111111111111,0.06944444444444445,0.034722222222222224,0.020833333333333332,0.027777777777777776,0.0625,0.0763888888888889,0.034722222222222224,0.041666666666666664,4.058965358455562,descriptive_only_not_binding_or_solubility_prediction
A0A380QTH7,742bf0c525fb9061753c1f96d11ddd3493d18ae2776c7cab5f6dac8e62c29c14,raw_composition_v1,computed_from_input_sequence,447,60,4,23,21,18,30,8,21,6,39,13,21,11,19,30,43,34,31,5,10,0.1342281879194631,0.008948545861297539,0.05145413870246085,0.04697986577181208,0.040268456375838924,0.06711409395973154,0.017897091722595078,0.04697986577181208,0.013422818791946308,0.087248322147651,0.029082774049217,0.04697986577181208,0.024608501118568233,0.042505592841163314,0.06711409395973154,0.09619686800894854,0.07606263982102908,0.06935123042505593,0.011185682326621925,0.02237136465324385,4.039329856396764,descriptive_only_not_binding_or_solubility_prediction
A0ABM6UUN8,5bba6e6a9aa3eb41c33a9d5487e09e80c5749732d76a4b5cad6b45a76692d9f0,raw_composition_v1,computed_from_input_sequence,378,37,3,25,14,10,46,4,25,7,36,5,14,17,12,16,26,35,28,4,14,0.09788359788359788,0.007936507936507936,0.06613756613756613,0.037037037037037035,0.026455026455026454,0.12169312169312169,0.010582010582010581,0.06613756613756613,0.018518518518518517,0.09523809523809523,0.013227513227513227,0.037037037037037035,0.04497354497354497,0.031746031746031744,0.042328042328042326,0.06878306878306878,0.09259259259259259,0.07407407407407407,0.010582010582010581,0.037037037037037035,4.003679914839817,descriptive_only_not_binding_or_solubility_prediction
A0A2G4U293,5f9dd48a89a50054ddf3420fff63aa84f3c15f6e689ae7a6543da8e3a8fd1a40,raw_composition_v1,computed_from_input_sequence,468,59,3,26,20,16,32,7,23,5,46,11,20,14,16,30,48,39,39,5,9,0.12606837606837606,0.00641025641025641,0.05555555555555555,0.042735042735042736,0.03418803418803419,0.06837606837606838,0.014957264957264958,0.049145299145299144,0.010683760683760684,0.09829059829059829,0.023504273504273504,0.042735042735042736,0.029914529914529916,0.03418803418803419,0.0641025641025641,0.10256410256410256,0.08333333333333333,0.08333333333333333,0.010683760683760684,0.019230769230769232,3.9914154525880847,descriptive_only_not_binding_or_solubility_prediction
A0ABM5SR09,640c1676d03d1bb2ceecadc9b7b900748493a3da3df80728e5c01a6a8d077ab3,raw_composition_v1,computed_from_input_sequence,336,21,2,22,26,16,20,9,21,8,26,11,13,16,14,24,26,19,15,5,22,0.0625,0.005952380952380952,0.06547619047619048,0.07738095238095238,0.047619047619047616,0.05952380952380952,0.026785714285714284,0.0625,0.023809523809523808,0.07738095238095238,0.03273809523809524,0.03869047619047619,0.047619047619047616,0.041666666666666664,0.07142857142857142,0.07738095238095238,0.05654761904761905,0.044642857142857144,0.01488095238095238,0.06547619047619048,4.175889853929255,descriptive_only_not_binding_or_solubility_prediction
Q666T9,6bf90aed0f15f35c4eb0ad1fe0e99685daf79b7dc1faf729454dfc12c9a7e88a,raw_composition_v1,computed_from_input_sequence,531,58,1,38,17,19,49,8,41,15,41,9,40,17,21,16,39,36,42,6,18,0.10922787193973635,0.0018832391713747645,0.07156308851224105,0.032015065913371,0.035781544256120526,0.09227871939736347,0.015065913370998116,0.07721280602636535,0.02824858757062147,0.07721280602636535,0.01694915254237288,0.07532956685499058,0.032015065913371,0.03954802259887006,0.030131826741996232,0.07344632768361582,0.06779661016949153,0.07909604519774012,0.011299435028248588,0.03389830508474576,4.037783180141202,descriptive_only_not_binding_or_solubility_prediction
A0A0T9QEA5,366f2cb8566b6206447cff9dbca263b7de7558240ba4c0484e689a88c4f73434,raw_composition_v1,computed_from_input_sequence,302,45,2,19,25,4,14,3,13,6,32,3,9,17,9,21,16,21,33,0,10,0.1490066225165563,0.006622516556291391,0.06291390728476821,0.08278145695364239,0.013245033112582781,0.046357615894039736,0.009933774834437087,0.04304635761589404,0.019867549668874173,0.10596026490066225,0.009933774834437087,0.029801324503311258,0.056291390728476824,0.029801324503311258,0.0695364238410596,0.052980132450331126,0.0695364238410596,0.10927152317880795,0.0,0.033112582781456956,3.8838491464126483,descriptive_only_not_binding_or_solubility_prediction
A0AA44CIX0,10f845429ea138a019682d7399bbd00f083653ed775f520c8c3c633320c25654,raw_composition_v1,computed_from_input_sequence,302,45,2,19,26,4,14,3,14,6,31,3,9,19,9,21,16,19,32,0,10,0.1490066225165563,0.006622516556291391,0.06291390728476821,0.08609271523178808,0.013245033112582781,0.046357615894039736,0.009933774834437087,0.046357615894039736,0.019867549668874173,0.10264900662251655,0.009933774834437087,0.029801324503311258,0.06291390728476821,0.029801324503311258,0.0695364238410596,0.052980132450331126,0.06291390728476821,0.10596026490066225,0.0,0.033112582781456956,3.890064141397141,descriptive_only_not_binding_or_solubility_prediction
A0ABM7ANK9,84d3f963eb0fec0848822a182db2dc901bb44bca83c738e848d3b5a143eb4271,raw_composition_v1,computed_from_input_sequence,351,25,3,25,13,4,22,2,22,15,34,7,20,15,16,19,27,26,37,10,9,0.07122507122507123,0.008547008547008548,0.07122507122507123,0.037037037037037035,0.011396011396011397,0.06267806267806268,0.005698005698005698,0.06267806267806268,0.042735042735042736,0.09686609686609686,0.019943019943019943,0.05698005698005698,0.042735042735042736,0.045584045584045586,0.05413105413105413,0.07692307692307693,0.07407407407407407,0.10541310541310542,0.02849002849002849,0.02564102564102564,4.075437465759466,descriptive_only_not_binding_or_solubility_prediction
A0ABR4VY47,ca3cfc3ace609af21661f749a78f43f25af81630c8cf904b3afaf0ca239300e4,raw_composition_v1,computed_from_input_sequence,368,32,0,29,19,8,27,6,23,32,32,8,17,11,14,22,21,34,22,4,7,0.08695652173913043,0.0,0.07880434782608696,0.051630434782608696,0.021739130434782608,0.07336956521739131,0.016304347826086956,0.0625,0.08695652173913043,0.08695652173913043,0.021739130434782608,0.04619565217391304,0.029891304347826088,0.03804347826086957,0.059782608695652176,0.057065217391304345,0.09239130434782608,0.059782608695652176,0.010869565217391304,0.019021739130434784,4.046800550251138,descriptive_only_not_binding_or_solubility_prediction
A0A0H2W1J5,c86f6fb4c396d96b217b5c24d0a82d4564e869f70cbb8c217999fff366c517a2,raw_composition_v1,computed_from_input_sequence,259,28,1,19,11,11,29,0,16,8,24,1,16,17,9,14,14,17,16,4,4,0.10810810810810811,0.003861003861003861,0.07335907335907337,0.04247104247104247,0.04247104247104247,0.11196911196911197,0.0,0.06177606177606178,0.03088803088803089,0.09266409266409266,0.003861003861003861,0.06177606177606178,0.06563706563706563,0.03474903474903475,0.05405405405405406,0.05405405405405406,0.06563706563706563,0.06177606177606178,0.015444015444015444,0.015444015444015444,3.9687248726588544,descriptive_only_not_binding_or_solubility_prediction
A0AB73PZQ4,17e00135b2e873b362d7982c7be574d65ab62048dbbfe58cff3d005091b5f007,raw_composition_v1,computed_from_input_sequence,302,42,2,19,22,7,16,4,19,6,29,4,9,17,12,20,20,18,24,1,11,0.1390728476821192,0.006622516556291391,0.06291390728476821,0.0728476821192053,0.023178807947019868,0.052980132450331126,0.013245033112582781,0.06291390728476821,0.019867549668874173,0.09602649006622517,0.013245033112582781,0.029801324503311258,0.056291390728476824,0.039735099337748346,0.06622516556291391,0.06622516556291391,0.059602649006622516,0.07947019867549669,0.0033112582781456954,0.03642384105960265,3.9963082288559426,descriptive_only_not_binding_or_solubility_prediction
A0ABP1YSK3,c5d250214927e93c40e2c5470762a7b15052ebf428769c0acb8da1e7757c248a,raw_composition_v1,computed_from_input_sequence,399,49,3,25,18,17,32,4,39,10,22,4,38,13,10,17,23,32,29,3,11,0.12280701754385964,0.007518796992481203,0.06265664160401002,0.045112781954887216,0.042606516290726815,0.08020050125313283,0.010025062656641603,0.09774436090225563,0.02506265664160401,0.05513784461152882,0.010025062656641603,0.09523809523809523,0.03258145363408521,0.02506265664160401,0.042606516290726815,0.05764411027568922,0.08020050125313283,0.07268170426065163,0.007518796992481203,0.02756892230576441,3.998790860327808,descriptive_only_not_binding_or_solubility_prediction
A0AAW7JSQ1,f8e7884f9ae459265b2e0f907e264d4cab5a79a84b1a3467fbead4951362529b,raw_composition_v1,computed_from_input_sequence,354,35,0,26,19,11,26,7,22,26,34,4,16,11,16,22,20,27,20,4,8,0.09887005649717515,0.0,0.07344632768361582,0.05367231638418079,0.031073446327683617,0.07344632768361582,0.01977401129943503,0.062146892655367235,0.07344632768361582,0.096045197740113,0.011299435028248588,0.04519774011299435,0.031073446327683617,0.04519774011299435,0.062146892655367235,0.05649717514124294,0.07627118644067797,0.05649717514124294,0.011299435028248588,0.022598870056497175,4.057784587923699,descriptive_only_not_binding_or_solubility_prediction
A0ABM9YBE2,5553363545b0fa72540ab1d654600eaeb06223d576d67b123d46400c4d2ed7e1,raw_composition_v1,computed_from_input_sequence,330,31,3,22,11,5,17,5,22,15,29,6,19,13,20,18,28,22,27,9,8,0.09393939393939393,0.00909090909090909,0.06666666666666667,0.03333333333333333,0.015151515151515152,0.051515151515151514,0.015151515151515152,0.06666666666666667,0.045454545454545456,0.08787878787878788,0.01818181818181818,0.05757575757575758,0.03939393939393939,0.06060606060606061,0.05454545454545454,0.08484848484848485,0.06666666666666667,0.08181818181818182,0.02727272727272727,0.024242424242424242,4.111041256032207,descriptive_only_not_binding_or_solubility_prediction
A0ABM9TGR4,90a95566a4b2aae3edfa7f7f3b18a519acbabcbedd5244d124d29456eb09cae1,raw_composition_v1,computed_from_input_sequence,685,44,6,41,48,30,49,21,48,26,46,7,33,33,48,50,37,50,41,10,17,0.06423357664233577,0.008759124087591242,0.059854014598540145,0.07007299270072993,0.043795620437956206,0.07153284671532846,0.030656934306569343,0.07007299270072993,0.03795620437956204,0.06715328467153285,0.010218978102189781,0.04817518248175182,0.04817518248175182,0.07007299270072993,0.072992700729927,0.05401459854014599,0.072992700729927,0.059854014598540145,0.014598540145985401,0.024817518248175182,4.160743946383104,descriptive_only_not_binding_or_solubility_prediction
A0ABY5UV58,63bdff8b21789872bee9668535334e527470ed135a4fbc9e510cc7a83fd87057,raw_composition_v1,computed_from_input_sequence,286,32,1,15,10,5,35,10,17,15,23,5,20,17,12,5,16,20,18,4,6,0.11188811188811189,0.0034965034965034965,0.05244755244755245,0.03496503496503497,0.017482517482517484,0.12237762237762238,0.03496503496503497,0.05944055944055944,0.05244755244755245,0.08041958041958042,0.017482517482517484,0.06993006993006994,0.05944055944055944,0.04195804195804196,0.017482517482517484,0.055944055944055944,0.06993006993006994,0.06293706293706294,0.013986013986013986,0.02097902097902098,4.035815857027876,descriptive_only_not_binding_or_solubility_prediction
A0ABP1ZGZ5,998cd1746a5e194a0fafbf11254d4de7323e4d782162649fd23d6eacd985b7b7,raw_composition_v1,computed_from_input_sequence,116,11,0,7,3,2,6,1,11,3,11,5,1,6,5,8,14,12,6,1,3,0.09482758620689655,0.0,0.0603448275862069,0.02586206896551724,0.017241379310344827,0.05172413793103448,0.008620689655172414,0.09482758620689655,0.02586206896551724,0.09482758620689655,0.04310344827586207,0.008620689655172414,0.05172413793103448,0.04310344827586207,0.06896551724137931,0.1206896551724138,0.10344827586206896,0.05172413793103448,0.008620689655172414,0.02586206896551724,3.9256662084444756,descriptive_only_not_binding_or_solubility_prediction
A0A0H2YKF3,c86f6fb4c396d96b217b5c24d0a82d4564e869f70cbb8c217999fff366c517a2,raw_composition_v1,computed_from_input_sequence,259,28,1,19,11,11,29,0,16,8,24,1,16,17,9,14,14,17,16,4,4,0.10810810810810811,0.003861003861003861,0.07335907335907337,0.04247104247104247,0.04247104247104247,0.11196911196911197,0.0,0.06177606177606178,0.03088803088803089,0.09266409266409266,0.003861003861003861,0.06177606177606178,0.06563706563706563,0.03474903474903475,0.05405405405405406,0.05405405405405406,0.06563706563706563,0.06177606177606178,0.015444015444015444,0.015444015444015444,3.9687248726588544,descriptive_only_not_binding_or_solubility_prediction
A0AA44CIM3,1bf2b2e69177b23ce7ed35a94c82f598d718f99352ba082269cea3ab6c55d1c9,raw_composition_v1,computed_from_input_sequence,422,50,0,14,13,16,40,2,26,15,38,10,25,19,10,10,47,34,36,5,12,0.11848341232227488,0.0,0.03317535545023697,0.030805687203791468,0.037914691943127965,0.0947867298578199,0.004739336492890996,0.061611374407582936,0.035545023696682464,0.09004739336492891,0.023696682464454975,0.05924170616113744,0.045023696682464455,0.023696682464454975,0.023696682464454975,0.11137440758293839,0.08056872037914692,0.08530805687203792,0.011848341232227487,0.02843601895734597,3.948669261791746,descriptive_only_not_binding_or_solubility_prediction
Q66BC8,e456f48a26eed94e65ad35ab9902415c9a26a4fa5450747f7c60a43c0260401a,raw_composition_v1,computed_from_input_sequence,479,47,5,30,18,20,53,9,31,19,32,10,26,18,21,18,29,37,35,8,13,0.09812108559498957,0.010438413361169102,0.06263048016701461,0.037578288100208766,0.04175365344467641,0.11064718162839249,0.018789144050104383,0.06471816283924843,0.03966597077244259,0.06680584551148225,0.020876826722338204,0.054279749478079335,0.037578288100208766,0.04384133611691023,0.037578288100208766,0.060542797494780795,0.07724425887265135,0.07306889352818371,0.016701461377870562,0.027139874739039668,4.121360783848498,descriptive_only_not_binding_or_solubility_prediction
A0ABM9SZ95,4cb21112326cd967baac3314281c54a3a3175a2f6f440343554e31a1f02f2708,raw_composition_v1,computed_from_input_sequence,211,19,3,10,9,6,22,5,19,6,19,3,10,9,4,8,15,22,18,3,1,0.09004739336492891,0.014218009478672985,0.04739336492890995,0.04265402843601896,0.02843601895734597,0.10426540284360189,0.023696682464454975,0.09004739336492891,0.02843601895734597,0.09004739336492891,0.014218009478672985,0.04739336492890995,0.04265402843601896,0.018957345971563982,0.037914691943127965,0.07109004739336493,0.10426540284360189,0.08530805687203792,0.014218009478672985,0.004739336492890996,4.003563959514271,descriptive_only_not_binding_or_solubility_prediction
A0AA36LM82,587468ac06f2791eab8fe4bd9f18035aec9ce5414158656ee34fcc3bb384f3a4,raw_composition_v1,computed_from_input_sequence,356,32,3,25,12,5,20,5,23,17,31,6,20,13,21,20,30,24,31,10,8,0.0898876404494382,0.008426966292134831,0.0702247191011236,0.033707865168539325,0.014044943820224719,0.056179775280898875,0.014044943820224719,0.06460674157303371,0.047752808988764044,0.08707865168539326,0.016853932584269662,0.056179775280898875,0.03651685393258427,0.05898876404494382,0.056179775280898875,0.08426966292134831,0.06741573033707865,0.08707865168539326,0.028089887640449437,0.02247191011235955,4.100974921177616,descriptive_only_not_binding_or_solubility_prediction
A0AB73PEI7,318a8789bbacc876b7405b7dc234db1cba0a6eb87b98e1074c948716cd246ca2,raw_composition_v1,computed_from_input_sequence,211,18,3,10,9,5,22,6,15,8,18,3,11,8,4,7,16,21,22,4,1,0.08530805687203792,0.014218009478672985,0.04739336492890995,0.04265402843601896,0.023696682464454975,0.10426540284360189,0.02843601895734597,0.07109004739336493,0.037914691943127965,0.08530805687203792,0.014218009478672985,0.052132701421800945,0.037914691943127965,0.018957345971563982,0.03317535545023697,0.07582938388625593,0.0995260663507109,0.10426540284360189,0.018957345971563982,0.004739336492890996,4.0184577442104805,descriptive_only_not_binding_or_solubility_prediction
A0A380PP39,55a33aa3cd87c597f4b3f2d72aa3ea76f9d4cfcd1b1f32b80a657115b7ca53cd,raw_composition_v1,computed_from_input_sequence,302,35,2,19,26,4,13,6,19,7,27,4,11,18,15,20,14,24,26,1,11,0.11589403973509933,0.006622516556291391,0.06291390728476821,0.08609271523178808,0.013245033112582781,0.04304635761589404,0.019867549668874173,0.06291390728476821,0.023178807947019868,0.08940397350993377,0.013245033112582781,0.03642384105960265,0.059602649006622516,0.04966887417218543,0.06622516556291391,0.046357615894039736,0.07947019867549669,0.08609271523178808,0.0033112582781456954,0.03642384105960265,4.017980599609131,descriptive_only_not_binding_or_solubility_prediction
A0A0T9RKA1,97b85d47d7620c43b0ad7ff93621d88b6ff7e31cd610a95ef5852c95428cbcbd,raw_composition_v1,computed_from_input_sequence,378,41,4,24,14,11,44,3,30,8,35,5,16,17,11,16,26,34,21,4,14,0.10846560846560846,0.010582010582010581,0.06349206349206349,0.037037037037037035,0.0291005291005291,0.1164021164021164,0.007936507936507936,0.07936507936507936,0.021164021164021163,0.09259259259259259,0.013227513227513227,0.042328042328042326,0.04497354497354497,0.0291005291005291,0.042328042328042326,0.06878306878306878,0.08994708994708994,0.05555555555555555,0.010582010582010581,0.037037037037037035,4.010300594205086,descriptive_only_not_binding_or_solubility_prediction
A0A0H3B6E0,adf550d27fb5a336186d50995ad317ae05020747ad9a6d9d2b84dc652ab9791d,raw_composition_v1,computed_from_input_sequence,238,21,0,11,6,6,26,0,19,6,26,5,18,14,12,5,15,25,15,3,5,0.08823529411764706,0.0,0.046218487394957986,0.025210084033613446,0.025210084033613446,0.1092436974789916,0.0,0.07983193277310924,0.025210084033613446,0.1092436974789916,0.02100840336134454,0.07563025210084033,0.058823529411764705,0.05042016806722689,0.02100840336134454,0.06302521008403361,0.10504201680672269,0.06302521008403361,0.012605042016806723,0.02100840336134454,3.9190894974397525,descriptive_only_not_binding_or_solubility_prediction
A0ABM5U8N2,b44072b5049527efb5b734557e98524952856d9e42fea65d86750ab4c847dbf5,raw_composition_v1,computed_from_input_sequence,396,42,3,18,16,6,33,17,30,20,35,7,18,21,19,16,26,32,21,5,11,0.10606060606060606,0.007575757575757576,0.045454545454545456,0.04040404040404041,0.015151515151515152,0.08333333333333333,0.04292929292929293,0.07575757575757576,0.050505050505050504,0.08838383838383838,0.017676767676767676,0.045454545454545456,0.05303030303030303,0.047979797979797977,0.04040404040404041,0.06565656565656566,0.08080808080808081,0.05303030303030303,0.012626262626262626,0.027777777777777776,4.107397999291888,descriptive_only_not_binding_or_solubility_prediction
A0ABW9EWX0,eaed7c8e14dfd0eecf64266388120cec5fb9e90619c0232c9e1b2e5c16cf1685,raw_composition_v1,computed_from_input_sequence,356,22,4,32,16,6,20,0,22,10,35,13,17,16,22,25,26,21,25,10,14,0.06179775280898876,0.011235955056179775,0.0898876404494382,0.0449438202247191,0.016853932584269662,0.056179775280898875,0.0,0.06179775280898876,0.028089887640449437,0.09831460674157304,0.03651685393258427,0.047752808988764044,0.0449438202247191,0.06179775280898876,0.0702247191011236,0.07303370786516854,0.05898876404494382,0.0702247191011236,0.028089887640449437,0.03932584269662921,4.105585248922544,descriptive_only_not_binding_or_solubility_prediction
A0ABP1Y7W3,c96164cd6d18c26cfd016b701f35fd7b3ca1010d8818ca1aa50ae0e9192c7ed2,raw_composition_v1,computed_from_input_sequence,433,47,0,27,28,13,25,8,25,28,49,5,18,16,23,26,25,30,27,4,9,0.10854503464203233,0.0,0.06235565819861432,0.06466512702078522,0.03002309468822171,0.057736720554272515,0.018475750577367205,0.057736720554272515,0.06466512702078522,0.11316397228637413,0.011547344110854504,0.04157043879907621,0.03695150115473441,0.053117782909930716,0.06004618937644342,0.057736720554272515,0.06928406466512702,0.06235565819861432,0.009237875288683603,0.020785219399538105,4.039482150629495,descriptive_only_not_binding_or_solubility_prediction
A0ABN4PWA2,f259ff51f273c4356748e9bf555c4de56e429aebfe9df545e789ca846a4f5392,raw_composition_v1,computed_from_input_sequence,436,52,4,23,18,12,36,20,29,17,35,9,22,24,19,18,22,26,31,7,12,0.11926605504587157,0.009174311926605505,0.052752293577981654,0.04128440366972477,0.027522935779816515,0.08256880733944955,0.045871559633027525,0.06651376146788991,0.0389908256880734,0.08027522935779817,0.020642201834862386,0.05045871559633028,0.05504587155963303,0.04357798165137615,0.04128440366972477,0.05045871559633028,0.05963302752293578,0.07110091743119266,0.016055045871559634,0.027522935779816515,4.139727176019125,descriptive_only_not_binding_or_solubility_prediction
A0ABM5UH14,28cd1465a10ce8fd56e3cb44fc918c04f838ea14e8ad11e7dbf00ed20215c3e9,raw_composition_v1,computed_from_input_sequence,431,66,1,21,9,12,36,5,23,20,38,8,23,28,17,11,26,44,29,5,9,0.1531322505800464,0.002320185614849188,0.048723897911832945,0.02088167053364269,0.027842227378190254,0.08352668213457076,0.01160092807424594,0.05336426914153132,0.04640371229698376,0.08816705336426914,0.018561484918793503,0.05336426914153132,0.06496519721577726,0.03944315545243619,0.025522041763341066,0.060324825986078884,0.10208816705336426,0.06728538283062645,0.01160092807424594,0.02088167053364269,3.9627237740474777,descriptive_only_not_binding_or_solubility_prediction
A0A0T9KKA0,86e2948f5a45b6ce6c806cf17c4995899ac87e6cf9ea79b454390fd154b4eae3,raw_composition_v1,computed_from_input_sequence,386,37,1,27,21,12,28,8,23,29,39,5,13,15,16,24,19,34,24,5,6,0.09585492227979274,0.0025906735751295338,0.06994818652849741,0.054404145077720206,0.031088082901554404,0.07253886010362694,0.02072538860103627,0.05958549222797927,0.07512953367875648,0.10103626943005181,0.012953367875647668,0.03367875647668394,0.038860103626943004,0.04145077720207254,0.06217616580310881,0.04922279792746114,0.08808290155440414,0.06217616580310881,0.012953367875647668,0.015544041450777202,4.060719623302635,descriptive_only_not_binding_or_solubility_prediction
Q66CW5,be540ceb7b18c4cc833906aa6c575a7636d579315222c936c39b6cd799bdc40b,raw_composition_v1,computed_from_input_sequence,378,45,3,24,15,10,43,3,28,9,31,6,15,18,18,18,25,24,23,5,15,0.11904761904761904,0.007936507936507936,0.06349206349206349,0.03968253968253968,0.026455026455026454,0.11375661375661375,0.007936507936507936,0.07407407407407407,0.023809523809523808,0.082010582010582,0.015873015873015872,0.03968253968253968,0.047619047619047616,0.047619047619047616,0.047619047619047616,0.06613756613756613,0.06349206349206349,0.06084656084656084,0.013227513227513227,0.03968253968253968,4.043117687924406,descriptive_only_not_binding_or_solubility_prediction
A0A380Q814,84da621f232c4fe4d2fd118f013cd61c2f0eb7e50da2582ae9ed40470706176a,raw_composition_v1,computed_from_input_sequence,211,19,3,10,11,6,24,5,16,5,17,5,12,8,4,9,16,20,17,3,1,0.09004739336492891,0.014218009478672985,0.04739336492890995,0.052132701421800945,0.02843601895734597,0.11374407582938388,0.023696682464454975,0.07582938388625593,0.023696682464454975,0.08056872037914692,0.023696682464454975,0.05687203791469194,0.037914691943127965,0.018957345971563982,0.04265402843601896,0.07582938388625593,0.0947867298578199,0.08056872037914692,0.014218009478672985,0.004739336492890996,4.02995039022151,descriptive_only_not_binding_or_solubility_prediction
A0A0E1NX19,b2f3ba8bd648714615a04e6363dbe12abeb9543f7b6b2a878e93c4b55f9312c4,raw_composition_v1,computed_from_input_sequence,139,13,0,18,9,2,9,0,12,14,12,1,3,6,5,4,9,6,4,5,7,0.09352517985611511,0.0,0.12949640287769784,0.06474820143884892,0.014388489208633094,0.06474820143884892,0.0,0.08633093525179857,0.10071942446043165,0.08633093525179857,0.007194244604316547,0.02158273381294964,0.04316546762589928,0.03597122302158273,0.02877697841726619,0.06474820143884892,0.04316546762589928,0.02877697841726619,0.03597122302158273,0.050359712230215826,3.919375509838999,descriptive_only_not_binding_or_solubility_prediction
A0ABM9Y7R4,a6a7be03db7211248df4138db879614a5628aeeae98391f3473206c4600c90c5,raw_composition_v1,computed_from_input_sequence,352,44,1,19,19,6,29,5,30,22,28,4,15,20,12,12,27,26,20,4,9,0.125,0.002840909090909091,0.05397727272727273,0.05397727272727273,0.017045454545454544,0.08238636363636363,0.014204545454545454,0.08522727272727272,0.0625,0.07954545454545454,0.011363636363636364,0.04261363636363636,0.056818181818181816,0.03409090909090909,0.03409090909090909,0.07670454545454546,0.07386363636363637,0.056818181818181816,0.011363636363636364,0.02556818181818182,4.02136470001729,descriptive_only_not_binding_or_solubility_prediction
A0ABN4PV81,069a7f67ce4191e6d3d4ce66684ffe369add6e6481822e1f8c539ec90008b498,raw_composition_v1,computed_from_input_sequence,140,15,0,13,12,2,7,1,8,11,10,6,3,8,3,7,12,9,5,4,4,0.10714285714285714,0.0,0.09285714285714286,0.08571428571428572,0.014285714285714285,0.05,0.007142857142857143,0.05714285714285714,0.07857142857142857,0.07142857142857142,0.04285714285714286,0.02142857142857143,0.05714285714285714,0.02142857142857143,0.05,0.08571428571428572,0.06428571428571428,0.03571428571428571,0.02857142857142857,0.02857142857142857,4.025835242330455,descriptive_only_not_binding_or_solubility_prediction
A0ABM7ALJ4,821a06eff499369eb5d5ef8bee4c67bffc1c99252e106cfbaf4d5b867c2006f9,raw_composition_v1,computed_from_input_sequence,364,35,0,29,21,10,29,6,25,33,27,6,15,11,12,23,19,31,21,4,7,0.09615384615384616,0.0,0.07967032967032966,0.057692307692307696,0.027472527472527472,0.07967032967032966,0.016483516483516484,0.06868131868131869,0.09065934065934066,0.07417582417582418,0.016483516483516484,0.04120879120879121,0.03021978021978022,0.03296703296703297,0.06318681318681318,0.0521978021978022,0.08516483516483517,0.057692307692307696,0.01098901098901099,0.019230769230769232,4.039091030761205,descriptive_only_not_binding_or_solubility_prediction
A0A857EWU7,3d6974697dd8ed67fcfef6c5511fe1dd058686edcec311226dceae0c8b4940fd,raw_composition_v1,computed_from_input_sequence,468,61,3,28,19,16,35,7,19,7,47,13,19,12,18,28,45,36,41,5,9,0.13034188034188035,0.00641025641025641,0.05982905982905983,0.0405982905982906,0.03418803418803419,0.07478632478632478,0.014957264957264958,0.0405982905982906,0.014957264957264958,0.10042735042735043,0.027777777777777776,0.0405982905982906,0.02564102564102564,0.038461538461538464,0.05982905982905983,0.09615384615384616,0.07692307692307693,0.0876068376068376,0.010683760683760684,0.019230769230769232,3.9964323200968526,descriptive_only_not_binding_or_solubility_prediction
A0A0T9UMM8,99ecff5027a5953b329429907760d77751bc30d9dc303e4d904268dc1f4db5e7,raw_composition_v1,computed_from_input_sequence,515,62,6,25,21,14,38,13,40,20,43,11,26,26,19,28,31,48,19,5,20,0.1203883495145631,0.011650485436893204,0.04854368932038835,0.040776699029126215,0.027184466019417475,0.07378640776699029,0.02524271844660194,0.07766990291262135,0.038834951456310676,0.08349514563106795,0.021359223300970873,0.05048543689320388,0.05048543689320388,0.036893203883495145,0.05436893203883495,0.06019417475728155,0.09320388349514563,0.036893203883495145,0.009708737864077669,0.038834951456310676,4.106117355512186,descriptive_only_not_binding_or_solubility_prediction
A0A0A8VIE2,17afcf91682f228b97cd6c3e37327772378e5aeac4c54c0248ca1f6e4b806634,raw_composition_v1,computed_from_input_sequence,140,15,0,13,8,2,9,0,12,7,10,3,8,10,3,8,13,2,7,6,4,0.10714285714285714,0.0,0.09285714285714286,0.05714285714285714,0.014285714285714285,0.06428571428571428,0.0,0.08571428571428572,0.05,0.07142857142857142,0.02142857142857143,0.05714285714285714,0.07142857142857142,0.02142857142857143,0.05714285714285714,0.09285714285714286,0.014285714285714285,0.05,0.04285714285714286,0.02857142857142857,3.978391963783263,descriptive_only_not_binding_or_solubility_prediction
A0ABP1YWJ1,ada7e517b25e06360e862f37b861a19d559f6855061e8c9ba3a95ef52979995f,raw_composition_v1,computed_from_input_sequence,148,22,2,10,10,2,8,2,8,0,14,1,5,7,6,12,9,9,15,0,6,0.14864864864864866,0.013513513513513514,0.06756756756756757,0.06756756756756757,0.013513513513513514,0.05405405405405406,0.013513513513513514,0.05405405405405406,0.0,0.0945945945945946,0.006756756756756757,0.033783783783783786,0.0472972972972973,0.04054054054054054,0.08108108108108109,0.060810810810810814,0.060810810810810814,0.10135135135135136,0.0,0.04054054054054054,3.879647552636981,descriptive_only_not_binding_or_solubility_prediction
A0A0H3AWU3,a41d96045dfa1a313edd33c094a6c9f3d422635a70383377ca38c8facece25b6,raw_composition_v1,computed_from_input_sequence,353,32,2,27,14,8,25,3,36,9,28,6,12,16,11,22,20,36,36,3,7,0.0906515580736544,0.0056657223796034,0.0764872521246459,0.039660056657223795,0.0226628895184136,0.0708215297450425,0.0084985835694051,0.10198300283286119,0.025495750708215296,0.07932011331444759,0.0169971671388102,0.0339943342776204,0.0453257790368272,0.031161473087818695,0.06232294617563739,0.056657223796033995,0.10198300283286119,0.10198300283286119,0.0084985835694051,0.019830028328611898,3.9888532996665322,descriptive_only_not_binding_or_solubility_prediction
A0AA90XTP7,25bad88b8bd4e7756d71c2f7f4da3c55e72d9f3e8014280f6c8386a320baefe0,raw_composition_v1,computed_from_input_sequence,468,60,3,26,20,16,33,7,23,5,46,12,20,14,16,29,48,37,39,5,9,0.1282051282051282,0.00641025641025641,0.05555555555555555,0.042735042735042736,0.03418803418803419,0.07051282051282051,0.014957264957264958,0.049145299145299144,0.010683760683760684,0.09829059829059829,0.02564102564102564,0.042735042735042736,0.029914529914529916,0.03418803418803419,0.06196581196581197,0.10256410256410256,0.07905982905982906,0.08333333333333333,0.010683760683760684,0.019230769230769232,3.9934194633792757,descriptive_only_not_binding_or_solubility_prediction
A0ABR4W506,26b3f589ace3367335065927a50ebc172e1b7afbe5c8c1238441999d9d04f213,raw_composition_v1,computed_from_input_sequence,356,25,3,22,16,5,22,3,23,17,32,6,23,15,21,20,28,26,30,10,9,0.0702247191011236,0.008426966292134831,0.06179775280898876,0.0449438202247191,0.014044943820224719,0.06179775280898876,0.008426966292134831,0.06460674157303371,0.047752808988764044,0.0898876404494382,0.016853932584269662,0.06460674157303371,0.042134831460674156,0.05898876404494382,0.056179775280898875,0.07865168539325842,0.07303370786516854,0.08426966292134831,0.028089887640449437,0.025280898876404494,4.111787965356851,descriptive_only_not_binding_or_solubility_prediction
A0A0T9KYN8,e9f7700d254d670d9261aff03fb26d2cd71b4c5b5686e346e5039133bcbd602c,raw_composition_v1,computed_from_input_sequence,259,33,1,11,7,10,24,0,19,9,21,4,21,19,5,11,21,24,12,4,3,0.1274131274131274,0.003861003861003861,0.04247104247104247,0.02702702702702703,0.03861003861003861,0.09266409266409266,0.0,0.07335907335907337,0.03474903474903475,0.08108108108108109,0.015444015444015444,0.08108108108108109,0.07335907335907337,0.019305019305019305,0.04247104247104247,0.08108108108108109,0.09266409266409266,0.04633204633204633,0.015444015444015444,0.011583011583011582,3.933518275598156,descriptive_only_not_binding_or_solubility_prediction
A0A0E1NTB1,5352e8d4c1c0d46beb9f2679bf19d682388f73bb3ad66b1a17acd0e40e91d706,raw_composition_v1,computed_from_input_sequence,351,25,3,25,13,4,22,2,21,15,34,7,20,15,16,19,27,26,38,10,9,0.07122507122507123,0.008547008547008548,0.07122507122507123,0.037037037037037035,0.011396011396011397,0.06267806267806268,0.005698005698005698,0.05982905982905983,0.042735042735042736,0.09686609686609686,0.019943019943019943,0.05698005698005698,0.042735042735042736,0.045584045584045586,0.05413105413105413,0.07692307692307693,0.07407407407407407,0.10826210826210826,0.02849002849002849,0.02564102564102564,4.073150738548872,descriptive_only_not_binding_or_solubility_prediction
A0AAW7JU40,cfc3e72838312f752e389bce7519c89f8d72dc8b52dede61b70e2b76a01a922d,raw_composition_v1,computed_from_input_sequence,196,18,2,6,11,6,22,7,14,7,17,3,7,9,4,10,13,19,17,3,1,0.09183673469387756,0.01020408163265306,0.030612244897959183,0.05612244897959184,0.030612244897959183,0.11224489795918367,0.03571428571428571,0.07142857142857142,0.03571428571428571,0.08673469387755102,0.015306122448979591,0.03571428571428571,0.04591836734693878,0.02040816326530612,0.05102040816326531,0.0663265306122449,0.09693877551020408,0.08673469387755102,0.015306122448979591,0.00510204081632653,4.025192893188588,descriptive_only_not_binding_or_solubility_prediction
A0ABM5U8P4,d33336044b70bb97035ca0de5ba69897fc0f9ca7a2bf6744e205234f8bdc15f7,raw_composition_v1,computed_from_input_sequence,367,31,0,29,21,8,28,7,24,30,32,7,16,12,14,21,20,32,23,4,8,0.08446866485013624,0.0,0.07901907356948229,0.05722070844686648,0.021798365122615803,0.07629427792915532,0.01907356948228883,0.0653950953678474,0.08174386920980926,0.08719346049046321,0.01907356948228883,0.043596730245231606,0.0326975476839237,0.03814713896457766,0.05722070844686648,0.05449591280653951,0.08719346049046321,0.06267029972752043,0.010899182561307902,0.021798365122615803,4.059427542614596,descriptive_only_not_binding_or_solubility_prediction
A0ABM9TMK5,ac49c53d83dc1c119ab65bbae07ab0fa41beee94bbf260cebe7f4262b3903b9a,raw_composition_v1,computed_from_input_sequence,211,20,3,10,11,6,23,5,16,5,17,5,12,8,4,9,16,20,17,3,1,0.0947867298578199,0.014218009478672985,0.04739336492890995,0.052132701421800945,0.02843601895734597,0.10900473933649289,0.023696682464454975,0.07582938388625593,0.023696682464454975,0.08056872037914692,0.023696682464454975,0.05687203791469194,0.037914691943127965,0.018957345971563982,0.04265402843601896,0.07582938388625593,0.0947867298578199,0.08056872037914692,0.014218009478672985,0.004739336492890996,4.031226389679696,descriptive_only_not_binding_or_solubility_prediction
A0AA36LQN9,40de5080edd5b95216699183c19fa47e68f55190c895f3e6530c757fa328c1c2,raw_composition_v1,computed_from_input_sequence,377,46,2,26,16,13,26,8,19,23,38,8,12,13,18,22,27,27,24,4,5,0.1220159151193634,0.005305039787798408,0.06896551724137931,0.042440318302387266,0.034482758620689655,0.06896551724137931,0.021220159151193633,0.050397877984084884,0.0610079575596817,0.10079575596816977,0.021220159151193633,0.03183023872679045,0.034482758620689655,0.04774535809018567,0.058355437665782495,0.07161803713527852,0.07161803713527852,0.0636604774535809,0.010610079575596816,0.013262599469496022,4.061098955967785,descriptive_only_not_binding_or_solubility_prediction
A0ABR4W522,41dfa0d4286831826760e08a0dac2681a761be220768d2d22bf70223cdfedc84,raw_composition_v1,computed_from_input_sequence,466,57,3,26,20,14,34,10,21,11,48,18,23,10,18,27,45,35,32,4,10,0.1223175965665236,0.006437768240343348,0.055793991416309016,0.04291845493562232,0.030042918454935622,0.07296137339055794,0.02145922746781116,0.045064377682403435,0.023605150214592276,0.10300429184549356,0.03862660944206009,0.04935622317596566,0.02145922746781116,0.03862660944206009,0.05793991416309013,0.09656652360515021,0.07510729613733906,0.06866952789699571,0.008583690987124463,0.02145922746781116,4.041473145764913,descriptive_only_not_binding_or_solubility_prediction
A0AB73P4D7,0723f6623aab92917f1035307274d34cf458965b2abb744a3cf877c0243e421c,raw_composition_v1,computed_from_input_sequence,399,46,3,24,20,16,32,3,41,11,23,4,40,13,10,17,23,31,28,3,11,0.11528822055137844,0.007518796992481203,0.06015037593984962,0.05012531328320802,0.040100250626566414,0.08020050125313283,0.007518796992481203,0.10275689223057644,0.02756892230576441,0.05764411027568922,0.010025062656641603,0.10025062656641603,0.03258145363408521,0.02506265664160401,0.042606516290726815,0.05764411027568922,0.07769423558897243,0.07017543859649122,0.007518796992481203,0.02756892230576441,3.997257054018795,descriptive_only_not_binding_or_solubility_prediction
A0A380Q9X7,353352f1d71ceb0f1159cb2b3b80edfe8d3a11c2e744017f553890a23c5d12b4,raw_composition_v1,computed_from_input_sequence,342,26,5,17,24,22,17,13,15,10,31,6,17,15,19,28,18,20,17,6,16,0.07602339181286549,0.014619883040935672,0.049707602339181284,0.07017543859649122,0.06432748538011696,0.049707602339181284,0.038011695906432746,0.043859649122807015,0.029239766081871343,0.09064327485380116,0.017543859649122806,0.049707602339181284,0.043859649122807015,0.05555555555555555,0.08187134502923976,0.05263157894736842,0.05847953216374269,0.049707602339181284,0.017543859649122806,0.04678362573099415,4.196038873778246,descriptive_only_not_binding_or_solubility_prediction
A0AAW7K6S3,4fa00e0b8b7d25c98077a1636a10fa0d2c9497e3ea7b266ea630919b3366980f,raw_composition_v1,computed_from_input_sequence,140,12,0,12,12,1,8,0,8,11,9,3,6,12,2,7,11,7,5,7,7,0.08571428571428572,0.0,0.08571428571428572,0.08571428571428572,0.007142857142857143,0.05714285714285714,0.0,0.05714285714285714,0.07857142857142857,0.06428571428571428,0.02142857142857143,0.04285714285714286,0.08571428571428572,0.014285714285714285,0.05,0.07857142857142857,0.05,0.03571428571428571,0.05,0.05,4.006459720829559,descriptive_only_not_binding_or_solubility_prediction
A0A0T9PX89,077064e4a6a1e936737eab9b6353862234dbce5bb1c64dfc75da9c7b1102ed6b,raw_composition_v1,computed_from_input_sequence,351,24,3,25,12,5,23,3,21,15,35,7,19,14,15,19,28,28,35,10,10,0.06837606837606838,0.008547008547008548,0.07122507122507123,0.03418803418803419,0.014245014245014245,0.06552706552706553,0.008547008547008548,0.05982905982905983,0.042735042735042736,0.09971509971509972,0.019943019943019943,0.05413105413105413,0.039886039886039885,0.042735042735042736,0.05413105413105413,0.07977207977207977,0.07977207977207977,0.09971509971509972,0.02849002849002849,0.02849002849002849,4.088268170224216,descriptive_only_not_binding_or_solubility_prediction
A0A0T9LN06,5e645a1018b43abec0f751fe3ab01437ba5dd85ab9627a44379bea8e01b368f6,raw_composition_v1,computed_from_input_sequence,378,50,3,22,14,10,44,3,30,8,31,7,15,17,18,21,23,21,21,5,15,0.13227513227513227,0.007936507936507936,0.0582010582010582,0.037037037037037035,0.026455026455026454,0.1164021164021164,0.007936507936507936,0.07936507936507936,0.021164021164021163,0.082010582010582,0.018518518518518517,0.03968253968253968,0.04497354497354497,0.047619047619047616,0.05555555555555555,0.06084656084656084,0.05555555555555555,0.05555555555555555,0.013227513227513227,0.03968253968253968,4.024926528930756,descriptive_only_not_binding_or_solubility_prediction
A0A0T9KYN4,480289376630020f884fea93d98a6202f48bc2e5649b678e3ec065d4c5c66791,raw_composition_v1,computed_from_input_sequence,197,17,1,14,21,6,12,1,19,15,9,2,5,8,4,7,15,14,10,6,11,0.08629441624365482,0.005076142131979695,0.07106598984771574,0.1065989847715736,0.030456852791878174,0.06091370558375635,0.005076142131979695,0.09644670050761421,0.07614213197969544,0.04568527918781726,0.01015228426395939,0.025380710659898477,0.04060913705583756,0.02030456852791878,0.03553299492385787,0.07614213197969544,0.07106598984771574,0.050761421319796954,0.030456852791878174,0.05583756345177665,4.041587904055773,descriptive_only_not_binding_or_solubility_prediction
A0ABM9TUX3,99ee44b62b7919a13f7971a2854abf232a6bbe918ec5b5c073cb8c1ce0787b27,raw_composition_v1,computed_from_input_sequence,468,53,3,22,20,15,36,8,23,5,43,13,22,13,16,32,51,39,39,5,10,0.11324786324786325,0.00641025641025641,0.04700854700854701,0.042735042735042736,0.03205128205128205,0.07692307692307693,0.017094017094017096,0.049145299145299144,0.010683760683760684,0.09188034188034189,0.027777777777777776,0.04700854700854701,0.027777777777777776,0.03418803418803419,0.06837606837606838,0.10897435897435898,0.08333333333333333,0.08333333333333333,0.010683760683760684,0.021367521367521368,4.008644093043722,descriptive_only_not_binding_or_solubility_prediction
A0AA44CIL6,141e742eef8639eb204a05a88c9ba2aa7dc3d378dcc733ea501eb2b11750a135,raw_composition_v1,computed_from_input_sequence,410,54,3,23,18,10,30,6,26,17,36,7,21,19,21,18,25,35,27,5,9,0.13170731707317074,0.007317073170731708,0.05609756097560976,0.04390243902439024,0.024390243902439025,0.07317073170731707,0.014634146341463415,0.06341463414634146,0.041463414634146344,0.08780487804878048,0.01707317073170732,0.05121951219512195,0.046341463414634146,0.05121951219512195,0.04390243902439024,0.06097560975609756,0.08536585365853659,0.06585365853658537,0.012195121951219513,0.02195121951219512,4.063843294977784,descriptive_only_not_binding_or_solubility_prediction
A0A0U1QX07,319c90993483e8b0a5e13d08c8bfb492d6bf876c422428f0a0c2a4bd0020f92f,raw_composition_v1,computed_from_input_sequence,468,59,3,26,18,14,35,10,24,8,48,15,20,10,18,32,44,36,34,4,10,0.12606837606837606,0.00641025641025641,0.05555555555555555,0.038461538461538464,0.029914529914529916,0.07478632478632478,0.021367521367521368,0.05128205128205128,0.017094017094017096,0.10256410256410256,0.03205128205128205,0.042735042735042736,0.021367521367521368,0.038461538461538464,0.06837606837606838,0.09401709401709402,0.07692307692307693,0.07264957264957266,0.008547008547008548,0.021367521367521368,4.01756444982939,descriptive_only_not_binding_or_solubility_prediction
A0A380Q7B5,3cf2bf0d724a14efbf9332802237db8187dde3f6da395b98754d230ab1539af5,raw_composition_v1,computed_from_input_sequence,468,60,3,26,18,14,35,10,24,8,48,15,20,10,18,32,43,36,34,4,10,0.1282051282051282,0.00641025641025641,0.05555555555555555,0.038461538461538464,0.029914529914529916,0.07478632478632478,0.021367521367521368,0.05128205128205128,0.017094017094017096,0.10256410256410256,0.03205128205128205,0.042735042735042736,0.021367521367521368,0.038461538461538464,0.06837606837606838,0.09188034188034189,0.07692307692307693,0.07264957264957266,0.008547008547008548,0.021367521367521368,4.016598874922741,descriptive_only_not_binding_or_solubility_prediction
A0A208ZGJ0,7d7c1618e4200f760fd63459ad4487eb70f4c00bc32370f96c40ebcb82494a9a,raw_composition_v1,computed_from_input_sequence,284,24,1,13,6,6,27,2,17,6,22,5,17,15,15,14,27,24,25,4,14,0.08450704225352113,0.0035211267605633804,0.045774647887323945,0.02112676056338028,0.02112676056338028,0.09507042253521127,0.007042253521126761,0.05985915492957746,0.02112676056338028,0.07746478873239436,0.017605633802816902,0.05985915492957746,0.0528169014084507,0.0528169014084507,0.04929577464788732,0.09507042253521127,0.08450704225352113,0.0880281690140845,0.014084507042253521,0.04929577464788732,4.029757332119248,descriptive_only_not_binding_or_solubility_prediction
A0A0T9LN23,de2956af35441bd0942e88049664f37feeea4ad5cd95f4f1d80f907a8855e1dc,raw_composition_v1,computed_from_input_sequence,466,56,4,22,19,16,40,10,16,8,47,18,26,9,19,29,41,37,35,4,10,0.12017167381974249,0.008583690987124463,0.04721030042918455,0.0407725321888412,0.034334763948497854,0.08583690987124463,0.02145922746781116,0.034334763948497854,0.017167381974248927,0.10085836909871244,0.03862660944206009,0.055793991416309016,0.019313304721030045,0.0407725321888412,0.06223175965665236,0.08798283261802575,0.07939914163090128,0.07510729613733906,0.008583690987124463,0.02145922746781116,4.032132180366318,descriptive_only_not_binding_or_solubility_prediction
A0ABM6UP56,add0fa8695585e0076ede71bf348dcd2dc4c952cb3860d12e6ce43c8fdf6777d,raw_composition_v1,computed_from_input_sequence,213,17,3,11,12,4,23,4,12,5,23,2,14,9,8,7,15,22,15,4,3,0.07981220657276995,0.014084507042253521,0.051643192488262914,0.056338028169014086,0.018779342723004695,0.107981220657277,0.018779342723004695,0.056338028169014086,0.023474178403755867,0.107981220657277,0.009389671361502348,0.06572769953051644,0.04225352112676056,0.03755868544600939,0.03286384976525822,0.07042253521126761,0.10328638497652583,0.07042253521126761,0.018779342723004695,0.014084507042253521,4.027756693298953,descriptive_only_not_binding_or_solubility_prediction
A0A0T9QDA1,6f0ad8e91b5c50f83cbfde0f42259fa41906255cfbd7033c226bc6c94d33a26a,raw_composition_v1,computed_from_input_sequence,203,27,0,14,10,3,7,8,17,10,18,6,7,11,17,5,7,13,11,5,7,0.1330049261083744,0.0,0.06896551724137931,0.04926108374384237,0.014778325123152709,0.034482758620689655,0.03940886699507389,0.08374384236453201,0.04926108374384237,0.08866995073891626,0.029556650246305417,0.034482758620689655,0.054187192118226604,0.08374384236453201,0.024630541871921183,0.034482758620689655,0.06403940886699508,0.054187192118226604,0.024630541871921183,0.034482758620689655,4.057163635351323,descriptive_only_not_binding_or_solubility_prediction
Q666U1,a044a981b7a940d479ab0356fb4bee092b017adc5d140df8d92b484be63a1279,raw_composition_v1,computed_from_input_sequence,394,44,2,27,19,16,27,7,29,7,38,7,24,17,11,19,23,27,34,5,11,0.1116751269035533,0.005076142131979695,0.06852791878172589,0.048223350253807105,0.04060913705583756,0.06852791878172589,0.017766497461928935,0.07360406091370558,0.017766497461928935,0.09644670050761421,0.017766497461928935,0.06091370558375635,0.04314720812182741,0.027918781725888325,0.048223350253807105,0.0583756345177665,0.06852791878172589,0.08629441624365482,0.012690355329949238,0.027918781725888325,4.062919742974784,descriptive_only_not_binding_or_solubility_prediction
A0ABM7ANU6,be540ceb7b18c4cc833906aa6c575a7636d579315222c936c39b6cd799bdc40b,raw_composition_v1,computed_from_input_sequence,378,45,3,24,15,10,43,3,28,9,31,6,15,18,18,18,25,24,23,5,15,0.11904761904761904,0.007936507936507936,0.06349206349206349,0.03968253968253968,0.026455026455026454,0.11375661375661375,0.007936507936507936,0.07407407407407407,0.023809523809523808,0.082010582010582,0.015873015873015872,0.03968253968253968,0.047619047619047616,0.047619047619047616,0.047619047619047616,0.06613756613756613,0.06349206349206349,0.06084656084656084,0.013227513227513227,0.03968253968253968,4.043117687924406,descriptive_only_not_binding_or_solubility_prediction
A0AAV3BFB4,104163298f84d6904b2efad647078a6878880739ca35ce0a3d2d77cde279971f,raw_composition_v1,computed_from_input_sequence,378,45,3,23,15,10,43,3,28,9,31,6,16,18,18,18,25,24,23,5,15,0.11904761904761904,0.007936507936507936,0.06084656084656084,0.03968253968253968,0.026455026455026454,0.11375661375661375,0.007936507936507936,0.07407407407407407,0.023809523809523808,0.082010582010582,0.015873015873015872,0.042328042328042326,0.047619047619047616,0.047619047619047616,0.047619047619047616,0.06613756613756613,0.06349206349206349,0.06084656084656084,0.013227513227513227,0.03968253968253968,4.04470640210992,descriptive_only_not_binding_or_solubility_prediction
A0AA44I1K4,5cfe0760dbfea2f346b5031548b66dfb2e2f6fb2e067f5032015a83fdac277f3,raw_composition_v1,computed_from_input_sequence,351,32,3,24,12,5,20,5,21,16,31,7,19,14,21,18,30,24,31,10,8,0.09116809116809117,0.008547008547008548,0.06837606837606838,0.03418803418803419,0.014245014245014245,0.05698005698005698,0.014245014245014245,0.05982905982905983,0.045584045584045586,0.08831908831908832,0.019943019943019943,0.05413105413105413,0.039886039886039885,0.05982905982905983,0.05128205128205128,0.08547008547008547,0.06837606837606838,0.08831908831908832,0.02849002849002849,0.022792022792022793,4.106900700776138,descriptive_only_not_binding_or_solubility_prediction
A0AB73Q1P8,efd3cea1d822bd923bee8ff989c85955d7abf578c981558521d123a19da54046,raw_composition_v1,computed_from_input_sequence,213,17,3,11,13,5,23,5,12,6,23,2,12,9,6,8,14,22,15,4,3,0.07981220657276995,0.014084507042253521,0.051643192488262914,0.06103286384976526,0.023474178403755867,0.107981220657277,0.023474178403755867,0.056338028169014086,0.028169014084507043,0.107981220657277,0.009389671361502348,0.056338028169014086,0.04225352112676056,0.028169014084507043,0.03755868544600939,0.06572769953051644,0.10328638497652583,0.07042253521126761,0.018779342723004695,0.014084507042253521,4.04428221709992,descriptive_only_not_binding_or_solubility_prediction
A0A0H2YL52,5352e8d4c1c0d46beb9f2679bf19d682388f73bb3ad66b1a17acd0e40e91d706,raw_composition_v1,computed_from_input_sequence,351,25,3,25,13,4,22,2,21,15,34,7,20,15,16,19,27,26,38,10,9,0.07122507122507123,0.008547008547008548,0.07122507122507123,0.037037037037037035,0.011396011396011397,0.06267806267806268,0.005698005698005698,0.05982905982905983,0.042735042735042736,0.09686609686609686,0.019943019943019943,0.05698005698005698,0.042735042735042736,0.045584045584045586,0.05413105413105413,0.07692307692307693,0.07407407407407407,0.10826210826210826,0.02849002849002849,0.02564102564102564,4.073150738548872,descriptive_only_not_binding_or_solubility_prediction
A0A0T9QE48,edc258cbcff1d7d1cab44b5842076564a53d586e1dbf3c2c22b41b98c7b7ab68,raw_composition_v1,computed_from_input_sequence,213,18,3,12,11,4,23,4,13,6,24,2,13,9,7,7,15,22,13,4,3,0.08450704225352113,0.014084507042253521,0.056338028169014086,0.051643192488262914,0.018779342723004695,0.107981220657277,0.018779342723004695,0.06103286384976526,0.028169014084507043,0.11267605633802817,0.009389671361502348,0.06103286384976526,0.04225352112676056,0.03286384976525822,0.03286384976525822,0.07042253521126761,0.10328638497652583,0.06103286384976526,0.018779342723004695,0.014084507042253521,4.025353656243036,descriptive_only_not_binding_or_solubility_prediction
Q66CW9,0d84aebd365ec00ef50c0add085093a115b56458376a0c564670869afa7dfc7d,raw_composition_v1,computed_from_input_sequence,468,58,3,26,18,14,35,10,24,8,48,15,20,10,18,32,43,36,36,4,10,0.12393162393162394,0.00641025641025641,0.05555555555555555,0.038461538461538464,0.029914529914529916,0.07478632478632478,0.021367521367521368,0.05128205128205128,0.017094017094017096,0.10256410256410256,0.03205128205128205,0.042735042735042736,0.021367521367521368,0.038461538461538464,0.06837606837606838,0.09188034188034189,0.07692307692307693,0.07692307692307693,0.008547008547008548,0.021367521367521368,4.019818906054579,descriptive_only_not_binding_or_solubility_prediction
A0ABM6UNY3,b680b4af38309d3db9dae3ea05a3049d49407ce2d5ae872cbbe4141526f37530,raw_composition_v1,computed_from_input_sequence,387,44,0,27,20,13,27,8,18,29,35,10,10,16,19,20,27,28,26,4,6,0.11369509043927649,0.0,0.06976744186046512,0.05167958656330749,0.03359173126614987,0.06976744186046512,0.020671834625323,0.046511627906976744,0.07493540051679587,0.09043927648578812,0.025839793281653745,0.025839793281653745,0.041343669250646,0.04909560723514212,0.05167958656330749,0.06976744186046512,0.07235142118863049,0.06718346253229975,0.0103359173126615,0.015503875968992248,4.055401503815911,descriptive_only_not_binding_or_solubility_prediction
A0ABX5R0U9,9d72dcf67558da8b191d3db9b84900c3b08d038f94a8a3df7b5f3bd29a94b672,raw_composition_v1,computed_from_input_sequence,389,45,0,27,19,13,26,8,19,28,39,9,9,16,19,20,29,27,26,4,6,0.11568123393316196,0.0,0.06940874035989718,0.04884318766066838,0.033419023136246784,0.06683804627249357,0.02056555269922879,0.04884318766066838,0.07197943444730077,0.10025706940874037,0.02313624678663239,0.02313624678663239,0.04113110539845758,0.04884318766066838,0.05141388174807198,0.07455012853470437,0.06940874035989718,0.06683804627249357,0.010282776349614395,0.015424164524421594,4.040174353888264,descriptive_only_not_binding_or_solubility_prediction
A0A0H3AYM7,4530010892669ca4e7859e2c21bf60a21061ee38c6dd741abf36202bbaebd72a,raw_composition_v1,computed_from_input_sequence,394,32,4,23,23,15,27,8,24,12,38,7,20,17,13,20,31,26,36,5,13,0.08121827411167512,0.01015228426395939,0.0583756345177665,0.0583756345177665,0.03807106598984772,0.06852791878172589,0.02030456852791878,0.06091370558375635,0.030456852791878174,0.09644670050761421,0.017766497461928935,0.050761421319796954,0.04314720812182741,0.03299492385786802,0.050761421319796954,0.07868020304568528,0.06598984771573604,0.09137055837563451,0.012690355329949238,0.03299492385786802,4.126380664505043,descriptive_only_not_binding_or_solubility_prediction
A0A0T9UM98,644bba8bdf582f49be0ebf64c20d426f1a08bd2853646a225b6bb8dab95b0175,raw_composition_v1,computed_from_input_sequence,382,45,0,25,20,10,25,11,20,23,37,8,10,16,23,24,23,28,22,4,8,0.11780104712041885,0.0,0.06544502617801047,0.05235602094240838,0.02617801047120419,0.06544502617801047,0.028795811518324606,0.05235602094240838,0.060209424083769635,0.0968586387434555,0.020942408376963352,0.02617801047120419,0.041884816753926704,0.060209424083769635,0.06282722513089005,0.060209424083769635,0.07329842931937172,0.05759162303664921,0.010471204188481676,0.020942408376963352,4.063492400645775,descriptive_only_not_binding_or_solubility_prediction
A0ABR4W6F7,55a33aa3cd87c597f4b3f2d72aa3ea76f9d4cfcd1b1f32b80a657115b7ca53cd,raw_composition_v1,computed_from_input_sequence,302,35,2,19,26,4,13,6,19,7,27,4,11,18,15,20,14,24,26,1,11,0.11589403973509933,0.006622516556291391,0.06291390728476821,0.08609271523178808,0.013245033112582781,0.04304635761589404,0.019867549668874173,0.06291390728476821,0.023178807947019868,0.08940397350993377,0.013245033112582781,0.03642384105960265,0.059602649006622516,0.04966887417218543,0.06622516556291391,0.046357615894039736,0.07947019867549669,0.08609271523178808,0.0033112582781456954,0.03642384105960265,4.017980599609131,descriptive_only_not_binding_or_solubility_prediction
A0A0H2Y6N9,c86f6fb4c396d96b217b5c24d0a82d4564e869f70cbb8c217999fff366c517a2,raw_composition_v1,computed_from_input_sequence,259,28,1,19,11,11,29,0,16,8,24,1,16,17,9,14,14,17,16,4,4,0.10810810810810811,0.003861003861003861,0.07335907335907337,0.04247104247104247,0.04247104247104247,0.11196911196911197,0.0,0.06177606177606178,0.03088803088803089,0.09266409266409266,0.003861003861003861,0.06177606177606178,0.06563706563706563,0.03474903474903475,0.05405405405405406,0.05405405405405406,0.06563706563706563,0.06177606177606178,0.015444015444015444,0.015444015444015444,3.9687248726588544,descriptive_only_not_binding_or_solubility_prediction
A0AA44CKU4,219d8896d8255f9b41aac9044a71dc5c82d6c2964f3151ea79241e8cf9f57f3b,raw_composition_v1,computed_from_input_sequence,195,30,1,18,14,4,12,2,14,12,8,3,6,8,7,10,10,13,9,6,8,0.15384615384615385,0.005128205128205128,0.09230769230769231,0.07179487179487179,0.020512820512820513,0.06153846153846154,0.010256410256410256,0.07179487179487179,0.06153846153846154,0.041025641025641026,0.015384615384615385,0.03076923076923077,0.041025641025641026,0.035897435897435895,0.05128205128205128,0.05128205128205128,0.06666666666666667,0.046153846153846156,0.03076923076923077,0.041025641025641026,4.041125539693607,descriptive_only_not_binding_or_solubility_prediction
A0ABW9EXU6,3f2a5e7cda6f50a496cf811ba8c2195960f2ebfd2345849b6a1e5931d4a8f154,raw_composition_v1,computed_from_input_sequence,378,39,4,25,12,10,47,4,27,7,35,6,14,18,12,16,23,36,25,4,14,0.10317460317460317,0.010582010582010581,0.06613756613756613,0.031746031746031744,0.026455026455026454,0.12433862433862433,0.010582010582010581,0.07142857142857142,0.018518518518518517,0.09259259259259259,0.015873015873015872,0.037037037037037035,0.047619047619047616,0.031746031746031744,0.042328042328042326,0.06084656084656084,0.09523809523809523,0.06613756613756613,0.010582010582010581,0.037037037037037035,4.007905139791387,descriptive_only_not_binding_or_solubility_prediction
A0A0H3B0A7,63e31ad4f38caa4256fb21b2ffa100413066acbc931fc0bc69916800b354ea46,raw_composition_v1,computed_from_input_sequence,408,53,3,13,13,10,36,1,30,14,37,7,31,22,22,6,40,30,27,6,7,0.12990196078431374,0.007352941176470588,0.031862745098039214,0.031862745098039214,0.024509803921568627,0.08823529411764706,0.0024509803921568627,0.07352941176470588,0.03431372549019608,0.09068627450980392,0.01715686274509804,0.07598039215686274,0.05392156862745098,0.05392156862745098,0.014705882352941176,0.09803921568627451,0.07352941176470588,0.0661764705882353,0.014705882352941176,0.01715686274509804,3.952509786693384,descriptive_only_not_binding_or_solubility_prediction
Q66BF1,0cea6e80cb60bc8c10e31e8beea4329ae495f7589b411b827d0018638be13fd8,raw_composition_v1,computed_from_input_sequence,154,15,1,16,9,2,9,0,11,16,13,2,6,7,6,4,9,8,8,5,7,0.09740259740259741,0.006493506493506494,0.1038961038961039,0.05844155844155844,0.012987012987012988,0.05844155844155844,0.0,0.07142857142857142,0.1038961038961039,0.08441558441558442,0.012987012987012988,0.03896103896103896,0.045454545454545456,0.03896103896103896,0.025974025974025976,0.05844155844155844,0.05194805194805195,0.05194805194805195,0.032467532467532464,0.045454545454545456,4.018195907540279,descriptive_only_not_binding_or_solubility_prediction
A0AB73NKK6,0bca72bddb2dfe62e41265fdb758e37716a03c9edb82ece955d898f4142f65ed,raw_composition_v1,computed_from_input_sequence,215,25,3,8,11,2,22,4,17,7,16,4,13,10,8,8,14,22,13,4,4,0.11627906976744186,0.013953488372093023,0.037209302325581395,0.05116279069767442,0.009302325581395349,0.10232558139534884,0.018604651162790697,0.07906976744186046,0.03255813953488372,0.07441860465116279,0.018604651162790697,0.06046511627906977,0.046511627906976744,0.037209302325581395,0.037209302325581395,0.06511627906976744,0.10232558139534884,0.06046511627906977,0.018604651162790697,0.018604651162790697,4.041253005140202,descriptive_only_not_binding_or_solubility_prediction
A0ABM6UX29,542da8a43376ed9bd031d04e7c7dfe51e55edffacb15a72bc009a10081f76029,raw_composition_v1,computed_from_input_sequence,390,30,1,25,18,8,30,5,20,37,32,3,14,10,17,17,40,34,32,4,13,0.07692307692307693,0.002564102564102564,0.0641025641025641,0.046153846153846156,0.020512820512820513,0.07692307692307693,0.01282051282051282,0.05128205128205128,0.09487179487179487,0.08205128205128205,0.007692307692307693,0.035897435897435895,0.02564102564102564,0.04358974358974359,0.04358974358974359,0.10256410256410256,0.08717948717948718,0.08205128205128205,0.010256410256410256,0.03333333333333333,4.010986933997069,descriptive_only_not_binding_or_solubility_prediction
A0A380Q8N6,ef697f9bf47d589ad7da9dd8e7767dab8829d7ba2105c85e373bda5d87382e0c,raw_composition_v1,computed_from_input_sequence,479,50,5,29,18,18,49,9,31,19,32,11,27,18,22,19,30,38,32,8,14,0.10438413361169102,0.010438413361169102,0.060542797494780795,0.037578288100208766,0.037578288100208766,0.1022964509394572,0.018789144050104383,0.06471816283924843,0.03966597077244259,0.06680584551148225,0.022964509394572025,0.05636743215031315,0.037578288100208766,0.04592901878914405,0.03966597077244259,0.06263048016701461,0.07933194154488518,0.06680584551148225,0.016701461377870562,0.029227557411273485,4.129382000916565,descriptive_only_not_binding_or_solubility_prediction
A0ABX6FD19,7e1afee55ffa4756e50836836c80400db0c292ca2d85f1b3635d7d861968f80b,raw_composition_v1,computed_from_input_sequence,353,30,2,26,14,7,26,3,32,7,29,6,13,16,12,21,22,41,36,3,7,0.08498583569405099,0.0056657223796034,0.07365439093484419,0.039660056657223795,0.019830028328611898,0.07365439093484419,0.0084985835694051,0.0906515580736544,0.019830028328611898,0.0821529745042493,0.0169971671388102,0.036827195467422094,0.0453257790368272,0.0339943342776204,0.059490084985835696,0.06232294617563739,0.11614730878186968,0.10198300283286119,0.0084985835694051,0.019830028328611898,3.9790020944465647,descriptive_only_not_binding_or_solubility_prediction
A0A857EWT6,e7c296bb62e3f129024ede90c1f6e377f6cf4623bb1b765168a3e37f48fa0c04,raw_composition_v1,computed_from_input_sequence,378,44,4,29,12,9,41,3,25,6,36,7,14,16,11,18,25,29,31,4,14,0.1164021164021164,0.010582010582010581,0.07671957671957672,0.031746031746031744,0.023809523809523808,0.10846560846560846,0.007936507936507936,0.06613756613756613,0.015873015873015872,0.09523809523809523,0.018518518518518517,0.037037037037037035,0.042328042328042326,0.0291005291005291,0.047619047619047616,0.06613756613756613,0.07671957671957672,0.082010582010582,0.010582010582010581,0.037037037037037035,3.999514715436556,descriptive_only_not_binding_or_solubility_prediction
A0ABP1ZEA7,2441196853e80e5dee1dbae34dd0b5daba42716b2a5f2a331b21a70767b2390b,raw_composition_v1,computed_from_input_sequence,302,48,2,19,27,5,14,3,14,6,31,3,10,16,10,21,17,15,32,0,9,0.15894039735099338,0.006622516556291391,0.06291390728476821,0.08940397350993377,0.016556291390728478,0.046357615894039736,0.009933774834437087,0.046357615894039736,0.019867549668874173,0.10264900662251655,0.009933774834437087,0.033112582781456956,0.052980132450331126,0.033112582781456956,0.0695364238410596,0.056291390728476824,0.04966887417218543,0.10596026490066225,0.0,0.029801324503311258,3.883163748279981,descriptive_only_not_binding_or_solubility_prediction
A0A380Q4G1,4b569e63ffd4623734d6a29033420c5270959658a0cd5116c6c255281fffe0e9,raw_composition_v1,computed_from_input_sequence,210,25,0,6,4,6,21,0,19,9,17,3,15,15,8,1,21,15,16,3,6,0.11904761904761904,0.0,0.02857142857142857,0.01904761904761905,0.02857142857142857,0.1,0.0,0.09047619047619047,0.04285714285714286,0.08095238095238096,0.014285714285714285,0.07142857142857142,0.07142857142857142,0.0380952380952381,0.004761904761904762,0.1,0.07142857142857142,0.0761904761904762,0.014285714285714285,0.02857142857142857,3.8706753777116853,descriptive_only_not_binding_or_solubility_prediction
A0ABN4FAB0,25597bc1c1487b26a5e091c7aad8b4dc8eafd87370cf9e187ad936c743801c81,raw_composition_v1,computed_from_input_sequence,302,39,2,20,21,8,16,5,18,5,30,5,10,17,11,21,19,18,27,0,10,0.1291390728476821,0.006622516556291391,0.06622516556291391,0.0695364238410596,0.026490066225165563,0.052980132450331126,0.016556291390728478,0.059602649006622516,0.016556291390728478,0.09933774834437085,0.016556291390728478,0.033112582781456956,0.056291390728476824,0.03642384105960265,0.0695364238410596,0.06291390728476821,0.059602649006622516,0.08940397350993377,0.0,0.033112582781456956,3.9924733391547904,descriptive_only_not_binding_or_solubility_prediction
Q66BC4,d0b77798aacc83b491341fe6e770e74dbe9b8f995a89c29860ab8816ad8a3cab,raw_composition_v1,computed_from_input_sequence,211,19,3,11,11,6,23,5,17,5,17,4,12,8,4,9,16,20,17,3,1,0.09004739336492891,0.014218009478672985,0.052132701421800945,0.052132701421800945,0.02843601895734597,0.10900473933649289,0.023696682464454975,0.08056872037914692,0.023696682464454975,0.08056872037914692,0.018957345971563982,0.05687203791469194,0.037914691943127965,0.018957345971563982,0.04265402843601896,0.07582938388625593,0.0947867298578199,0.08056872037914692,0.014218009478672985,0.004739336492890996,4.026564041145874,descriptive_only_not_binding_or_solubility_prediction
A0ABY5UJR0,ba4322e19c1137b6e7969f621a5d630445f6f8e4f4f152f03f53e5c56eb39bac,raw_composition_v1,computed_from_input_sequence,325,44,1,16,27,11,16,4,12,14,27,8,15,17,13,23,17,25,24,2,9,0.13538461538461538,0.003076923076923077,0.04923076923076923,0.08307692307692308,0.033846153846153845,0.04923076923076923,0.012307692307692308,0.036923076923076927,0.043076923076923075,0.08307692307692308,0.024615384615384615,0.046153846153846156,0.052307692307692305,0.04,0.07076923076923076,0.052307692307692305,0.07692307692307693,0.07384615384615385,0.006153846153846154,0.027692307692307693,4.0435428319288,descriptive_only_not_binding_or_solubility_prediction
A0A0T9LR98,c89d499e75d5392c7aa9cc99102ce57b9716044177e1ce5dc5685be6a5c751ac,raw_composition_v1,computed_from_input_sequence,192,23,1,10,12,7,8,6,11,4,25,4,5,17,8,12,12,8,12,2,5,0.11979166666666667,0.005208333333333333,0.052083333333333336,0.0625,0.036458333333333336,0.041666666666666664,0.03125,0.057291666666666664,0.020833333333333332,0.13020833333333334,0.020833333333333332,0.026041666666666668,0.08854166666666667,0.041666666666666664,0.0625,0.0625,0.041666666666666664,0.0625,0.010416666666666666,0.026041666666666668,4.0362282963928315,descriptive_only_not_binding_or_solubility_prediction
A0ABX5QYD3,4961b8275cdc6acde8725f85b5376797c9b6e904a3157cf60841312531ee473b,raw_composition_v1,computed_from_input_sequence,162,22,2,15,12,2,7,3,14,6,12,5,6,7,4,7,6,9,11,4,8,0.13580246913580246,0.012345679012345678,0.09259259259259259,0.07407407407407407,0.012345679012345678,0.043209876543209874,0.018518518518518517,0.08641975308641975,0.037037037037037035,0.07407407407407407,0.030864197530864196,0.037037037037037035,0.043209876543209874,0.024691358024691357,0.043209876543209874,0.037037037037037035,0.05555555555555555,0.06790123456790123,0.024691358024691357,0.04938271604938271,4.0776012211497825,descriptive_only_not_binding_or_solubility_prediction
A0AB73NQS2,6d3209f6b56081327e4d3beacc6a98a0e4d642e14bdc43fb87a4cd444de0ee87,raw_composition_v1,computed_from_input_sequence,377,49,2,15,16,6,22,11,34,12,36,9,20,18,28,16,17,33,18,7,8,0.129973474801061,0.005305039787798408,0.03978779840848806,0.042440318302387266,0.015915119363395226,0.058355437665782495,0.029177718832891247,0.09018567639257294,0.03183023872679045,0.09549071618037135,0.023872679045092837,0.05305039787798409,0.04774535809018567,0.07427055702917772,0.042440318302387266,0.04509283819628647,0.08753315649867374,0.04774535809018567,0.01856763925729443,0.021220159151193633,4.057624347610915,descriptive_only_not_binding_or_solubility_prediction
A0A0T9N2B7,ee8714342c3f87da14d572b0bb1ea742ab4f5c0bb052cf4ada3c1d7d3912a9c4,raw_composition_v1,computed_from_input_sequence,378,45,3,25,12,10,42,6,30,8,32,7,14,18,19,18,26,26,18,5,14,0.11904761904761904,0.007936507936507936,0.06613756613756613,0.031746031746031744,0.026455026455026454,0.1111111111111111,0.015873015873015872,0.07936507936507936,0.021164021164021163,0.08465608465608465,0.018518518518518517,0.037037037037037035,0.047619047619047616,0.05026455026455026,0.047619047619047616,0.06878306878306878,0.06878306878306878,0.047619047619047616,0.013227513227513227,0.037037037037037035,4.0500894133975605,descriptive_only_not_binding_or_solubility_prediction
A0AAI8ZTY6,2c32cde19099abfe8bbddaf5871089e75521c0ceb0e2a064c67f9111fbac9151,raw_composition_v1,computed_from_input_sequence,188,19,0,11,14,7,14,6,13,12,15,7,12,6,8,11,12,8,10,0,3,0.10106382978723404,0.0,0.05851063829787234,0.07446808510638298,0.03723404255319149,0.07446808510638298,0.031914893617021274,0.06914893617021277,0.06382978723404255,0.0797872340425532,0.03723404255319149,0.06382978723404255,0.031914893617021274,0.0425531914893617,0.05851063829787234,0.06382978723404255,0.0425531914893617,0.05319148936170213,0.0,0.015957446808510637,4.067948059935708,descriptive_only_not_binding_or_solubility_prediction
A0ABP1YVJ3,3123edeeaf3e79e338dfc2d32d34531714292a034c6809e4003b14e0fdc9c183,raw_composition_v1,computed_from_input_sequence,184,26,2,8,6,9,20,1,9,9,15,4,9,7,5,4,15,15,12,1,7,0.14130434782608695,0.010869565217391304,0.043478260869565216,0.03260869565217391,0.04891304347826087,0.10869565217391304,0.005434782608695652,0.04891304347826087,0.04891304347826087,0.08152173913043478,0.021739130434782608,0.04891304347826087,0.03804347826086957,0.02717391304347826,0.021739130434782608,0.08152173913043478,0.08152173913043478,0.06521739130434782,0.005434782608695652,0.03804347826086957,3.9908483374703483,descriptive_only_not_binding_or_solubility_prediction
A0ABM6UTV9,1c5de3667f0a7c78036fab06229a519db9626229a270eb62555a283ebd3a2e86,raw_composition_v1,computed_from_input_sequence,468,60,3,26,20,16,33,7,23,6,46,12,20,14,15,29,47,37,40,5,9,0.1282051282051282,0.00641025641025641,0.05555555555555555,0.042735042735042736,0.03418803418803419,0.07051282051282051,0.014957264957264958,0.049145299145299144,0.01282051282051282,0.09829059829059829,0.02564102564102564,0.042735042735042736,0.029914529914529916,0.03205128205128205,0.06196581196581197,0.10042735042735043,0.07905982905982906,0.08547008547008547,0.010683760683760684,0.019230769230769232,3.997185688340562,descriptive_only_not_binding_or_solubility_prediction
A0A0T9Q3M1,84cb52a7e3d59e9e5bfcf8c764d396d030e2ca96c6568f122a2aeef116c306be,raw_composition_v1,computed_from_input_sequence,356,27,4,26,13,6,21,5,24,15,36,7,21,16,17,19,26,29,25,9,10,0.07584269662921349,0.011235955056179775,0.07303370786516854,0.03651685393258427,0.016853932584269662,0.05898876404494382,0.014044943820224719,0.06741573033707865,0.042134831460674156,0.10112359550561797,0.019662921348314606,0.05898876404494382,0.0449438202247191,0.047752808988764044,0.05337078651685393,0.07303370786516854,0.08146067415730338,0.0702247191011236,0.025280898876404494,0.028089887640449437,4.127861280538239,descriptive_only_not_binding_or_solubility_prediction
A0A857F2M2,d8e2dcf6f02764960d9455e06a760ad9db79d1a235b0a3fa36374bc424c95f51,raw_composition_v1,computed_from_input_sequence,302,46,2,20,24,4,14,3,15,6,31,3,9,18,9,21,16,18,33,1,9,0.152317880794702,0.006622516556291391,0.06622516556291391,0.07947019867549669,0.013245033112582781,0.046357615894039736,0.009933774834437087,0.04966887417218543,0.019867549668874173,0.10264900662251655,0.009933774834437087,0.029801324503311258,0.059602649006622516,0.029801324503311258,0.0695364238410596,0.052980132450331126,0.059602649006622516,0.10927152317880795,0.0033112582781456954,0.029801324503311258,3.9023900960293587,descriptive_only_not_binding_or_solubility_prediction
Q8D1M8,6bca5b8f407c4e470b24dc893bb8c0fab18da3471dccf0b046131e0640fb1a36,raw_composition_v1,computed_from_input_sequence,700,69,4,41,33,38,62,14,32,26,52,15,32,36,49,33,41,56,42,9,16,0.09857142857142857,0.005714285714285714,0.05857142857142857,0.047142857142857146,0.054285714285714284,0.08857142857142856,0.02,0.045714285714285714,0.037142857142857144,0.07428571428571429,0.02142857142857143,0.045714285714285714,0.05142857142857143,0.07,0.047142857142857146,0.05857142857142857,0.08,0.06,0.012857142857142857,0.022857142857142857,4.12790236725333,descriptive_only_not_binding_or_solubility_prediction
A0A0T9PT88,87e2bc28fb581b7ef7a3a6be9fd6b1c8d5cdf6a787b3f300d49cc7a268044c63,raw_composition_v1,computed_from_input_sequence,399,45,4,23,19,17,33,6,39,11,22,4,35,13,11,16,20,35,32,3,11,0.11278195488721804,0.010025062656641603,0.05764411027568922,0.047619047619047616,0.042606516290726815,0.08270676691729323,0.015037593984962405,0.09774436090225563,0.02756892230576441,0.05513784461152882,0.010025062656641603,0.08771929824561403,0.03258145363408521,0.02756892230576441,0.040100250626566414,0.05012531328320802,0.08771929824561403,0.08020050125313283,0.007518796992481203,0.02756892230576441,4.028475540717188,descriptive_only_not_binding_or_solubility_prediction
A0A0T9KM71,7ce5fb15c3f7b32439d2466d147de4a5f5471cae2ba8a2353c344d4638b7e884,raw_composition_v1,computed_from_input_sequence,284,35,2,10,12,5,20,10,25,9,28,5,14,13,16,12,14,28,16,4,6,0.12323943661971831,0.007042253521126761,0.035211267605633804,0.04225352112676056,0.017605633802816902,0.07042253521126761,0.035211267605633804,0.0880281690140845,0.03169014084507042,0.09859154929577464,0.017605633802816902,0.04929577464788732,0.045774647887323945,0.056338028169014086,0.04225352112676056,0.04929577464788732,0.09859154929577464,0.056338028169014086,0.014084507042253521,0.02112676056338028,4.052143440261378,descriptive_only_not_binding_or_solubility_prediction
A0A0T9RK55,be405e7509935a1ced612c3995f28514125c8214d1718fcf87e391efdff95848,raw_composition_v1,computed_from_input_sequence,357,19,4,31,16,7,22,0,23,12,34,12,21,17,16,24,33,18,24,10,14,0.05322128851540616,0.011204481792717087,0.08683473389355742,0.04481792717086835,0.0196078431372549,0.06162464985994398,0.0,0.06442577030812324,0.03361344537815126,0.09523809523809523,0.03361344537815126,0.058823529411764705,0.047619047619047616,0.04481792717086835,0.06722689075630252,0.09243697478991597,0.05042016806722689,0.06722689075630252,0.028011204481792718,0.0392156862745098,4.107359843615454,descriptive_only_not_binding_or_solubility_prediction
A0A5P8YE56,104163298f84d6904b2efad647078a6878880739ca35ce0a3d2d77cde279971f,raw_composition_v1,computed_from_input_sequence,378,45,3,23,15,10,43,3,28,9,31,6,16,18,18,18,25,24,23,5,15,0.11904761904761904,0.007936507936507936,0.06084656084656084,0.03968253968253968,0.026455026455026454,0.11375661375661375,0.007936507936507936,0.07407407407407407,0.023809523809523808,0.082010582010582,0.015873015873015872,0.042328042328042326,0.047619047619047616,0.047619047619047616,0.047619047619047616,0.06613756613756613,0.06349206349206349,0.06084656084656084,0.013227513227513227,0.03968253968253968,4.04470640210992,descriptive_only_not_binding_or_solubility_prediction
A0A0T9QGW8,89b90f7acd2c7ca63433fe08308ea21666a944f29a7e8acb6b3e3323af977014,raw_composition_v1,computed_from_input_sequence,660,49,10,37,16,35,69,9,47,20,45,10,38,32,30,26,43,57,48,7,32,0.07424242424242425,0.015151515151515152,0.05606060606060606,0.024242424242424242,0.05303030303030303,0.10454545454545454,0.013636363636363636,0.07121212121212121,0.030303030303030304,0.06818181818181818,0.015151515151515152,0.05757575757575758,0.048484848484848485,0.045454545454545456,0.03939393939393939,0.06515151515151515,0.08636363636363636,0.07272727272727272,0.010606060606060607,0.048484848484848485,4.116530759742448,descriptive_only_not_binding_or_solubility_prediction
A0ABP1ZLC4,1729ae9fa6ef78819423e36467dee1b957a04313b441ee660c3d902cc98a9e71,raw_composition_v1,computed_from_input_sequence,302,41,2,20,21,7,16,5,19,3,32,3,9,17,13,21,21,19,21,0,12,0.1357615894039735,0.006622516556291391,0.06622516556291391,0.0695364238410596,0.023178807947019868,0.052980132450331126,0.016556291390728478,0.06291390728476821,0.009933774834437087,0.10596026490066225,0.009933774834437087,0.029801324503311258,0.056291390728476824,0.04304635761589404,0.0695364238410596,0.0695364238410596,0.06291390728476821,0.0695364238410596,0.0,0.039735099337748346,3.9589793661355013,descriptive_only_not_binding_or_solubility_prediction
A0A0T9QY81,6bcdb12a21d4672c2cbc76f43e0c8d2971fd3e39d7255baceb5a0da9ea00aaf7,raw_composition_v1,computed_from_input_sequence,208,28,1,14,10,4,7,11,18,8,19,5,8,11,16,6,8,13,9,5,7,0.1346153846153846,0.004807692307692308,0.0673076923076923,0.04807692307692308,0.019230769230769232,0.03365384615384615,0.052884615384615384,0.08653846153846154,0.038461538461538464,0.09134615384615384,0.02403846153846154,0.038461538461538464,0.052884615384615384,0.07692307692307693,0.028846153846153848,0.038461538461538464,0.0625,0.04326923076923077,0.02403846153846154,0.03365384615384615,4.086631918729913,descriptive_only_not_binding_or_solubility_prediction
A0ABR4W4S9,2b8412a5d259d2ab0a8575f57beec4358765f07d87e4b7bf0cf9a20e69ca8d65,raw_composition_v1,computed_from_input_sequence,173,18,1,9,19,3,10,3,9,7,18,2,4,10,8,8,7,9,16,2,10,0.10404624277456648,0.005780346820809248,0.05202312138728324,0.10982658959537572,0.017341040462427744,0.057803468208092484,0.017341040462427744,0.05202312138728324,0.04046242774566474,0.10404624277456648,0.011560693641618497,0.023121387283236993,0.057803468208092484,0.046242774566473986,0.046242774566473986,0.04046242774566474,0.05202312138728324,0.09248554913294797,0.011560693641618497,0.057803468208092484,4.03066010852662,descriptive_only_not_binding_or_solubility_prediction
A0ABM5U8N9,7c0512b7a7e6ea921732c2ef32caefbac53413da77dc7abc32e4aa7ef430cd8b,raw_composition_v1,computed_from_input_sequence,205,23,3,14,9,7,7,4,13,4,15,5,9,17,11,7,12,18,14,7,6,0.11219512195121951,0.014634146341463415,0.06829268292682927,0.04390243902439024,0.03414634146341464,0.03414634146341464,0.01951219512195122,0.06341463414634146,0.01951219512195122,0.07317073170731707,0.024390243902439025,0.04390243902439024,0.08292682926829269,0.05365853658536585,0.03414634146341464,0.05853658536585366,0.08780487804878048,0.06829268292682927,0.03414634146341464,0.02926829268292683,4.1355062212504725,descriptive_only_not_binding_or_solubility_prediction
A0AA36PLD9,fed2e1ccd1296911189ca25ac954e1e666698812e1485a73d61f6df4647c1d98,raw_composition_v1,computed_from_input_sequence,213,15,3,13,10,5,23,4,12,4,23,2,13,9,8,7,16,22,17,4,3,0.07042253521126761,0.014084507042253521,0.06103286384976526,0.046948356807511735,0.023474178403755867,0.107981220657277,0.018779342723004695,0.056338028169014086,0.018779342723004695,0.107981220657277,0.009389671361502348,0.06103286384976526,0.04225352112676056,0.03755868544600939,0.03286384976525822,0.07511737089201878,0.10328638497652583,0.07981220657276995,0.018779342723004695,0.014084507042253521,4.025638909430672,descriptive_only_not_binding_or_solubility_prediction
A0ABX6F3U1,da6da70659d06edc96a6d5165ae26025ce1cf045c3dfa254096efa37b6f67df2,raw_composition_v1,computed_from_input_sequence,211,29,0,15,15,0,12,1,11,12,20,2,7,11,8,8,7,23,15,6,9,0.13744075829383887,0.0,0.07109004739336493,0.07109004739336493,0.0,0.05687203791469194,0.004739336492890996,0.052132701421800945,0.05687203791469194,0.0947867298578199,0.009478672985781991,0.03317535545023697,0.052132701421800945,0.037914691943127965,0.037914691943127965,0.03317535545023697,0.10900473933649289,0.07109004739336493,0.02843601895734597,0.04265402843601896,3.9170201503110524,descriptive_only_not_binding_or_solubility_prediction
A0A0H2W3V2,bf078bdb0076810a17afac979b5261a207020916ad1623bf9b494098c792d152,raw_composition_v1,computed_from_input_sequence,351,25,3,25,13,4,21,2,21,15,34,7,20,15,16,20,27,26,38,10,9,0.07122507122507123,0.008547008547008548,0.07122507122507123,0.037037037037037035,0.011396011396011397,0.05982905982905983,0.005698005698005698,0.05982905982905983,0.042735042735042736,0.09686609686609686,0.019943019943019943,0.05698005698005698,0.042735042735042736,0.045584045584045586,0.05698005698005698,0.07692307692307693,0.07407407407407407,0.10826210826210826,0.02849002849002849,0.02564102564102564,4.0735521362393206,descriptive_only_not_binding_or_solubility_prediction
A0AA36LNQ9,edd6ee9962f729cd4f78301e228fb047f72881e31926e908ac5f79ae265656ff,raw_composition_v1,computed_from_input_sequence,394,35,3,26,20,15,28,8,24,13,36,9,23,18,15,19,31,21,32,5,13,0.08883248730964467,0.007614213197969543,0.06598984771573604,0.050761421319796954,0.03807106598984772,0.07106598984771574,0.02030456852791878,0.06091370558375635,0.03299492385786802,0.09137055837563451,0.02284263959390863,0.0583756345177665,0.04568527918781726,0.03807106598984772,0.048223350253807105,0.07868020304568528,0.0532994923857868,0.08121827411167512,0.012690355329949238,0.03299492385786802,4.137586868060725,descriptive_only_not_binding_or_solubility_prediction
A0A2G4U6E8,f1b07f260b1c84aacbffa762e8b858b5baa6180260b447c6571232ea24eec5f0,raw_composition_v1,computed_from_input_sequence,213,17,3,14,12,5,24,4,13,6,24,2,13,9,4,8,14,21,13,4,3,0.07981220657276995,0.014084507042253521,0.06572769953051644,0.056338028169014086,0.023474178403755867,0.11267605633802817,0.018779342723004695,0.06103286384976526,0.028169014084507043,0.11267605633802817,0.009389671361502348,0.06103286384976526,0.04225352112676056,0.018779342723004695,0.03755868544600939,0.06572769953051644,0.09859154929577464,0.06103286384976526,0.018779342723004695,0.014084507042253521,4.021541138798298,descriptive_only_not_binding_or_solubility_prediction
A0ABN4CUZ1,d7f06e755f639de9a3fb4d93b5d90846a8125cfadd6a7fb0ca3660bb365804db,raw_composition_v1,computed_from_input_sequence,307,17,1,19,21,10,30,7,20,19,24,12,15,13,10,13,24,25,16,1,10,0.05537459283387622,0.003257328990228013,0.06188925081433225,0.06840390879478828,0.03257328990228013,0.09771986970684039,0.02280130293159609,0.06514657980456026,0.06188925081433225,0.0781758957654723,0.03908794788273615,0.048859934853420196,0.04234527687296417,0.03257328990228013,0.04234527687296417,0.0781758957654723,0.08143322475570032,0.05211726384364821,0.003257328990228013,0.03257328990228013,4.111898320448595,descriptive_only_not_binding_or_solubility_prediction
A0ABW9EZG0,904d4c43fe189a57de6cb6e188390a3eacc8b5ca202074df7ca8a4944cef2c6c,raw_composition_v1,computed_from_input_sequence,436,69,3,22,10,9,39,6,25,21,41,6,18,27,16,7,27,45,31,6,8,0.15825688073394495,0.006880733944954129,0.05045871559633028,0.022935779816513763,0.020642201834862386,0.08944954128440367,0.013761467889908258,0.05733944954128441,0.0481651376146789,0.09403669724770643,0.013761467889908258,0.04128440366972477,0.06192660550458716,0.03669724770642202,0.016055045871559634,0.06192660550458716,0.10321100917431193,0.07110091743119266,0.013761467889908258,0.01834862385321101,3.9357498626062273,descriptive_only_not_binding_or_solubility_prediction
A0A0U1QUW3,be540ceb7b18c4cc833906aa6c575a7636d579315222c936c39b6cd799bdc40b,raw_composition_v1,computed_from_input_sequence,378,45,3,24,15,10,43,3,28,9,31,6,15,18,18,18,25,24,23,5,15,0.11904761904761904,0.007936507936507936,0.06349206349206349,0.03968253968253968,0.026455026455026454,0.11375661375661375,0.007936507936507936,0.07407407407407407,0.023809523809523808,0.082010582010582,0.015873015873015872,0.03968253968253968,0.047619047619047616,0.047619047619047616,0.047619047619047616,0.06613756613756613,0.06349206349206349,0.06084656084656084,0.013227513227513227,0.03968253968253968,4.043117687924406,descriptive_only_not_binding_or_solubility_prediction
A0ABX6F9M0,c3381ce42f1db56dc2b0f6d77317d33b4fa88d4bdf17a2f88930fea590f43838,raw_composition_v1,computed_from_input_sequence,216,22,2,10,8,5,28,6,14,11,13,5,18,4,12,10,10,17,14,1,6,0.10185185185185185,0.009259259259259259,0.046296296296296294,0.037037037037037035,0.023148148148148147,0.12962962962962962,0.027777777777777776,0.06481481481481481,0.05092592592592592,0.06018518518518518,0.023148148148148147,0.08333333333333333,0.018518518518518517,0.05555555555555555,0.046296296296296294,0.046296296296296294,0.0787037037037037,0.06481481481481481,0.004629629629629629,0.027777777777777776,4.04682927287592,descriptive_only_not_binding_or_solubility_prediction
A0ABN4F8Y2,1673c34f75221b1d842a6debdfd1939af4f486d523e78c403821b953955e1ea0,raw_composition_v1,computed_from_input_sequence,336,39,2,16,12,7,26,3,26,13,32,5,10,23,18,11,24,29,27,5,8,0.11607142857142858,0.005952380952380952,0.047619047619047616,0.03571428571428571,0.020833333333333332,0.07738095238095238,0.008928571428571428,0.07738095238095238,0.03869047619047619,0.09523809523809523,0.01488095238095238,0.02976190476190476,0.06845238095238096,0.05357142857142857,0.03273809523809524,0.07142857142857142,0.08630952380952381,0.08035714285714286,0.01488095238095238,0.023809523809523808,4.02035139202736,descriptive_only_not_binding_or_solubility_prediction
A0AA90XTS9,974f033a1343071a778d22993401084762d22211ced8daad12042dd73affe8f7,raw_composition_v1,computed_from_input_sequence,213,17,3,13,10,4,24,4,10,5,25,2,12,9,8,7,14,23,16,4,3,0.07981220657276995,0.014084507042253521,0.06103286384976526,0.046948356807511735,0.018779342723004695,0.11267605633802817,0.018779342723004695,0.046948356807511735,0.023474178403755867,0.11737089201877934,0.009389671361502348,0.056338028169014086,0.04225352112676056,0.03755868544600939,0.03286384976525822,0.06572769953051644,0.107981220657277,0.07511737089201878,0.018779342723004695,0.014084507042253521,4.007802013890474,descriptive_only_not_binding_or_solubility_prediction
A0AA44CL49,6968ce1f115f91423e1e031d7468b20590c221892c56f8ecc72ef3d8752732e4,raw_composition_v1,computed_from_input_sequence,352,35,3,24,19,6,27,8,23,5,25,6,12,23,10,25,17,29,35,8,12,0.09943181818181818,0.008522727272727272,0.06818181818181818,0.05397727272727273,0.017045454545454544,0.07670454545454546,0.022727272727272728,0.06534090909090909,0.014204545454545454,0.07102272727272728,0.017045454545454544,0.03409090909090909,0.06534090909090909,0.028409090909090908,0.07102272727272728,0.048295454545454544,0.08238636363636363,0.09943181818181818,0.022727272727272728,0.03409090909090909,4.074576697909891,descriptive_only_not_binding_or_solubility_prediction
A0AA36LIH7,dd018217dc48ed418775df1c2a9add847900f4ba393818e8bb768cf3bd8197e0,raw_composition_v1,computed_from_input_sequence,329,42,2,20,7,4,28,15,28,13,31,6,12,16,11,18,18,29,15,5,9,0.1276595744680851,0.0060790273556231,0.060790273556231005,0.02127659574468085,0.0121580547112462,0.0851063829787234,0.04559270516717325,0.0851063829787234,0.03951367781155015,0.09422492401215805,0.0182370820668693,0.0364741641337386,0.0486322188449848,0.03343465045592705,0.0547112462006079,0.0547112462006079,0.08814589665653495,0.04559270516717325,0.015197568389057751,0.02735562310030395,4.038562130008193,descriptive_only_not_binding_or_solubility_prediction
A0A0T9KXM0,faa0711a1ddb0f8dd659046c87d8ecab7d7b52d9b2c5b80f006b84246f893e0a,raw_composition_v1,computed_from_input_sequence,161,25,1,14,7,4,6,0,10,6,13,4,3,12,6,9,6,10,12,5,8,0.15527950310559005,0.006211180124223602,0.08695652173913043,0.043478260869565216,0.024844720496894408,0.037267080745341616,0.0,0.062111801242236024,0.037267080745341616,0.08074534161490683,0.024844720496894408,0.018633540372670808,0.07453416149068323,0.037267080745341616,0.055900621118012424,0.037267080745341616,0.062111801242236024,0.07453416149068323,0.031055900621118012,0.049689440993788817,3.998201416217997,descriptive_only_not_binding_or_solubility_prediction
Q66BN2,e21599f461ae5ed70a2059a1db37f9f2c9277ae98e118d0e60b13ae357fa08cf,raw_composition_v1,computed_from_input_sequence,388,47,0,27,20,13,25,9,21,28,35,9,11,16,17,20,27,26,27,4,6,0.1211340206185567,0.0,0.06958762886597938,0.05154639175257732,0.03350515463917526,0.06443298969072164,0.023195876288659795,0.05412371134020619,0.07216494845360824,0.09020618556701031,0.023195876288659795,0.028350515463917526,0.041237113402061855,0.04381443298969072,0.05154639175257732,0.06958762886597938,0.06701030927835051,0.06958762886597938,0.010309278350515464,0.015463917525773196,4.053570595596791,descriptive_only_not_binding_or_solubility_prediction
A0ABM9XUU0,9ad2bda83ed8889bbb451721e506f8ca019f2e8a544afb3518c216e8fe756a79,raw_composition_v1,computed_from_input_sequence,353,22,4,29,16,6,20,1,23,11,35,12,17,17,20,26,26,21,23,10,14,0.06232294617563739,0.0113314447592068,0.0821529745042493,0.0453257790368272,0.0169971671388102,0.056657223796033995,0.0028328611898017,0.06515580736543909,0.031161473087818695,0.09915014164305949,0.0339943342776204,0.04815864022662889,0.04815864022662889,0.056657223796033995,0.07365439093484419,0.07365439093484419,0.059490084985835696,0.06515580736543909,0.028328611898016998,0.039660056657223795,4.128636513963008,descriptive_only_not_binding_or_solubility_prediction
A0ABP2DXX8,a2149e62633d542163ace1dbc6c202026ba4924da90887090798f41bc79eabb5,raw_composition_v1,computed_from_input_sequence,378,38,3,25,14,10,45,4,26,7,36,4,14,17,12,16,26,35,28,4,14,0.10052910052910052,0.007936507936507936,0.06613756613756613,0.037037037037037035,0.026455026455026454,0.11904761904761904,0.010582010582010581,0.06878306878306878,0.018518518518518517,0.09523809523809523,0.010582010582010581,0.037037037037037035,0.04497354497354497,0.031746031746031744,0.042328042328042326,0.06878306878306878,0.09259259259259259,0.07407407407407407,0.010582010582010581,0.037037037037037035,3.997789973592036,descriptive_only_not_binding_or_solubility_prediction
A0A208ZSF8,dff80a6dcd82d09b9ca572acf2797424cdf14a4c4edb2ae78aa396c2c5921e73,raw_composition_v1,computed_from_input_sequence,367,47,3,27,23,7,17,2,24,8,36,8,15,18,17,18,26,24,33,4,10,0.12806539509536785,0.008174386920980926,0.07356948228882834,0.06267029972752043,0.01907356948228883,0.04632152588555858,0.005449591280653951,0.0653950953678474,0.021798365122615803,0.09809264305177112,0.021798365122615803,0.04087193460490463,0.04904632152588556,0.04632152588555858,0.04904632152588556,0.07084468664850137,0.0653950953678474,0.08991825613079019,0.010899182561307902,0.027247956403269755,4.019141564103124,descriptive_only_not_binding_or_solubility_prediction
A0A208ZSS5,f6163491e72a94eb9d6cf8ff7b16c5825985574c76ba4e91f08b476652a1de11,raw_composition_v1,computed_from_input_sequence,198,14,2,17,12,3,23,6,7,10,12,7,12,4,6,8,14,16,19,2,4,0.0707070707070707,0.010101010101010102,0.08585858585858586,0.06060606060606061,0.015151515151515152,0.11616161616161616,0.030303030303030304,0.03535353535353535,0.050505050505050504,0.06060606060606061,0.03535353535353535,0.06060606060606061,0.020202020202020204,0.030303030303030304,0.04040404040404041,0.0707070707070707,0.08080808080808081,0.09595959595959595,0.010101010101010102,0.020202020202020204,4.062686462210584,descriptive_only_not_binding_or_solubility_prediction
A0A380PTJ1,26b3f589ace3367335065927a50ebc172e1b7afbe5c8c1238441999d9d04f213,raw_composition_v1,computed_from_input_sequence,356,25,3,22,16,5,22,3,23,17,32,6,23,15,21,20,28,26,30,10,9,0.0702247191011236,0.008426966292134831,0.06179775280898876,0.0449438202247191,0.014044943820224719,0.06179775280898876,0.008426966292134831,0.06460674157303371,0.047752808988764044,0.0898876404494382,0.016853932584269662,0.06460674157303371,0.042134831460674156,0.05898876404494382,0.056179775280898875,0.07865168539325842,0.07303370786516854,0.08426966292134831,0.028089887640449437,0.025280898876404494,4.111787965356851,descriptive_only_not_binding_or_solubility_prediction
A0AA36LSX5,da14469b23a450e077b0abaf69e917a241e25d0115a58f0f4cb0339ac61711e1,raw_composition_v1,computed_from_input_sequence,116,11,0,7,3,2,7,1,11,3,11,5,3,6,5,8,11,12,6,1,3,0.09482758620689655,0.0,0.0603448275862069,0.02586206896551724,0.017241379310344827,0.0603448275862069,0.008620689655172414,0.09482758620689655,0.02586206896551724,0.09482758620689655,0.04310344827586207,0.02586206896551724,0.05172413793103448,0.04310344827586207,0.06896551724137931,0.09482758620689655,0.10344827586206896,0.05172413793103448,0.008620689655172414,0.02586206896551724,3.9804302097509963,descriptive_only_not_binding_or_solubility_prediction
A0A0T9PTD3,21d03f0474df24853ac4d780ed8e16bc2418c07970a6e08a6fdc7faff4b7279d,raw_composition_v1,computed_from_input_sequence,402,41,1,23,16,13,43,5,22,11,32,3,27,22,18,23,24,19,27,16,16,0.10199004975124377,0.0024875621890547263,0.05721393034825871,0.03980099502487562,0.03233830845771144,0.10696517412935323,0.012437810945273632,0.05472636815920398,0.02736318407960199,0.07960199004975124,0.007462686567164179,0.06716417910447761,0.05472636815920398,0.04477611940298507,0.05721393034825871,0.05970149253731343,0.0472636815920398,0.06716417910447761,0.03980099502487562,0.03980099502487562,4.0879070447282695,descriptive_only_not_binding_or_solubility_prediction
A0ABM6BHL4,e52b942a64bee88584580c91cf434adee58f4b234e11997967c6b748824e09d8,raw_composition_v1,computed_from_input_sequence,356,27,4,29,17,7,22,2,20,12,32,11,12,16,20,24,26,21,30,10,14,0.07584269662921349,0.011235955056179775,0.08146067415730338,0.047752808988764044,0.019662921348314606,0.06179775280898876,0.0056179775280898875,0.056179775280898875,0.033707865168539325,0.0898876404494382,0.03089887640449438,0.033707865168539325,0.0449438202247191,0.056179775280898875,0.06741573033707865,0.07303370786516854,0.05898876404494382,0.08426966292134831,0.028089887640449437,0.03932584269662921,4.1338868082308045,descriptive_only_not_binding_or_solubility_prediction
A0AA36PL17,c275f50d6bded1c65de2a704bfcec39b4b8b4866285292e4f597f5b891b7e7f8,raw_composition_v1,computed_from_input_sequence,140,15,0,14,11,4,6,2,8,9,10,3,3,13,4,4,7,9,9,5,4,0.10714285714285714,0.0,0.1,0.07857142857142857,0.02857142857142857,0.04285714285714286,0.014285714285714285,0.05714285714285714,0.06428571428571428,0.07142857142857142,0.02142857142857143,0.02142857142857143,0.09285714285714286,0.02857142857142857,0.02857142857142857,0.05,0.06428571428571428,0.06428571428571428,0.03571428571428571,0.02857142857142857,4.049613567594333,descriptive_only_not_binding_or_solubility_prediction
A0A380Q3T2,9703a2d34508e9bfc74b96dbc3081234b54d09c8c4b8da69d292ebf2b277adbb,raw_composition_v1,computed_from_input_sequence,659,38,5,42,34,34,48,17,37,32,48,14,38,29,35,38,43,54,44,9,20,0.057663125948406675,0.007587253414264037,0.0637329286798179,0.051593323216995446,0.051593323216995446,0.07283763277693475,0.025796661608497723,0.05614567526555387,0.048558421851289835,0.07283763277693475,0.021244309559939303,0.057663125948406675,0.04400606980273141,0.05311077389984825,0.057663125948406675,0.06525037936267071,0.0819423368740516,0.06676783004552352,0.013657056145675266,0.030349013657056147,4.184048561035577,descriptive_only_not_binding_or_solubility_prediction
A0A0T9PR09,d359339e860749462ec546e6b894d522a36dd2459c11f25d84ca7a2048f3afa3,raw_composition_v1,computed_from_input_sequence,115,15,1,13,13,1,2,2,7,12,8,4,2,8,2,3,2,5,6,2,7,0.13043478260869565,0.008695652173913044,0.11304347826086956,0.11304347826086956,0.008695652173913044,0.017391304347826087,0.017391304347826087,0.06086956521739131,0.10434782608695652,0.06956521739130435,0.034782608695652174,0.017391304347826087,0.06956521739130435,0.017391304347826087,0.02608695652173913,0.017391304347826087,0.043478260869565216,0.05217391304347826,0.017391304347826087,0.06086956521739131,3.9149542813427773,descriptive_only_not_binding_or_solubility_prediction
A0A2G4U6D9,f7016cab24807fe93d19bb7adaeba68a92b0b5e285a778c20634c821e9743ac2,raw_composition_v1,computed_from_input_sequence,387,46,0,25,21,12,27,8,18,31,35,10,10,16,17,20,27,27,26,4,7,0.11886304909560723,0.0,0.06459948320413436,0.05426356589147287,0.031007751937984496,0.06976744186046512,0.020671834625323,0.046511627906976744,0.08010335917312661,0.09043927648578812,0.025839793281653745,0.025839793281653745,0.041343669250646,0.04392764857881137,0.05167958656330749,0.06976744186046512,0.06976744186046512,0.06718346253229975,0.0103359173126615,0.01808785529715762,4.0510349531751855,descriptive_only_not_binding_or_solubility_prediction
A0ABP1Z7N4,0bd534b5fddf09ecb821a328fa5b16b9325200091088b2117d40605aee2cab6a,raw_composition_v1,computed_from_input_sequence,364,34,0,30,21,11,29,6,26,33,28,6,15,11,12,23,17,31,20,4,7,0.09340659340659341,0.0,0.08241758241758242,0.057692307692307696,0.03021978021978022,0.07967032967032966,0.016483516483516484,0.07142857142857142,0.09065934065934066,0.07692307692307693,0.016483516483516484,0.04120879120879121,0.03021978021978022,0.03296703296703297,0.06318681318681318,0.046703296703296704,0.08516483516483517,0.054945054945054944,0.01098901098901099,0.019230769230769232,4.039300614203922,descriptive_only_not_binding_or_solubility_prediction
A0ABM9SY22,532a5e9dab6158f49059f1c46eeffa04318acd9c8b6415ce971231264300439c,raw_composition_v1,computed_from_input_sequence,211,19,3,9,10,6,22,5,20,6,19,3,10,10,3,8,15,22,17,3,1,0.09004739336492891,0.014218009478672985,0.04265402843601896,0.04739336492890995,0.02843601895734597,0.10426540284360189,0.023696682464454975,0.0947867298578199,0.02843601895734597,0.09004739336492891,0.014218009478672985,0.04739336492890995,0.04739336492890995,0.014218009478672985,0.037914691943127965,0.07109004739336493,0.10426540284360189,0.08056872037914692,0.014218009478672985,0.004739336492890996,3.995976277733847,descriptive_only_not_binding_or_solubility_prediction
A0AAV3BFY5,5352e8d4c1c0d46beb9f2679bf19d682388f73bb3ad66b1a17acd0e40e91d706,raw_composition_v1,computed_from_input_sequence,351,25,3,25,13,4,22,2,21,15,34,7,20,15,16,19,27,26,38,10,9,0.07122507122507123,0.008547008547008548,0.07122507122507123,0.037037037037037035,0.011396011396011397,0.06267806267806268,0.005698005698005698,0.05982905982905983,0.042735042735042736,0.09686609686609686,0.019943019943019943,0.05698005698005698,0.042735042735042736,0.045584045584045586,0.05413105413105413,0.07692307692307693,0.07407407407407407,0.10826210826210826,0.02849002849002849,0.02564102564102564,4.073150738548872,descriptive_only_not_binding_or_solubility_prediction
A0ABM9TCW2,be540ceb7b18c4cc833906aa6c575a7636d579315222c936c39b6cd799bdc40b,raw_composition_v1,computed_from_input_sequence,378,45,3,24,15,10,43,3,28,9,31,6,15,18,18,18,25,24,23,5,15,0.11904761904761904,0.007936507936507936,0.06349206349206349,0.03968253968253968,0.026455026455026454,0.11375661375661375,0.007936507936507936,0.07407407407407407,0.023809523809523808,0.082010582010582,0.015873015873015872,0.03968253968253968,0.047619047619047616,0.047619047619047616,0.047619047619047616,0.06613756613756613,0.06349206349206349,0.06084656084656084,0.013227513227513227,0.03968253968253968,4.043117687924406,descriptive_only_not_binding_or_solubility_prediction
B6CGX2,a56c2c0d23306c19f0b68658610f15805e71de7aaa4a2a45e5c2db658e08a9f1,raw_composition_v1,computed_from_input_sequence,127,11,2,5,2,10,12,2,9,4,4,2,7,6,8,3,11,14,10,2,3,0.08661417322834646,0.015748031496062992,0.03937007874015748,0.015748031496062992,0.07874015748031496,0.09448818897637795,0.015748031496062992,0.07086614173228346,0.031496062992125984,0.031496062992125984,0.015748031496062992,0.05511811023622047,0.047244094488188976,0.06299212598425197,0.023622047244094488,0.08661417322834646,0.11023622047244094,0.07874015748031496,0.015748031496062992,0.023622047244094488,4.046333691687892,descriptive_only_not_binding_or_solubility_prediction
A0A380PPA0,d93d3277ff2a751c77b69618634759042f53f2597023181db176db5fabe18adf,raw_composition_v1,computed_from_input_sequence,302,41,2,21,21,8,16,4,16,3,31,5,9,19,14,20,18,19,24,0,11,0.1357615894039735,0.006622516556291391,0.0695364238410596,0.0695364238410596,0.026490066225165563,0.052980132450331126,0.013245033112582781,0.052980132450331126,0.009933774834437087,0.10264900662251655,0.016556291390728478,0.029801324503311258,0.06291390728476821,0.046357615894039736,0.06622516556291391,0.059602649006622516,0.06291390728476821,0.07947019867549669,0.0,0.03642384105960265,3.9704405779896046,descriptive_only_not_binding_or_solubility_prediction
A0A2G4U294,310ca4e034cb4039bdd089c3d3e0d372b6b38c21ab881120db308d4e6e6b946d,raw_composition_v1,computed_from_input_sequence,388,48,2,24,14,10,45,0,31,15,32,6,23,17,15,17,22,28,26,3,10,0.12371134020618557,0.005154639175257732,0.061855670103092786,0.03608247422680412,0.02577319587628866,0.11597938144329897,0.0,0.07989690721649484,0.03865979381443299,0.08247422680412371,0.015463917525773196,0.059278350515463915,0.04381443298969072,0.03865979381443299,0.04381443298969072,0.05670103092783505,0.07216494845360824,0.06701030927835051,0.007731958762886598,0.02577319587628866,3.9710875486789416,descriptive_only_not_binding_or_solubility_prediction
A0ABX6F8L7,b67ad8ced10f1b61b0033645f9415c1562a49c9c11f5b1140d812807652b78af,raw_composition_v1,computed_from_input_sequence,155,9,1,12,15,6,7,3,9,7,16,4,8,5,9,7,6,9,14,4,4,0.05806451612903226,0.0064516129032258064,0.07741935483870968,0.0967741935483871,0.03870967741935484,0.04516129032258064,0.01935483870967742,0.05806451612903226,0.04516129032258064,0.1032258064516129,0.025806451612903226,0.05161290322580645,0.03225806451612903,0.05806451612903226,0.04516129032258064,0.03870967741935484,0.05806451612903226,0.09032258064516129,0.025806451612903226,0.025806451612903226,4.131726281067946,descriptive_only_not_binding_or_solubility_prediction
A0A0T9QCY7,2546ed0576a4d6821249ca40c59f7ee1a4c8a1044dcac5d695c36d9409a2224a,raw_composition_v1,computed_from_input_sequence,211,17,3,11,11,6,22,5,16,6,17,5,10,8,7,8,17,18,19,4,1,0.08056872037914692,0.014218009478672985,0.052132701421800945,0.052132701421800945,0.02843601895734597,0.10426540284360189,0.023696682464454975,0.07582938388625593,0.02843601895734597,0.08056872037914692,0.023696682464454975,0.04739336492890995,0.037914691943127965,0.03317535545023697,0.037914691943127965,0.08056872037914692,0.08530805687203792,0.09004739336492891,0.018957345971563982,0.004739336492890996,4.070343962317773,descriptive_only_not_binding_or_solubility_prediction
A0ABN4PWW7,f23f681921316795af63c6af305e3ffac6befa78df3fcf7565b7e89589bc29bf,raw_composition_v1,computed_from_input_sequence,366,36,0,28,18,8,28,7,28,32,32,7,16,11,14,23,17,32,18,4,7,0.09836065573770492,0.0,0.07650273224043716,0.04918032786885246,0.02185792349726776,0.07650273224043716,0.01912568306010929,0.07650273224043716,0.08743169398907104,0.08743169398907104,0.01912568306010929,0.04371584699453552,0.030054644808743168,0.03825136612021858,0.06284153005464481,0.04644808743169399,0.08743169398907104,0.04918032786885246,0.01092896174863388,0.01912568306010929,4.035119573463609,descriptive_only_not_binding_or_solubility_prediction
A0ABM6BJY1,32ea684c08525a34eb9bd91428bac2acd6a3e6a816faff5adcd03f9962eb4010,raw_composition_v1,computed_from_input_sequence,302,53,2,18,21,7,14,3,12,5,36,3,10,16,14,19,17,12,30,0,10,0.17549668874172186,0.006622516556291391,0.059602649006622516,0.0695364238410596,0.023178807947019868,0.046357615894039736,0.009933774834437087,0.039735099337748346,0.016556291390728478,0.11920529801324503,0.009933774834437087,0.033112582781456956,0.052980132450331126,0.046357615894039736,0.06291390728476821,0.056291390728476824,0.039735099337748346,0.09933774834437085,0.0,0.033112582781456956,3.8667057040970567,descriptive_only_not_binding_or_solubility_prediction
A0A0H3B5G2,abf5bd99c49ef948f63c819d750306364c6e78440500d6ad65ef1baef2ef7245,raw_composition_v1,computed_from_input_sequence,145,16,0,13,9,4,8,0,11,12,10,3,0,9,4,7,9,9,11,6,4,0.1103448275862069,0.0,0.0896551724137931,0.06206896551724138,0.027586206896551724,0.05517241379310345,0.0,0.07586206896551724,0.08275862068965517,0.06896551724137931,0.020689655172413793,0.0,0.06206896551724138,0.027586206896551724,0.04827586206896552,0.06206896551724138,0.06206896551724138,0.07586206896551724,0.041379310344827586,0.027586206896551724,3.962767780248044,descriptive_only_not_binding_or_solubility_prediction
A0ABM5Q137,84868dc012e132ca5adc74b8e4a47eadd03d8125396ff34c23a472b5ad4b779c,raw_composition_v1,computed_from_input_sequence,339,47,3,18,19,11,18,3,25,5,30,4,12,20,14,27,25,17,28,2,11,0.13864306784660768,0.008849557522123894,0.05309734513274336,0.05604719764011799,0.032448377581120944,0.05309734513274336,0.008849557522123894,0.07374631268436578,0.014749262536873156,0.08849557522123894,0.011799410029498525,0.035398230088495575,0.058997050147492625,0.04129793510324484,0.07964601769911504,0.07374631268436578,0.05014749262536873,0.08259587020648967,0.0058997050147492625,0.032448377581120944,3.9987819151290687,descriptive_only_not_binding_or_solubility_prediction
A0ABM5SKZ0,3bd16ad1d936d17d9ed040191776b998174491ace8f5877d99a0cf099e083f96,raw_composition_v1,computed_from_input_sequence,227,16,3,8,17,12,8,4,10,3,25,6,10,8,14,25,16,16,14,5,7,0.07048458149779736,0.013215859030837005,0.03524229074889868,0.07488986784140969,0.05286343612334802,0.03524229074889868,0.01762114537444934,0.04405286343612335,0.013215859030837005,0.11013215859030837,0.02643171806167401,0.04405286343612335,0.03524229074889868,0.06167400881057269,0.11013215859030837,0.07048458149779736,0.07048458149779736,0.06167400881057269,0.022026431718061675,0.030837004405286344,4.099568740808537,descriptive_only_not_binding_or_solubility_prediction
A0A0U1QW74,21d03f0474df24853ac4d780ed8e16bc2418c07970a6e08a6fdc7faff4b7279d,raw_composition_v1,computed_from_input_sequence,402,41,1,23,16,13,43,5,22,11,32,3,27,22,18,23,24,19,27,16,16,0.10199004975124377,0.0024875621890547263,0.05721393034825871,0.03980099502487562,0.03233830845771144,0.10696517412935323,0.012437810945273632,0.05472636815920398,0.02736318407960199,0.07960199004975124,0.007462686567164179,0.06716417910447761,0.05472636815920398,0.04477611940298507,0.05721393034825871,0.05970149253731343,0.0472636815920398,0.06716417910447761,0.03980099502487562,0.03980099502487562,4.0879070447282695,descriptive_only_not_binding_or_solubility_prediction
A0ABY5UJQ0,beab4bb0163966625651e0fbb822a7e16f8c808971606db981f3c5f5f180b4d5,raw_composition_v1,computed_from_input_sequence,163,17,1,6,8,2,21,4,12,2,11,4,11,8,7,8,9,14,10,4,4,0.10429447852760736,0.006134969325153374,0.03680981595092025,0.049079754601226995,0.012269938650306749,0.12883435582822086,0.024539877300613498,0.0736196319018405,0.012269938650306749,0.06748466257668712,0.024539877300613498,0.06748466257668712,0.049079754601226995,0.04294478527607362,0.049079754601226995,0.05521472392638037,0.08588957055214724,0.06134969325153374,0.024539877300613498,0.024539877300613498,4.04157837430669,descriptive_only_not_binding_or_solubility_prediction
A0A0U1HX05,81cc9c5127692f8893c6b30f499d56c5c9db46a69de822273ddb5cc2bff81682,raw_composition_v1,computed_from_input_sequence,152,14,0,13,14,3,10,1,9,9,11,7,11,8,3,5,7,7,10,5,5,0.09210526315789473,0.0,0.08552631578947369,0.09210526315789473,0.019736842105263157,0.06578947368421052,0.006578947368421052,0.05921052631578947,0.05921052631578947,0.07236842105263158,0.046052631578947366,0.07236842105263158,0.05263157894736842,0.019736842105263157,0.03289473684210526,0.046052631578947366,0.046052631578947366,0.06578947368421052,0.03289473684210526,0.03289473684210526,4.079443885298693,descriptive_only_not_binding_or_solubility_prediction
A0AAX2HZP5,104163298f84d6904b2efad647078a6878880739ca35ce0a3d2d77cde279971f,raw_composition_v1,computed_from_input_sequence,378,45,3,23,15,10,43,3,28,9,31,6,16,18,18,18,25,24,23,5,15,0.11904761904761904,0.007936507936507936,0.06084656084656084,0.03968253968253968,0.026455026455026454,0.11375661375661375,0.007936507936507936,0.07407407407407407,0.023809523809523808,0.082010582010582,0.015873015873015872,0.042328042328042326,0.047619047619047616,0.047619047619047616,0.047619047619047616,0.06613756613756613,0.06349206349206349,0.06084656084656084,0.013227513227513227,0.03968253968253968,4.04470640210992,descriptive_only_not_binding_or_solubility_prediction
A0A0T9KKF4,5866e9f7f7b62c8d8a9098979b4ab3b0877b7350c22fbd839037b95f65c6907b,raw_composition_v1,computed_from_input_sequence,458,46,4,23,16,14,42,7,32,24,37,6,35,29,21,23,18,33,30,6,12,0.10043668122270742,0.008733624454148471,0.05021834061135371,0.034934497816593885,0.03056768558951965,0.09170305676855896,0.015283842794759825,0.06986899563318777,0.05240174672489083,0.08078602620087336,0.013100436681222707,0.07641921397379912,0.06331877729257641,0.04585152838427948,0.05021834061135371,0.039301310043668124,0.07205240174672489,0.06550218340611354,0.013100436681222707,0.026200873362445413,4.097276159705627,descriptive_only_not_binding_or_solubility_prediction
A0A0T9QHF4,9d857f79113044eeaf293610ad059958b94fe6627f366c000f9dd2c3b503f621,raw_composition_v1,computed_from_input_sequence,394,39,1,30,18,17,27,8,26,8,41,7,23,18,12,19,28,28,29,5,10,0.09898477157360407,0.0025380710659898475,0.07614213197969544,0.04568527918781726,0.04314720812182741,0.06852791878172589,0.02030456852791878,0.06598984771573604,0.02030456852791878,0.10406091370558376,0.017766497461928935,0.0583756345177665,0.04568527918781726,0.030456852791878174,0.048223350253807105,0.07106598984771574,0.07106598984771574,0.07360406091370558,0.012690355329949238,0.025380710659898477,4.069918752701255,descriptive_only_not_binding_or_solubility_prediction
A0A0U1R055,c6bba81a29c665eec08410b2033fb3dc5363cc72705af1997bf8d27513023012,raw_composition_v1,computed_from_input_sequence,351,25,3,26,13,4,22,2,21,15,34,7,19,15,16,19,27,26,38,10,9,0.07122507122507123,0.008547008547008548,0.07407407407407407,0.037037037037037035,0.011396011396011397,0.06267806267806268,0.005698005698005698,0.05982905982905983,0.042735042735042736,0.09686609686609686,0.019943019943019943,0.05413105413105413,0.042735042735042736,0.045584045584045586,0.05413105413105413,0.07692307692307693,0.07407407407407407,0.10826210826210826,0.02849002849002849,0.02564102564102564,4.072047921497643,descriptive_only_not_binding_or_solubility_prediction
A0AB72ZSW9,6298c72a17570c02621b8601ea01bc5d9efb14514e7b5a7b14acdd6a502fe482,raw_composition_v1,computed_from_input_sequence,253,34,1,9,3,5,23,17,12,10,9,4,12,14,8,5,35,25,14,3,10,0.13438735177865613,0.003952569169960474,0.03557312252964427,0.011857707509881422,0.019762845849802372,0.09090909090909091,0.06719367588932806,0.04743083003952569,0.039525691699604744,0.03557312252964427,0.015810276679841896,0.04743083003952569,0.05533596837944664,0.03162055335968379,0.019762845849802372,0.1383399209486166,0.09881422924901186,0.05533596837944664,0.011857707509881422,0.039525691699604744,3.939534499823359,descriptive_only_not_binding_or_solubility_prediction
A0A2A7VG50,4b45b71ed0a48dfdb2af3f1a4be2666dfb44b2a21ce743ec9f72d581d753f51e,raw_composition_v1,computed_from_input_sequence,362,35,0,29,21,10,29,6,26,32,27,6,15,11,12,23,17,32,20,4,7,0.09668508287292818,0.0,0.08011049723756906,0.058011049723756904,0.027624309392265192,0.08011049723756906,0.016574585635359115,0.0718232044198895,0.08839779005524862,0.07458563535911603,0.016574585635359115,0.04143646408839779,0.03038674033149171,0.03314917127071823,0.06353591160220995,0.04696132596685083,0.08839779005524862,0.055248618784530384,0.011049723756906077,0.019337016574585635,4.036712760655178,descriptive_only_not_binding_or_solubility_prediction
A0ABM5Q0I6,70728b5c8c3fe5b96b97a1ae34e9cb015b746c9c343558cedb10a6d169af054e,raw_composition_v1,computed_from_input_sequence,378,42,3,23,15,10,43,3,27,10,31,6,15,17,17,17,27,26,26,5,15,0.1111111111111111,0.007936507936507936,0.06084656084656084,0.03968253968253968,0.026455026455026454,0.11375661375661375,0.007936507936507936,0.07142857142857142,0.026455026455026454,0.082010582010582,0.015873015873015872,0.03968253968253968,0.04497354497354497,0.04497354497354497,0.04497354497354497,0.07142857142857142,0.06878306878306878,0.06878306878306878,0.013227513227513227,0.03968253968253968,4.049136732773043,descriptive_only_not_binding_or_solubility_prediction
A0A380PP26,eddc96b5a276cc834a231e64b821aabf4a25cfdfc67ddd642233067f7cacee52,raw_composition_v1,computed_from_input_sequence,395,39,2,23,19,6,39,3,44,13,31,2,25,16,7,15,27,36,32,2,14,0.09873417721518987,0.005063291139240506,0.05822784810126582,0.04810126582278481,0.015189873417721518,0.09873417721518987,0.007594936708860759,0.11139240506329114,0.03291139240506329,0.07848101265822785,0.005063291139240506,0.06329113924050633,0.04050632911392405,0.017721518987341773,0.0379746835443038,0.06835443037974684,0.09113924050632911,0.0810126582278481,0.005063291139240506,0.035443037974683546,3.9387902198938423,descriptive_only_not_binding_or_solubility_prediction
A0ABM5UGZ3,682d155cf443d52127d21def1212d083274a0a8e8af5532934ed876ff26a7870,raw_composition_v1,computed_from_input_sequence,376,38,0,28,23,15,28,6,23,26,29,9,13,16,13,24,20,32,21,6,6,0.10106382978723404,0.0,0.07446808510638298,0.061170212765957445,0.0398936170212766,0.07446808510638298,0.015957446808510637,0.061170212765957445,0.06914893617021277,0.07712765957446809,0.023936170212765957,0.034574468085106384,0.0425531914893617,0.034574468085106384,0.06382978723404255,0.05319148936170213,0.0851063829787234,0.05585106382978723,0.015957446808510637,0.015957446808510637,4.080121771677001,descriptive_only_not_binding_or_solubility_prediction
A0ABM9TW88,4cad557d299810e70d3e496fec05f408abc6e7bc825523ad283294db62e45ac9,raw_composition_v1,computed_from_input_sequence,115,13,1,13,11,1,3,3,9,11,8,4,2,8,3,3,3,6,4,2,7,0.11304347826086956,0.008695652173913044,0.11304347826086956,0.09565217391304348,0.008695652173913044,0.02608695652173913,0.02608695652173913,0.0782608695652174,0.09565217391304348,0.06956521739130435,0.034782608695652174,0.017391304347826087,0.06956521739130435,0.02608695652173913,0.02608695652173913,0.02608695652173913,0.05217391304347826,0.034782608695652174,0.017391304347826087,0.06086956521739131,3.9951948312555294,descriptive_only_not_binding_or_solubility_prediction
A0ABP1YW71,dff266c64072c8893b9f94b4a1132e411c9e84af3bed876c08883fe969b6c396,raw_composition_v1,computed_from_input_sequence,163,18,3,4,8,3,16,2,17,5,13,6,9,9,9,11,7,14,5,2,2,0.11042944785276074,0.018404907975460124,0.024539877300613498,0.049079754601226995,0.018404907975460124,0.09815950920245399,0.012269938650306749,0.10429447852760736,0.03067484662576687,0.07975460122699386,0.03680981595092025,0.05521472392638037,0.05521472392638037,0.05521472392638037,0.06748466257668712,0.04294478527607362,0.08588957055214724,0.03067484662576687,0.012269938650306749,0.012269938650306749,4.038996609275609,descriptive_only_not_binding_or_solubility_prediction
A0A0T9QDB9,073a7f4153811010612975133cb51fed2526f7c8a042ba8a1866af72dad91dfb,raw_composition_v1,computed_from_input_sequence,302,42,2,22,19,8,16,5,18,3,30,3,9,16,13,21,17,20,28,0,10,0.1390728476821192,0.006622516556291391,0.0728476821192053,0.06291390728476821,0.026490066225165563,0.052980132450331126,0.016556291390728478,0.059602649006622516,0.009933774834437087,0.09933774834437085,0.009933774834437087,0.029801324503311258,0.052980132450331126,0.04304635761589404,0.0695364238410596,0.056291390728476824,0.06622516556291391,0.09271523178807947,0.0,0.033112582781456956,3.9493166940012507,descriptive_only_not_binding_or_solubility_prediction
A0ABP2E2L7,67174d952e086d890553111147adc929c66bf161cb03bac8edfb353ed3edafc7,raw_composition_v1,computed_from_input_sequence,94,11,1,3,5,1,7,0,9,3,10,3,3,6,3,6,4,7,6,4,2,0.11702127659574468,0.010638297872340425,0.031914893617021274,0.05319148936170213,0.010638297872340425,0.07446808510638298,0.0,0.09574468085106383,0.031914893617021274,0.10638297872340426,0.031914893617021274,0.031914893617021274,0.06382978723404255,0.031914893617021274,0.06382978723404255,0.0425531914893617,0.07446808510638298,0.06382978723404255,0.0425531914893617,0.02127659574468085,4.011836450891402,descriptive_only_not_binding_or_solubility_prediction
A0ABM9Y7W9,43932d0cc65340577f213ee681dcf7eb3014c87a6967b4589d99402ee07fd75a,raw_composition_v1,computed_from_input_sequence,152,15,1,14,11,4,8,2,8,9,15,4,2,10,4,7,14,6,9,5,4,0.09868421052631579,0.006578947368421052,0.09210526315789473,0.07236842105263158,0.02631578947368421,0.05263157894736842,0.013157894736842105,0.05263157894736842,0.05921052631578947,0.09868421052631579,0.02631578947368421,0.013157894736842105,0.06578947368421052,0.02631578947368421,0.046052631578947366,0.09210526315789473,0.039473684210526314,0.05921052631578947,0.03289473684210526,0.02631578947368421,4.070853602924632,descriptive_only_not_binding_or_solubility_prediction
A0ABW9EY82,e2d71eaad1f9af91df7f15b7c64995f37fb120a27e265f513d74ea013d4c4258,raw_composition_v1,computed_from_input_sequence,302,48,2,19,24,4,14,3,13,6,31,3,9,18,9,21,16,19,33,0,10,0.15894039735099338,0.006622516556291391,0.06291390728476821,0.07947019867549669,0.013245033112582781,0.046357615894039736,0.009933774834437087,0.04304635761589404,0.019867549668874173,0.10264900662251655,0.009933774834437087,0.029801324503311258,0.059602649006622516,0.029801324503311258,0.0695364238410596,0.052980132450331126,0.06291390728476821,0.10927152317880795,0.0,0.033112582781456956,3.875533483510354,descriptive_only_not_binding_or_solubility_prediction
A0AA44CMJ6,99300390df828dc4cc0060133d13ae800a3e89d515905e3c4c4cf5ed0d401eb2,raw_composition_v1,computed_from_input_sequence,269,31,2,11,6,13,27,2,15,5,17,3,19,14,6,13,21,30,21,5,8,0.11524163568773234,0.007434944237918215,0.040892193308550186,0.022304832713754646,0.048327137546468404,0.10037174721189591,0.007434944237918215,0.055762081784386616,0.01858736059479554,0.06319702602230483,0.011152416356877323,0.07063197026022305,0.05204460966542751,0.022304832713754646,0.048327137546468404,0.07806691449814127,0.11152416356877323,0.07806691449814127,0.01858736059479554,0.02973977695167286,3.9933626761575236,descriptive_only_not_binding_or_solubility_prediction
A0AB73P877,6e2a90c3d55b5b56369892ba366b2f4c7b0f236d50967b388e9489212f744dc2,raw_composition_v1,computed_from_input_sequence,204,25,0,16,9,3,7,9,19,8,19,6,6,11,17,5,8,14,9,5,8,0.12254901960784313,0.0,0.0784313725490196,0.04411764705882353,0.014705882352941176,0.03431372549019608,0.04411764705882353,0.09313725490196079,0.0392156862745098,0.09313725490196079,0.029411764705882353,0.029411764705882353,0.05392156862745098,0.08333333333333333,0.024509803921568627,0.0392156862745098,0.06862745098039216,0.04411764705882353,0.024509803921568627,0.0392156862745098,4.051864492837508,descriptive_only_not_binding_or_solubility_prediction
A0AA90XYJ4,09529bc4581d7f793c2935e6ae1edec683f09970537286dd82f850ecde9384b0,raw_composition_v1,computed_from_input_sequence,302,46,2,18,25,4,14,3,14,6,32,3,9,18,9,21,17,18,33,0,10,0.152317880794702,0.006622516556291391,0.059602649006622516,0.08278145695364239,0.013245033112582781,0.046357615894039736,0.009933774834437087,0.046357615894039736,0.019867549668874173,0.10596026490066225,0.009933774834437087,0.029801324503311258,0.059602649006622516,0.029801324503311258,0.0695364238410596,0.056291390728476824,0.059602649006622516,0.10927152317880795,0.0,0.033112582781456956,3.88260949521774,descriptive_only_not_binding_or_solubility_prediction
A0ABM9XWU7,75dcd9ce68dd9f1d81f1435d0b1639bbb7b400cac48e70272c33c8b59c4d5bfb,raw_composition_v1,computed_from_input_sequence,353,33,2,26,14,8,25,3,36,9,29,6,12,16,12,21,21,39,31,3,7,0.09348441926345609,0.0056657223796034,0.07365439093484419,0.039660056657223795,0.0226628895184136,0.0708215297450425,0.0084985835694051,0.10198300283286119,0.025495750708215296,0.0821529745042493,0.0169971671388102,0.0339943342776204,0.0453257790368272,0.0339943342776204,0.059490084985835696,0.059490084985835696,0.11048158640226628,0.08781869688385269,0.0084985835694051,0.019830028328611898,3.991846966523392,descriptive_only_not_binding_or_solubility_prediction
A0A0T9N293,18222c6f5cbb345fe34bbbbf9e743a2e64de12176219432c0d6e0f76c2cfd661,raw_composition_v1,computed_from_input_sequence,226,25,3,11,10,12,22,3,15,9,18,5,16,10,9,4,18,14,16,2,4,0.11061946902654868,0.01327433628318584,0.048672566371681415,0.04424778761061947,0.05309734513274336,0.09734513274336283,0.01327433628318584,0.06637168141592921,0.03982300884955752,0.07964601769911504,0.022123893805309734,0.07079646017699115,0.04424778761061947,0.03982300884955752,0.017699115044247787,0.07964601769911504,0.061946902654867256,0.07079646017699115,0.008849557522123894,0.017699115044247787,4.06833182318783,descriptive_only_not_binding_or_solubility_prediction
A0AB73NNK1,d4ab1b5346313659d1407f634a613551896eba275dd28c69401c8087946415c3,raw_composition_v1,computed_from_input_sequence,386,38,0,27,23,12,27,9,24,29,39,4,13,16,14,24,21,34,21,5,6,0.09844559585492228,0.0,0.06994818652849741,0.05958549222797927,0.031088082901554404,0.06994818652849741,0.023316062176165803,0.06217616580310881,0.07512953367875648,0.10103626943005181,0.010362694300518135,0.03367875647668394,0.04145077720207254,0.03626943005181347,0.06217616580310881,0.054404145077720206,0.08808290155440414,0.054404145077720206,0.012953367875647668,0.015544041450777202,4.041043889210577,descriptive_only_not_binding_or_solubility_prediction
A0AA44CQ33,81949383b880810c71a28a5cff52b7c8385b97e14900222f4dbdb3dd2d30c008,raw_composition_v1,computed_from_input_sequence,246,30,0,10,10,11,22,1,23,8,25,4,20,12,11,6,14,20,13,2,4,0.12195121951219512,0.0,0.04065040650406504,0.04065040650406504,0.044715447154471545,0.08943089430894309,0.0040650406504065045,0.09349593495934959,0.032520325203252036,0.1016260162601626,0.016260162601626018,0.08130081300813008,0.04878048780487805,0.044715447154471545,0.024390243902439025,0.056910569105691054,0.08130081300813008,0.052845528455284556,0.008130081300813009,0.016260162601626018,3.947336721709812,descriptive_only_not_binding_or_solubility_prediction
A0ABW9ETP1,4a99fef2405dcfc3433660d45eb35ec8d8bc38a6103fcf8a28f5808d40364a0d,raw_composition_v1,computed_from_input_sequence,156,14,0,12,13,6,5,3,10,6,15,4,7,6,9,8,7,9,13,5,4,0.08974358974358974,0.0,0.07692307692307693,0.08333333333333333,0.038461538461538464,0.03205128205128205,0.019230769230769232,0.0641025641025641,0.038461538461538464,0.09615384615384616,0.02564102564102564,0.04487179487179487,0.038461538461538464,0.057692307692307696,0.05128205128205128,0.04487179487179487,0.057692307692307696,0.08333333333333333,0.03205128205128205,0.02564102564102564,4.110904117125607,descriptive_only_not_binding_or_solubility_prediction
A0ABR4W680,d62946ea65b9e19b460f21acb243314943373f888765d3c3c016c1e297e4f885,raw_composition_v1,computed_from_input_sequence,211,18,4,10,11,3,21,7,17,7,20,4,6,10,7,9,19,19,14,4,1,0.08530805687203792,0.018957345971563982,0.04739336492890995,0.052132701421800945,0.014218009478672985,0.0995260663507109,0.03317535545023697,0.08056872037914692,0.03317535545023697,0.0947867298578199,0.018957345971563982,0.02843601895734597,0.04739336492890995,0.03317535545023697,0.04265402843601896,0.09004739336492891,0.09004739336492891,0.06635071090047394,0.018957345971563982,0.004739336492890996,4.0519631171033,descriptive_only_not_binding_or_solubility_prediction
A0A0T9RK20,791c85cd78e7f359133360d80d28a0c7b8b53332bbf73ad5dd04759f7ae75dc6,raw_composition_v1,computed_from_input_sequence,378,42,4,22,14,12,43,3,26,8,34,4,17,17,12,16,26,33,26,4,15,0.1111111111111111,0.010582010582010581,0.0582010582010582,0.037037037037037035,0.031746031746031744,0.11375661375661375,0.007936507936507936,0.06878306878306878,0.021164021164021163,0.08994708994708994,0.010582010582010581,0.04497354497354497,0.04497354497354497,0.031746031746031744,0.042328042328042326,0.06878306878306878,0.0873015873015873,0.06878306878306878,0.010582010582010581,0.03968253968253968,4.018164899511598,descriptive_only_not_binding_or_solubility_prediction
A0A380PRV1,41dfa0d4286831826760e08a0dac2681a761be220768d2d22bf70223cdfedc84,raw_composition_v1,computed_from_input_sequence,466,57,3,26,20,14,34,10,21,11,48,18,23,10,18,27,45,35,32,4,10,0.1223175965665236,0.006437768240343348,0.055793991416309016,0.04291845493562232,0.030042918454935622,0.07296137339055794,0.02145922746781116,0.045064377682403435,0.023605150214592276,0.10300429184549356,0.03862660944206009,0.04935622317596566,0.02145922746781116,0.03862660944206009,0.05793991416309013,0.09656652360515021,0.07510729613733906,0.06866952789699571,0.008583690987124463,0.02145922746781116,4.041473145764913,descriptive_only_not_binding_or_solubility_prediction
A0A0T9KKH2,c0603408dd92f713d2621cd006a840a240ea2f7029734fe463193f9c31b0b84a,raw_composition_v1,computed_from_input_sequence,211,19,2,8,11,3,22,7,15,4,18,4,8,10,7,9,20,21,16,4,3,0.09004739336492891,0.009478672985781991,0.037914691943127965,0.052132701421800945,0.014218009478672985,0.10426540284360189,0.03317535545023697,0.07109004739336493,0.018957345971563982,0.08530805687203792,0.018957345971563982,0.037914691943127965,0.04739336492890995,0.03317535545023697,0.04265402843601896,0.0947867298578199,0.0995260663507109,0.07582938388625593,0.018957345971563982,0.014218009478672985,4.034973820073833,descriptive_only_not_binding_or_solubility_prediction
A0A380QJL7,a54ba068ec81ad24be9c0d886c1c2337ec9de300005ac2b3763a20e52d85e7ec,raw_composition_v1,computed_from_input_sequence,289,34,3,16,5,11,27,2,20,9,28,4,18,14,15,10,22,28,14,3,6,0.11764705882352941,0.010380622837370242,0.05536332179930796,0.01730103806228374,0.03806228373702422,0.09342560553633218,0.006920415224913495,0.06920415224913495,0.031141868512110725,0.09688581314878893,0.01384083044982699,0.06228373702422145,0.04844290657439446,0.05190311418685121,0.03460207612456748,0.07612456747404844,0.09688581314878893,0.04844290657439446,0.010380622837370242,0.020761245674740483,4.0025619339485115,descriptive_only_not_binding_or_solubility_prediction
A0ABM6BJA0,a986f3f3202691bd27e36dc239463af1d840b83ded016a93934e7feb8a081fe8,raw_composition_v1,computed_from_input_sequence,410,36,4,26,15,11,42,3,37,8,22,7,24,17,21,15,35,37,30,3,17,0.08780487804878048,0.00975609756097561,0.06341463414634146,0.036585365853658534,0.026829268292682926,0.1024390243902439,0.007317073170731708,0.09024390243902439,0.01951219512195122,0.05365853658536585,0.01707317073170732,0.05853658536585366,0.041463414634146344,0.05121951219512195,0.036585365853658534,0.08536585365853659,0.09024390243902439,0.07317073170731707,0.007317073170731708,0.041463414634146344,4.038460684289931,descriptive_only_not_binding_or_solubility_prediction
A0A0H3B592,6ac904ac23472467201b92d857165420d4310d2d889281e4bb5d1a95892c72ab,raw_composition_v1,computed_from_input_sequence,468,59,3,26,18,14,35,10,24,8,48,15,20,10,18,32,44,36,34,4,10,0.12606837606837606,0.00641025641025641,0.05555555555555555,0.038461538461538464,0.029914529914529916,0.07478632478632478,0.021367521367521368,0.05128205128205128,0.017094017094017096,0.10256410256410256,0.03205128205128205,0.042735042735042736,0.021367521367521368,0.038461538461538464,0.06837606837606838,0.09401709401709402,0.07692307692307693,0.07264957264957266,0.008547008547008548,0.021367521367521368,4.01756444982939,descriptive_only_not_binding_or_solubility_prediction
A0ABN4H4Y5,85c3fac5bb2a3608105671ea90c4a2e14232d5a3a50dcfcab5ddd02fe305606e,raw_composition_v1,computed_from_input_sequence,211,18,3,8,10,6,22,6,15,8,18,4,13,7,4,9,18,18,19,4,1,0.08530805687203792,0.014218009478672985,0.037914691943127965,0.04739336492890995,0.02843601895734597,0.10426540284360189,0.02843601895734597,0.07109004739336493,0.037914691943127965,0.08530805687203792,0.018957345971563982,0.061611374407582936,0.03317535545023697,0.018957345971563982,0.04265402843601896,0.08530805687203792,0.08530805687203792,0.09004739336492891,0.018957345971563982,0.004739336492890996,4.048415199767223,descriptive_only_not_binding_or_solubility_prediction
A0A0T9TRH4,30c97f0d34a0a93b5a06c5e7fac3b0970179692190257bcb12c79898a5774254,raw_composition_v1,computed_from_input_sequence,370,42,3,20,16,10,32,5,26,21,32,9,17,17,15,11,23,36,22,3,10,0.11351351351351352,0.008108108108108109,0.05405405405405406,0.043243243243243246,0.02702702702702703,0.08648648648648649,0.013513513513513514,0.07027027027027027,0.05675675675675676,0.08648648648648649,0.024324324324324326,0.04594594594594595,0.04594594594594595,0.04054054054054054,0.02972972972972973,0.062162162162162166,0.0972972972972973,0.05945945945945946,0.008108108108108109,0.02702702702702703,4.068271031903139,descriptive_only_not_binding_or_solubility_prediction
A0ABM6BHF9,a0d3706be6d2ac2e4b8f1e2e517e59af088c2dab2681b6be09b6c4e3f04585c0,raw_composition_v1,computed_from_input_sequence,378,50,4,24,13,12,44,3,25,9,34,4,13,20,13,16,22,29,24,5,14,0.13227513227513227,0.010582010582010581,0.06349206349206349,0.03439153439153439,0.031746031746031744,0.1164021164021164,0.007936507936507936,0.06613756613756613,0.023809523809523808,0.08994708994708994,0.010582010582010581,0.03439153439153439,0.05291005291005291,0.03439153439153439,0.042328042328042326,0.0582010582010582,0.07671957671957672,0.06349206349206349,0.013227513227513227,0.037037037037037035,4.005318695725612,descriptive_only_not_binding_or_solubility_prediction
A0A209AAW7,62640cd34e0e220eaeaf75274553c9ad5b6da9c4a17acf46223637072faa87b0,raw_composition_v1,computed_from_input_sequence,115,7,1,4,6,1,8,2,9,3,13,5,2,5,6,9,10,12,8,1,3,0.06086956521739131,0.008695652173913044,0.034782608695652174,0.05217391304347826,0.008695652173913044,0.06956521739130435,0.017391304347826087,0.0782608695652174,0.02608695652173913,0.11304347826086956,0.043478260869565216,0.017391304347826087,0.043478260869565216,0.05217391304347826,0.0782608695652174,0.08695652173913043,0.10434782608695652,0.06956521739130435,0.008695652173913044,0.02608695652173913,4.021113635852367,descriptive_only_not_binding_or_solubility_prediction
A0AA91BG92,7546af84617b36280f590e8ee014306ea06559f4cfd875e4a0ebef0117e7b34b,raw_composition_v1,computed_from_input_sequence,420,52,1,30,11,14,48,1,29,17,34,7,21,18,15,15,29,36,30,3,9,0.12380952380952381,0.002380952380952381,0.07142857142857142,0.02619047619047619,0.03333333333333333,0.11428571428571428,0.002380952380952381,0.06904761904761905,0.04047619047619048,0.08095238095238096,0.016666666666666666,0.05,0.04285714285714286,0.03571428571428571,0.03571428571428571,0.06904761904761905,0.08571428571428572,0.07142857142857142,0.007142857142857143,0.02142857142857143,3.9569794432768646,descriptive_only_not_binding_or_solubility_prediction
A0A380Q9K9,2f8989f90453a250095a0289938812b853751a0c31518ae7f8843ab1f0e8b891,raw_composition_v1,computed_from_input_sequence,467,78,0,31,33,8,35,4,34,14,41,5,17,14,18,18,40,42,21,6,8,0.1670235546038544,0.0,0.06638115631691649,0.07066381156316917,0.017130620985010708,0.07494646680942184,0.008565310492505354,0.0728051391862955,0.029978586723768737,0.08779443254817987,0.010706638115631691,0.03640256959314775,0.029978586723768737,0.03854389721627409,0.03854389721627409,0.08565310492505353,0.08993576017130621,0.044967880085653104,0.01284796573875803,0.017130620985010708,3.892145159201918,descriptive_only_not_binding_or_solubility_prediction
A0ABM5SPQ0,69557efdedc63a383e48a6bb12ddb1ea35415fa024434504de09fa95fe9670da,raw_composition_v1,computed_from_input_sequence,211,19,3,9,11,5,21,5,15,7,18,3,12,8,4,8,18,18,22,4,1,0.09004739336492891,0.014218009478672985,0.04265402843601896,0.052132701421800945,0.023696682464454975,0.0995260663507109,0.023696682464454975,0.07109004739336493,0.03317535545023697,0.08530805687203792,0.014218009478672985,0.05687203791469194,0.037914691943127965,0.018957345971563982,0.037914691943127965,0.08530805687203792,0.08530805687203792,0.10426540284360189,0.018957345971563982,0.004739336492890996,4.020533992071811,descriptive_only_not_binding_or_solubility_prediction
A0ABM5ST74,eb4f7dac580620d7cde1e31647827dc0c3be6299acd04646d1a30859b7dd4522,raw_composition_v1,computed_from_input_sequence,368,32,0,29,19,9,28,7,26,33,31,8,17,11,12,23,19,33,20,4,7,0.08695652173913043,0.0,0.07880434782608696,0.051630434782608696,0.024456521739130436,0.07608695652173914,0.019021739130434784,0.07065217391304347,0.08967391304347826,0.08423913043478261,0.021739130434782608,0.04619565217391304,0.029891304347826088,0.03260869565217391,0.0625,0.051630434782608696,0.08967391304347826,0.05434782608695652,0.010869565217391304,0.019021739130434784,4.0493687243117575,descriptive_only_not_binding_or_solubility_prediction
A0AAV3BFT4,c86f6fb4c396d96b217b5c24d0a82d4564e869f70cbb8c217999fff366c517a2,raw_composition_v1,computed_from_input_sequence,259,28,1,19,11,11,29,0,16,8,24,1,16,17,9,14,14,17,16,4,4,0.10810810810810811,0.003861003861003861,0.07335907335907337,0.04247104247104247,0.04247104247104247,0.11196911196911197,0.0,0.06177606177606178,0.03088803088803089,0.09266409266409266,0.003861003861003861,0.06177606177606178,0.06563706563706563,0.03474903474903475,0.05405405405405406,0.05405405405405406,0.06563706563706563,0.06177606177606178,0.015444015444015444,0.015444015444015444,3.9687248726588544,descriptive_only_not_binding_or_solubility_prediction
Q66BC6,156caf9da4d93dd77bbbc2a9fb5f536477cbb1b27a905579ed1507ba3b8f97e7,raw_composition_v1,computed_from_input_sequence,302,42,2,19,22,7,16,4,19,4,32,3,9,17,13,21,21,18,21,0,12,0.1390728476821192,0.006622516556291391,0.06291390728476821,0.0728476821192053,0.023178807947019868,0.052980132450331126,0.013245033112582781,0.06291390728476821,0.013245033112582781,0.10596026490066225,0.009933774834437087,0.029801324503311258,0.056291390728476824,0.04304635761589404,0.0695364238410596,0.0695364238410596,0.059602649006622516,0.0695364238410596,0.0,0.039735099337748346,3.955859864643292,descriptive_only_not_binding_or_solubility_prediction
A0A0T9RLX7,6b7d271b4ecd91a38ac72d50ad496ebaee22ea59be8621ff16ed6f61cc0bb20b,raw_composition_v1,computed_from_input_sequence,339,47,3,18,20,11,17,3,25,5,30,4,12,21,14,27,25,16,28,2,11,0.13864306784660768,0.008849557522123894,0.05309734513274336,0.058997050147492625,0.032448377581120944,0.05014749262536873,0.008849557522123894,0.07374631268436578,0.014749262536873156,0.08849557522123894,0.011799410029498525,0.035398230088495575,0.061946902654867256,0.04129793510324484,0.07964601769911504,0.07374631268436578,0.0471976401179941,0.08259587020648967,0.0058997050147492625,0.032448377581120944,3.9973972747250444,descriptive_only_not_binding_or_solubility_prediction
A0ABN4CQH5,7630394e8760b80def0c7bfd6cd176f8fa87bf11b349b22651bcce119584a3a8,raw_composition_v1,computed_from_input_sequence,211,20,3,10,11,6,23,5,16,5,16,5,12,9,4,9,16,20,17,3,1,0.0947867298578199,0.014218009478672985,0.04739336492890995,0.052132701421800945,0.02843601895734597,0.10900473933649289,0.023696682464454975,0.07582938388625593,0.023696682464454975,0.07582938388625593,0.023696682464454975,0.05687203791469194,0.04265402843601896,0.018957345971563982,0.04265402843601896,0.07582938388625593,0.0947867298578199,0.08056872037914692,0.014218009478672985,0.004739336492890996,4.03576450952934,descriptive_only_not_binding_or_solubility_prediction
A0AB73Q5E6,ab89c93c0e8f863926c20a5775982b849ab5e16bd6c8347e47dbfc81bfad3a0c,raw_composition_v1,computed_from_input_sequence,160,14,1,7,6,8,17,2,11,5,10,1,12,14,4,9,14,12,4,3,6,0.0875,0.00625,0.04375,0.0375,0.05,0.10625,0.0125,0.06875,0.03125,0.0625,0.00625,0.075,0.0875,0.025,0.05625,0.0875,0.075,0.025,0.01875,0.0375,4.045223149565456,descriptive_only_not_binding_or_solubility_prediction
A0A0U1QXU2,c86d677cf43fde297fc286759470687af300412436a235c89e367a7e98a918cb,raw_composition_v1,computed_from_input_sequence,399,45,4,23,19,17,33,6,38,11,21,4,35,13,11,16,20,35,34,3,11,0.11278195488721804,0.010025062656641603,0.05764411027568922,0.047619047619047616,0.042606516290726815,0.08270676691729323,0.015037593984962405,0.09523809523809523,0.02756892230576441,0.05263157894736842,0.010025062656641603,0.08771929824561403,0.03258145363408521,0.02756892230576441,0.040100250626566414,0.05012531328320802,0.08771929824561403,0.08521303258145363,0.007518796992481203,0.02756892230576441,4.027484398245825,descriptive_only_not_binding_or_solubility_prediction
A0AB73PBS8,9d379bf768d3ffb4a9e0071994a9769a02e73ca3494eee2a8ea51207b3c7e0d0,raw_composition_v1,computed_from_input_sequence,315,54,1,11,9,10,25,0,19,11,28,4,27,17,5,12,29,28,16,4,5,0.17142857142857143,0.0031746031746031746,0.03492063492063492,0.02857142857142857,0.031746031746031744,0.07936507936507936,0.0,0.06031746031746032,0.03492063492063492,0.08888888888888889,0.012698412698412698,0.08571428571428572,0.05396825396825397,0.015873015873015872,0.0380952380952381,0.09206349206349207,0.08888888888888889,0.050793650793650794,0.012698412698412698,0.015873015873015872,3.8559443977535617,descriptive_only_not_binding_or_solubility_prediction
A0ABM5Q1D7,c86f6fb4c396d96b217b5c24d0a82d4564e869f70cbb8c217999fff366c517a2,raw_composition_v1,computed_from_input_sequence,259,28,1,19,11,11,29,0,16,8,24,1,16,17,9,14,14,17,16,4,4,0.10810810810810811,0.003861003861003861,0.07335907335907337,0.04247104247104247,0.04247104247104247,0.11196911196911197,0.0,0.06177606177606178,0.03088803088803089,0.09266409266409266,0.003861003861003861,0.06177606177606178,0.06563706563706563,0.03474903474903475,0.05405405405405406,0.05405405405405406,0.06563706563706563,0.06177606177606178,0.015444015444015444,0.015444015444015444,3.9687248726588544,descriptive_only_not_binding_or_solubility_prediction
A0ABP1Z8M7,57af7aa90347d144d0c61b2ce77ab88c57a3430c66fa5e2427bd0b247ce3b8a1,raw_composition_v1,computed_from_input_sequence,157,17,1,15,11,3,7,0,15,14,13,2,2,7,4,5,11,10,12,4,4,0.10828025477707007,0.006369426751592357,0.09554140127388536,0.07006369426751592,0.01910828025477707,0.044585987261146494,0.0,0.09554140127388536,0.08917197452229299,0.08280254777070063,0.012738853503184714,0.012738853503184714,0.044585987261146494,0.025477707006369428,0.03184713375796178,0.07006369426751592,0.06369426751592357,0.07643312101910828,0.025477707006369428,0.025477707006369428,3.9563016733049596,descriptive_only_not_binding_or_solubility_prediction
A0A380QDK2,e6e1f4cfe057472b07ba30578fb721b674290a0d1b15da06e07ea9482890ac59,raw_composition_v1,computed_from_input_sequence,116,12,1,5,7,1,7,0,7,4,9,4,2,11,9,5,8,8,9,3,4,0.10344827586206896,0.008620689655172414,0.04310344827586207,0.0603448275862069,0.008620689655172414,0.0603448275862069,0.0,0.0603448275862069,0.034482758620689655,0.07758620689655173,0.034482758620689655,0.017241379310344827,0.09482758620689655,0.07758620689655173,0.04310344827586207,0.06896551724137931,0.06896551724137931,0.07758620689655173,0.02586206896551724,0.034482758620689655,4.033930179034009,descriptive_only_not_binding_or_solubility_prediction
Q7CIG2,b2f3ba8bd648714615a04e6363dbe12abeb9543f7b6b2a878e93c4b55f9312c4,raw_composition_v1,computed_from_input_sequence,139,13,0,18,9,2,9,0,12,14,12,1,3,6,5,4,9,6,4,5,7,0.09352517985611511,0.0,0.12949640287769784,0.06474820143884892,0.014388489208633094,0.06474820143884892,0.0,0.08633093525179857,0.10071942446043165,0.08633093525179857,0.007194244604316547,0.02158273381294964,0.04316546762589928,0.03597122302158273,0.02877697841726619,0.06474820143884892,0.04316546762589928,0.02877697841726619,0.03597122302158273,0.050359712230215826,3.919375509838999,descriptive_only_not_binding_or_solubility_prediction
A0ABP2ED01,80596e98a629d5a0dbdee509a6f4db99aa6c6b62a72418d01d5d24e58271268d,raw_composition_v1,computed_from_input_sequence,302,46,2,19,25,4,14,4,13,6,32,3,10,18,9,20,16,18,32,0,11,0.152317880794702,0.006622516556291391,0.06291390728476821,0.08278145695364239,0.013245033112582781,0.046357615894039736,0.013245033112582781,0.04304635761589404,0.019867549668874173,0.10596026490066225,0.009933774834437087,0.033112582781456956,0.059602649006622516,0.029801324503311258,0.06622516556291391,0.052980132450331126,0.059602649006622516,0.10596026490066225,0.0,0.03642384105960265,3.8976019547353933,descriptive_only_not_binding_or_solubility_prediction
A0ABX5QZM3,3cd65665542d398583bffc5103c6864134c7671963f7b6949cfacb1820be281f,raw_composition_v1,computed_from_input_sequence,399,46,3,24,19,17,32,3,38,10,21,5,39,13,11,17,22,33,32,3,11,0.11528822055137844,0.007518796992481203,0.06015037593984962,0.047619047619047616,0.042606516290726815,0.08020050125313283,0.007518796992481203,0.09523809523809523,0.02506265664160401,0.05263157894736842,0.012531328320802004,0.09774436090225563,0.03258145363408521,0.02756892230576441,0.042606516290726815,0.05513784461152882,0.08270676691729323,0.08020050125313283,0.007518796992481203,0.02756892230576441,4.004963721427326,descriptive_only_not_binding_or_solubility_prediction
A0ABM9ST81,9887e7eb809765bbf3d02dd986d7d2cebfbd0b151ddb6bde879e3d671958bb02,raw_composition_v1,computed_from_input_sequence,141,18,0,15,9,4,8,1,6,10,9,5,5,13,6,3,5,5,6,5,8,0.1276595744680851,0.0,0.10638297872340426,0.06382978723404255,0.028368794326241134,0.05673758865248227,0.0070921985815602835,0.0425531914893617,0.07092198581560284,0.06382978723404255,0.03546099290780142,0.03546099290780142,0.09219858156028368,0.0425531914893617,0.02127659574468085,0.03546099290780142,0.03546099290780142,0.0425531914893617,0.03546099290780142,0.05673758865248227,4.037579216525835,descriptive_only_not_binding_or_solubility_prediction
A0AB73NFU9,f3ce05ce7afd5171868ef622b38055cf39f0d0ac3d88c19a8d215d9d8553cb2a,raw_composition_v1,computed_from_input_sequence,197,25,2,11,18,5,10,4,14,15,12,1,10,8,7,3,13,22,7,6,4,0.12690355329949238,0.01015228426395939,0.05583756345177665,0.09137055837563451,0.025380710659898477,0.050761421319796954,0.02030456852791878,0.07106598984771574,0.07614213197969544,0.06091370558375635,0.005076142131979695,0.050761421319796954,0.04060913705583756,0.03553299492385787,0.015228426395939087,0.06598984771573604,0.1116751269035533,0.03553299492385787,0.030456852791878174,0.02030456852791878,4.018175036916967,descriptive_only_not_binding_or_solubility_prediction
A0AA44CIR8,ab2508a1e864a38351902d50bcefd498b1c7f7b6eaaacdcabf1ee5ab61126e72,raw_composition_v1,computed_from_input_sequence,213,15,3,12,13,5,23,5,13,4,23,2,12,9,7,8,16,21,15,4,3,0.07042253521126761,0.014084507042253521,0.056338028169014086,0.06103286384976526,0.023474178403755867,0.107981220657277,0.023474178403755867,0.06103286384976526,0.018779342723004695,0.107981220657277,0.009389671361502348,0.056338028169014086,0.04225352112676056,0.03286384976525822,0.03755868544600939,0.07511737089201878,0.09859154929577464,0.07042253521126761,0.018779342723004695,0.014084507042253521,4.041331067010848,descriptive_only_not_binding_or_solubility_prediction
A0ABP1Y756,a618151aaf991af2c2eb702cac57741d6e9335d5bafb8c33d9b9899b554fd0f8,raw_composition_v1,computed_from_input_sequence,115,9,0,5,5,1,8,1,8,3,13,8,4,4,6,10,11,10,5,1,3,0.0782608695652174,0.0,0.043478260869565216,0.043478260869565216,0.008695652173913044,0.06956521739130435,0.008695652173913044,0.06956521739130435,0.02608695652173913,0.11304347826086956,0.06956521739130435,0.034782608695652174,0.034782608695652174,0.05217391304347826,0.08695652173913043,0.09565217391304348,0.08695652173913043,0.043478260869565216,0.008695652173913044,0.02608695652173913,3.9848307250005766,descriptive_only_not_binding_or_solubility_prediction
Q66BM2,ee27e2137cab0a02a2b8c95c75c3795ad7145b9bc2b1cd74c1e74157ea252b6b,raw_composition_v1,computed_from_input_sequence,302,48,2,19,25,5,14,3,15,6,30,4,10,18,9,21,17,17,30,0,9,0.15894039735099338,0.006622516556291391,0.06291390728476821,0.08278145695364239,0.016556291390728478,0.046357615894039736,0.009933774834437087,0.04966887417218543,0.019867549668874173,0.09933774834437085,0.013245033112582781,0.033112582781456956,0.059602649006622516,0.029801324503311258,0.0695364238410596,0.056291390728476824,0.056291390728476824,0.09933774834437085,0.0,0.029801324503311258,3.9018872639063815,descriptive_only_not_binding_or_solubility_prediction
A0AAX2I0V1,793cf56b794121107ff6565589ddfc6d12e57c80859d0a5b9624f4bce87281a8,raw_composition_v1,computed_from_input_sequence,468,60,3,27,18,14,35,10,24,8,48,15,18,10,18,32,44,36,34,4,10,0.1282051282051282,0.00641025641025641,0.057692307692307696,0.038461538461538464,0.029914529914529916,0.07478632478632478,0.021367521367521368,0.05128205128205128,0.017094017094017096,0.10256410256410256,0.03205128205128205,0.038461538461538464,0.021367521367521368,0.038461538461538464,0.06837606837606838,0.09401709401709402,0.07692307692307693,0.07264957264957266,0.008547008547008548,0.021367521367521368,4.013017198036393,descriptive_only_not_binding_or_solubility_prediction
A0ABM5UH09,ef3f063333dae3db6c230ae8cdecffc2f0832918cd99d260d48222aa7d2684f2,raw_composition_v1,computed_from_input_sequence,212,18,3,9,12,2,22,7,15,8,16,4,8,11,7,7,14,27,14,4,4,0.08490566037735849,0.014150943396226415,0.04245283018867924,0.05660377358490566,0.009433962264150943,0.10377358490566038,0.0330188679245283,0.07075471698113207,0.03773584905660377,0.07547169811320754,0.018867924528301886,0.03773584905660377,0.05188679245283019,0.0330188679245283,0.0330188679245283,0.0660377358490566,0.12735849056603774,0.0660377358490566,0.018867924528301886,0.018867924528301886,4.057781923251149,descriptive_only_not_binding_or_solubility_prediction
A0A0T9UVW1,3b2ca54616102b9f3dae87c1820c8fa23a7392dc4bc5e255b37fa0154f8383fe,raw_composition_v1,computed_from_input_sequence,213,27,2,9,6,11,26,2,11,11,15,4,11,9,7,6,16,18,14,1,7,0.1267605633802817,0.009389671361502348,0.04225352112676056,0.028169014084507043,0.051643192488262914,0.12206572769953052,0.009389671361502348,0.051643192488262914,0.051643192488262914,0.07042253521126761,0.018779342723004695,0.051643192488262914,0.04225352112676056,0.03286384976525822,0.028169014084507043,0.07511737089201878,0.08450704225352113,0.06572769953051644,0.004694835680751174,0.03286384976525822,4.010979417115787,descriptive_only_not_binding_or_solubility_prediction
A0A0T9KME1,5cce5946733281405faf6a7373a807ae796208c2d8dd64de8faeb82b65d6ceef,raw_composition_v1,computed_from_input_sequence,118,5,0,9,1,0,9,1,10,4,11,8,5,5,6,10,13,9,7,1,4,0.0423728813559322,0.0,0.07627118644067797,0.00847457627118644,0.0,0.07627118644067797,0.00847457627118644,0.0847457627118644,0.03389830508474576,0.09322033898305085,0.06779661016949153,0.0423728813559322,0.0423728813559322,0.05084745762711865,0.0847457627118644,0.11016949152542373,0.07627118644067797,0.059322033898305086,0.00847457627118644,0.03389830508474576,3.931997439534937,descriptive_only_not_binding_or_solubility_prediction
A0A0T9RC84,d56a57bd7a9eee6db76828ccd5f2a132387e681948ddde994d7a8f124f6ef9dd,raw_composition_v1,computed_from_input_sequence,352,34,2,23,16,6,28,8,24,5,23,9,12,23,8,24,22,28,35,8,14,0.09659090909090909,0.005681818181818182,0.06534090909090909,0.045454545454545456,0.017045454545454544,0.07954545454545454,0.022727272727272728,0.06818181818181818,0.014204545454545454,0.06534090909090909,0.02556818181818182,0.03409090909090909,0.06534090909090909,0.022727272727272728,0.06818181818181818,0.0625,0.07954545454545454,0.09943181818181818,0.022727272727272728,0.03977272727272727,4.07876898269245,descriptive_only_not_binding_or_solubility_prediction
A0ABM9XX67,c7794afd50ebc619318c5245a452294aa85a9b700470ca6f36e3ba4be26e29d2,raw_composition_v1,computed_from_input_sequence,194,19,2,10,12,4,25,6,13,7,12,5,12,4,12,6,9,17,13,0,6,0.0979381443298969,0.010309278350515464,0.05154639175257732,0.061855670103092786,0.020618556701030927,0.12886597938144329,0.030927835051546393,0.06701030927835051,0.03608247422680412,0.061855670103092786,0.02577319587628866,0.061855670103092786,0.020618556701030927,0.061855670103092786,0.030927835051546393,0.04639175257731959,0.08762886597938144,0.06701030927835051,0.0,0.030927835051546393,4.032270654501503,descriptive_only_not_binding_or_solubility_prediction
A0A0T9KKM2,68866c4ceec3cb6e25253e819ba2dab4540ab7fd56a98d8e7b6bdf59b2421aad,raw_composition_v1,computed_from_input_sequence,192,15,1,11,19,6,7,2,11,12,14,3,9,11,10,8,10,17,10,5,11,0.078125,0.005208333333333333,0.057291666666666664,0.09895833333333333,0.03125,0.036458333333333336,0.010416666666666666,0.057291666666666664,0.0625,0.07291666666666667,0.015625,0.046875,0.057291666666666664,0.052083333333333336,0.041666666666666664,0.052083333333333336,0.08854166666666667,0.052083333333333336,0.026041666666666668,0.057291666666666664,4.131570232891754,descriptive_only_not_binding_or_solubility_prediction
A0ABM5PZP9,b33bbb183cba200497e5b152db5c96a4b03ca2df27b89d5af94692f235855678,raw_composition_v1,computed_from_input_sequence,154,14,0,19,9,1,10,3,17,13,12,2,5,7,6,2,7,8,8,6,5,0.09090909090909091,0.0,0.12337662337662338,0.05844155844155844,0.006493506493506494,0.06493506493506493,0.01948051948051948,0.11038961038961038,0.08441558441558442,0.07792207792207792,0.012987012987012988,0.032467532467532464,0.045454545454545456,0.03896103896103896,0.012987012987012988,0.045454545454545456,0.05194805194805195,0.05194805194805195,0.03896103896103896,0.032467532467532464,3.9767149845888605,descriptive_only_not_binding_or_solubility_prediction
A0ABP2EGX4,47836a04a8f7cea8f9a440cd22f90c8a36a596c744630c7bb25abca0746f9ef8,raw_composition_v1,computed_from_input_sequence,378,44,3,26,18,10,41,4,30,8,31,7,14,18,16,20,25,22,20,5,16,0.1164021164021164,0.007936507936507936,0.06878306878306878,0.047619047619047616,0.026455026455026454,0.10846560846560846,0.010582010582010581,0.07936507936507936,0.021164021164021163,0.082010582010582,0.018518518518518517,0.037037037037037035,0.047619047619047616,0.042328042328042326,0.05291005291005291,0.06613756613756613,0.0582010582010582,0.05291005291005291,0.013227513227513227,0.042328042328042326,4.057984630406814,descriptive_only_not_binding_or_solubility_prediction
A0AB73NNV4,d97a5566cb798c23d6a4c3d8297d384bbb7eac10ab4338b3b3f2982e83f3b477,raw_composition_v1,computed_from_input_sequence,211,18,2,8,11,3,22,7,15,4,18,4,8,10,7,9,20,22,16,4,3,0.08530805687203792,0.009478672985781991,0.037914691943127965,0.052132701421800945,0.014218009478672985,0.10426540284360189,0.03317535545023697,0.07109004739336493,0.018957345971563982,0.08530805687203792,0.018957345971563982,0.037914691943127965,0.04739336492890995,0.03317535545023697,0.04265402843601896,0.0947867298578199,0.10426540284360189,0.07582938388625593,0.018957345971563982,0.014218009478672985,4.033946061769567,descriptive_only_not_binding_or_solubility_prediction
A0A0T9PN75,286f2c2a32983ca5deaf650f4ef8d240b9f7d9ab8f18c6fe7e9bb7b7c7de526c,raw_composition_v1,computed_from_input_sequence,406,32,1,22,9,13,59,7,28,23,31,9,25,16,11,8,45,33,25,1,8,0.07881773399014778,0.0024630541871921183,0.054187192118226604,0.022167487684729065,0.03201970443349754,0.14532019704433496,0.017241379310344827,0.06896551724137931,0.05665024630541872,0.07635467980295567,0.022167487684729065,0.06157635467980296,0.03940886699507389,0.027093596059113302,0.019704433497536946,0.11083743842364532,0.0812807881773399,0.06157635467980296,0.0024630541871921183,0.019704433497536946,3.941020184833215,descriptive_only_not_binding_or_solubility_prediction
A0AB72ZRU6,f2b01bbca04e4c8d02fdc09d0f716e3335dd6215911a9e84ace66ae97964d955,raw_composition_v1,computed_from_input_sequence,283,34,2,20,11,6,33,3,17,7,23,5,14,12,15,17,16,17,15,4,12,0.12014134275618374,0.007067137809187279,0.0706713780918728,0.038869257950530034,0.02120141342756184,0.1166077738515901,0.01060070671378092,0.06007067137809187,0.024734982332155476,0.0812720848056537,0.0176678445229682,0.04946996466431095,0.04240282685512368,0.053003533568904596,0.06007067137809187,0.05653710247349823,0.06007067137809187,0.053003533568904596,0.014134275618374558,0.04240282685512368,4.0509898457757805,descriptive_only_not_binding_or_solubility_prediction
A0ABW9EZJ2,d7565abf3acf5a349453354537317731240ac3e8bfcf2bc77664173703d4ca54,raw_composition_v1,computed_from_input_sequence,369,35,0,30,20,15,27,6,24,27,29,9,9,16,12,25,20,34,20,5,6,0.0948509485094851,0.0,0.08130081300813008,0.05420054200542006,0.04065040650406504,0.07317073170731707,0.016260162601626018,0.06504065040650407,0.07317073170731707,0.07859078590785908,0.024390243902439025,0.024390243902439025,0.04336043360433604,0.032520325203252036,0.06775067750677506,0.05420054200542006,0.0921409214092141,0.05420054200542006,0.013550135501355014,0.016260162601626018,4.061046995366306,descriptive_only_not_binding_or_solubility_prediction
A0AB73PN87,e5f0035a00db3eaf1a99398adb51d39e88a5d1fda6169b13dfa8c325d5cc32d9,raw_composition_v1,computed_from_input_sequence,206,31,0,15,14,0,11,0,8,9,19,2,8,11,11,9,9,21,12,6,10,0.15048543689320387,0.0,0.07281553398058252,0.06796116504854369,0.0,0.05339805825242718,0.0,0.038834951456310676,0.043689320388349516,0.09223300970873786,0.009708737864077669,0.038834951456310676,0.05339805825242718,0.05339805825242718,0.043689320388349516,0.043689320388349516,0.10194174757281553,0.05825242718446602,0.02912621359223301,0.04854368932038835,3.9004154470155625,descriptive_only_not_binding_or_solubility_prediction
A0A0T9RLI7,112b77df4415428e1cb617cb5a9aae121a68b8033553bdfe66090d211929088b,raw_composition_v1,computed_from_input_sequence,364,34,0,29,21,10,29,6,26,33,26,6,15,11,12,23,18,32,22,4,7,0.09340659340659341,0.0,0.07967032967032966,0.057692307692307696,0.027472527472527472,0.07967032967032966,0.016483516483516484,0.07142857142857142,0.09065934065934066,0.07142857142857142,0.016483516483516484,0.04120879120879121,0.03021978021978022,0.03296703296703297,0.06318681318681318,0.04945054945054945,0.08791208791208792,0.06043956043956044,0.01098901098901099,0.019230769230769232,4.039008337271645,descriptive_only_not_binding_or_solubility_prediction
A0ABM6BKQ9,19a613a6e55ae32068dd716244534b80933ef7c1ebf7624b44efadc14ea58f58,raw_composition_v1,computed_from_input_sequence,387,47,0,25,21,13,26,8,18,31,35,10,10,17,17,20,28,27,24,4,6,0.12144702842377261,0.0,0.06459948320413436,0.05426356589147287,0.03359173126614987,0.06718346253229975,0.020671834625323,0.046511627906976744,0.08010335917312661,0.09043927648578812,0.025839793281653745,0.025839793281653745,0.04392764857881137,0.04392764857881137,0.05167958656330749,0.07235142118863049,0.06976744186046512,0.06201550387596899,0.0103359173126615,0.015503875968992248,4.047690601891776,descriptive_only_not_binding_or_solubility_prediction
A0A0T9KM28,bcd3282815368d882e7a0117f1015b64586933f43ee39253598ae9e73ec45c14,raw_composition_v1,computed_from_input_sequence,368,34,0,29,19,8,28,7,25,32,32,8,18,11,14,23,19,31,19,4,7,0.09239130434782608,0.0,0.07880434782608696,0.051630434782608696,0.021739130434782608,0.07608695652173914,0.019021739130434784,0.06793478260869565,0.08695652173913043,0.08695652173913043,0.021739130434782608,0.04891304347826087,0.029891304347826088,0.03804347826086957,0.0625,0.051630434782608696,0.08423913043478261,0.051630434782608696,0.010869565217391304,0.019021739130434784,4.050655046955476,descriptive_only_not_binding_or_solubility_prediction
A0ABM9SYN9,24c7fb1baa9ec2e21fa40ba2d949330a76ab4ca05c1cd1a0059107ef382ce6c1,raw_composition_v1,computed_from_input_sequence,366,33,0,28,17,9,28,7,27,33,30,6,15,10,14,23,23,31,21,4,7,0.09016393442622951,0.0,0.07650273224043716,0.04644808743169399,0.02459016393442623,0.07650273224043716,0.01912568306010929,0.07377049180327869,0.09016393442622951,0.08196721311475409,0.01639344262295082,0.040983606557377046,0.0273224043715847,0.03825136612021858,0.06284153005464481,0.06284153005464481,0.08469945355191257,0.05737704918032787,0.01092896174863388,0.01912568306010929,4.0414164627712,descriptive_only_not_binding_or_solubility_prediction
Q66CW3,adf550d27fb5a336186d50995ad317ae05020747ad9a6d9d2b84dc652ab9791d,raw_composition_v1,computed_from_input_sequence,238,21,0,11,6,6,26,0,19,6,26,5,18,14,12,5,15,25,15,3,5,0.08823529411764706,0.0,0.046218487394957986,0.025210084033613446,0.025210084033613446,0.1092436974789916,0.0,0.07983193277310924,0.025210084033613446,0.1092436974789916,0.02100840336134454,0.07563025210084033,0.058823529411764705,0.05042016806722689,0.02100840336134454,0.06302521008403361,0.10504201680672269,0.06302521008403361,0.012605042016806723,0.02100840336134454,3.9190894974397525,descriptive_only_not_binding_or_solubility_prediction
A0AB73NNI1,49bfe716cb39f938e7659175e097f3ae4b499b9f01e38b176df21a1d2fee913b,raw_composition_v1,computed_from_input_sequence,302,35,2,18,24,5,14,6,18,7,27,5,12,18,16,19,14,22,28,1,11,0.11589403973509933,0.006622516556291391,0.059602649006622516,0.07947019867549669,0.016556291390728478,0.046357615894039736,0.019867549668874173,0.059602649006622516,0.023178807947019868,0.08940397350993377,0.016556291390728478,0.039735099337748346,0.059602649006622516,0.052980132450331126,0.06291390728476821,0.046357615894039736,0.0728476821192053,0.09271523178807947,0.0033112582781456954,0.03642384105960265,4.03772344638262,descriptive_only_not_binding_or_solubility_prediction
Q66CW8,84d3f963eb0fec0848822a182db2dc901bb44bca83c738e848d3b5a143eb4271,raw_composition_v1,computed_from_input_sequence,351,25,3,25,13,4,22,2,22,15,34,7,20,15,16,19,27,26,37,10,9,0.07122507122507123,0.008547008547008548,0.07122507122507123,0.037037037037037035,0.011396011396011397,0.06267806267806268,0.005698005698005698,0.06267806267806268,0.042735042735042736,0.09686609686609686,0.019943019943019943,0.05698005698005698,0.042735042735042736,0.045584045584045586,0.05413105413105413,0.07692307692307693,0.07407407407407407,0.10541310541310542,0.02849002849002849,0.02564102564102564,4.075437465759466,descriptive_only_not_binding_or_solubility_prediction
A0ABM9TBF6,948f15bb32a54f91eded8c22853d1cd313c340e939183be45b21a8cced4fe21e,raw_composition_v1,computed_from_input_sequence,353,31,2,27,14,9,26,3,35,9,28,6,12,17,11,21,20,36,36,3,7,0.08781869688385269,0.0056657223796034,0.0764872521246459,0.039660056657223795,0.025495750708215296,0.07365439093484419,0.0084985835694051,0.09915014164305949,0.025495750708215296,0.07932011331444759,0.0169971671388102,0.0339943342776204,0.04815864022662889,0.031161473087818695,0.059490084985835696,0.056657223796033995,0.10198300283286119,0.10198300283286119,0.0084985835694051,0.019830028328611898,3.9966434337373142,descriptive_only_not_binding_or_solubility_prediction
A0AAW7K4V6,303db8a62653f3f83bac9138df0c2bbe5c62eb71acd56f32e407f1d514851c61,raw_composition_v1,computed_from_input_sequence,219,27,1,9,8,12,29,2,11,9,18,6,12,10,2,5,25,12,12,2,7,0.1232876712328767,0.0045662100456621,0.0410958904109589,0.0365296803652968,0.0547945205479452,0.1324200913242009,0.0091324200913242,0.0502283105022831,0.0410958904109589,0.0821917808219178,0.0273972602739726,0.0547945205479452,0.045662100456621,0.0091324200913242,0.0228310502283105,0.1141552511415525,0.0547945205479452,0.0547945205479452,0.0091324200913242,0.0319634703196347,3.950132973139662,descriptive_only_not_binding_or_solubility_prediction
A0ABM6UUY9,acda1d4817158630e9b1ba01bd904a60c967e5dc65420df15f58afdad5a63b7f,raw_composition_v1,computed_from_input_sequence,378,37,4,25,14,10,46,4,25,7,36,4,15,17,12,16,24,37,27,4,14,0.09788359788359788,0.010582010582010581,0.06613756613756613,0.037037037037037035,0.026455026455026454,0.12169312169312169,0.010582010582010581,0.06613756613756613,0.018518518518518517,0.09523809523809523,0.010582010582010581,0.03968253968253968,0.04497354497354497,0.031746031746031744,0.042328042328042326,0.06349206349206349,0.09788359788359788,0.07142857142857142,0.010582010582010581,0.037037037037037035,4.004303134230403,descriptive_only_not_binding_or_solubility_prediction
A0ABM9SSJ6,0f74506c411bad8770baf5a1f129465b75fa175144c52e15cd73498d7f7e6f27,raw_composition_v1,computed_from_input_sequence,270,38,2,12,7,13,24,1,16,12,18,3,16,13,8,7,32,21,19,3,5,0.14074074074074075,0.007407407407407408,0.044444444444444446,0.025925925925925925,0.04814814814814815,0.08888888888888889,0.003703703703703704,0.05925925925925926,0.044444444444444446,0.06666666666666667,0.011111111111111112,0.05925925925925926,0.04814814814814815,0.02962962962962963,0.025925925925925925,0.11851851851851852,0.07777777777777778,0.07037037037037037,0.011111111111111112,0.018518518518518517,3.950366703478779,descriptive_only_not_binding_or_solubility_prediction
A0ABM6BHZ0,4a07ce7dd8a7e678f3d95b143a8ec685194206c8edf6cb152b07a66e4d8b2a61,raw_composition_v1,computed_from_input_sequence,166,20,1,11,12,6,5,0,8,6,11,3,5,15,8,9,9,11,11,6,9,0.12048192771084337,0.006024096385542169,0.06626506024096386,0.07228915662650602,0.03614457831325301,0.030120481927710843,0.0,0.04819277108433735,0.03614457831325301,0.06626506024096386,0.018072289156626505,0.030120481927710843,0.09036144578313253,0.04819277108433735,0.05421686746987952,0.05421686746987952,0.06626506024096386,0.06626506024096386,0.03614457831325301,0.05421686746987952,4.071618162891923,descriptive_only_not_binding_or_solubility_prediction
A0A0T9P2Y6,1d9a4765320c0b1733e67b51cac77da6cdaf7a2d3b7760f25c472306d22f8933,raw_composition_v1,computed_from_input_sequence,162,12,0,21,10,5,4,2,15,16,19,1,7,5,7,5,11,3,12,2,5,0.07407407407407407,0.0,0.12962962962962962,0.06172839506172839,0.030864197530864196,0.024691358024691357,0.012345679012345678,0.09259259259259259,0.09876543209876543,0.11728395061728394,0.006172839506172839,0.043209876543209874,0.030864197530864196,0.043209876543209874,0.030864197530864196,0.06790123456790123,0.018518518518518517,0.07407407407407407,0.012345679012345678,0.030864197530864196,3.9116944803672253,descriptive_only_not_binding_or_solubility_prediction
A0ABM9TZ37,897866c18c661f3111e59841dec50084e4599d69eff4ffaf9a4255c5ef2f1f6f,raw_composition_v1,computed_from_input_sequence,114,12,1,12,11,0,3,2,7,10,8,4,2,9,3,4,3,6,8,2,7,0.10526315789473684,0.008771929824561403,0.10526315789473684,0.09649122807017543,0.0,0.02631578947368421,0.017543859649122806,0.06140350877192982,0.08771929824561403,0.07017543859649122,0.03508771929824561,0.017543859649122806,0.07894736842105263,0.02631578947368421,0.03508771929824561,0.02631578947368421,0.05263157894736842,0.07017543859649122,0.017543859649122806,0.06140350877192982,3.9827245737805637,descriptive_only_not_binding_or_solubility_prediction
A0AA36LM41,8fe02a7c65450ba2dde5abcb6aa92bf9825b6e63ad3bc36f15a08cc783fb56e6,raw_composition_v1,computed_from_input_sequence,127,19,1,13,5,0,2,6,9,7,14,3,3,8,12,5,1,8,4,4,3,0.14960629921259844,0.007874015748031496,0.10236220472440945,0.03937007874015748,0.0,0.015748031496062992,0.047244094488188976,0.07086614173228346,0.05511811023622047,0.11023622047244094,0.023622047244094488,0.023622047244094488,0.06299212598425197,0.09448818897637795,0.03937007874015748,0.007874015748031496,0.06299212598425197,0.031496062992125984,0.031496062992125984,0.023622047244094488,3.899602907750137,descriptive_only_not_binding_or_solubility_prediction
A0ABP1ZYM0,8fbb45bd03fca708ce6e0a4ad6bbb0c4036a346d23e6ff5e7186a289438e9236,raw_composition_v1,computed_from_input_sequence,357,19,4,31,16,7,22,0,22,12,34,12,21,18,16,24,32,18,25,10,14,0.05322128851540616,0.011204481792717087,0.08683473389355742,0.04481792717086835,0.0196078431372549,0.06162464985994398,0.0,0.06162464985994398,0.03361344537815126,0.09523809523809523,0.03361344537815126,0.058823529411764705,0.05042016806722689,0.04481792717086835,0.06722689075630252,0.0896358543417367,0.05042016806722689,0.0700280112044818,0.028011204481792718,0.0392156862745098,4.109517683577229,descriptive_only_not_binding_or_solubility_prediction
A0A380QV68,8351a220ff505af54eaf399e88112a56b5a576161e5382d95a82b0cb8e06249f,raw_composition_v1,computed_from_input_sequence,156,13,1,10,9,3,7,1,9,6,15,8,4,7,9,11,11,9,12,4,7,0.08333333333333333,0.00641025641025641,0.0641025641025641,0.057692307692307696,0.019230769230769232,0.04487179487179487,0.00641025641025641,0.057692307692307696,0.038461538461538464,0.09615384615384616,0.05128205128205128,0.02564102564102564,0.04487179487179487,0.057692307692307696,0.07051282051282051,0.07051282051282051,0.057692307692307696,0.07692307692307693,0.02564102564102564,0.04487179487179487,4.129044412713958,descriptive_only_not_binding_or_solubility_prediction
A0A380QB56,75ea37dd8b423addc00abf1de27f51d397ea2d45dc5f1d51f7077b1064eaaef5,raw_composition_v1,computed_from_input_sequence,150,15,0,20,8,2,9,0,13,15,12,2,3,7,5,3,10,7,7,5,7,0.1,0.0,0.13333333333333333,0.05333333333333334,0.013333333333333334,0.06,0.0,0.08666666666666667,0.1,0.08,0.013333333333333334,0.02,0.04666666666666667,0.03333333333333333,0.02,0.06666666666666667,0.04666666666666667,0.04666666666666667,0.03333333333333333,0.04666666666666667,3.9231243848748223,descriptive_only_not_binding_or_solubility_prediction
A0ABP1Y4A2,8c1a60e7328c5ba86f95e382d2851927fed1cf0718114573cf26c09452c4959a,raw_composition_v1,computed_from_input_sequence,167,18,2,5,11,5,11,2,15,6,17,3,4,9,2,9,9,19,16,3,1,0.10778443113772455,0.011976047904191617,0.029940119760479042,0.0658682634730539,0.029940119760479042,0.0658682634730539,0.011976047904191617,0.08982035928143713,0.03592814371257485,0.10179640718562874,0.017964071856287425,0.023952095808383235,0.05389221556886228,0.011976047904191617,0.05389221556886228,0.05389221556886228,0.11377245508982035,0.09580838323353294,0.017964071856287425,0.005988023952095809,3.9597893126940296,descriptive_only_not_binding_or_solubility_prediction
A0AA44HZF8,1dd55b73521f7f6042650ae1a5d91f3c90af52df222208644d6b3392985f38af,raw_composition_v1,computed_from_input_sequence,188,18,0,12,13,6,15,6,12,10,12,7,11,6,11,11,13,8,14,0,3,0.09574468085106383,0.0,0.06382978723404255,0.06914893617021277,0.031914893617021274,0.0797872340425532,0.031914893617021274,0.06382978723404255,0.05319148936170213,0.06382978723404255,0.03723404255319149,0.05851063829787234,0.031914893617021274,0.05851063829787234,0.05851063829787234,0.06914893617021277,0.0425531914893617,0.07446808510638298,0.0,0.015957446808510637,4.072933096890521,descriptive_only_not_binding_or_solubility_prediction
A0ABM5Q168,791f217edbec28b7fc206e088007fde1c5e527c63860190af90d6b95c0452a14,raw_composition_v1,computed_from_input_sequence,351,24,3,25,12,5,23,3,21,15,34,6,19,14,16,19,28,28,36,10,10,0.06837606837606838,0.008547008547008548,0.07122507122507123,0.03418803418803419,0.014245014245014245,0.06552706552706553,0.008547008547008548,0.05982905982905983,0.042735042735042736,0.09686609686609686,0.017094017094017096,0.05413105413105413,0.039886039886039885,0.045584045584045586,0.05413105413105413,0.07977207977207977,0.07977207977207977,0.10256410256410256,0.02849002849002849,0.02849002849002849,4.084575414998908,descriptive_only_not_binding_or_solubility_prediction
A0A0T9UVB9,45c5b899834c6a123f494a87ec75f3c694dd51078571365b8034eebb09699cc8,raw_composition_v1,computed_from_input_sequence,366,34,0,28,17,9,29,7,28,33,30,6,15,10,14,23,22,30,20,4,7,0.09289617486338798,0.0,0.07650273224043716,0.04644808743169399,0.02459016393442623,0.07923497267759563,0.01912568306010929,0.07650273224043716,0.09016393442622951,0.08196721311475409,0.01639344262295082,0.040983606557377046,0.0273224043715847,0.03825136612021858,0.06284153005464481,0.060109289617486336,0.08196721311475409,0.0546448087431694,0.01092896174863388,0.01912568306010929,4.038956583398703,descriptive_only_not_binding_or_solubility_prediction
A0A0K1H0L3,ed24635c1c4de459ef2a168824fc492e4b4b64c64b330d05acd8ac2e411d076c,raw_composition_v1,computed_from_input_sequence,375,36,3,28,27,15,33,8,32,9,30,9,11,10,13,27,17,26,31,2,8,0.096,0.008,0.07466666666666667,0.072,0.04,0.088,0.021333333333333333,0.08533333333333333,0.024,0.08,0.024,0.029333333333333333,0.02666666666666667,0.034666666666666665,0.072,0.04533333333333334,0.06933333333333333,0.08266666666666667,0.005333333333333333,0.021333333333333333,4.05412567887568,descriptive_only_not_binding_or_solubility_prediction
A0AA44CIT3,5967bf12430d0d4021fcc8f183931c8a96bada7cacc02f817a0a9bc51b05a264,raw_composition_v1,computed_from_input_sequence,196,27,1,20,16,4,10,2,16,14,7,3,5,8,7,10,12,10,10,6,8,0.1377551020408163,0.00510204081632653,0.10204081632653061,0.08163265306122448,0.02040816326530612,0.05102040816326531,0.01020408163265306,0.08163265306122448,0.07142857142857142,0.03571428571428571,0.015306122448979591,0.025510204081632654,0.04081632653061224,0.03571428571428571,0.05102040816326531,0.061224489795918366,0.05102040816326531,0.05102040816326531,0.030612244897959183,0.04081632653061224,4.037171889733323,descriptive_only_not_binding_or_solubility_prediction
A0ABM9SWE1,51afcba5f09877241cf4155a54f3f3e4ae9d91bef007594f2aa07a789c624a42,raw_composition_v1,computed_from_input_sequence,94,11,0,7,2,3,7,2,7,2,13,6,4,3,3,5,9,6,3,1,0,0.11702127659574468,0.0,0.07446808510638298,0.02127659574468085,0.031914893617021274,0.07446808510638298,0.02127659574468085,0.07446808510638298,0.02127659574468085,0.13829787234042554,0.06382978723404255,0.0425531914893617,0.031914893617021274,0.031914893617021274,0.05319148936170213,0.09574468085106383,0.06382978723404255,0.031914893617021274,0.010638297872340425,0.0,3.9025464792438127,descriptive_only_not_binding_or_solubility_prediction
A0A380PNK7,ca3cfc3ace609af21661f749a78f43f25af81630c8cf904b3afaf0ca239300e4,raw_composition_v1,computed_from_input_sequence,368,32,0,29,19,8,27,6,23,32,32,8,17,11,14,22,21,34,22,4,7,0.08695652173913043,0.0,0.07880434782608696,0.051630434782608696,0.021739130434782608,0.07336956521739131,0.016304347826086956,0.0625,0.08695652173913043,0.08695652173913043,0.021739130434782608,0.04619565217391304,0.029891304347826088,0.03804347826086957,0.059782608695652176,0.057065217391304345,0.09239130434782608,0.059782608695652176,0.010869565217391304,0.019021739130434784,4.046800550251138,descriptive_only_not_binding_or_solubility_prediction
A0A0T9RLY2,f6d6926045a746e72dc51314a87466290b3732b5982d68f8fb9a3321f6c77490,raw_composition_v1,computed_from_input_sequence,211,20,3,10,11,6,23,5,17,5,16,4,12,9,4,9,16,20,17,3,1,0.0947867298578199,0.014218009478672985,0.04739336492890995,0.052132701421800945,0.02843601895734597,0.10900473933649289,0.023696682464454975,0.08056872037914692,0.023696682464454975,0.07582938388625593,0.018957345971563982,0.05687203791469194,0.04265402843601896,0.018957345971563982,0.04265402843601896,0.07582938388625593,0.0947867298578199,0.08056872037914692,0.014218009478672985,0.004739336492890996,4.026867695184227,descriptive_only_not_binding_or_solubility_prediction
A0AA36PKW6,db56134c04605e86e43f2e8235e8066505d6869880200869d8fcac4a87aed5c7,raw_composition_v1,computed_from_input_sequence,302,45,2,19,26,4,14,3,13,6,31,3,9,18,9,21,16,20,33,0,10,0.1490066225165563,0.006622516556291391,0.06291390728476821,0.08609271523178808,0.013245033112582781,0.046357615894039736,0.009933774834437087,0.04304635761589404,0.019867549668874173,0.10264900662251655,0.009933774834437087,0.029801324503311258,0.059602649006622516,0.029801324503311258,0.0695364238410596,0.052980132450331126,0.06622516556291391,0.10927152317880795,0.0,0.033112582781456956,3.8856147381563817,descriptive_only_not_binding_or_solubility_prediction
A0A0T9UVI4,feda69f5b49ebaf2fb9b7b46b9656273e8b3ec36df2a5ec7228a1ea5796866eb,raw_composition_v1,computed_from_input_sequence,211,19,4,9,10,6,21,5,21,6,18,3,10,9,4,8,15,22,17,3,1,0.09004739336492891,0.018957345971563982,0.04265402843601896,0.04739336492890995,0.02843601895734597,0.0995260663507109,0.023696682464454975,0.0995260663507109,0.02843601895734597,0.08530805687203792,0.014218009478672985,0.04739336492890995,0.04265402843601896,0.018957345971563982,0.037914691943127965,0.07109004739336493,0.10426540284360189,0.08056872037914692,0.014218009478672985,0.004739336492890996,4.0145565119553925,descriptive_only_not_binding_or_solubility_prediction
A0AA36LMJ6,1a69d7245a4aa997aa3eb2f7fe99e65984ae5aa0d57aee9942a68570b791fc17,raw_composition_v1,computed_from_input_sequence,378,38,4,26,14,10,44,5,25,7,35,5,14,17,11,16,25,37,27,4,14,0.10052910052910052,0.010582010582010581,0.06878306878306878,0.037037037037037035,0.026455026455026454,0.1164021164021164,0.013227513227513227,0.06613756613756613,0.018518518518518517,0.09259259259259259,0.013227513227513227,0.037037037037037035,0.04497354497354497,0.0291005291005291,0.042328042328042326,0.06613756613756613,0.09788359788359788,0.07142857142857142,0.010582010582010581,0.037037037037037035,4.016642713226638,descriptive_only_not_binding_or_solubility_prediction
A0ABX5QZN1,ff72b1a125cebdc4a63dd5e889113e534563106e882762f9f0b12656696fc607,raw_composition_v1,computed_from_input_sequence,80,10,2,4,3,0,5,0,7,4,9,2,4,4,2,4,9,4,3,1,3,0.125,0.025,0.05,0.0375,0.0,0.0625,0.0,0.0875,0.05,0.1125,0.025,0.05,0.05,0.025,0.05,0.1125,0.05,0.0375,0.0125,0.0375,3.9493816147602914,descriptive_only_not_binding_or_solubility_prediction
A0A208ZGJ5,a5428887a14f44fc5b015cbdb50f43782145bb3ec2f42f327e4344fd10d9a313,raw_composition_v1,computed_from_input_sequence,205,20,0,18,17,1,15,1,11,12,15,2,7,10,10,5,12,18,15,6,10,0.0975609756097561,0.0,0.08780487804878048,0.08292682926829269,0.004878048780487805,0.07317073170731707,0.004878048780487805,0.05365853658536585,0.05853658536585366,0.07317073170731707,0.00975609756097561,0.03414634146341464,0.04878048780487805,0.04878048780487805,0.024390243902439025,0.05853658536585366,0.08780487804878048,0.07317073170731707,0.02926829268292683,0.04878048780487805,3.999604988991224,descriptive_only_not_binding_or_solubility_prediction
A0A857F0P9,d321779cc1a68b90caad664d36ae1ec3b8ac3e07aec46cc339f89df19506d6f4,raw_composition_v1,computed_from_input_sequence,213,17,3,14,10,5,22,4,10,5,24,2,13,9,8,7,13,23,17,4,3,0.07981220657276995,0.014084507042253521,0.06572769953051644,0.046948356807511735,0.023474178403755867,0.10328638497652583,0.018779342723004695,0.046948356807511735,0.023474178403755867,0.11267605633802817,0.009389671361502348,0.06103286384976526,0.04225352112676056,0.03755868544600939,0.03286384976525822,0.06103286384976526,0.107981220657277,0.07981220657276995,0.018779342723004695,0.014084507042253521,4.025671657230731,descriptive_only_not_binding_or_solubility_prediction
A0A0T9KLZ3,49eafbe09e0d542de5ac3bd77e7e1cce33472410c7ca9c46219e663aaec63977,raw_composition_v1,computed_from_input_sequence,315,55,1,11,9,9,25,0,16,11,29,4,25,17,5,12,28,31,18,4,5,0.1746031746031746,0.0031746031746031746,0.03492063492063492,0.02857142857142857,0.02857142857142857,0.07936507936507936,0.0,0.050793650793650794,0.03492063492063492,0.09206349206349207,0.012698412698412698,0.07936507936507936,0.05396825396825397,0.015873015873015872,0.0380952380952381,0.08888888888888889,0.09841269841269841,0.05714285714285714,0.012698412698412698,0.015873015873015872,3.844650682032913,descriptive_only_not_binding_or_solubility_prediction
A0A0T9TRJ0,385d5bff4ae3d6c3ab1a334a5cad1124e2408b3fac5a2e8c0abd35b35fa6e695,raw_composition_v1,computed_from_input_sequence,302,47,2,20,25,4,14,4,15,6,31,3,9,18,9,20,17,16,32,1,9,0.15562913907284767,0.006622516556291391,0.06622516556291391,0.08278145695364239,0.013245033112582781,0.046357615894039736,0.013245033112582781,0.04966887417218543,0.019867549668874173,0.10264900662251655,0.009933774834437087,0.029801324503311258,0.059602649006622516,0.029801324503311258,0.06622516556291391,0.056291390728476824,0.052980132450331126,0.10596026490066225,0.0033112582781456954,0.029801324503311258,3.90753131579432,descriptive_only_not_binding_or_solubility_prediction
A0ABM7ANH7,5ab09089bae818d498d2f434764569592cb2a9cac73a7f04cdbef627ac424299,raw_composition_v1,computed_from_input_sequence,153,16,1,19,9,2,9,1,14,15,12,2,5,7,5,3,9,6,7,5,6,0.10457516339869281,0.006535947712418301,0.12418300653594772,0.058823529411764705,0.013071895424836602,0.058823529411764705,0.006535947712418301,0.0915032679738562,0.09803921568627451,0.0784313725490196,0.013071895424836602,0.032679738562091505,0.0457516339869281,0.032679738562091505,0.0196078431372549,0.058823529411764705,0.0392156862745098,0.0457516339869281,0.032679738562091505,0.0392156862745098,3.9950950094319135,descriptive_only_not_binding_or_solubility_prediction
A0ABN5RBQ6,793cf56b794121107ff6565589ddfc6d12e57c80859d0a5b9624f4bce87281a8,raw_composition_v1,computed_from_input_sequence,468,60,3,27,18,14,35,10,24,8,48,15,18,10,18,32,44,36,34,4,10,0.1282051282051282,0.00641025641025641,0.057692307692307696,0.038461538461538464,0.029914529914529916,0.07478632478632478,0.021367521367521368,0.05128205128205128,0.017094017094017096,0.10256410256410256,0.03205128205128205,0.038461538461538464,0.021367521367521368,0.038461538461538464,0.06837606837606838,0.09401709401709402,0.07692307692307693,0.07264957264957266,0.008547008547008548,0.021367521367521368,4.013017198036393,descriptive_only_not_binding_or_solubility_prediction
A0A0T9RKV0,da09ba43e4286425dce3abccc5702df66f8543d9f005a70cecc8384d53f164a6,raw_composition_v1,computed_from_input_sequence,138,14,0,18,9,2,9,0,13,11,11,1,3,6,5,4,9,6,5,5,7,0.10144927536231885,0.0,0.13043478260869565,0.06521739130434782,0.014492753623188406,0.06521739130434782,0.0,0.09420289855072464,0.07971014492753623,0.07971014492753623,0.007246376811594203,0.021739130434782608,0.043478260869565216,0.036231884057971016,0.028985507246376812,0.06521739130434782,0.043478260869565216,0.036231884057971016,0.036231884057971016,0.050724637681159424,3.931584969038341,descriptive_only_not_binding_or_solubility_prediction
A0A0T9UMV0,1b818921aede7ee5d9191543a224da1ba86f0db2b51ed303980707f2ee2e3cd6,raw_composition_v1,computed_from_input_sequence,302,46,2,20,24,4,13,3,14,6,31,4,9,18,9,21,17,18,33,1,9,0.152317880794702,0.006622516556291391,0.06622516556291391,0.07947019867549669,0.013245033112582781,0.04304635761589404,0.009933774834437087,0.046357615894039736,0.019867549668874173,0.10264900662251655,0.013245033112582781,0.029801324503311258,0.059602649006622516,0.029801324503311258,0.0695364238410596,0.056291390728476824,0.059602649006622516,0.10927152317880795,0.0033112582781456954,0.029801324503311258,3.9082366582783696,descriptive_only_not_binding_or_solubility_prediction
A0ABX5QZY2,23ff8d4eb3a60af2724ab81a8844dcfb722414d1a4dbf76b2b420dd3fcfa790c,raw_composition_v1,computed_from_input_sequence,213,17,3,15,11,5,22,4,12,5,24,2,10,9,9,7,16,21,14,4,3,0.07981220657276995,0.014084507042253521,0.07042253521126761,0.051643192488262914,0.023474178403755867,0.10328638497652583,0.018779342723004695,0.056338028169014086,0.023474178403755867,0.11267605633802817,0.009389671361502348,0.046948356807511735,0.04225352112676056,0.04225352112676056,0.03286384976525822,0.07511737089201878,0.09859154929577464,0.06572769953051644,0.018779342723004695,0.014084507042253521,4.037478508272902,descriptive_only_not_binding_or_solubility_prediction
A0A0T9KZA2,9617d84368cd22d4de90c271ac2e8211ac774b259f955811962d6002634199cb,raw_composition_v1,computed_from_input_sequence,378,43,4,22,14,12,42,3,26,8,33,4,17,17,13,16,26,33,27,4,14,0.11375661375661375,0.010582010582010581,0.0582010582010582,0.037037037037037035,0.031746031746031744,0.1111111111111111,0.007936507936507936,0.06878306878306878,0.021164021164021163,0.0873015873015873,0.010582010582010581,0.04497354497354497,0.04497354497354497,0.03439153439153439,0.042328042328042326,0.06878306878306878,0.0873015873015873,0.07142857142857142,0.010582010582010581,0.037037037037037035,4.019626339921858,descriptive_only_not_binding_or_solubility_prediction
A0AB72ZN12,c86f6fb4c396d96b217b5c24d0a82d4564e869f70cbb8c217999fff366c517a2,raw_composition_v1,computed_from_input_sequence,259,28,1,19,11,11,29,0,16,8,24,1,16,17,9,14,14,17,16,4,4,0.10810810810810811,0.003861003861003861,0.07335907335907337,0.04247104247104247,0.04247104247104247,0.11196911196911197,0.0,0.06177606177606178,0.03088803088803089,0.09266409266409266,0.003861003861003861,0.06177606177606178,0.06563706563706563,0.03474903474903475,0.05405405405405406,0.05405405405405406,0.06563706563706563,0.06177606177606178,0.015444015444015444,0.015444015444015444,3.9687248726588544,descriptive_only_not_binding_or_solubility_prediction
A0ABN4F2B0,cb9c92b4079b30f8a8596dd4c27024ca531374092a5c7e5b6d79e7844dda35c8,raw_composition_v1,computed_from_input_sequence,67,9,0,7,6,0,2,1,4,5,7,2,4,4,1,2,3,3,4,2,1,0.13432835820895522,0.0,0.1044776119402985,0.08955223880597014,0.0,0.029850746268656716,0.014925373134328358,0.05970149253731343,0.07462686567164178,0.1044776119402985,0.029850746268656716,0.05970149253731343,0.05970149253731343,0.014925373134328358,0.029850746268656716,0.04477611940298507,0.04477611940298507,0.05970149253731343,0.029850746268656716,0.014925373134328358,3.909947632176012,descriptive_only_not_binding_or_solubility_prediction
A0ABN4PY35,4c4b21d93084110112763f6af594bfbc56719eea71e58d3bde879784fea621e7,raw_composition_v1,computed_from_input_sequence,213,17,3,14,13,5,24,4,13,6,24,2,11,9,7,7,14,20,13,4,3,0.07981220657276995,0.014084507042253521,0.06572769953051644,0.06103286384976526,0.023474178403755867,0.11267605633802817,0.018779342723004695,0.06103286384976526,0.028169014084507043,0.11267605633802817,0.009389671361502348,0.051643192488262914,0.04225352112676056,0.03286384976525822,0.03286384976525822,0.06572769953051644,0.09389671361502347,0.06103286384976526,0.018779342723004695,0.014084507042253521,4.037799060279255,descriptive_only_not_binding_or_solubility_prediction
A0A380PRL5,c298d4067c11f55e781ce1ac91eca59f811fbc93c28b5b1c0f86f77bdf9d88f5,raw_composition_v1,computed_from_input_sequence,378,47,4,26,13,10,41,3,32,8,31,6,15,18,17,20,26,21,20,5,15,0.12433862433862433,0.010582010582010581,0.06878306878306878,0.03439153439153439,0.026455026455026454,0.10846560846560846,0.007936507936507936,0.08465608465608465,0.021164021164021163,0.082010582010582,0.015873015873015872,0.03968253968253968,0.047619047619047616,0.04497354497354497,0.05291005291005291,0.06878306878306878,0.05555555555555555,0.05291005291005291,0.013227513227513227,0.03968253968253968,4.036328177346795,descriptive_only_not_binding_or_solubility_prediction
A0ABM6UNY7,671ee9cd84eb15f3503c215fcc679bc45525c82d7fc81055287d72a871336aea,raw_composition_v1,computed_from_input_sequence,302,44,2,20,24,4,14,3,15,7,31,3,10,18,9,21,16,17,34,0,10,0.1456953642384106,0.006622516556291391,0.06622516556291391,0.07947019867549669,0.013245033112582781,0.046357615894039736,0.009933774834437087,0.04966887417218543,0.023178807947019868,0.10264900662251655,0.009933774834437087,0.033112582781456956,0.059602649006622516,0.029801324503311258,0.0695364238410596,0.052980132450331126,0.056291390728476824,0.11258278145695365,0.0,0.033112582781456956,3.900437408935792,descriptive_only_not_binding_or_solubility_prediction
A0A380PNL7,b5c2f90d97d9baf48cea47dbd89e02673b329d04001b54337a666491a65f6593,raw_composition_v1,computed_from_input_sequence,118,6,1,9,1,0,10,1,11,2,12,7,4,5,7,9,10,11,6,1,5,0.05084745762711865,0.00847457627118644,0.07627118644067797,0.00847457627118644,0.0,0.0847457627118644,0.00847457627118644,0.09322033898305085,0.01694915254237288,0.1016949152542373,0.059322033898305086,0.03389830508474576,0.0423728813559322,0.059322033898305086,0.07627118644067797,0.0847457627118644,0.09322033898305085,0.05084745762711865,0.00847457627118644,0.0423728813559322,3.949032393355763,descriptive_only_not_binding_or_solubility_prediction
A0A0T9UVN8,865c8018e685d326aba306475a97958119af89b493410a7d0334a68630f5435f,raw_composition_v1,computed_from_input_sequence,163,15,0,14,17,2,10,3,11,9,12,4,8,8,8,2,8,11,10,4,7,0.09202453987730061,0.0,0.08588957055214724,0.10429447852760736,0.012269938650306749,0.06134969325153374,0.018404907975460124,0.06748466257668712,0.05521472392638037,0.0736196319018405,0.024539877300613498,0.049079754601226995,0.049079754601226995,0.049079754601226995,0.012269938650306749,0.049079754601226995,0.06748466257668712,0.06134969325153374,0.024539877300613498,0.04294478527607362,4.061031831346665,descriptive_only_not_binding_or_solubility_prediction
A0A0T9QEH2,b90da7ecd2a730b3b7ed270b4900db0c48f6bbd1e41f0ced0350db06686ebe2a,raw_composition_v1,computed_from_input_sequence,116,11,0,8,3,3,6,1,11,3,10,5,2,6,5,8,11,13,6,1,3,0.09482758620689655,0.0,0.06896551724137931,0.02586206896551724,0.02586206896551724,0.05172413793103448,0.008620689655172414,0.09482758620689655,0.02586206896551724,0.08620689655172414,0.04310344827586207,0.017241379310344827,0.05172413793103448,0.04310344827586207,0.06896551724137931,0.09482758620689655,0.11206896551724138,0.05172413793103448,0.008620689655172414,0.02586206896551724,3.976477575556478,descriptive_only_not_binding_or_solubility_prediction
A0A2R4NRD1,d7ef88922ffae83e7c7a352f35b149d096b877b50df920c4bfbb6f11b14b54fd,raw_composition_v1,computed_from_input_sequence,207,28,0,17,15,3,12,0,10,12,20,2,8,13,7,7,11,17,12,6,7,0.13526570048309178,0.0,0.0821256038647343,0.07246376811594203,0.014492753623188406,0.057971014492753624,0.0,0.04830917874396135,0.057971014492753624,0.0966183574879227,0.00966183574879227,0.03864734299516908,0.06280193236714976,0.033816425120772944,0.033816425120772944,0.05314009661835749,0.0821256038647343,0.057971014492753624,0.028985507246376812,0.033816425120772944,3.9626748500723723,descriptive_only_not_binding_or_solubility_prediction
A0AA36LLP1,1282671a386730f8bf21b50f25ddf3be3c3c36efc33dde2a993a3eea13b9d7e5,raw_composition_v1,computed_from_input_sequence,212,15,3,14,12,5,23,5,17,6,20,3,12,8,7,7,16,21,12,4,2,0.07075471698113207,0.014150943396226415,0.0660377358490566,0.05660377358490566,0.02358490566037736,0.10849056603773585,0.02358490566037736,0.08018867924528301,0.02830188679245283,0.09433962264150944,0.014150943396226415,0.05660377358490566,0.03773584905660377,0.0330188679245283,0.0330188679245283,0.07547169811320754,0.09905660377358491,0.05660377358490566,0.018867924528301886,0.009433962264150943,4.054746875308963,descriptive_only_not_binding_or_solubility_prediction
A0AB73Q6N8,0a193a96537f3dd61bc8953e440164d04a147633ac2235f06e39567d46d365a8,raw_composition_v1,computed_from_input_sequence,156,15,0,12,11,6,4,4,9,7,16,4,11,6,8,7,7,6,14,4,5,0.09615384615384616,0.0,0.07692307692307693,0.07051282051282051,0.038461538461538464,0.02564102564102564,0.02564102564102564,0.057692307692307696,0.04487179487179487,0.10256410256410256,0.02564102564102564,0.07051282051282051,0.038461538461538464,0.05128205128205128,0.04487179487179487,0.04487179487179487,0.038461538461538464,0.08974358974358974,0.02564102564102564,0.03205128205128205,4.1017091590852175,descriptive_only_not_binding_or_solubility_prediction
A0ABW9EZD5,0498423cec4a7b20608beea3dcef2aeae05cba58896056aab6f91ec52f2c05a5,raw_composition_v1,computed_from_input_sequence,302,46,2,20,22,4,12,2,13,4,30,4,12,17,14,19,16,17,38,0,10,0.152317880794702,0.006622516556291391,0.06622516556291391,0.0728476821192053,0.013245033112582781,0.039735099337748346,0.006622516556291391,0.04304635761589404,0.013245033112582781,0.09933774834437085,0.013245033112582781,0.039735099337748346,0.056291390728476824,0.046357615894039736,0.06291390728476821,0.052980132450331126,0.056291390728476824,0.12582781456953643,0.0,0.033112582781456956,3.875460049145397,descriptive_only_not_binding_or_solubility_prediction
A0ABM9TKC9,9d76bc5cbdea0b03d63e1194c7c6796f5de3909ac4f1dc811399db65c3ba01b5,raw_composition_v1,computed_from_input_sequence,117,7,0,9,1,0,9,1,10,3,13,7,6,4,4,10,12,10,6,1,4,0.05982905982905983,0.0,0.07692307692307693,0.008547008547008548,0.0,0.07692307692307693,0.008547008547008548,0.08547008547008547,0.02564102564102564,0.1111111111111111,0.05982905982905983,0.05128205128205128,0.03418803418803419,0.03418803418803419,0.08547008547008547,0.10256410256410256,0.08547008547008547,0.05128205128205128,0.008547008547008548,0.03418803418803419,3.905243645765504,descriptive_only_not_binding_or_solubility_prediction
A0ABX5QX18,d53fb728661ce7b452fe832c843f07a3a9d77ace15a93d0bbd08855cd84a69b5,raw_composition_v1,computed_from_input_sequence,216,23,2,9,12,5,26,5,15,11,12,5,17,4,9,10,11,20,13,1,6,0.10648148148148148,0.009259259259259259,0.041666666666666664,0.05555555555555555,0.023148148148148147,0.12037037037037036,0.023148148148148147,0.06944444444444445,0.05092592592592592,0.05555555555555555,0.023148148148148147,0.0787037037037037,0.018518518518518517,0.041666666666666664,0.046296296296296294,0.05092592592592592,0.09259259259259259,0.06018518518518518,0.004629629629629629,0.027777777777777776,4.043539881053535,descriptive_only_not_binding_or_solubility_prediction
A0AAV3BF90,b2f3ba8bd648714615a04e6363dbe12abeb9543f7b6b2a878e93c4b55f9312c4,raw_composition_v1,computed_from_input_sequence,139,13,0,18,9,2,9,0,12,14,12,1,3,6,5,4,9,6,4,5,7,0.09352517985611511,0.0,0.12949640287769784,0.06474820143884892,0.014388489208633094,0.06474820143884892,0.0,0.08633093525179857,0.10071942446043165,0.08633093525179857,0.007194244604316547,0.02158273381294964,0.04316546762589928,0.03597122302158273,0.02877697841726619,0.06474820143884892,0.04316546762589928,0.02877697841726619,0.03597122302158273,0.050359712230215826,3.919375509838999,descriptive_only_not_binding_or_solubility_prediction
A0A0T9QWS2,b7f63173cccee733bbc82379eabd669a83d1315bba0492175fbb4a72cbcb13ae,raw_composition_v1,computed_from_input_sequence,172,20,1,10,7,5,21,6,12,3,14,4,6,10,3,11,10,12,12,3,2,0.11627906976744186,0.005813953488372093,0.05813953488372093,0.040697674418604654,0.029069767441860465,0.12209302325581395,0.03488372093023256,0.06976744186046512,0.01744186046511628,0.08139534883720931,0.023255813953488372,0.03488372093023256,0.05813953488372093,0.01744186046511628,0.06395348837209303,0.05813953488372093,0.06976744186046512,0.06976744186046512,0.01744186046511628,0.011627906976744186,4.023382343036489,descriptive_only_not_binding_or_solubility_prediction
A0ABP1YDG7,5b434d932747ddb9a8a2ba064c6d43fac08bcc9dca32b5d3728405d1c26d5606,raw_composition_v1,computed_from_input_sequence,178,14,3,7,12,7,12,4,9,4,22,1,7,9,4,8,14,21,14,4,2,0.07865168539325842,0.016853932584269662,0.03932584269662921,0.06741573033707865,0.03932584269662921,0.06741573033707865,0.02247191011235955,0.05056179775280899,0.02247191011235955,0.12359550561797752,0.0056179775280898875,0.03932584269662921,0.05056179775280899,0.02247191011235955,0.0449438202247191,0.07865168539325842,0.11797752808988764,0.07865168539325842,0.02247191011235955,0.011235955056179775,4.020328042632485,descriptive_only_not_binding_or_solubility_prediction
A0ABR4W6J9,e62839b7cc06390b37ba1d649a09e462e091cb2e01a2932476e5fd9c8f59e3e0,raw_composition_v1,computed_from_input_sequence,192,15,1,9,21,5,6,2,12,13,14,3,8,9,13,5,14,16,9,5,12,0.078125,0.005208333333333333,0.046875,0.109375,0.026041666666666668,0.03125,0.010416666666666666,0.0625,0.06770833333333333,0.07291666666666667,0.015625,0.041666666666666664,0.046875,0.06770833333333333,0.026041666666666668,0.07291666666666667,0.08333333333333333,0.046875,0.026041666666666668,0.0625,4.093399717972124,descriptive_only_not_binding_or_solubility_prediction
A0A0T9UVJ2,14d092d132c9a102b1d77eb29e5b65ad98df7fc4dcc263fe54bc89d0b878f13f,raw_composition_v1,computed_from_input_sequence,163,18,3,5,8,3,16,2,16,5,13,7,8,9,9,11,9,12,5,2,2,0.11042944785276074,0.018404907975460124,0.03067484662576687,0.049079754601226995,0.018404907975460124,0.09815950920245399,0.012269938650306749,0.09815950920245399,0.03067484662576687,0.07975460122699386,0.04294478527607362,0.049079754601226995,0.05521472392638037,0.05521472392638037,0.06748466257668712,0.05521472392638037,0.0736196319018405,0.03067484662576687,0.012269938650306749,0.012269938650306749,4.061514534007501,descriptive_only_not_binding_or_solubility_prediction
A0A0T9RMJ4,47100f0188f152f1b8d0ccda1445e673e7822d11ac9ab42ffe7e9ee5edb2ddec,raw_composition_v1,computed_from_input_sequence,119,13,1,6,8,1,7,1,6,5,10,4,2,9,9,5,8,7,10,3,4,0.1092436974789916,0.008403361344537815,0.05042016806722689,0.06722689075630252,0.008403361344537815,0.058823529411764705,0.008403361344537815,0.05042016806722689,0.04201680672268908,0.08403361344537816,0.03361344537815126,0.01680672268907563,0.07563025210084033,0.07563025210084033,0.04201680672268908,0.06722689075630252,0.058823529411764705,0.08403361344537816,0.025210084033613446,0.03361344537815126,4.072131917694158,descriptive_only_not_binding_or_solubility_prediction
A0A0T9RLS7,e9dd7b69ad46135ef4d2f42084dd17ae4e2f39a4d7b403c7a7f658fbf28f4ce9,raw_composition_v1,computed_from_input_sequence,118,7,0,9,1,0,9,1,10,3,13,7,6,4,5,10,12,10,6,1,4,0.059322033898305086,0.0,0.07627118644067797,0.00847457627118644,0.0,0.07627118644067797,0.00847457627118644,0.0847457627118644,0.025423728813559324,0.11016949152542373,0.059322033898305086,0.05084745762711865,0.03389830508474576,0.0423728813559322,0.0847457627118644,0.1016949152542373,0.0847457627118644,0.05084745762711865,0.00847457627118644,0.03389830508474576,3.9120599467251362,descriptive_only_not_binding_or_solubility_prediction
A0ABP1YU38,18e8473b19cb888faa175950c0a04a33ecc83bdf0b8fd8aff0ea543e48b658f9,raw_composition_v1,computed_from_input_sequence,213,16,4,10,15,4,21,4,12,7,16,3,9,10,8,8,15,18,26,4,3,0.07511737089201878,0.018779342723004695,0.046948356807511735,0.07042253521126761,0.018779342723004695,0.09859154929577464,0.018779342723004695,0.056338028169014086,0.03286384976525822,0.07511737089201878,0.014084507042253521,0.04225352112676056,0.046948356807511735,0.03755868544600939,0.03755868544600939,0.07042253521126761,0.08450704225352113,0.12206572769953052,0.018779342723004695,0.014084507042253521,4.063985851106817,descriptive_only_not_binding_or_solubility_prediction
A0A0T9UMT9,b9d682477704d325c25bab402cbc084bd48f7549dcf2f73a25691bbcc05618b7,raw_composition_v1,computed_from_input_sequence,204,23,0,16,9,2,7,10,14,8,19,5,5,12,18,4,9,14,17,5,7,0.11274509803921569,0.0,0.0784313725490196,0.04411764705882353,0.00980392156862745,0.03431372549019608,0.049019607843137254,0.06862745098039216,0.0392156862745098,0.09313725490196079,0.024509803921568627,0.024509803921568627,0.058823529411764705,0.08823529411764706,0.0196078431372549,0.04411764705882353,0.06862745098039216,0.08333333333333333,0.024509803921568627,0.03431372549019608,4.038438208612791,descriptive_only_not_binding_or_solubility_prediction
A0ABN4PP01,295d2ac99c53ae09db3b74c76ce194ba0a462a4ccc1d677fd9d1461075fce09f,raw_composition_v1,computed_from_input_sequence,140,14,0,13,12,2,7,1,8,11,10,6,3,8,3,7,12,9,6,4,4,0.1,0.0,0.09285714285714286,0.08571428571428572,0.014285714285714285,0.05,0.007142857142857143,0.05714285714285714,0.07857142857142857,0.07142857142857142,0.04285714285714286,0.02142857142857143,0.05714285714285714,0.02142857142857143,0.05,0.08571428571428572,0.06428571428571428,0.04285714285714286,0.02857142857142857,0.02857142857142857,4.0358370672978205,descriptive_only_not_binding_or_solubility_prediction
A0A0T9QQ84,54dc200893f57cde896b814006c42408f6e624182b166abde5cbeb4362b63e8d,raw_composition_v1,computed_from_input_sequence,115,12,2,12,14,2,3,2,10,11,6,3,2,8,2,2,4,5,6,2,7,0.10434782608695652,0.017391304347826087,0.10434782608695652,0.12173913043478261,0.017391304347826087,0.02608695652173913,0.017391304347826087,0.08695652173913043,0.09565217391304348,0.05217391304347826,0.02608695652173913,0.017391304347826087,0.06956521739130435,0.017391304347826087,0.017391304347826087,0.034782608695652174,0.043478260869565216,0.05217391304347826,0.017391304347826087,0.06086956521739131,3.9897896368416017,descriptive_only_not_binding_or_solubility_prediction
A0A0H5LRG1,5b56bced8fc752d3a5c64f300e17bb4765cf337037bfc259a1e3dbd8cab67d46,raw_composition_v1,computed_from_input_sequence,302,47,2,19,23,3,12,2,14,4,31,4,12,17,14,19,16,17,35,0,11,0.15562913907284767,0.006622516556291391,0.06291390728476821,0.076158940397351,0.009933774834437087,0.039735099337748346,0.006622516556291391,0.046357615894039736,0.013245033112582781,0.10264900662251655,0.013245033112582781,0.039735099337748346,0.056291390728476824,0.046357615894039736,0.06291390728476821,0.052980132450331126,0.056291390728476824,0.11589403973509933,0.0,0.03642384105960265,3.873963522475114,descriptive_only_not_binding_or_solubility_prediction
A0A0H5LRI4,3068d1c0d9b71501b38d72933805558fba39b8285038f49ce94637a749653b5a,raw_composition_v1,computed_from_input_sequence,212,23,3,11,12,2,23,4,15,7,16,3,13,10,6,8,12,23,13,4,4,0.10849056603773585,0.014150943396226415,0.05188679245283019,0.05660377358490566,0.009433962264150943,0.10849056603773585,0.018867924528301886,0.07075471698113207,0.0330188679245283,0.07547169811320754,0.014150943396226415,0.06132075471698113,0.04716981132075472,0.02830188679245283,0.03773584905660377,0.05660377358490566,0.10849056603773585,0.06132075471698113,0.018867924528301886,0.018867924528301886,4.034883993204809,descriptive_only_not_binding_or_solubility_prediction
A0A0T9QYU5,56e4cf8035cfd4793eb64d8039eee543e45ff64a670a8a2caf63bc6087cd69d1,raw_composition_v1,computed_from_input_sequence,216,22,2,10,9,5,29,6,13,9,13,5,15,4,11,10,11,20,15,1,6,0.10185185185185185,0.009259259259259259,0.046296296296296294,0.041666666666666664,0.023148148148148147,0.13425925925925927,0.027777777777777776,0.06018518518518518,0.041666666666666664,0.06018518518518518,0.023148148148148147,0.06944444444444445,0.018518518518518517,0.05092592592592592,0.046296296296296294,0.05092592592592592,0.09259259259259259,0.06944444444444445,0.004629629629629629,0.027777777777777776,4.038733819766949,descriptive_only_not_binding_or_solubility_prediction
A0A0T9KZ32,5b5934b26e3a844a8621fae65f602e20a72193e6418b0587be76ff81e363dbf4,raw_composition_v1,computed_from_input_sequence,468,61,3,22,20,16,30,7,25,7,43,11,21,13,17,30,47,41,40,5,9,0.13034188034188035,0.00641025641025641,0.04700854700854701,0.042735042735042736,0.03418803418803419,0.0641025641025641,0.014957264957264958,0.053418803418803416,0.014957264957264958,0.09188034188034189,0.023504273504273504,0.04487179487179487,0.027777777777777776,0.03632478632478633,0.0641025641025641,0.10042735042735043,0.0876068376068376,0.08547008547008547,0.010683760683760684,0.019230769230769232,3.998902086539174,descriptive_only_not_binding_or_solubility_prediction
A0A2G4U3T2,870c5e2ef77925350d91073cf0362b16e448626c1ab0914401f1c187637add93,raw_composition_v1,computed_from_input_sequence,207,27,0,17,12,2,12,0,12,15,18,2,9,13,9,7,8,17,13,6,8,0.13043478260869565,0.0,0.0821256038647343,0.057971014492753624,0.00966183574879227,0.057971014492753624,0.0,0.057971014492753624,0.07246376811594203,0.08695652173913043,0.00966183574879227,0.043478260869565216,0.06280193236714976,0.043478260869565216,0.033816425120772944,0.03864734299516908,0.0821256038647343,0.06280193236714976,0.028985507246376812,0.03864734299516908,3.971227535744077,descriptive_only_not_binding_or_solubility_prediction
A0A0U1HXL6,2c0c69b3a4e644c94b18e6d38e3494efa2f4b0d266685032089d8a35a8cbd264,raw_composition_v1,computed_from_input_sequence,108,10,0,7,7,2,4,1,8,10,9,3,2,7,6,4,9,3,10,1,5,0.09259259259259259,0.0,0.06481481481481481,0.06481481481481481,0.018518518518518517,0.037037037037037035,0.009259259259259259,0.07407407407407407,0.09259259259259259,0.08333333333333333,0.027777777777777776,0.018518518518518517,0.06481481481481481,0.05555555555555555,0.037037037037037035,0.08333333333333333,0.027777777777777776,0.09259259259259259,0.009259259259259259,0.046296296296296294,4.011367717729367,descriptive_only_not_binding_or_solubility_prediction
A0ABN4PNK0,72b12f998aac2f9752e502ac5cde6131149dc3ed63bc0be49ec905cf7a54c8b3,raw_composition_v1,computed_from_input_sequence,625,52,10,40,38,19,53,14,35,40,52,10,16,35,20,45,41,30,37,15,23,0.0832,0.016,0.064,0.0608,0.0304,0.0848,0.0224,0.056,0.064,0.0832,0.016,0.0256,0.056,0.032,0.072,0.0656,0.048,0.0592,0.024,0.0368,4.166214247756829,descriptive_only_not_binding_or_solubility_prediction
A0AA44CMJ2,13887a9987f1c03e6e77d6b329178678d665cc51f8ddc8c4c73b0be30702c287,raw_composition_v1,computed_from_input_sequence,198,29,1,19,14,6,12,2,15,13,6,3,5,9,6,11,10,13,9,6,9,0.14646464646464646,0.005050505050505051,0.09595959595959595,0.0707070707070707,0.030303030303030304,0.06060606060606061,0.010101010101010102,0.07575757575757576,0.06565656565656566,0.030303030303030304,0.015151515151515152,0.025252525252525252,0.045454545454545456,0.030303030303030304,0.05555555555555555,0.050505050505050504,0.06565656565656566,0.045454545454545456,0.030303030303030304,0.045454545454545456,4.0435282669274955,descriptive_only_not_binding_or_solubility_prediction
A0A0T9RLV1,504f553f42cc70cba864ed9c95e45f3952d913de8a418c8a5bcae255bcd9b202,raw_composition_v1,computed_from_input_sequence,153,14,1,20,8,2,8,1,14,14,11,2,5,7,7,4,10,7,7,5,6,0.0915032679738562,0.006535947712418301,0.13071895424836602,0.05228758169934641,0.013071895424836602,0.05228758169934641,0.006535947712418301,0.0915032679738562,0.0915032679738562,0.0718954248366013,0.013071895424836602,0.032679738562091505,0.0457516339869281,0.0457516339869281,0.026143790849673203,0.06535947712418301,0.0457516339869281,0.0457516339869281,0.032679738562091505,0.0392156862745098,4.0223846325693575,descriptive_only_not_binding_or_solubility_prediction
A0AA36LNC2,51750ed0fa378038d3c8858b904db2df966488f92b93a8992e6820d3b8417ab7,raw_composition_v1,computed_from_input_sequence,146,13,0,14,14,1,11,1,7,12,11,3,7,7,4,2,7,8,13,5,6,0.08904109589041095,0.0,0.0958904109589041,0.0958904109589041,0.00684931506849315,0.07534246575342465,0.00684931506849315,0.04794520547945205,0.0821917808219178,0.07534246575342465,0.02054794520547945,0.04794520547945205,0.04794520547945205,0.0273972602739726,0.0136986301369863,0.04794520547945205,0.0547945205479452,0.08904109589041095,0.03424657534246575,0.0410958904109589,3.995135128013607,descriptive_only_not_binding_or_solubility_prediction
A0A0T9RPC1,c8298119d74bf382f84c237ab7ddc1a77760023ca336cf3f429805c221e2b9d9,raw_composition_v1,computed_from_input_sequence,195,24,3,15,9,7,27,0,20,4,7,4,8,8,6,7,10,15,13,3,5,0.12307692307692308,0.015384615384615385,0.07692307692307693,0.046153846153846156,0.035897435897435895,0.13846153846153847,0.0,0.10256410256410256,0.020512820512820513,0.035897435897435895,0.020512820512820513,0.041025641025641026,0.041025641025641026,0.03076923076923077,0.035897435897435895,0.05128205128205128,0.07692307692307693,0.06666666666666667,0.015384615384615385,0.02564102564102564,3.958590270233133,descriptive_only_not_binding_or_solubility_prediction
A0AA36LUV4,64c3891309545acad44c8973de43834997b38c0ccd1d6747b220cca332a35a32,raw_composition_v1,computed_from_input_sequence,213,17,3,13,11,5,22,5,14,4,22,2,11,9,7,7,17,24,13,4,3,0.07981220657276995,0.014084507042253521,0.06103286384976526,0.051643192488262914,0.023474178403755867,0.10328638497652583,0.023474178403755867,0.06572769953051644,0.018779342723004695,0.10328638497652583,0.009389671361502348,0.051643192488262914,0.04225352112676056,0.03286384976525822,0.03286384976525822,0.07981220657276995,0.11267605633802817,0.06103286384976526,0.018779342723004695,0.014084507042253521,4.0285543389800935,descriptive_only_not_binding_or_solubility_prediction
A0A0H3B0N5,1ac46169ffa426d7b15303ecdda8dbf44c5ce52c1679c0a3296100949393ca49,raw_composition_v1,computed_from_input_sequence,394,44,2,24,22,16,28,7,27,7,40,6,25,18,11,19,20,27,35,5,11,0.1116751269035533,0.005076142131979695,0.06091370558375635,0.05583756345177665,0.04060913705583756,0.07106598984771574,0.017766497461928935,0.06852791878172589,0.017766497461928935,0.10152284263959391,0.015228426395939087,0.06345177664974619,0.04568527918781726,0.027918781725888325,0.048223350253807105,0.050761421319796954,0.06852791878172589,0.08883248730964467,0.012690355329949238,0.027918781725888325,4.056144208818118,descriptive_only_not_binding_or_solubility_prediction
A0ABP1YU19,28b4cb07375ccdda566835bef39da5ee6c8cd1a41b41929f74e172b3a1e23d70,raw_composition_v1,computed_from_input_sequence,198,23,0,16,8,2,7,10,14,8,18,5,5,10,17,4,9,14,17,4,7,0.11616161616161616,0.0,0.08080808080808081,0.04040404040404041,0.010101010101010102,0.03535353535353535,0.050505050505050504,0.0707070707070707,0.04040404040404041,0.09090909090909091,0.025252525252525252,0.025252525252525252,0.050505050505050504,0.08585858585858586,0.020202020202020204,0.045454545454545456,0.0707070707070707,0.08585858585858586,0.020202020202020204,0.03535353535353535,4.032536487737158,descriptive_only_not_binding_or_solubility_prediction
A0A0T9KKL7,9e1f1029631b90f198e2651709f25f38289b7a63c16e73f4cf9b6694b6dab0bd,raw_composition_v1,computed_from_input_sequence,145,19,0,7,15,4,4,1,8,3,16,4,9,10,6,9,5,11,10,2,2,0.1310344827586207,0.0,0.04827586206896552,0.10344827586206896,0.027586206896551724,0.027586206896551724,0.006896551724137931,0.05517241379310345,0.020689655172413793,0.1103448275862069,0.027586206896551724,0.06206896551724138,0.06896551724137931,0.041379310344827586,0.06206896551724138,0.034482758620689655,0.07586206896551724,0.06896551724137931,0.013793103448275862,0.013793103448275862,3.9496282013693795,descriptive_only_not_binding_or_solubility_prediction
A0ABP2E0A1,04196bdc6e5484537580ab20de07360aaa0ba49a548a8d15eaa2fb85829bcd89,raw_composition_v1,computed_from_input_sequence,86,11,1,6,5,0,10,0,7,3,9,2,4,4,5,3,4,3,6,2,1,0.12790697674418605,0.011627906976744186,0.06976744186046512,0.05813953488372093,0.0,0.11627906976744186,0.0,0.08139534883720931,0.03488372093023256,0.10465116279069768,0.023255813953488372,0.046511627906976744,0.046511627906976744,0.05813953488372093,0.03488372093023256,0.046511627906976744,0.03488372093023256,0.06976744186046512,0.023255813953488372,0.011627906976744186,3.9151329909197043,descriptive_only_not_binding_or_solubility_prediction
A0ABW9EZ05,ad1fc7c5717f0800777beb95db911c3426d9c77ff8ae6a660d3e60a1837b4976,raw_composition_v1,computed_from_input_sequence,212,22,3,12,12,2,21,5,18,6,15,3,12,10,7,9,13,21,13,4,4,0.10377358490566038,0.014150943396226415,0.05660377358490566,0.05660377358490566,0.009433962264150943,0.09905660377358491,0.02358490566037736,0.08490566037735849,0.02830188679245283,0.07075471698113207,0.014150943396226415,0.05660377358490566,0.04716981132075472,0.0330188679245283,0.04245283018867924,0.06132075471698113,0.09905660377358491,0.06132075471698113,0.018867924528301886,0.018867924528301886,4.06024970020567,descriptive_only_not_binding_or_solubility_prediction
A0ABM6UY29,d512c4fd34070a86425b1b449cafe256e9c14545ba2052523d4f0fbe2d2bd876,raw_composition_v1,computed_from_input_sequence,198,13,2,17,11,3,22,6,8,11,12,7,12,5,6,8,13,16,20,2,4,0.06565656565656566,0.010101010101010102,0.08585858585858586,0.05555555555555555,0.015151515151515152,0.1111111111111111,0.030303030303030304,0.04040404040404041,0.05555555555555555,0.06060606060606061,0.03535353535353535,0.06060606060606061,0.025252525252525252,0.030303030303030304,0.04040404040404041,0.06565656565656566,0.08080808080808081,0.10101010101010101,0.010101010101010102,0.020202020202020204,4.076697445596389,descriptive_only_not_binding_or_solubility_prediction
A0A380PUP1,e992dbbb1dd75a815251518092a95af77f1d18f3c2e892f5b072c7dcb72b2279,raw_composition_v1,computed_from_input_sequence,188,14,0,11,14,6,15,6,12,12,12,9,13,7,8,10,11,10,14,0,4,0.07446808510638298,0.0,0.05851063829787234,0.07446808510638298,0.031914893617021274,0.0797872340425532,0.031914893617021274,0.06382978723404255,0.06382978723404255,0.06382978723404255,0.047872340425531915,0.06914893617021277,0.03723404255319149,0.0425531914893617,0.05319148936170213,0.05851063829787234,0.05319148936170213,0.07446808510638298,0.0,0.02127659574468085,4.100210931432166,descriptive_only_not_binding_or_solubility_prediction
A0A380QEC0,363c4da2d70bf6f4d9a4174e131530d0a5b7461691ce42b369d91a084a153673,raw_composition_v1,computed_from_input_sequence,116,15,1,6,7,1,7,0,5,4,9,4,3,11,9,5,5,8,9,3,4,0.12931034482758622,0.008620689655172414,0.05172413793103448,0.0603448275862069,0.008620689655172414,0.0603448275862069,0.0,0.04310344827586207,0.034482758620689655,0.07758620689655173,0.034482758620689655,0.02586206896551724,0.09482758620689655,0.07758620689655173,0.04310344827586207,0.04310344827586207,0.06896551724137931,0.07758620689655173,0.02586206896551724,0.034482758620689655,4.01835580444782,descriptive_only_not_binding_or_solubility_prediction
A0A857EZE8,ed8e177513da445849f2065206a1f029169383ec9055c6f4fd3c640cfd0c5528,raw_composition_v1,computed_from_input_sequence,139,19,0,12,11,4,4,1,7,10,9,4,7,10,7,4,7,3,11,4,5,0.1366906474820144,0.0,0.08633093525179857,0.07913669064748201,0.02877697841726619,0.02877697841726619,0.007194244604316547,0.050359712230215826,0.07194244604316546,0.06474820143884892,0.02877697841726619,0.050359712230215826,0.07194244604316546,0.050359712230215826,0.02877697841726619,0.050359712230215826,0.02158273381294964,0.07913669064748201,0.02877697841726619,0.03597122302158273,4.027027252010962,descriptive_only_not_binding_or_solubility_prediction
A0A3G5LJP4,1bfa78d7f6db324dd179c6f4e35a6de9dcfc099e7d657d894d46dc1f4b50e456,raw_composition_v1,computed_from_input_sequence,202,15,1,14,24,6,12,1,10,14,20,4,10,11,6,4,9,18,12,4,7,0.07425742574257425,0.0049504950495049506,0.06930693069306931,0.1188118811881188,0.0297029702970297,0.0594059405940594,0.0049504950495049506,0.04950495049504951,0.06930693069306931,0.09900990099009901,0.019801980198019802,0.04950495049504951,0.054455445544554455,0.0297029702970297,0.019801980198019802,0.04455445544554455,0.0891089108910891,0.0594059405940594,0.019801980198019802,0.034653465346534656,4.041986839737634,descriptive_only_not_binding_or_solubility_prediction
A0A085U312,3bd27427e4e30ca8f45d8c057d4e1f43db2146a37ea53ef2c0f150429ed7def3,raw_composition_v1,computed_from_input_sequence,318,17,1,14,13,12,38,9,19,18,21,8,20,12,11,11,32,30,23,1,8,0.05345911949685535,0.0031446540880503146,0.0440251572327044,0.040880503144654086,0.03773584905660377,0.11949685534591195,0.02830188679245283,0.059748427672955975,0.05660377358490566,0.0660377358490566,0.025157232704402517,0.06289308176100629,0.03773584905660377,0.03459119496855346,0.03459119496855346,0.10062893081761007,0.09433962264150944,0.07232704402515723,0.0031446540880503146,0.025157232704402517,4.052858228516683,descriptive_only_not_binding_or_solubility_prediction
A0ABM6BL24,bbe26ef8021f0060b33784d621044595dcbfce7a6a710e750238a792f66a3a99,raw_composition_v1,computed_from_input_sequence,196,19,2,6,11,6,22,7,14,7,17,3,7,9,4,10,12,19,17,3,1,0.09693877551020408,0.01020408163265306,0.030612244897959183,0.05612244897959184,0.030612244897959183,0.11224489795918367,0.03571428571428571,0.07142857142857142,0.03571428571428571,0.08673469387755102,0.015306122448979591,0.03571428571428571,0.04591836734693878,0.02040816326530612,0.05102040816326531,0.061224489795918366,0.09693877551020408,0.08673469387755102,0.015306122448979591,0.00510204081632653,4.022306125829984,descriptive_only_not_binding_or_solubility_prediction
A0ABM9SU56,d167f3af1c9d44006f46bbc5453c56cc92272f8a6c11a539bc867f4b14ee3c10,raw_composition_v1,computed_from_input_sequence,155,13,0,12,17,5,5,5,11,8,15,5,9,7,9,6,4,5,11,4,4,0.08387096774193549,0.0,0.07741935483870968,0.10967741935483871,0.03225806451612903,0.03225806451612903,0.03225806451612903,0.07096774193548387,0.05161290322580645,0.0967741935483871,0.03225806451612903,0.05806451612903226,0.04516129032258064,0.05806451612903226,0.03870967741935484,0.025806451612903226,0.03225806451612903,0.07096774193548387,0.025806451612903226,0.025806451612903226,4.091665688843476,descriptive_only_not_binding_or_solubility_prediction
A0ABM5Q170,789217e78c747a9b2d866844335e60989ecfc8869020dfcea44b9e250739d870,raw_composition_v1,computed_from_input_sequence,154,14,1,20,8,2,8,1,14,14,12,3,5,7,6,4,10,7,7,5,6,0.09090909090909091,0.006493506493506494,0.12987012987012986,0.05194805194805195,0.012987012987012988,0.05194805194805195,0.006493506493506494,0.09090909090909091,0.09090909090909091,0.07792207792207792,0.01948051948051948,0.032467532467532464,0.045454545454545456,0.03896103896103896,0.025974025974025976,0.06493506493506493,0.045454545454545456,0.045454545454545456,0.032467532467532464,0.03896103896103896,4.029549713392338,descriptive_only_not_binding_or_solubility_prediction
A0ABM6BR49,1f06b9881f88d6d4fec571f686b1d003e27dfb1fb5508c3d5411212d5af59f63,raw_composition_v1,computed_from_input_sequence,140,13,0,12,12,1,5,0,6,12,10,3,6,12,2,8,8,8,9,7,6,0.09285714285714286,0.0,0.08571428571428572,0.08571428571428572,0.007142857142857143,0.03571428571428571,0.0,0.04285714285714286,0.08571428571428572,0.07142857142857142,0.02142857142857143,0.04285714285714286,0.08571428571428572,0.014285714285714285,0.05714285714285714,0.05714285714285714,0.05714285714285714,0.06428571428571428,0.05,0.04285714285714286,3.9972983042571917,descriptive_only_not_binding_or_solubility_prediction
A0A0T9QWQ1,79cefbcd8bbb1a34b4734c51cca85bc4e9cbd9af10eaa6fc230358af6126727d,raw_composition_v1,computed_from_input_sequence,196,36,1,5,9,4,5,4,13,4,18,4,8,16,9,13,13,14,13,2,5,0.1836734693877551,0.00510204081632653,0.025510204081632654,0.04591836734693878,0.02040816326530612,0.025510204081632654,0.02040816326530612,0.0663265306122449,0.02040816326530612,0.09183673469387756,0.02040816326530612,0.04081632653061224,0.08163265306122448,0.04591836734693878,0.0663265306122449,0.0663265306122449,0.07142857142857142,0.0663265306122449,0.01020408163265306,0.025510204081632654,3.937213130955514,descriptive_only_not_binding_or_solubility_prediction
A0A0H2YGI6,b2f3ba8bd648714615a04e6363dbe12abeb9543f7b6b2a878e93c4b55f9312c4,raw_composition_v1,computed_from_input_sequence,139,13,0,18,9,2,9,0,12,14,12,1,3,6,5,4,9,6,4,5,7,0.09352517985611511,0.0,0.12949640287769784,0.06474820143884892,0.014388489208633094,0.06474820143884892,0.0,0.08633093525179857,0.10071942446043165,0.08633093525179857,0.007194244604316547,0.02158273381294964,0.04316546762589928,0.03597122302158273,0.02877697841726619,0.06474820143884892,0.04316546762589928,0.02877697841726619,0.03597122302158273,0.050359712230215826,3.919375509838999,descriptive_only_not_binding_or_solubility_prediction
A0A0H3B4F8,0438e74aac7afa41d6e57fbbbca6f6e88e94957f851f324d0f150e5d144ff7ac,raw_composition_v1,computed_from_input_sequence,119,9,1,4,4,4,12,2,11,3,14,4,6,3,4,12,7,5,9,4,1,0.07563025210084033,0.008403361344537815,0.03361344537815126,0.03361344537815126,0.03361344537815126,0.10084033613445378,0.01680672268907563,0.09243697478991597,0.025210084033613446,0.11764705882352941,0.03361344537815126,0.05042016806722689,0.025210084033613446,0.03361344537815126,0.10084033613445378,0.058823529411764705,0.04201680672268908,0.07563025210084033,0.03361344537815126,0.008403361344537815,4.031497244866094,descriptive_only_not_binding_or_solubility_prediction
A0AB73P3H5,583fc8e3c8fd719883269082a8e50ab47ac63e3c03ee9732412bb232f0986397,raw_composition_v1,computed_from_input_sequence,211,20,3,9,9,5,23,5,15,7,18,4,11,8,4,9,16,19,21,4,1,0.0947867298578199,0.014218009478672985,0.04265402843601896,0.04265402843601896,0.023696682464454975,0.10900473933649289,0.023696682464454975,0.07109004739336493,0.03317535545023697,0.08530805687203792,0.018957345971563982,0.052132701421800945,0.037914691943127965,0.018957345971563982,0.04265402843601896,0.07582938388625593,0.09004739336492891,0.0995260663507109,0.018957345971563982,0.004739336492890996,4.0227145430658435,descriptive_only_not_binding_or_solubility_prediction
A0A0T9JTP2,3befcea1f109117104e11a14f9f55e49f578810bdae1f5998f67702baa3dc17d,raw_composition_v1,computed_from_input_sequence,302,44,2,19,22,7,16,4,19,4,32,3,9,17,13,21,20,17,21,0,12,0.1456953642384106,0.006622516556291391,0.06291390728476821,0.0728476821192053,0.023178807947019868,0.052980132450331126,0.013245033112582781,0.06291390728476821,0.013245033112582781,0.10596026490066225,0.009933774834437087,0.029801324503311258,0.056291390728476824,0.04304635761589404,0.0695364238410596,0.06622516556291391,0.056291390728476824,0.0695364238410596,0.0,0.039735099337748346,3.9480261767028266,descriptive_only_not_binding_or_solubility_prediction
A0A0T9R7L9,3d7244fb3c7ee7c2b94f9659d4ae4831443f49efbc452653f7bafae8ad437dd4,raw_composition_v1,computed_from_input_sequence,137,19,2,8,9,6,6,2,6,7,9,4,4,7,8,3,3,12,14,4,4,0.1386861313868613,0.014598540145985401,0.058394160583941604,0.06569343065693431,0.043795620437956206,0.043795620437956206,0.014598540145985401,0.043795620437956206,0.051094890510948905,0.06569343065693431,0.029197080291970802,0.029197080291970802,0.051094890510948905,0.058394160583941604,0.021897810218978103,0.021897810218978103,0.08759124087591241,0.10218978102189781,0.029197080291970802,0.029197080291970802,4.08026667693889,descriptive_only_not_binding_or_solubility_prediction
A0A0H3AZK0,2f42b9dbea35f69b4a9591363691353941c662e3bc7c07ad7999851a79d947b3,raw_composition_v1,computed_from_input_sequence,216,21,2,8,12,5,26,6,13,10,14,5,15,4,10,10,13,20,15,1,6,0.09722222222222222,0.009259259259259259,0.037037037037037035,0.05555555555555555,0.023148148148148147,0.12037037037037036,0.027777777777777776,0.06018518518518518,0.046296296296296294,0.06481481481481481,0.023148148148148147,0.06944444444444445,0.018518518518518517,0.046296296296296294,0.046296296296296294,0.06018518518518518,0.09259259259259259,0.06944444444444445,0.004629629629629629,0.027777777777777776,4.058007855361143,descriptive_only_not_binding_or_solubility_prediction
A0A0T9TSE5,058645701810e6bd999aba48d0eb17f85931dfe7a1f64922deaf40778e055033,raw_composition_v1,computed_from_input_sequence,116,11,0,7,3,2,7,1,11,2,11,5,4,6,5,8,10,13,6,1,3,0.09482758620689655,0.0,0.0603448275862069,0.02586206896551724,0.017241379310344827,0.0603448275862069,0.008620689655172414,0.09482758620689655,0.017241379310344827,0.09482758620689655,0.04310344827586207,0.034482758620689655,0.05172413793103448,0.04310344827586207,0.06896551724137931,0.08620689655172414,0.11206896551724138,0.05172413793103448,0.008620689655172414,0.02586206896551724,3.974034309175852,descriptive_only_not_binding_or_solubility_prediction
A0AB72ZFA0,90c0eed73e698c75bf82a0029c7f0236874ee538e2f09ce19198ab0d92ef5ff7,raw_composition_v1,computed_from_input_sequence,81,6,0,5,5,4,9,4,4,4,4,5,3,6,5,4,3,4,4,0,2,0.07407407407407407,0.0,0.06172839506172839,0.06172839506172839,0.04938271604938271,0.1111111111111111,0.04938271604938271,0.04938271604938271,0.04938271604938271,0.04938271604938271,0.06172839506172839,0.037037037037037035,0.07407407407407407,0.06172839506172839,0.04938271604938271,0.037037037037037035,0.04938271604938271,0.04938271604938271,0.0,0.024691358024691357,4.099143682838836,descriptive_only_not_binding_or_solubility_prediction
A0ABM7ANY7,dff4ac58332a0df53253e2251415351557783efdd5f229ae783a872e79acdf6b,raw_composition_v1,computed_from_input_sequence,132,17,2,13,12,4,4,0,10,10,9,2,5,6,1,5,11,4,12,4,1,0.12878787878787878,0.015151515151515152,0.09848484848484848,0.09090909090909091,0.030303030303030304,0.030303030303030304,0.0,0.07575757575757576,0.07575757575757576,0.06818181818181818,0.015151515151515152,0.03787878787878788,0.045454545454545456,0.007575757575757576,0.03787878787878788,0.08333333333333333,0.030303030303030304,0.09090909090909091,0.030303030303030304,0.007575757575757576,3.92786097296954,descriptive_only_not_binding_or_solubility_prediction
A0AA36LKR2,72451aed0631ea96d1c39ebe429b6310372cdc70b28b2828000f87e64c6bba9c,raw_composition_v1,computed_from_input_sequence,302,45,3,19,26,4,14,4,14,6,32,4,9,17,9,21,17,18,32,0,8,0.1490066225165563,0.009933774834437087,0.06291390728476821,0.08609271523178808,0.013245033112582781,0.046357615894039736,0.013245033112582781,0.046357615894039736,0.019867549668874173,0.10596026490066225,0.013245033112582781,0.029801324503311258,0.056291390728476824,0.029801324503311258,0.0695364238410596,0.056291390728476824,0.059602649006622516,0.10596026490066225,0.0,0.026490066225165563,3.9064320650905624,descriptive_only_not_binding_or_solubility_prediction
A0ABN5RAB4,eed16f3d875bdc1e9eb60ad4349fd0a9115866c2b1e11dfdd2e5fd42c4762f08,raw_composition_v1,computed_from_input_sequence,302,43,2,19,22,7,16,4,19,4,32,3,9,17,14,20,20,17,22,0,12,0.1423841059602649,0.006622516556291391,0.06291390728476821,0.0728476821192053,0.023178807947019868,0.052980132450331126,0.013245033112582781,0.06291390728476821,0.013245033112582781,0.10596026490066225,0.009933774834437087,0.029801324503311258,0.056291390728476824,0.046357615894039736,0.06622516556291391,0.06622516556291391,0.056291390728476824,0.0728476821192053,0.0,0.039735099337748346,3.9533891847949416,descriptive_only_not_binding_or_solubility_prediction
A0A380Q790,400189f6811e2c070513db4de60ce5ab3f6fb24557b0f0a85795be30e31b0eff,raw_composition_v1,computed_from_input_sequence,66,9,2,3,6,4,3,2,7,0,2,3,4,3,1,4,4,1,3,1,4,0.13636363636363635,0.030303030303030304,0.045454545454545456,0.09090909090909091,0.06060606060606061,0.045454545454545456,0.030303030303030304,0.10606060606060606,0.0,0.030303030303030304,0.045454545454545456,0.06060606060606061,0.045454545454545456,0.015151515151515152,0.06060606060606061,0.06060606060606061,0.015151515151515152,0.045454545454545456,0.015151515151515152,0.06060606060606061,4.0221968165928725,descriptive_only_not_binding_or_solubility_prediction
A0ABX6FDR8,0b743921df0a6ac127f55bfc955e0b66e711dc9c109576c10395e7687ae5038a,raw_composition_v1,computed_from_input_sequence,141,19,0,14,9,3,8,0,4,9,11,6,6,13,6,3,6,3,8,5,8,0.1347517730496454,0.0,0.09929078014184398,0.06382978723404255,0.02127659574468085,0.05673758865248227,0.0,0.028368794326241134,0.06382978723404255,0.07801418439716312,0.0425531914893617,0.0425531914893617,0.09219858156028368,0.0425531914893617,0.02127659574468085,0.0425531914893617,0.02127659574468085,0.05673758865248227,0.03546099290780142,0.05673758865248227,3.982493842971307,descriptive_only_not_binding_or_solubility_prediction
A0A2G4U6F2,23ae979ae3719bfcbf630a0e010cbe6ffc88b39cd707dad254b52d8dd3d20eb2,raw_composition_v1,computed_from_input_sequence,302,47,2,20,25,4,14,4,14,6,31,3,9,18,9,20,17,17,32,1,9,0.15562913907284767,0.006622516556291391,0.06622516556291391,0.08278145695364239,0.013245033112582781,0.046357615894039736,0.013245033112582781,0.046357615894039736,0.019867549668874173,0.10264900662251655,0.009933774834437087,0.029801324503311258,0.059602649006622516,0.029801324503311258,0.06622516556291391,0.056291390728476824,0.056291390728476824,0.10596026490066225,0.0033112582781456954,0.029801324503311258,3.9069138380594377,descriptive_only_not_binding_or_solubility_prediction
A0A0T9QH70,ba00b0c07076fa5b9b53a026413e8cf1833185af8762617e701e67e4888f30cb,raw_composition_v1,computed_from_input_sequence,82,9,0,4,3,3,3,2,4,4,10,3,4,2,6,4,8,7,2,1,3,0.10975609756097561,0.0,0.04878048780487805,0.036585365853658534,0.036585365853658534,0.036585365853658534,0.024390243902439025,0.04878048780487805,0.04878048780487805,0.12195121951219512,0.036585365853658534,0.04878048780487805,0.024390243902439025,0.07317073170731707,0.04878048780487805,0.0975609756097561,0.08536585365853659,0.024390243902439025,0.012195121951219513,0.036585365853658534,4.032133676186352,descriptive_only_not_binding_or_solubility_prediction
A0A0H3B283,4c6a9fa51d0f431336676e8142eb47cde7d295a337d94be40044f98c0a4614c5,raw_composition_v1,computed_from_input_sequence,142,15,1,12,10,2,7,0,11,11,7,2,6,9,2,7,10,5,12,7,6,0.1056338028169014,0.007042253521126761,0.08450704225352113,0.07042253521126761,0.014084507042253521,0.04929577464788732,0.0,0.07746478873239436,0.07746478873239436,0.04929577464788732,0.014084507042253521,0.04225352112676056,0.06338028169014084,0.014084507042253521,0.04929577464788732,0.07042253521126761,0.035211267605633804,0.08450704225352113,0.04929577464788732,0.04225352112676056,4.030360008428008,descriptive_only_not_binding_or_solubility_prediction
A0ABN5RAC2,22902e43adb7c2a3d1d71f4b992fa1be4234c23cf54284e4ee4eb03717d3bcf8,raw_composition_v1,computed_from_input_sequence,232,23,3,10,11,6,24,8,16,5,18,6,13,10,5,13,18,22,17,3,1,0.09913793103448276,0.01293103448275862,0.04310344827586207,0.04741379310344827,0.02586206896551724,0.10344827586206896,0.034482758620689655,0.06896551724137931,0.021551724137931036,0.07758620689655173,0.02586206896551724,0.05603448275862069,0.04310344827586207,0.021551724137931036,0.05603448275862069,0.07758620689655173,0.09482758620689655,0.07327586206896551,0.01293103448275862,0.004310344827586207,4.046579972256456,descriptive_only_not_binding_or_solubility_prediction
A0A0T9JTR0,4f40e3cf24186a1f411639940579f1cea9c4acbb62a4189cbfef83a040778b3d,raw_composition_v1,computed_from_input_sequence,118,7,0,9,1,0,9,1,10,3,13,7,5,4,6,10,12,10,6,1,4,0.059322033898305086,0.0,0.07627118644067797,0.00847457627118644,0.0,0.07627118644067797,0.00847457627118644,0.0847457627118644,0.025423728813559324,0.11016949152542373,0.059322033898305086,0.0423728813559322,0.03389830508474576,0.05084745762711865,0.0847457627118644,0.1016949152542373,0.0847457627118644,0.05084745762711865,0.00847457627118644,0.03389830508474576,3.9120599467251362,descriptive_only_not_binding_or_solubility_prediction
A0AA44CKU8,a69f5d0e13c807fab2e18c69351e7b8563384912fc7b62339ea94139e2b34b28,raw_composition_v1,computed_from_input_sequence,163,16,0,11,3,9,13,0,10,5,11,5,5,9,6,11,11,17,15,2,4,0.09815950920245399,0.0,0.06748466257668712,0.018404907975460124,0.05521472392638037,0.07975460122699386,0.0,0.06134969325153374,0.03067484662576687,0.06748466257668712,0.03067484662576687,0.03067484662576687,0.05521472392638037,0.03680981595092025,0.06748466257668712,0.06748466257668712,0.10429447852760736,0.09202453987730061,0.012269938650306749,0.024539877300613498,3.988099628489391,descriptive_only_not_binding_or_solubility_prediction
A0ABN4CUU3,0a1113099e2ec72483c7b6ca662358559a86f6b4672c64bf406891f54a06883e,raw_composition_v1,computed_from_input_sequence,78,7,0,6,7,0,3,2,6,8,10,1,4,3,4,3,3,4,4,2,1,0.08974358974358974,0.0,0.07692307692307693,0.08974358974358974,0.0,0.038461538461538464,0.02564102564102564,0.07692307692307693,0.10256410256410256,0.1282051282051282,0.01282051282051282,0.05128205128205128,0.038461538461538464,0.05128205128205128,0.038461538461538464,0.038461538461538464,0.05128205128205128,0.05128205128205128,0.02564102564102564,0.01282051282051282,3.9448720922598404,descriptive_only_not_binding_or_solubility_prediction
A0ABR4VWZ7,d93d3277ff2a751c77b69618634759042f53f2597023181db176db5fabe18adf,raw_composition_v1,computed_from_input_sequence,302,41,2,21,21,8,16,4,16,3,31,5,9,19,14,20,18,19,24,0,11,0.1357615894039735,0.006622516556291391,0.0695364238410596,0.0695364238410596,0.026490066225165563,0.052980132450331126,0.013245033112582781,0.052980132450331126,0.009933774834437087,0.10264900662251655,0.016556291390728478,0.029801324503311258,0.06291390728476821,0.046357615894039736,0.06622516556291391,0.059602649006622516,0.06291390728476821,0.07947019867549669,0.0,0.03642384105960265,3.9704405779896046,descriptive_only_not_binding_or_solubility_prediction
A0A0T9RSX1,ad65619adb5d0f1a7c93be045533c761be11b1764ccea3d057ba2b6b9e58ef66,raw_composition_v1,computed_from_input_sequence,80,9,0,8,7,0,2,3,6,5,7,3,2,7,2,3,2,3,6,2,3,0.1125,0.0,0.1,0.0875,0.0,0.025,0.0375,0.075,0.0625,0.0875,0.0375,0.025,0.0875,0.025,0.0375,0.025,0.0375,0.075,0.025,0.0375,3.9733355152611307,descriptive_only_not_binding_or_solubility_prediction
A0A0T9QZG9,ea13c52ec506e697ce07e32223b8aa3c2a904adc89eba148e98b97c28d2b7e82,raw_composition_v1,computed_from_input_sequence,353,34,2,24,14,6,25,3,35,8,31,5,15,16,12,21,22,37,32,3,8,0.09631728045325778,0.0056657223796034,0.0679886685552408,0.039660056657223795,0.0169971671388102,0.0708215297450425,0.0084985835694051,0.09915014164305949,0.0226628895184136,0.08781869688385269,0.014164305949008499,0.042492917847025496,0.0453257790368272,0.0339943342776204,0.059490084985835696,0.06232294617563739,0.1048158640226629,0.0906515580736544,0.0084985835694051,0.0226628895184136,3.985152597263875,descriptive_only_not_binding_or_solubility_prediction
A0ABY5ULB5,f231cbe1737c3eac6da8d61a0ad3b15ee9213a40a6fd279d1e0e67cd7d9298f1,raw_composition_v1,computed_from_input_sequence,157,20,2,15,11,2,7,2,15,7,11,3,6,7,3,7,7,9,12,4,7,0.12738853503184713,0.012738853503184714,0.09554140127388536,0.07006369426751592,0.012738853503184714,0.044585987261146494,0.012738853503184714,0.09554140127388536,0.044585987261146494,0.07006369426751592,0.01910828025477707,0.03821656050955414,0.044585987261146494,0.01910828025477707,0.044585987261146494,0.044585987261146494,0.05732484076433121,0.07643312101910828,0.025477707006369428,0.044585987261146494,4.0574863085557595,descriptive_only_not_binding_or_solubility_prediction
A0A0T9KM84,185f5eb6a9e00be597e1f2d20de1b525316854688df9a195a41b8b955c9a2545,raw_composition_v1,computed_from_input_sequence,89,14,0,7,4,2,1,3,9,3,7,3,4,3,11,3,3,5,3,3,1,0.15730337078651685,0.0,0.07865168539325842,0.0449438202247191,0.02247191011235955,0.011235955056179775,0.033707865168539325,0.10112359550561797,0.033707865168539325,0.07865168539325842,0.033707865168539325,0.0449438202247191,0.033707865168539325,0.12359550561797752,0.033707865168539325,0.033707865168539325,0.056179775280898875,0.033707865168539325,0.033707865168539325,0.011235955056179775,3.926994654254616,descriptive_only_not_binding_or_solubility_prediction
A0A0T9QVI5,eaeafe6a6b00c471003f7346c7f4fe23a43952ec10b506518b18e6fb924afb8f,raw_composition_v1,computed_from_input_sequence,140,12,1,6,14,5,11,0,11,3,15,5,7,3,10,12,9,6,5,1,4,0.08571428571428572,0.007142857142857143,0.04285714285714286,0.1,0.03571428571428571,0.07857142857142857,0.0,0.07857142857142857,0.02142857142857143,0.10714285714285714,0.03571428571428571,0.05,0.02142857142857143,0.07142857142857142,0.08571428571428572,0.06428571428571428,0.04285714285714286,0.03571428571428571,0.007142857142857143,0.02857142857142857,3.994916871782028,descriptive_only_not_binding_or_solubility_prediction
A0A0T9RG16,d2adaac4b8e6ed6ce42c31bc2ae21fcd44874b6d9c6b1f968c9697da59670c1f,raw_composition_v1,computed_from_input_sequence,116,15,0,6,6,1,7,1,8,4,9,5,4,10,9,6,4,6,8,3,4,0.12931034482758622,0.0,0.05172413793103448,0.05172413793103448,0.008620689655172414,0.0603448275862069,0.008620689655172414,0.06896551724137931,0.034482758620689655,0.07758620689655173,0.04310344827586207,0.034482758620689655,0.08620689655172414,0.07758620689655173,0.05172413793103448,0.034482758620689655,0.05172413793103448,0.06896551724137931,0.02586206896551724,0.034482758620689655,4.039563733426932,descriptive_only_not_binding_or_solubility_prediction
A0ABP2ECT0,6b717e1e916d4a94344c3a5904623e09b8e8619ab3c9ff54a1443998243a08a2,raw_composition_v1,computed_from_input_sequence,130,13,0,9,10,1,6,0,10,8,7,5,5,11,5,4,8,6,12,3,7,0.1,0.0,0.06923076923076923,0.07692307692307693,0.007692307692307693,0.046153846153846156,0.0,0.07692307692307693,0.06153846153846154,0.05384615384615385,0.038461538461538464,0.038461538461538464,0.08461538461538462,0.038461538461538464,0.03076923076923077,0.06153846153846154,0.046153846153846156,0.09230769230769231,0.023076923076923078,0.05384615384615385,4.021958359927219,descriptive_only_not_binding_or_solubility_prediction
A0ABM9SZ17,3ec88e1b3a8d5299530627af659e3666948cd8d12fc2522a068d8e523798d4b8,raw_composition_v1,computed_from_input_sequence,110,6,0,10,1,0,8,3,8,2,10,6,5,5,6,10,10,9,7,2,2,0.05454545454545454,0.0,0.09090909090909091,0.00909090909090909,0.0,0.07272727272727272,0.02727272727272727,0.07272727272727272,0.01818181818181818,0.09090909090909091,0.05454545454545454,0.045454545454545456,0.045454545454545456,0.05454545454545454,0.09090909090909091,0.09090909090909091,0.08181818181818182,0.06363636363636363,0.01818181818181818,0.01818181818181818,3.9671649250983285,descriptive_only_not_binding_or_solubility_prediction
A0A0E1NQK2,1bfa78d7f6db324dd179c6f4e35a6de9dcfc099e7d657d894d46dc1f4b50e456,raw_composition_v1,computed_from_input_sequence,202,15,1,14,24,6,12,1,10,14,20,4,10,11,6,4,9,18,12,4,7,0.07425742574257425,0.0049504950495049506,0.06930693069306931,0.1188118811881188,0.0297029702970297,0.0594059405940594,0.0049504950495049506,0.04950495049504951,0.06930693069306931,0.09900990099009901,0.019801980198019802,0.04950495049504951,0.054455445544554455,0.0297029702970297,0.019801980198019802,0.04455445544554455,0.0891089108910891,0.0594059405940594,0.019801980198019802,0.034653465346534656,4.041986839737634,descriptive_only_not_binding_or_solubility_prediction
A0AAX2I8P7,b2f3ba8bd648714615a04e6363dbe12abeb9543f7b6b2a878e93c4b55f9312c4,raw_composition_v1,computed_from_input_sequence,139,13,0,18,9,2,9,0,12,14,12,1,3,6,5,4,9,6,4,5,7,0.09352517985611511,0.0,0.12949640287769784,0.06474820143884892,0.014388489208633094,0.06474820143884892,0.0,0.08633093525179857,0.10071942446043165,0.08633093525179857,0.007194244604316547,0.02158273381294964,0.04316546762589928,0.03597122302158273,0.02877697841726619,0.06474820143884892,0.04316546762589928,0.02877697841726619,0.03597122302158273,0.050359712230215826,3.919375509838999,descriptive_only_not_binding_or_solubility_prediction
Q7BTW6,2dbeb1b5bd0a161b4c6bf5f2879d0819f138ec62280396524de284390413c5a2,raw_composition_v1,computed_from_input_sequence,198,15,1,14,24,5,12,1,10,13,20,3,10,11,6,4,9,17,12,4,7,0.07575757575757576,0.005050505050505051,0.0707070707070707,0.12121212121212122,0.025252525252525252,0.06060606060606061,0.005050505050505051,0.050505050505050504,0.06565656565656566,0.10101010101010101,0.015151515151515152,0.050505050505050504,0.05555555555555555,0.030303030303030304,0.020202020202020204,0.045454545454545456,0.08585858585858586,0.06060606060606061,0.020202020202020204,0.03535353535353535,4.030553102082359,descriptive_only_not_binding_or_solubility_prediction
A0ABP1ZYW2,0457487a265f90b7eff377c96168432881d6f052f5fceca9396df4f98468a5d1,raw_composition_v1,computed_from_input_sequence,114,13,1,11,11,0,4,2,7,9,8,4,2,9,3,5,3,6,7,2,7,0.11403508771929824,0.008771929824561403,0.09649122807017543,0.09649122807017543,0.0,0.03508771929824561,0.017543859649122806,0.06140350877192982,0.07894736842105263,0.07017543859649122,0.03508771929824561,0.017543859649122806,0.07894736842105263,0.02631578947368421,0.043859649122807015,0.02631578947368421,0.05263157894736842,0.06140350877192982,0.017543859649122806,0.06140350877192982,4.000824173654945,descriptive_only_not_binding_or_solubility_prediction
Q66CW2,557cc61f4303230063380964cfb22715a770c32b287ef2518921689f9ea412c4,raw_composition_v1,computed_from_input_sequence,139,12,0,11,10,2,5,3,11,10,13,4,5,9,3,6,11,7,9,5,3,0.08633093525179857,0.0,0.07913669064748201,0.07194244604316546,0.014388489208633094,0.03597122302158273,0.02158273381294964,0.07913669064748201,0.07194244604316546,0.09352517985611511,0.02877697841726619,0.03597122302158273,0.06474820143884892,0.02158273381294964,0.04316546762589928,0.07913669064748201,0.050359712230215826,0.06474820143884892,0.03597122302158273,0.02158273381294964,4.075498158538193,descriptive_only_not_binding_or_solubility_prediction
A0AA36LJG1,647619b3326d3406b45a934eed99a7733f3ef8e5c696a4ada10a8fdfc17c7ed6,raw_composition_v1,computed_from_input_sequence,161,22,0,16,9,4,5,0,13,5,15,3,4,14,5,8,6,10,8,5,9,0.13664596273291926,0.0,0.09937888198757763,0.055900621118012424,0.024844720496894408,0.031055900621118012,0.0,0.08074534161490683,0.031055900621118012,0.09316770186335403,0.018633540372670808,0.024844720496894408,0.08695652173913043,0.031055900621118012,0.049689440993788817,0.037267080745341616,0.062111801242236024,0.049689440993788817,0.031055900621118012,0.055900621118012424,3.9576206348359717,descriptive_only_not_binding_or_solubility_prediction
A0ABM5UH02,a61127bb2aa774d6cb4a6a5bc4421ef71479a8e28c6837248c0849c873542b22,raw_composition_v1,computed_from_input_sequence,302,50,2,20,23,2,12,2,17,3,33,4,10,18,15,21,15,16,28,0,11,0.16556291390728478,0.006622516556291391,0.06622516556291391,0.076158940397351,0.006622516556291391,0.039735099337748346,0.006622516556291391,0.056291390728476824,0.009933774834437087,0.10927152317880795,0.013245033112582781,0.033112582781456956,0.059602649006622516,0.04966887417218543,0.0695364238410596,0.04966887417218543,0.052980132450331126,0.09271523178807947,0.0,0.03642384105960265,3.8517073602828114,descriptive_only_not_binding_or_solubility_prediction
A0AA36PPQ7,328f25af69a3a3e77944c46730820c21cb25ef81af7d4a23c10ad8a9da8ada4d,raw_composition_v1,computed_from_input_sequence,116,11,0,7,3,2,7,1,11,3,11,5,2,6,5,8,12,12,6,1,3,0.09482758620689655,0.0,0.0603448275862069,0.02586206896551724,0.017241379310344827,0.0603448275862069,0.008620689655172414,0.09482758620689655,0.02586206896551724,0.09482758620689655,0.04310344827586207,0.017241379310344827,0.05172413793103448,0.04310344827586207,0.06896551724137931,0.10344827586206896,0.10344827586206896,0.05172413793103448,0.008620689655172414,0.02586206896551724,3.961370600255478,descriptive_only_not_binding_or_solubility_prediction
A0A0H2YNL1,1bfa78d7f6db324dd179c6f4e35a6de9dcfc099e7d657d894d46dc1f4b50e456,raw_composition_v1,computed_from_input_sequence,202,15,1,14,24,6,12,1,10,14,20,4,10,11,6,4,9,18,12,4,7,0.07425742574257425,0.0049504950495049506,0.06930693069306931,0.1188118811881188,0.0297029702970297,0.0594059405940594,0.0049504950495049506,0.04950495049504951,0.06930693069306931,0.09900990099009901,0.019801980198019802,0.04950495049504951,0.054455445544554455,0.0297029702970297,0.019801980198019802,0.04455445544554455,0.0891089108910891,0.0594059405940594,0.019801980198019802,0.034653465346534656,4.041986839737634,descriptive_only_not_binding_or_solubility_prediction
A0AA90XRZ3,3ac92c71a633c965c35bc3c6238ff5b6a6b7972f6c2cca659b5e3bb275b78445,raw_composition_v1,computed_from_input_sequence,136,10,1,10,11,1,9,0,9,5,12,4,7,10,8,5,9,5,11,2,7,0.07352941176470588,0.007352941176470588,0.07352941176470588,0.08088235294117647,0.007352941176470588,0.0661764705882353,0.0,0.0661764705882353,0.03676470588235294,0.08823529411764706,0.029411764705882353,0.051470588235294115,0.07352941176470588,0.058823529411764705,0.03676470588235294,0.0661764705882353,0.03676470588235294,0.08088235294117647,0.014705882352941176,0.051470588235294115,4.054339651277144,descriptive_only_not_binding_or_solubility_prediction
A0A0T9QD11,7716a39262bcd2ad1a54caa057a9d720ebc33b428f89df71ff08daecac9b0bd4,raw_composition_v1,computed_from_input_sequence,118,6,0,10,2,0,9,2,11,2,11,7,4,5,7,10,12,10,6,1,3,0.05084745762711865,0.0,0.0847457627118644,0.01694915254237288,0.0,0.07627118644067797,0.01694915254237288,0.09322033898305085,0.01694915254237288,0.09322033898305085,0.059322033898305086,0.03389830508474576,0.0423728813559322,0.059322033898305086,0.0847457627118644,0.1016949152542373,0.0847457627118644,0.05084745762711865,0.00847457627118644,0.025423728813559324,3.9334798258674626,descriptive_only_not_binding_or_solubility_prediction
A0ABP1ZSE7,5dcf4dec3552a356bf56a62f32b267fd59137c7610a61abc9160508fb8031e5f,raw_composition_v1,computed_from_input_sequence,115,13,1,11,13,0,3,2,9,10,8,3,2,9,3,3,3,6,7,2,7,0.11304347826086956,0.008695652173913044,0.09565217391304348,0.11304347826086956,0.0,0.02608695652173913,0.017391304347826087,0.0782608695652174,0.08695652173913043,0.06956521739130435,0.02608695652173913,0.017391304347826087,0.0782608695652174,0.02608695652173913,0.02608695652173913,0.02608695652173913,0.05217391304347826,0.06086956521739131,0.017391304347826087,0.06086956521739131,3.948704895505552,descriptive_only_not_binding_or_solubility_prediction
A0ABX6FAJ5,4ac76c372ee8ac369184a64a3c59d5b3349f8b49129019e6db0f015ec8f047a3,raw_composition_v1,computed_from_input_sequence,65,6,0,6,3,0,1,0,4,6,7,2,1,3,5,2,3,7,6,2,1,0.09230769230769231,0.0,0.09230769230769231,0.046153846153846156,0.0,0.015384615384615385,0.0,0.06153846153846154,0.09230769230769231,0.1076923076923077,0.03076923076923077,0.015384615384615385,0.046153846153846156,0.07692307692307693,0.03076923076923077,0.046153846153846156,0.1076923076923077,0.09230769230769231,0.03076923076923077,0.015384615384615385,3.8498082452278175,descriptive_only_not_binding_or_solubility_prediction
A0A0T9UMN3,a5b1252ce21a1cf69a0c150d3003b8b02376ca438843b62f74c19d32d7f31e04,raw_composition_v1,computed_from_input_sequence,116,10,0,7,3,1,7,1,11,2,12,5,2,6,5,9,12,13,6,1,3,0.08620689655172414,0.0,0.0603448275862069,0.02586206896551724,0.008620689655172414,0.0603448275862069,0.008620689655172414,0.09482758620689655,0.017241379310344827,0.10344827586206896,0.04310344827586207,0.017241379310344827,0.05172413793103448,0.04310344827586207,0.07758620689655173,0.10344827586206896,0.11206896551724138,0.05172413793103448,0.008620689655172414,0.02586206896551724,3.9183366417597485,descriptive_only_not_binding_or_solubility_prediction
Q8D0C0,36aad06132e2633f26e4dfb90d77a7ac8c5601f1354e4989284ab73688165f4a,raw_composition_v1,computed_from_input_sequence,91,6,1,6,2,1,7,1,9,2,8,5,4,5,4,10,6,4,5,2,3,0.06593406593406594,0.01098901098901099,0.06593406593406594,0.02197802197802198,0.01098901098901099,0.07692307692307693,0.01098901098901099,0.0989010989010989,0.02197802197802198,0.08791208791208792,0.054945054945054944,0.04395604395604396,0.054945054945054944,0.04395604395604396,0.10989010989010989,0.06593406593406594,0.04395604395604396,0.054945054945054944,0.02197802197802198,0.03296703296703297,4.073583383553506,descriptive_only_not_binding_or_solubility_prediction
A0A0T9QMF1,23d68b98b9bf16ec065ca3986e47751033e1a9044d1910eec3fe3bf4b71282a3,raw_composition_v1,computed_from_input_sequence,156,12,1,15,14,8,9,4,4,4,11,8,7,8,4,8,12,5,6,4,12,0.07692307692307693,0.00641025641025641,0.09615384615384616,0.08974358974358974,0.05128205128205128,0.057692307692307696,0.02564102564102564,0.02564102564102564,0.02564102564102564,0.07051282051282051,0.05128205128205128,0.04487179487179487,0.05128205128205128,0.02564102564102564,0.05128205128205128,0.07692307692307693,0.03205128205128205,0.038461538461538464,0.02564102564102564,0.07692307692307693,4.1423320225798514,descriptive_only_not_binding_or_solubility_prediction
A0A0U1R2K8,974103c199b4de0f6cfe1e34fd9c48b072bb20c60df3626fbfbe708a102a4fc4,raw_composition_v1,computed_from_input_sequence,84,5,1,4,2,1,11,0,8,4,11,3,5,1,2,7,4,3,8,4,0,0.05952380952380952,0.011904761904761904,0.047619047619047616,0.023809523809523808,0.011904761904761904,0.13095238095238096,0.0,0.09523809523809523,0.047619047619047616,0.13095238095238096,0.03571428571428571,0.05952380952380952,0.011904761904761904,0.023809523809523808,0.08333333333333333,0.047619047619047616,0.03571428571428571,0.09523809523809523,0.047619047619047616,0.0,3.8626979463784705,descriptive_only_not_binding_or_solubility_prediction
A0AA36LJU6,aff6b075aa16e860f218f34e15fe7915812332e92e190305260262dbd9a1827f,raw_composition_v1,computed_from_input_sequence,116,11,0,8,2,2,8,2,9,3,13,5,2,6,3,9,11,12,6,1,3,0.09482758620689655,0.0,0.06896551724137931,0.017241379310344827,0.017241379310344827,0.06896551724137931,0.017241379310344827,0.07758620689655173,0.02586206896551724,0.11206896551724138,0.04310344827586207,0.017241379310344827,0.05172413793103448,0.02586206896551724,0.07758620689655173,0.09482758620689655,0.10344827586206896,0.05172413793103448,0.008620689655172414,0.02586206896551724,3.9512114695236815,descriptive_only_not_binding_or_solubility_prediction
A0AA36LI15,c9fce1169d5adde3a60d4c0b2d2879ed140484ce778b8a41ddc329735fb8761a,raw_composition_v1,computed_from_input_sequence,70,7,0,5,3,2,10,1,4,0,8,1,2,5,2,7,4,4,2,1,2,0.1,0.0,0.07142857142857142,0.04285714285714286,0.02857142857142857,0.14285714285714285,0.014285714285714285,0.05714285714285714,0.0,0.11428571428571428,0.014285714285714285,0.02857142857142857,0.07142857142857142,0.02857142857142857,0.1,0.05714285714285714,0.05714285714285714,0.02857142857142857,0.014285714285714285,0.02857142857142857,3.865048469677578,descriptive_only_not_binding_or_solubility_prediction
A0A0K1H0S6,b0081c6060cd880deef192efb5c7377094ba93add8d589dce4fe2a124e064026,raw_composition_v1,computed_from_input_sequence,137,13,0,13,16,3,7,1,7,7,12,4,2,7,6,3,11,8,6,3,8,0.0948905109489051,0.0,0.0948905109489051,0.11678832116788321,0.021897810218978103,0.051094890510948905,0.0072992700729927005,0.051094890510948905,0.051094890510948905,0.08759124087591241,0.029197080291970802,0.014598540145985401,0.051094890510948905,0.043795620437956206,0.021897810218978103,0.08029197080291971,0.058394160583941604,0.043795620437956206,0.021897810218978103,0.058394160583941604,4.009164339762791,descriptive_only_not_binding_or_solubility_prediction
A0A0T9UVK2,e6fca2a95161cd75e122b171ef42eef944b1e00dd4b910ee9774ee1e23d212a7,raw_composition_v1,computed_from_input_sequence,118,6,0,11,1,0,9,3,8,3,10,7,5,5,6,10,12,10,7,2,3,0.05084745762711865,0.0,0.09322033898305085,0.00847457627118644,0.0,0.07627118644067797,0.025423728813559324,0.06779661016949153,0.025423728813559324,0.0847457627118644,0.059322033898305086,0.0423728813559322,0.0423728813559322,0.05084745762711865,0.0847457627118644,0.1016949152542373,0.0847457627118644,0.059322033898305086,0.01694915254237288,0.025423728813559324,3.9752962015136193,descriptive_only_not_binding_or_solubility_prediction
A0A857F028,9069515b2b1a47d07243b0fcdd324befb3cff210389ef00b71f3fbe8f42fc551,raw_composition_v1,computed_from_input_sequence,122,15,1,12,10,2,3,0,5,7,8,5,2,7,7,4,8,4,15,4,3,0.12295081967213115,0.00819672131147541,0.09836065573770492,0.08196721311475409,0.01639344262295082,0.02459016393442623,0.0,0.040983606557377046,0.05737704918032787,0.06557377049180328,0.040983606557377046,0.01639344262295082,0.05737704918032787,0.05737704918032787,0.03278688524590164,0.06557377049180328,0.03278688524590164,0.12295081967213115,0.03278688524590164,0.02459016393442623,3.970663090495728,descriptive_only_not_binding_or_solubility_prediction
A0A0H3B6G4,860a7acb999645bfed995ab9c67187cfff90b832fa86e4bc3300094fe1c1b807,raw_composition_v1,computed_from_input_sequence,138,16,0,14,9,2,9,0,12,12,10,2,4,6,5,3,9,5,8,5,7,0.11594202898550725,0.0,0.10144927536231885,0.06521739130434782,0.014492753623188406,0.06521739130434782,0.0,0.08695652173913043,0.08695652173913043,0.07246376811594203,0.014492753623188406,0.028985507246376812,0.043478260869565216,0.036231884057971016,0.021739130434782608,0.06521739130434782,0.036231884057971016,0.057971014492753624,0.036231884057971016,0.050724637681159424,3.9716085633134277,descriptive_only_not_binding_or_solubility_prediction
A0A208ZVY5,4fb770f028c34b1ecab5fc9946e94ed175f3f30373eed423a828e3e795980891,raw_composition_v1,computed_from_input_sequence,75,12,0,6,5,0,1,1,4,6,8,2,1,3,5,2,3,7,6,2,1,0.16,0.0,0.08,0.06666666666666667,0.0,0.013333333333333334,0.013333333333333334,0.05333333333333334,0.08,0.10666666666666667,0.02666666666666667,0.013333333333333334,0.04,0.06666666666666667,0.02666666666666667,0.04,0.09333333333333334,0.08,0.02666666666666667,0.013333333333333334,3.8297598181060346,descriptive_only_not_binding_or_solubility_prediction
A0ABN5RCP6,5db76ecc231a005efc69dc377e1b32a14925679fece8fa8a9485ab3b396a4e87,raw_composition_v1,computed_from_input_sequence,118,17,2,12,10,3,3,0,10,7,7,2,5,4,3,5,8,5,10,4,1,0.1440677966101695,0.01694915254237288,0.1016949152542373,0.0847457627118644,0.025423728813559324,0.025423728813559324,0.0,0.0847457627118644,0.059322033898305086,0.059322033898305086,0.01694915254237288,0.0423728813559322,0.03389830508474576,0.025423728813559324,0.0423728813559322,0.06779661016949153,0.0423728813559322,0.0847457627118644,0.03389830508474576,0.00847457627118644,3.9626361510979615,descriptive_only_not_binding_or_solubility_prediction
A0A0T9UMW7,85551d0c6c207b3d72ec7e4e4e8d67ca4a7c1de7e9b183b3c650a40e88a6720b,raw_composition_v1,computed_from_input_sequence,168,15,4,8,12,3,11,1,10,3,16,2,4,10,7,7,12,16,20,4,3,0.08928571428571429,0.023809523809523808,0.047619047619047616,0.07142857142857142,0.017857142857142856,0.06547619047619048,0.005952380952380952,0.05952380952380952,0.017857142857142856,0.09523809523809523,0.011904761904761904,0.023809523809523808,0.05952380952380952,0.041666666666666664,0.041666666666666664,0.07142857142857142,0.09523809523809523,0.11904761904761904,0.023809523809523808,0.017857142857142856,4.016478363449967,descriptive_only_not_binding_or_solubility_prediction
A0AB72ZRU3,1bfa78d7f6db324dd179c6f4e35a6de9dcfc099e7d657d894d46dc1f4b50e456,raw_composition_v1,computed_from_input_sequence,202,15,1,14,24,6,12,1,10,14,20,4,10,11,6,4,9,18,12,4,7,0.07425742574257425,0.0049504950495049506,0.06930693069306931,0.1188118811881188,0.0297029702970297,0.0594059405940594,0.0049504950495049506,0.04950495049504951,0.06930693069306931,0.09900990099009901,0.019801980198019802,0.04950495049504951,0.054455445544554455,0.0297029702970297,0.019801980198019802,0.04455445544554455,0.0891089108910891,0.0594059405940594,0.019801980198019802,0.034653465346534656,4.041986839737634,descriptive_only_not_binding_or_solubility_prediction
A0A0U1HUK9,f63dba5114bf94c83b00a95fd72f68a04120312c77b9f2422e6f673a1e394a93,raw_composition_v1,computed_from_input_sequence,67,8,0,7,7,0,2,1,5,5,6,2,3,4,1,2,4,3,4,2,1,0.11940298507462686,0.0,0.1044776119402985,0.1044776119402985,0.0,0.029850746268656716,0.014925373134328358,0.07462686567164178,0.07462686567164178,0.08955223880597014,0.029850746268656716,0.04477611940298507,0.05970149253731343,0.014925373134328358,0.029850746268656716,0.05970149253731343,0.04477611940298507,0.05970149253731343,0.029850746268656716,0.014925373134328358,3.9236742670796536,descriptive_only_not_binding_or_solubility_prediction
A0ABM7AMA1,0d6b192d1d406a05396ba5cc52255b64515872c219c7ee56d5a8d7c2bc9d2cfe,raw_composition_v1,computed_from_input_sequence,119,9,1,4,3,4,12,2,11,4,14,4,6,3,4,12,7,5,9,4,1,0.07563025210084033,0.008403361344537815,0.03361344537815126,0.025210084033613446,0.03361344537815126,0.10084033613445378,0.01680672268907563,0.09243697478991597,0.03361344537815126,0.11764705882352941,0.03361344537815126,0.05042016806722689,0.025210084033613446,0.03361344537815126,0.10084033613445378,0.058823529411764705,0.04201680672268908,0.07563025210084033,0.03361344537815126,0.008403361344537815,4.031497244866094,descriptive_only_not_binding_or_solubility_prediction
A0AAV3B6C2,974103c199b4de0f6cfe1e34fd9c48b072bb20c60df3626fbfbe708a102a4fc4,raw_composition_v1,computed_from_input_sequence,84,5,1,4,2,1,11,0,8,4,11,3,5,1,2,7,4,3,8,4,0,0.05952380952380952,0.011904761904761904,0.047619047619047616,0.023809523809523808,0.011904761904761904,0.13095238095238096,0.0,0.09523809523809523,0.047619047619047616,0.13095238095238096,0.03571428571428571,0.05952380952380952,0.011904761904761904,0.023809523809523808,0.08333333333333333,0.047619047619047616,0.03571428571428571,0.09523809523809523,0.047619047619047616,0.0,3.8626979463784705,descriptive_only_not_binding_or_solubility_prediction
A0A380QAJ4,d4e1bdd33e4c7c3a8195fd55e0594e6d3a53ba39d3c33a715fb57ea9fe283216,raw_composition_v1,computed_from_input_sequence,150,17,0,18,10,1,10,0,14,14,12,1,3,7,4,4,8,7,8,5,7,0.11333333333333333,0.0,0.12,0.06666666666666667,0.006666666666666667,0.06666666666666667,0.0,0.09333333333333334,0.09333333333333334,0.08,0.006666666666666667,0.02,0.04666666666666667,0.02666666666666667,0.02666666666666667,0.05333333333333334,0.04666666666666667,0.05333333333333334,0.03333333333333333,0.04666666666666667,3.895961694555605,descriptive_only_not_binding_or_solubility_prediction
A0A0H3AZJ6,9fd3f34848135442db24e9b44077d8a5e255daf406fd285738776bbcf77d6f2f,raw_composition_v1,computed_from_input_sequence,145,13,0,14,10,4,8,0,11,12,12,4,0,9,4,6,9,9,10,6,4,0.0896551724137931,0.0,0.09655172413793103,0.06896551724137931,0.027586206896551724,0.05517241379310345,0.0,0.07586206896551724,0.08275862068965517,0.08275862068965517,0.027586206896551724,0.0,0.06206896551724138,0.027586206896551724,0.041379310344827586,0.06206896551724138,0.06206896551724138,0.06896551724137931,0.041379310344827586,0.027586206896551724,3.976132400274919,descriptive_only_not_binding_or_solubility_prediction
A0A0T9QI62,b1d73766fabf5df48102c64f710c48200184f8ef296fad7e7b8a8bce804e15bf,raw_composition_v1,computed_from_input_sequence,67,3,2,5,5,0,5,1,4,0,8,1,2,1,5,6,4,7,5,3,0,0.04477611940298507,0.029850746268656716,0.07462686567164178,0.07462686567164178,0.0,0.07462686567164178,0.014925373134328358,0.05970149253731343,0.0,0.11940298507462686,0.014925373134328358,0.029850746268656716,0.014925373134328358,0.07462686567164178,0.08955223880597014,0.05970149253731343,0.1044776119402985,0.07462686567164178,0.04477611940298507,0.0,3.876249834707904,descriptive_only_not_binding_or_solubility_prediction
A0A0H2W0D6,1bfa78d7f6db324dd179c6f4e35a6de9dcfc099e7d657d894d46dc1f4b50e456,raw_composition_v1,computed_from_input_sequence,202,15,1,14,24,6,12,1,10,14,20,4,10,11,6,4,9,18,12,4,7,0.07425742574257425,0.0049504950495049506,0.06930693069306931,0.1188118811881188,0.0297029702970297,0.0594059405940594,0.0049504950495049506,0.04950495049504951,0.06930693069306931,0.09900990099009901,0.019801980198019802,0.04950495049504951,0.054455445544554455,0.0297029702970297,0.019801980198019802,0.04455445544554455,0.0891089108910891,0.0594059405940594,0.019801980198019802,0.034653465346534656,4.041986839737634,descriptive_only_not_binding_or_solubility_prediction
A0A2G4U1S2,b9a593ee2bf44b0150956d7028f9335d0d2cdea50651b7725d83f229c3022ebc,raw_composition_v1,computed_from_input_sequence,106,18,0,6,10,0,4,0,5,2,15,3,6,6,6,6,3,4,8,0,4,0.16981132075471697,0.0,0.05660377358490566,0.09433962264150944,0.0,0.03773584905660377,0.0,0.04716981132075472,0.018867924528301886,0.14150943396226415,0.02830188679245283,0.05660377358490566,0.05660377358490566,0.05660377358490566,0.05660377358490566,0.02830188679245283,0.03773584905660377,0.07547169811320754,0.0,0.03773584905660377,3.7510376205126192,descriptive_only_not_binding_or_solubility_prediction
A0ABM9XV01,b9a593ee2bf44b0150956d7028f9335d0d2cdea50651b7725d83f229c3022ebc,raw_composition_v1,computed_from_input_sequence,106,18,0,6,10,0,4,0,5,2,15,3,6,6,6,6,3,4,8,0,4,0.16981132075471697,0.0,0.05660377358490566,0.09433962264150944,0.0,0.03773584905660377,0.0,0.04716981132075472,0.018867924528301886,0.14150943396226415,0.02830188679245283,0.05660377358490566,0.05660377358490566,0.05660377358490566,0.05660377358490566,0.02830188679245283,0.03773584905660377,0.07547169811320754,0.0,0.03773584905660377,3.7510376205126192,descriptive_only_not_binding_or_solubility_prediction
A0ABX5QXI4,a0be5adb1a10948c8de79e1b2c14c25f7627bed10d4bc95c1ef891d904018a86,raw_composition_v1,computed_from_input_sequence,141,15,0,14,14,4,4,0,10,9,11,6,3,11,5,8,2,6,11,3,5,0.10638297872340426,0.0,0.09929078014184398,0.09929078014184398,0.028368794326241134,0.028368794326241134,0.0,0.07092198581560284,0.06382978723404255,0.07801418439716312,0.0425531914893617,0.02127659574468085,0.07801418439716312,0.03546099290780142,0.05673758865248227,0.014184397163120567,0.0425531914893617,0.07801418439716312,0.02127659574468085,0.03546099290780142,3.970276514877656,descriptive_only_not_binding_or_solubility_prediction
A0AB72ZJY3,974103c199b4de0f6cfe1e34fd9c48b072bb20c60df3626fbfbe708a102a4fc4,raw_composition_v1,computed_from_input_sequence,84,5,1,4,2,1,11,0,8,4,11,3,5,1,2,7,4,3,8,4,0,0.05952380952380952,0.011904761904761904,0.047619047619047616,0.023809523809523808,0.011904761904761904,0.13095238095238096,0.0,0.09523809523809523,0.047619047619047616,0.13095238095238096,0.03571428571428571,0.05952380952380952,0.011904761904761904,0.023809523809523808,0.08333333333333333,0.047619047619047616,0.03571428571428571,0.09523809523809523,0.047619047619047616,0.0,3.8626979463784705,descriptive_only_not_binding_or_solubility_prediction
A0A380QTR9,b251cf514dc6bbca386aba9d85f620b6b09870911852d63d954bfff220e0eb7c,raw_composition_v1,computed_from_input_sequence,47,4,0,2,1,0,4,1,5,1,2,2,2,3,1,5,3,4,4,2,1,0.0851063829787234,0.0,0.0425531914893617,0.02127659574468085,0.0,0.0851063829787234,0.02127659574468085,0.10638297872340426,0.02127659574468085,0.0425531914893617,0.0425531914893617,0.0425531914893617,0.06382978723404255,0.02127659574468085,0.10638297872340426,0.06382978723404255,0.0851063829787234,0.0851063829787234,0.0425531914893617,0.02127659574468085,3.964608937779753,descriptive_only_not_binding_or_solubility_prediction
A0A0T9UB25,b7bc9efeda6febd44c93e4c3b5e8a2f537d35432d48bfe350266c4f4539dfc72,raw_composition_v1,computed_from_input_sequence,61,5,0,9,5,1,1,1,6,5,3,2,2,4,1,2,4,2,5,2,1,0.08196721311475409,0.0,0.14754098360655737,0.08196721311475409,0.01639344262295082,0.01639344262295082,0.01639344262295082,0.09836065573770492,0.08196721311475409,0.04918032786885246,0.03278688524590164,0.03278688524590164,0.06557377049180328,0.01639344262295082,0.03278688524590164,0.06557377049180328,0.03278688524590164,0.08196721311475409,0.03278688524590164,0.01639344262295082,3.9433184946576656,descriptive_only_not_binding_or_solubility_prediction
A0A0T9U5C6,521366833cdfe297b31833b7f63da30fe3c3dc15d9092da384b3f21487baf258,raw_composition_v1,computed_from_input_sequence,40,4,0,7,4,0,1,0,1,2,5,1,1,3,1,1,1,2,2,2,2,0.1,0.0,0.175,0.1,0.0,0.025,0.0,0.025,0.05,0.125,0.025,0.025,0.075,0.025,0.025,0.025,0.05,0.05,0.05,0.05,3.771527784112275,descriptive_only_not_binding_or_solubility_prediction
