candidate_id,accession,receptor_id,receptor_format,receptor_type,docking_result_status,docking_hit_count,docking_top_mode_rank,docking_top_affinity_kcal_mol,docking_top_rmsd_lb,docking_top_rmsd_ub,docking_affinity_mean,docking_affinity_min,docking_affinity_max,docking_affinity_sd,docking_evidence_ready,expression_feature_status,chaperone_feature_status,immobilization_feature_status,expression_feasibility_score,chaperone_independence_score,immobilization_feasibility_score,engineering_scoring_ready,recommended_next_step,notes,sequence_length_aa,molecular_weight_kda,cysteine_count,predicted_tm_helix_count,signal_peptide_predicted,low_complexity_fraction,predicted_solubility_label,expression_risk_label,expression_annotation_source,expression_notes,known_chaperone_required,chaperone_evidence_source,complex_assembly_flag,tail_fiber_or_rbp_complex_flag,oligomerization_risk_label,chaperone_dependency_risk_label,chaperone_notes,lysine_count,cysteine_handle_count,n_terminal_handle_available,c_terminal_handle_available,predicted_pi,surface_lysine_proxy,immobilization_handle_label,immobilization_risk_label,immobilization_notes
Q9T0Z9,Q9T0Z9,,,,,,,,,,,,,,,partial,not_annotated,partial,,,,False,complete_expression_chaperone_immobilization_annotations,Length and C count only; solubility/TM/expression not predicted; K count only; surface accessibility and handles not established,645,,0,,,,,,computed_from_input_sequence_sha256,Length and C count only; solubility/TM/expression not predicted,,,,,,,,25,,,,,,,,K count only; surface accessibility and handles not established
A0A7U4GHF9,A0A7U4GHF9,,,,,,,,,,,,,,,partial,not_annotated,partial,,,,False,complete_expression_chaperone_immobilization_annotations,Length and C count only; solubility/TM/expression not predicted; K count only; surface accessibility and handles not established,394,,2,,,,,,computed_from_input_sequence_sha256,Length and C count only; solubility/TM/expression not predicted,,,,,,,,13,,,,,,,,K count only; surface accessibility and handles not established
I7K2S1,I7K2S1,,,,,,,,,,,,,,,partial,not_annotated,partial,,,,False,complete_expression_chaperone_immobilization_annotations,Length and C count only; solubility/TM/expression not predicted; K count only; surface accessibility and handles not established,301,,3,,,,,,computed_from_input_sequence_sha256,Length and C count only; solubility/TM/expression not predicted,,,,,,,,13,,,,,,,,K count only; surface accessibility and handles not established
A0A1V0DXW2,A0A1V0DXW2,,,,,,,,,,,,,,,partial,not_annotated,partial,,,,False,complete_expression_chaperone_immobilization_annotations,Length and C count only; solubility/TM/expression not predicted; K count only; surface accessibility and handles not established,249,,6,,,,,,computed_from_input_sequence_sha256,Length and C count only; solubility/TM/expression not predicted,,,,,,,,21,,,,,,,,K count only; surface accessibility and handles not established
A0AAD2UYA7,A0AAD2UYA7,,,,,,,,,,,,,,,partial,not_annotated,partial,,,,False,complete_expression_chaperone_immobilization_annotations,Length and C count only; solubility/TM/expression not predicted; K count only; surface accessibility and handles not established,139,,1,,,,,,computed_from_input_sequence_sha256,Length and C count only; solubility/TM/expression not predicted,,,,,,,,9,,,,,,,,K count only; surface accessibility and handles not established
S5MLA1,S5MLA1,,,,,,,,,,,,,,,partial,not_annotated,partial,,,,False,complete_expression_chaperone_immobilization_annotations,Length and C count only; solubility/TM/expression not predicted; K count only; surface accessibility and handles not established,267,,4,,,,,,computed_from_input_sequence_sha256,Length and C count only; solubility/TM/expression not predicted,,,,,,,,2,,,,,,,,K count only; surface accessibility and handles not established
A0A0G2PMU5,A0A0G2PMU5,,,,,,,,,,,,,,,partial,not_annotated,partial,,,,False,complete_expression_chaperone_immobilization_annotations,Length and C count only; solubility/TM/expression not predicted; K count only; surface accessibility and handles not established,479,,2,,,,,,computed_from_input_sequence_sha256,Length and C count only; solubility/TM/expression not predicted,,,,,,,,20,,,,,,,,K count only; surface accessibility and handles not established
B3VCL5,B3VCL5,,,,,,,,,,,,,,,partial,not_annotated,partial,,,,False,complete_expression_chaperone_immobilization_annotations,Length and C count only; solubility/TM/expression not predicted; K count only; surface accessibility and handles not established,569,,2,,,,,,computed_from_input_sequence_sha256,Length and C count only; solubility/TM/expression not predicted,,,,,,,,35,,,,,,,,K count only; surface accessibility and handles not established
Q858J8,Q858J8,,,,,,,,,,,,,,,partial,not_annotated,partial,,,,False,complete_expression_chaperone_immobilization_annotations,Length and C count only; solubility/TM/expression not predicted; K count only; surface accessibility and handles not established,558,,2,,,,,,computed_from_input_sequence_sha256,Length and C count only; solubility/TM/expression not predicted,,,,,,,,23,,,,,,,,K count only; surface accessibility and handles not established
A0AAE7V5N4,A0AAE7V5N4,,,,,,,,,,,,,,,partial,not_annotated,partial,,,,False,complete_expression_chaperone_immobilization_annotations,Length and C count only; solubility/TM/expression not predicted; K count only; surface accessibility and handles not established,387,,1,,,,,,computed_from_input_sequence_sha256,Length and C count only; solubility/TM/expression not predicted,,,,,,,,33,,,,,,,,K count only; surface accessibility and handles not established
A0A6M3G9R6,A0A6M3G9R6,,,,,,,,,,,,,,,partial,not_annotated,partial,,,,False,complete_expression_chaperone_immobilization_annotations,Length and C count only; solubility/TM/expression not predicted; K count only; surface accessibility and handles not established,249,,5,,,,,,computed_from_input_sequence_sha256,Length and C count only; solubility/TM/expression not predicted,,,,,,,,28,,,,,,,,K count only; surface accessibility and handles not established
A0A0P0LE96,A0A0P0LE96,,,,,,,,,,,,,,,partial,not_annotated,partial,,,,False,complete_expression_chaperone_immobilization_annotations,Length and C count only; solubility/TM/expression not predicted; K count only; surface accessibility and handles not established,637,,1,,,,,,computed_from_input_sequence_sha256,Length and C count only; solubility/TM/expression not predicted,,,,,,,,26,,,,,,,,K count only; surface accessibility and handles not established
A0A0H3NKM1,A0A0H3NKM1,,,,,,,,,,,,,,,partial,not_annotated,partial,,,,False,complete_expression_chaperone_immobilization_annotations,Length and C count only; solubility/TM/expression not predicted; K count only; surface accessibility and handles not established,387,,0,,,,,,computed_from_input_sequence_sha256,Length and C count only; solubility/TM/expression not predicted,,,,,,,,28,,,,,,,,K count only; surface accessibility and handles not established
A0A0U2DXE3,A0A0U2DXE3,,,,,,,,,,,,,,,partial,not_annotated,partial,,,,False,complete_expression_chaperone_immobilization_annotations,Length and C count only; solubility/TM/expression not predicted; K count only; surface accessibility and handles not established,549,,0,,,,,,computed_from_input_sequence_sha256,Length and C count only; solubility/TM/expression not predicted,,,,,,,,21,,,,,,,,K count only; surface accessibility and handles not established
S5M3B5,S5M3B5,,,,,,,,,,,,,,,partial,not_annotated,partial,,,,False,complete_expression_chaperone_immobilization_annotations,Length and C count only; solubility/TM/expression not predicted; K count only; surface accessibility and handles not established,527,,3,,,,,,computed_from_input_sequence_sha256,Length and C count only; solubility/TM/expression not predicted,,,,,,,,17,,,,,,,,K count only; surface accessibility and handles not established
A0A7U4GE98,A0A7U4GE98,,,,,,,,,,,,,,,partial,not_annotated,partial,,,,False,complete_expression_chaperone_immobilization_annotations,Length and C count only; solubility/TM/expression not predicted; K count only; surface accessibility and handles not established,158,,0,,,,,,computed_from_input_sequence_sha256,Length and C count only; solubility/TM/expression not predicted,,,,,,,,8,,,,,,,,K count only; surface accessibility and handles not established
A0AAE9FSZ1,A0AAE9FSZ1,,,,,,,,,,,,,,,partial,not_annotated,partial,,,,False,complete_expression_chaperone_immobilization_annotations,Length and C count only; solubility/TM/expression not predicted; K count only; surface accessibility and handles not established,387,,0,,,,,,computed_from_input_sequence_sha256,Length and C count only; solubility/TM/expression not predicted,,,,,,,,29,,,,,,,,K count only; surface accessibility and handles not established
A0AAE9FUR5,A0AAE9FUR5,,,,,,,,,,,,,,,partial,not_annotated,partial,,,,False,complete_expression_chaperone_immobilization_annotations,Length and C count only; solubility/TM/expression not predicted; K count only; surface accessibility and handles not established,452,,1,,,,,,computed_from_input_sequence_sha256,Length and C count only; solubility/TM/expression not predicted,,,,,,,,19,,,,,,,,K count only; surface accessibility and handles not established
A0AAT9S6U3,A0AAT9S6U3,,,,,,,,,,,,,,,partial,not_annotated,partial,,,,False,complete_expression_chaperone_immobilization_annotations,Length and C count only; solubility/TM/expression not predicted; K count only; surface accessibility and handles not established,622,,2,,,,,,computed_from_input_sequence_sha256,Length and C count only; solubility/TM/expression not predicted,,,,,,,,32,,,,,,,,K count only; surface accessibility and handles not established
A0AAX4Q2K6,A0AAX4Q2K6,,,,,,,,,,,,,,,partial,not_annotated,partial,,,,False,complete_expression_chaperone_immobilization_annotations,Length and C count only; solubility/TM/expression not predicted; K count only; surface accessibility and handles not established,115,,1,,,,,,computed_from_input_sequence_sha256,Length and C count only; solubility/TM/expression not predicted,,,,,,,,1,,,,,,,,K count only; surface accessibility and handles not established
A0A449C531,A0A449C531,,,,,,,,,,,,,,,partial,not_annotated,partial,,,,False,complete_expression_chaperone_immobilization_annotations,Length and C count only; solubility/TM/expression not predicted; K count only; surface accessibility and handles not established,660,,3,,,,,,computed_from_input_sequence_sha256,Length and C count only; solubility/TM/expression not predicted,,,,,,,,32,,,,,,,,K count only; surface accessibility and handles not established
A0AAE7S353,A0AAE7S353,,,,,,,,,,,,,,,partial,not_annotated,partial,,,,False,complete_expression_chaperone_immobilization_annotations,Length and C count only; solubility/TM/expression not predicted; K count only; surface accessibility and handles not established,669,,2,,,,,,computed_from_input_sequence_sha256,Length and C count only; solubility/TM/expression not predicted,,,,,,,,35,,,,,,,,K count only; surface accessibility and handles not established
A0A9P1PWH0,A0A9P1PWH0,,,,,,,,,,,,,,,partial,not_annotated,partial,,,,False,complete_expression_chaperone_immobilization_annotations,Length and C count only; solubility/TM/expression not predicted; K count only; surface accessibility and handles not established,369,,0,,,,,,computed_from_input_sequence_sha256,Length and C count only; solubility/TM/expression not predicted,,,,,,,,26,,,,,,,,K count only; surface accessibility and handles not established
Q858U5,Q858U5,,,,,,,,,,,,,,,partial,not_annotated,partial,,,,False,complete_expression_chaperone_immobilization_annotations,Length and C count only; solubility/TM/expression not predicted; K count only; surface accessibility and handles not established,387,,1,,,,,,computed_from_input_sequence_sha256,Length and C count only; solubility/TM/expression not predicted,,,,,,,,31,,,,,,,,K count only; surface accessibility and handles not established
A0A7U4JZS3,A0A7U4JZS3,,,,,,,,,,,,,,,partial,not_annotated,partial,,,,False,complete_expression_chaperone_immobilization_annotations,Length and C count only; solubility/TM/expression not predicted; K count only; surface accessibility and handles not established,210,,0,,,,,,computed_from_input_sequence_sha256,Length and C count only; solubility/TM/expression not predicted,,,,,,,,8,,,,,,,,K count only; surface accessibility and handles not established
I7LHK5,I7LHK5,,,,,,,,,,,,,,,partial,not_annotated,partial,,,,False,complete_expression_chaperone_immobilization_annotations,Length and C count only; solubility/TM/expression not predicted; K count only; surface accessibility and handles not established,391,,2,,,,,,computed_from_input_sequence_sha256,Length and C count only; solubility/TM/expression not predicted,,,,,,,,23,,,,,,,,K count only; surface accessibility and handles not established
A0A0H3NZ47,A0A0H3NZ47,,,,,,,,,,,,,,,partial,not_annotated,partial,,,,False,complete_expression_chaperone_immobilization_annotations,Length and C count only; solubility/TM/expression not predicted; K count only; surface accessibility and handles not established,388,,0,,,,,,computed_from_input_sequence_sha256,Length and C count only; solubility/TM/expression not predicted,,,,,,,,30,,,,,,,,K count only; surface accessibility and handles not established
A0A449C3Z7,A0A449C3Z7,,,,,,,,,,,,,,,partial,not_annotated,partial,,,,False,complete_expression_chaperone_immobilization_annotations,Length and C count only; solubility/TM/expression not predicted; K count only; surface accessibility and handles not established,229,,1,,,,,,computed_from_input_sequence_sha256,Length and C count only; solubility/TM/expression not predicted,,,,,,,,12,,,,,,,,K count only; surface accessibility and handles not established
I7K3G3,I7K3G3,,,,,,,,,,,,,,,partial,not_annotated,partial,,,,False,complete_expression_chaperone_immobilization_annotations,Length and C count only; solubility/TM/expression not predicted; K count only; surface accessibility and handles not established,669,,3,,,,,,computed_from_input_sequence_sha256,Length and C count only; solubility/TM/expression not predicted,,,,,,,,29,,,,,,,,K count only; surface accessibility and handles not established
A0A449C5Q6,A0A449C5Q6,,,,,,,,,,,,,,,partial,not_annotated,partial,,,,False,complete_expression_chaperone_immobilization_annotations,Length and C count only; solubility/TM/expression not predicted; K count only; surface accessibility and handles not established,260,,4,,,,,,computed_from_input_sequence_sha256,Length and C count only; solubility/TM/expression not predicted,,,,,,,,1,,,,,,,,K count only; surface accessibility and handles not established
I6Q9A1,I6Q9A1,,,,,,,,,,,,,,,partial,not_annotated,partial,,,,False,complete_expression_chaperone_immobilization_annotations,Length and C count only; solubility/TM/expression not predicted; K count only; surface accessibility and handles not established,558,,2,,,,,,computed_from_input_sequence_sha256,Length and C count only; solubility/TM/expression not predicted,,,,,,,,22,,,,,,,,K count only; surface accessibility and handles not established
A0A7D3UKK9,A0A7D3UKK9,,,,,,,,,,,,,,,partial,not_annotated,partial,,,,False,complete_expression_chaperone_immobilization_annotations,Length and C count only; solubility/TM/expression not predicted; K count only; surface accessibility and handles not established,387,,1,,,,,,computed_from_input_sequence_sha256,Length and C count only; solubility/TM/expression not predicted,,,,,,,,32,,,,,,,,K count only; surface accessibility and handles not established
A0A449C440,A0A449C440,,,,,,,,,,,,,,,partial,not_annotated,partial,,,,False,complete_expression_chaperone_immobilization_annotations,Length and C count only; solubility/TM/expression not predicted; K count only; surface accessibility and handles not established,288,,3,,,,,,computed_from_input_sequence_sha256,Length and C count only; solubility/TM/expression not predicted,,,,,,,,17,,,,,,,,K count only; surface accessibility and handles not established
F4N2J8,F4N2J8,,,,,,,,,,,,,,,partial,not_annotated,partial,,,,False,complete_expression_chaperone_immobilization_annotations,Length and C count only; solubility/TM/expression not predicted; K count only; surface accessibility and handles not established,155,,0,,,,,,computed_from_input_sequence_sha256,Length and C count only; solubility/TM/expression not predicted,,,,,,,,8,,,,,,,,K count only; surface accessibility and handles not established
A0A449C5Z2,A0A449C5Z2,,,,,,,,,,,,,,,partial,not_annotated,partial,,,,False,complete_expression_chaperone_immobilization_annotations,Length and C count only; solubility/TM/expression not predicted; K count only; surface accessibility and handles not established,288,,3,,,,,,computed_from_input_sequence_sha256,Length and C count only; solubility/TM/expression not predicted,,,,,,,,16,,,,,,,,K count only; surface accessibility and handles not established
F4N729,F4N729,,,,,,,,,,,,,,,partial,not_annotated,partial,,,,False,complete_expression_chaperone_immobilization_annotations,Length and C count only; solubility/TM/expression not predicted; K count only; surface accessibility and handles not established,93,,1,,,,,,computed_from_input_sequence_sha256,Length and C count only; solubility/TM/expression not predicted,,,,,,,,2,,,,,,,,K count only; surface accessibility and handles not established
S5ML14,S5ML14,,,,,,,,,,,,,,,partial,not_annotated,partial,,,,False,complete_expression_chaperone_immobilization_annotations,Length and C count only; solubility/TM/expression not predicted; K count only; surface accessibility and handles not established,660,,3,,,,,,computed_from_input_sequence_sha256,Length and C count only; solubility/TM/expression not predicted,,,,,,,,32,,,,,,,,K count only; surface accessibility and handles not established
I7LHJ5,I7LHJ5,,,,,,,,,,,,,,,partial,not_annotated,partial,,,,False,complete_expression_chaperone_immobilization_annotations,Length and C count only; solubility/TM/expression not predicted; K count only; surface accessibility and handles not established,219,,0,,,,,,computed_from_input_sequence_sha256,Length and C count only; solubility/TM/expression not predicted,,,,,,,,10,,,,,,,,K count only; surface accessibility and handles not established
A0A449C555,A0A449C555,,,,,,,,,,,,,,,partial,not_annotated,partial,,,,False,complete_expression_chaperone_immobilization_annotations,Length and C count only; solubility/TM/expression not predicted; K count only; surface accessibility and handles not established,249,,5,,,,,,computed_from_input_sequence_sha256,Length and C count only; solubility/TM/expression not predicted,,,,,,,,27,,,,,,,,K count only; surface accessibility and handles not established
A0AAE9FQ76,A0AAE9FQ76,,,,,,,,,,,,,,,partial,not_annotated,partial,,,,False,complete_expression_chaperone_immobilization_annotations,Length and C count only; solubility/TM/expression not predicted; K count only; surface accessibility and handles not established,383,,1,,,,,,computed_from_input_sequence_sha256,Length and C count only; solubility/TM/expression not predicted,,,,,,,,21,,,,,,,,K count only; surface accessibility and handles not established
A0A1V0DXT2,A0A1V0DXT2,,,,,,,,,,,,,,,partial,not_annotated,partial,,,,False,complete_expression_chaperone_immobilization_annotations,Length and C count only; solubility/TM/expression not predicted; K count only; surface accessibility and handles not established,650,,2,,,,,,computed_from_input_sequence_sha256,Length and C count only; solubility/TM/expression not predicted,,,,,,,,31,,,,,,,,K count only; surface accessibility and handles not established
I7K324,I7K324,,,,,,,,,,,,,,,partial,not_annotated,partial,,,,False,complete_expression_chaperone_immobilization_annotations,Length and C count only; solubility/TM/expression not predicted; K count only; surface accessibility and handles not established,608,,6,,,,,,computed_from_input_sequence_sha256,Length and C count only; solubility/TM/expression not predicted,,,,,,,,27,,,,,,,,K count only; surface accessibility and handles not established
A0A0G2PMY8,A0A0G2PMY8,,,,,,,,,,,,,,,partial,not_annotated,partial,,,,False,complete_expression_chaperone_immobilization_annotations,Length and C count only; solubility/TM/expression not predicted; K count only; surface accessibility and handles not established,302,,2,,,,,,computed_from_input_sequence_sha256,Length and C count only; solubility/TM/expression not predicted,,,,,,,,6,,,,,,,,K count only; surface accessibility and handles not established
A0A088F649,A0A088F649,,,,,,,,,,,,,,,partial,not_annotated,partial,,,,False,complete_expression_chaperone_immobilization_annotations,Length and C count only; solubility/TM/expression not predicted; K count only; surface accessibility and handles not established,648,,1,,,,,,computed_from_input_sequence_sha256,Length and C count only; solubility/TM/expression not predicted,,,,,,,,27,,,,,,,,K count only; surface accessibility and handles not established
S5M9F2,S5M9F2,,,,,,,,,,,,,,,partial,not_annotated,partial,,,,False,complete_expression_chaperone_immobilization_annotations,Length and C count only; solubility/TM/expression not predicted; K count only; surface accessibility and handles not established,390,,2,,,,,,computed_from_input_sequence_sha256,Length and C count only; solubility/TM/expression not predicted,,,,,,,,23,,,,,,,,K count only; surface accessibility and handles not established
A0AAE7CTI2,A0AAE7CTI2,,,,,,,,,,,,,,,partial,not_annotated,partial,,,,False,complete_expression_chaperone_immobilization_annotations,Length and C count only; solubility/TM/expression not predicted; K count only; surface accessibility and handles not established,175,,0,,,,,,computed_from_input_sequence_sha256,Length and C count only; solubility/TM/expression not predicted,,,,,,,,9,,,,,,,,K count only; surface accessibility and handles not established
A0A0B4ZXE3,A0A0B4ZXE3,,,,,,,,,,,,,,,partial,not_annotated,partial,,,,False,complete_expression_chaperone_immobilization_annotations,Length and C count only; solubility/TM/expression not predicted; K count only; surface accessibility and handles not established,608,,6,,,,,,computed_from_input_sequence_sha256,Length and C count only; solubility/TM/expression not predicted,,,,,,,,27,,,,,,,,K count only; surface accessibility and handles not established
A0A0H3NZ57,A0A0H3NZ57,,,,,,,,,,,,,,,partial,not_annotated,partial,,,,False,complete_expression_chaperone_immobilization_annotations,Length and C count only; solubility/TM/expression not predicted; K count only; surface accessibility and handles not established,430,,7,,,,,,computed_from_input_sequence_sha256,Length and C count only; solubility/TM/expression not predicted,,,,,,,,18,,,,,,,,K count only; surface accessibility and handles not established
S5MRA5,S5MRA5,,,,,,,,,,,,,,,partial,not_annotated,partial,,,,False,complete_expression_chaperone_immobilization_annotations,Length and C count only; solubility/TM/expression not predicted; K count only; surface accessibility and handles not established,334,,5,,,,,,computed_from_input_sequence_sha256,Length and C count only; solubility/TM/expression not predicted,,,,,,,,14,,,,,,,,K count only; surface accessibility and handles not established
A0A0B5A4Q9,A0A0B5A4Q9,,,,,,,,,,,,,,,partial,not_annotated,partial,,,,False,complete_expression_chaperone_immobilization_annotations,Length and C count only; solubility/TM/expression not predicted; K count only; surface accessibility and handles not established,175,,3,,,,,,computed_from_input_sequence_sha256,Length and C count only; solubility/TM/expression not predicted,,,,,,,,17,,,,,,,,K count only; surface accessibility and handles not established
A0A3B8DLH1,A0A3B8DLH1,,,,,,,,,,,,,,,partial,not_annotated,partial,,,,False,complete_expression_chaperone_immobilization_annotations,Length and C count only; solubility/TM/expression not predicted; K count only; surface accessibility and handles not established,288,,3,,,,,,computed_from_input_sequence_sha256,Length and C count only; solubility/TM/expression not predicted,,,,,,,,16,,,,,,,,K count only; surface accessibility and handles not established
A0A449C3U4,A0A449C3U4,,,,,,,,,,,,,,,partial,not_annotated,partial,,,,False,complete_expression_chaperone_immobilization_annotations,Length and C count only; solubility/TM/expression not predicted; K count only; surface accessibility and handles not established,334,,5,,,,,,computed_from_input_sequence_sha256,Length and C count only; solubility/TM/expression not predicted,,,,,,,,14,,,,,,,,K count only; surface accessibility and handles not established
A0AAX4Q199,A0AAX4Q199,,,,,,,,,,,,,,,partial,not_annotated,partial,,,,False,complete_expression_chaperone_immobilization_annotations,Length and C count only; solubility/TM/expression not predicted; K count only; surface accessibility and handles not established,389,,0,,,,,,computed_from_input_sequence_sha256,Length and C count only; solubility/TM/expression not predicted,,,,,,,,32,,,,,,,,K count only; surface accessibility and handles not established
A0A6M3GA37,A0A6M3GA37,,,,,,,,,,,,,,,partial,not_annotated,partial,,,,False,complete_expression_chaperone_immobilization_annotations,Length and C count only; solubility/TM/expression not predicted; K count only; surface accessibility and handles not established,219,,0,,,,,,computed_from_input_sequence_sha256,Length and C count only; solubility/TM/expression not predicted,,,,,,,,12,,,,,,,,K count only; surface accessibility and handles not established
A0A1V0DXR7,A0A1V0DXR7,,,,,,,,,,,,,,,partial,not_annotated,partial,,,,False,complete_expression_chaperone_immobilization_annotations,Length and C count only; solubility/TM/expression not predicted; K count only; surface accessibility and handles not established,314,,5,,,,,,computed_from_input_sequence_sha256,Length and C count only; solubility/TM/expression not predicted,,,,,,,,12,,,,,,,,K count only; surface accessibility and handles not established
A0A0G2PMU8,A0A0G2PMU8,,,,,,,,,,,,,,,partial,not_annotated,partial,,,,False,complete_expression_chaperone_immobilization_annotations,Length and C count only; solubility/TM/expression not predicted; K count only; surface accessibility and handles not established,116,,0,,,,,,computed_from_input_sequence_sha256,Length and C count only; solubility/TM/expression not predicted,,,,,,,,2,,,,,,,,K count only; surface accessibility and handles not established
A0AAE9JYJ2,A0AAE9JYJ2,,,,,,,,,,,,,,,partial,not_annotated,partial,,,,False,complete_expression_chaperone_immobilization_annotations,Length and C count only; solubility/TM/expression not predicted; K count only; surface accessibility and handles not established,386,,0,,,,,,computed_from_input_sequence_sha256,Length and C count only; solubility/TM/expression not predicted,,,,,,,,29,,,,,,,,K count only; surface accessibility and handles not established
I7J474,I7J474,,,,,,,,,,,,,,,partial,not_annotated,partial,,,,False,complete_expression_chaperone_immobilization_annotations,Length and C count only; solubility/TM/expression not predicted; K count only; surface accessibility and handles not established,364,,1,,,,,,computed_from_input_sequence_sha256,Length and C count only; solubility/TM/expression not predicted,,,,,,,,20,,,,,,,,K count only; surface accessibility and handles not established
I7KR83,I7KR83,,,,,,,,,,,,,,,partial,not_annotated,partial,,,,False,complete_expression_chaperone_immobilization_annotations,Length and C count only; solubility/TM/expression not predicted; K count only; surface accessibility and handles not established,288,,2,,,,,,computed_from_input_sequence_sha256,Length and C count only; solubility/TM/expression not predicted,,,,,,,,12,,,,,,,,K count only; surface accessibility and handles not established
A0ZXG5,A0ZXG5,,,,,,,,,,,,,,,partial,not_annotated,partial,,,,False,complete_expression_chaperone_immobilization_annotations,Length and C count only; solubility/TM/expression not predicted; K count only; surface accessibility and handles not established,569,,2,,,,,,computed_from_input_sequence_sha256,Length and C count only; solubility/TM/expression not predicted,,,,,,,,35,,,,,,,,K count only; surface accessibility and handles not established
A0A449C435,A0A449C435,,,,,,,,,,,,,,,partial,not_annotated,partial,,,,False,complete_expression_chaperone_immobilization_annotations,Length and C count only; solubility/TM/expression not predicted; K count only; surface accessibility and handles not established,196,,1,,,,,,computed_from_input_sequence_sha256,Length and C count only; solubility/TM/expression not predicted,,,,,,,,17,,,,,,,,K count only; surface accessibility and handles not established
A0A7U4K0B3,A0A7U4K0B3,,,,,,,,,,,,,,,partial,not_annotated,partial,,,,False,complete_expression_chaperone_immobilization_annotations,Length and C count only; solubility/TM/expression not predicted; K count only; surface accessibility and handles not established,155,,0,,,,,,computed_from_input_sequence_sha256,Length and C count only; solubility/TM/expression not predicted,,,,,,,,9,,,,,,,,K count only; surface accessibility and handles not established
A0AAE9FRM6,A0AAE9FRM6,,,,,,,,,,,,,,,partial,not_annotated,partial,,,,False,complete_expression_chaperone_immobilization_annotations,Length and C count only; solubility/TM/expression not predicted; K count only; surface accessibility and handles not established,391,,1,,,,,,computed_from_input_sequence_sha256,Length and C count only; solubility/TM/expression not predicted,,,,,,,,21,,,,,,,,K count only; surface accessibility and handles not established
A0AAE7PDX0,A0AAE7PDX0,,,,,,,,,,,,,,,partial,not_annotated,partial,,,,False,complete_expression_chaperone_immobilization_annotations,Length and C count only; solubility/TM/expression not predicted; K count only; surface accessibility and handles not established,384,,5,,,,,,computed_from_input_sequence_sha256,Length and C count only; solubility/TM/expression not predicted,,,,,,,,12,,,,,,,,K count only; surface accessibility and handles not established
A0A2C9CXH4,A0A2C9CXH4,,,,,,,,,,,,,,,partial,not_annotated,partial,,,,False,complete_expression_chaperone_immobilization_annotations,Length and C count only; solubility/TM/expression not predicted; K count only; surface accessibility and handles not established,291,,7,,,,,,computed_from_input_sequence_sha256,Length and C count only; solubility/TM/expression not predicted,,,,,,,,20,,,,,,,,K count only; surface accessibility and handles not established
A0A7D3UH03,A0A7D3UH03,,,,,,,,,,,,,,,partial,not_annotated,partial,,,,False,complete_expression_chaperone_immobilization_annotations,Length and C count only; solubility/TM/expression not predicted; K count only; surface accessibility and handles not established,387,,1,,,,,,computed_from_input_sequence_sha256,Length and C count only; solubility/TM/expression not predicted,,,,,,,,32,,,,,,,,K count only; surface accessibility and handles not established
A0AA51VH76,A0AA51VH76,,,,,,,,,,,,,,,partial,not_annotated,partial,,,,False,complete_expression_chaperone_immobilization_annotations,Length and C count only; solubility/TM/expression not predicted; K count only; surface accessibility and handles not established,559,,2,,,,,,computed_from_input_sequence_sha256,Length and C count only; solubility/TM/expression not predicted,,,,,,,,23,,,,,,,,K count only; surface accessibility and handles not established
A0A2H1UJ87,A0A2H1UJ87,,,,,,,,,,,,,,,partial,not_annotated,partial,,,,False,complete_expression_chaperone_immobilization_annotations,Length and C count only; solubility/TM/expression not predicted; K count only; surface accessibility and handles not established,520,,1,,,,,,computed_from_input_sequence_sha256,Length and C count only; solubility/TM/expression not predicted,,,,,,,,26,,,,,,,,K count only; surface accessibility and handles not established
A0A449C528,A0A449C528,,,,,,,,,,,,,,,partial,not_annotated,partial,,,,False,complete_expression_chaperone_immobilization_annotations,Length and C count only; solubility/TM/expression not predicted; K count only; surface accessibility and handles not established,288,,3,,,,,,computed_from_input_sequence_sha256,Length and C count only; solubility/TM/expression not predicted,,,,,,,,16,,,,,,,,K count only; surface accessibility and handles not established
A0A6M3GA49,A0A6M3GA49,,,,,,,,,,,,,,,partial,not_annotated,partial,,,,False,complete_expression_chaperone_immobilization_annotations,Length and C count only; solubility/TM/expression not predicted; K count only; surface accessibility and handles not established,660,,3,,,,,,computed_from_input_sequence_sha256,Length and C count only; solubility/TM/expression not predicted,,,,,,,,32,,,,,,,,K count only; surface accessibility and handles not established
A0A1V0DXD5,A0A1V0DXD5,,,,,,,,,,,,,,,partial,not_annotated,partial,,,,False,complete_expression_chaperone_immobilization_annotations,Length and C count only; solubility/TM/expression not predicted; K count only; surface accessibility and handles not established,289,,1,,,,,,computed_from_input_sequence_sha256,Length and C count only; solubility/TM/expression not predicted,,,,,,,,2,,,,,,,,K count only; surface accessibility and handles not established
A0A3B8DLJ2,A0A3B8DLJ2,,,,,,,,,,,,,,,partial,not_annotated,partial,,,,False,complete_expression_chaperone_immobilization_annotations,Length and C count only; solubility/TM/expression not predicted; K count only; surface accessibility and handles not established,219,,0,,,,,,computed_from_input_sequence_sha256,Length and C count only; solubility/TM/expression not predicted,,,,,,,,12,,,,,,,,K count only; surface accessibility and handles not established
A0AAE7PDK2,A0AAE7PDK2,,,,,,,,,,,,,,,partial,not_annotated,partial,,,,False,complete_expression_chaperone_immobilization_annotations,Length and C count only; solubility/TM/expression not predicted; K count only; surface accessibility and handles not established,176,,3,,,,,,computed_from_input_sequence_sha256,Length and C count only; solubility/TM/expression not predicted,,,,,,,,21,,,,,,,,K count only; surface accessibility and handles not established
F4N728,F4N728,,,,,,,,,,,,,,,partial,not_annotated,partial,,,,False,complete_expression_chaperone_immobilization_annotations,Length and C count only; solubility/TM/expression not predicted; K count only; surface accessibility and handles not established,160,,3,,,,,,computed_from_input_sequence_sha256,Length and C count only; solubility/TM/expression not predicted,,,,,,,,11,,,,,,,,K count only; surface accessibility and handles not established
A0AAE9JVZ5,A0AAE9JVZ5,,,,,,,,,,,,,,,partial,not_annotated,partial,,,,False,complete_expression_chaperone_immobilization_annotations,Length and C count only; solubility/TM/expression not predicted; K count only; surface accessibility and handles not established,363,,0,,,,,,computed_from_input_sequence_sha256,Length and C count only; solubility/TM/expression not predicted,,,,,,,,32,,,,,,,,K count only; surface accessibility and handles not established
A0A449C5C7,A0A449C5C7,,,,,,,,,,,,,,,partial,not_annotated,partial,,,,False,complete_expression_chaperone_immobilization_annotations,Length and C count only; solubility/TM/expression not predicted; K count only; surface accessibility and handles not established,334,,5,,,,,,computed_from_input_sequence_sha256,Length and C count only; solubility/TM/expression not predicted,,,,,,,,14,,,,,,,,K count only; surface accessibility and handles not established
I7LH81,I7LH81,,,,,,,,,,,,,,,partial,not_annotated,partial,,,,False,complete_expression_chaperone_immobilization_annotations,Length and C count only; solubility/TM/expression not predicted; K count only; surface accessibility and handles not established,334,,5,,,,,,computed_from_input_sequence_sha256,Length and C count only; solubility/TM/expression not predicted,,,,,,,,16,,,,,,,,K count only; surface accessibility and handles not established
A0A1V0DXT5,A0A1V0DXT5,,,,,,,,,,,,,,,partial,not_annotated,partial,,,,False,complete_expression_chaperone_immobilization_annotations,Length and C count only; solubility/TM/expression not predicted; K count only; surface accessibility and handles not established,224,,0,,,,,,computed_from_input_sequence_sha256,Length and C count only; solubility/TM/expression not predicted,,,,,,,,10,,,,,,,,K count only; surface accessibility and handles not established
A0A6M3G969,A0A6M3G969,,,,,,,,,,,,,,,partial,not_annotated,partial,,,,False,complete_expression_chaperone_immobilization_annotations,Length and C count only; solubility/TM/expression not predicted; K count only; surface accessibility and handles not established,239,,8,,,,,,computed_from_input_sequence_sha256,Length and C count only; solubility/TM/expression not predicted,,,,,,,,23,,,,,,,,K count only; surface accessibility and handles not established
A0AAX4Q2X2,A0AAX4Q2X2,,,,,,,,,,,,,,,partial,not_annotated,partial,,,,False,complete_expression_chaperone_immobilization_annotations,Length and C count only; solubility/TM/expression not predicted; K count only; surface accessibility and handles not established,302,,2,,,,,,computed_from_input_sequence_sha256,Length and C count only; solubility/TM/expression not predicted,,,,,,,,5,,,,,,,,K count only; surface accessibility and handles not established
A0A2D0PE70,A0A2D0PE70,,,,,,,,,,,,,,,partial,not_annotated,partial,,,,False,complete_expression_chaperone_immobilization_annotations,Length and C count only; solubility/TM/expression not predicted; K count only; surface accessibility and handles not established,520,,1,,,,,,computed_from_input_sequence_sha256,Length and C count only; solubility/TM/expression not predicted,,,,,,,,26,,,,,,,,K count only; surface accessibility and handles not established
A0A0H3NU58,A0A0H3NU58,,,,,,,,,,,,,,,partial,not_annotated,partial,,,,False,complete_expression_chaperone_immobilization_annotations,Length and C count only; solubility/TM/expression not predicted; K count only; surface accessibility and handles not established,302,,2,,,,,,computed_from_input_sequence_sha256,Length and C count only; solubility/TM/expression not predicted,,,,,,,,5,,,,,,,,K count only; surface accessibility and handles not established
A0A449C3S4,A0A449C3S4,,,,,,,,,,,,,,,partial,not_annotated,partial,,,,False,complete_expression_chaperone_immobilization_annotations,Length and C count only; solubility/TM/expression not predicted; K count only; surface accessibility and handles not established,219,,0,,,,,,computed_from_input_sequence_sha256,Length and C count only; solubility/TM/expression not predicted,,,,,,,,12,,,,,,,,K count only; surface accessibility and handles not established
S5MRE6,S5MRE6,,,,,,,,,,,,,,,partial,not_annotated,partial,,,,False,complete_expression_chaperone_immobilization_annotations,Length and C count only; solubility/TM/expression not predicted; K count only; surface accessibility and handles not established,364,,1,,,,,,computed_from_input_sequence_sha256,Length and C count only; solubility/TM/expression not predicted,,,,,,,,20,,,,,,,,K count only; surface accessibility and handles not established
A0A3B8DL31,A0A3B8DL31,,,,,,,,,,,,,,,partial,not_annotated,partial,,,,False,complete_expression_chaperone_immobilization_annotations,Length and C count only; solubility/TM/expression not predicted; K count only; surface accessibility and handles not established,216,,0,,,,,,computed_from_input_sequence_sha256,Length and C count only; solubility/TM/expression not predicted,,,,,,,,8,,,,,,,,K count only; surface accessibility and handles not established
A0AA86IWK5,A0AA86IWK5,,,,,,,,,,,,,,,partial,not_annotated,partial,,,,False,complete_expression_chaperone_immobilization_annotations,Length and C count only; solubility/TM/expression not predicted; K count only; surface accessibility and handles not established,224,,0,,,,,,computed_from_input_sequence_sha256,Length and C count only; solubility/TM/expression not predicted,,,,,,,,17,,,,,,,,K count only; surface accessibility and handles not established
I7J3W0,I7J3W0,,,,,,,,,,,,,,,partial,not_annotated,partial,,,,False,complete_expression_chaperone_immobilization_annotations,Length and C count only; solubility/TM/expression not predicted; K count only; surface accessibility and handles not established,285,,2,,,,,,computed_from_input_sequence_sha256,Length and C count only; solubility/TM/expression not predicted,,,,,,,,7,,,,,,,,K count only; surface accessibility and handles not established
A0A0B5A4J3,A0A0B5A4J3,,,,,,,,,,,,,,,partial,not_annotated,partial,,,,False,complete_expression_chaperone_immobilization_annotations,Length and C count only; solubility/TM/expression not predicted; K count only; surface accessibility and handles not established,288,,2,,,,,,computed_from_input_sequence_sha256,Length and C count only; solubility/TM/expression not predicted,,,,,,,,12,,,,,,,,K count only; surface accessibility and handles not established
A0A449C6D2,A0A449C6D2,,,,,,,,,,,,,,,partial,not_annotated,partial,,,,False,complete_expression_chaperone_immobilization_annotations,Length and C count only; solubility/TM/expression not predicted; K count only; surface accessibility and handles not established,364,,1,,,,,,computed_from_input_sequence_sha256,Length and C count only; solubility/TM/expression not predicted,,,,,,,,20,,,,,,,,K count only; surface accessibility and handles not established
A0A0B5A2V7,A0A0B5A2V7,,,,,,,,,,,,,,,partial,not_annotated,partial,,,,False,complete_expression_chaperone_immobilization_annotations,Length and C count only; solubility/TM/expression not predicted; K count only; surface accessibility and handles not established,379,,1,,,,,,computed_from_input_sequence_sha256,Length and C count only; solubility/TM/expression not predicted,,,,,,,,20,,,,,,,,K count only; surface accessibility and handles not established
A0A449C638,A0A449C638,,,,,,,,,,,,,,,partial,not_annotated,partial,,,,False,complete_expression_chaperone_immobilization_annotations,Length and C count only; solubility/TM/expression not predicted; K count only; surface accessibility and handles not established,391,,2,,,,,,computed_from_input_sequence_sha256,Length and C count only; solubility/TM/expression not predicted,,,,,,,,23,,,,,,,,K count only; surface accessibility and handles not established
A0A449C6B7,A0A449C6B7,,,,,,,,,,,,,,,partial,not_annotated,partial,,,,False,complete_expression_chaperone_immobilization_annotations,Length and C count only; solubility/TM/expression not predicted; K count only; surface accessibility and handles not established,249,,5,,,,,,computed_from_input_sequence_sha256,Length and C count only; solubility/TM/expression not predicted,,,,,,,,28,,,,,,,,K count only; surface accessibility and handles not established
A0A6M3G916,A0A6M3G916,,,,,,,,,,,,,,,partial,not_annotated,partial,,,,False,complete_expression_chaperone_immobilization_annotations,Length and C count only; solubility/TM/expression not predicted; K count only; surface accessibility and handles not established,288,,3,,,,,,computed_from_input_sequence_sha256,Length and C count only; solubility/TM/expression not predicted,,,,,,,,16,,,,,,,,K count only; surface accessibility and handles not established
S5M3A7,S5M3A7,,,,,,,,,,,,,,,partial,not_annotated,partial,,,,False,complete_expression_chaperone_immobilization_annotations,Length and C count only; solubility/TM/expression not predicted; K count only; surface accessibility and handles not established,196,,1,,,,,,computed_from_input_sequence_sha256,Length and C count only; solubility/TM/expression not predicted,,,,,,,,16,,,,,,,,K count only; surface accessibility and handles not established
I7K354,I7K354,,,,,,,,,,,,,,,partial,not_annotated,partial,,,,False,complete_expression_chaperone_immobilization_annotations,Length and C count only; solubility/TM/expression not predicted; K count only; surface accessibility and handles not established,348,,1,,,,,,computed_from_input_sequence_sha256,Length and C count only; solubility/TM/expression not predicted,,,,,,,,15,,,,,,,,K count only; surface accessibility and handles not established
A0A7D3QKX7,A0A7D3QKX7,,,,,,,,,,,,,,,partial,not_annotated,partial,,,,False,complete_expression_chaperone_immobilization_annotations,Length and C count only; solubility/TM/expression not predicted; K count only; surface accessibility and handles not established,387,,1,,,,,,computed_from_input_sequence_sha256,Length and C count only; solubility/TM/expression not predicted,,,,,,,,32,,,,,,,,K count only; surface accessibility and handles not established
A0A449C4D0,A0A449C4D0,,,,,,,,,,,,,,,partial,not_annotated,partial,,,,False,complete_expression_chaperone_immobilization_annotations,Length and C count only; solubility/TM/expression not predicted; K count only; surface accessibility and handles not established,259,,2,,,,,,computed_from_input_sequence_sha256,Length and C count only; solubility/TM/expression not predicted,,,,,,,,1,,,,,,,,K count only; surface accessibility and handles not established
A0A7D3V1W8,A0A7D3V1W8,,,,,,,,,,,,,,,partial,not_annotated,partial,,,,False,complete_expression_chaperone_immobilization_annotations,Length and C count only; solubility/TM/expression not predicted; K count only; surface accessibility and handles not established,302,,3,,,,,,computed_from_input_sequence_sha256,Length and C count only; solubility/TM/expression not predicted,,,,,,,,4,,,,,,,,K count only; surface accessibility and handles not established
A0A0B5A2N3,A0A0B5A2N3,,,,,,,,,,,,,,,partial,not_annotated,partial,,,,False,complete_expression_chaperone_immobilization_annotations,Length and C count only; solubility/TM/expression not predicted; K count only; surface accessibility and handles not established,249,,6,,,,,,computed_from_input_sequence_sha256,Length and C count only; solubility/TM/expression not predicted,,,,,,,,21,,,,,,,,K count only; surface accessibility and handles not established
A0A449C3T4,A0A449C3T4,,,,,,,,,,,,,,,partial,not_annotated,partial,,,,False,complete_expression_chaperone_immobilization_annotations,Length and C count only; solubility/TM/expression not predicted; K count only; surface accessibility and handles not established,249,,5,,,,,,computed_from_input_sequence_sha256,Length and C count only; solubility/TM/expression not predicted,,,,,,,,27,,,,,,,,K count only; surface accessibility and handles not established
A0AAX4M7A4,A0AAX4M7A4,,,,,,,,,,,,,,,partial,not_annotated,partial,,,,False,complete_expression_chaperone_immobilization_annotations,Length and C count only; solubility/TM/expression not predicted; K count only; surface accessibility and handles not established,115,,1,,,,,,computed_from_input_sequence_sha256,Length and C count only; solubility/TM/expression not predicted,,,,,,,,1,,,,,,,,K count only; surface accessibility and handles not established
A0AAX4Q2U9,A0AAX4Q2U9,,,,,,,,,,,,,,,partial,not_annotated,partial,,,,False,complete_expression_chaperone_immobilization_annotations,Length and C count only; solubility/TM/expression not predicted; K count only; surface accessibility and handles not established,206,,0,,,,,,computed_from_input_sequence_sha256,Length and C count only; solubility/TM/expression not predicted,,,,,,,,13,,,,,,,,K count only; surface accessibility and handles not established
A0AAD2UWV2,A0AAD2UWV2,,,,,,,,,,,,,,,partial,not_annotated,partial,,,,False,complete_expression_chaperone_immobilization_annotations,Length and C count only; solubility/TM/expression not predicted; K count only; surface accessibility and handles not established,466,,4,,,,,,computed_from_input_sequence_sha256,Length and C count only; solubility/TM/expression not predicted,,,,,,,,9,,,,,,,,K count only; surface accessibility and handles not established
A0A0H3NZ59,A0A0H3NZ59,,,,,,,,,,,,,,,partial,not_annotated,partial,,,,False,complete_expression_chaperone_immobilization_annotations,Length and C count only; solubility/TM/expression not predicted; K count only; surface accessibility and handles not established,211,,3,,,,,,computed_from_input_sequence_sha256,Length and C count only; solubility/TM/expression not predicted,,,,,,,,8,,,,,,,,K count only; surface accessibility and handles not established
I7KRU3,I7KRU3,,,,,,,,,,,,,,,partial,not_annotated,partial,,,,False,complete_expression_chaperone_immobilization_annotations,Length and C count only; solubility/TM/expression not predicted; K count only; surface accessibility and handles not established,177,,3,,,,,,computed_from_input_sequence_sha256,Length and C count only; solubility/TM/expression not predicted,,,,,,,,16,,,,,,,,K count only; surface accessibility and handles not established
A0A7D3QQ81,A0A7D3QQ81,,,,,,,,,,,,,,,partial,not_annotated,partial,,,,False,complete_expression_chaperone_immobilization_annotations,Length and C count only; solubility/TM/expression not predicted; K count only; surface accessibility and handles not established,211,,3,,,,,,computed_from_input_sequence_sha256,Length and C count only; solubility/TM/expression not predicted,,,,,,,,5,,,,,,,,K count only; surface accessibility and handles not established
A0AAE7V728,A0AAE7V728,,,,,,,,,,,,,,,partial,not_annotated,partial,,,,False,complete_expression_chaperone_immobilization_annotations,Length and C count only; solubility/TM/expression not predicted; K count only; surface accessibility and handles not established,302,,3,,,,,,computed_from_input_sequence_sha256,Length and C count only; solubility/TM/expression not predicted,,,,,,,,4,,,,,,,,K count only; surface accessibility and handles not established
A0AAE9FLD0,A0AAE9FLD0,,,,,,,,,,,,,,,partial,not_annotated,partial,,,,False,complete_expression_chaperone_immobilization_annotations,Length and C count only; solubility/TM/expression not predicted; K count only; surface accessibility and handles not established,116,,0,,,,,,computed_from_input_sequence_sha256,Length and C count only; solubility/TM/expression not predicted,,,,,,,,2,,,,,,,,K count only; surface accessibility and handles not established
A0A1V0DXX1,A0A1V0DXX1,,,,,,,,,,,,,,,partial,not_annotated,partial,,,,False,complete_expression_chaperone_immobilization_annotations,Length and C count only; solubility/TM/expression not predicted; K count only; surface accessibility and handles not established,348,,1,,,,,,computed_from_input_sequence_sha256,Length and C count only; solubility/TM/expression not predicted,,,,,,,,15,,,,,,,,K count only; surface accessibility and handles not established
A0AAX4M7M8,A0AAX4M7M8,,,,,,,,,,,,,,,partial,not_annotated,partial,,,,False,complete_expression_chaperone_immobilization_annotations,Length and C count only; solubility/TM/expression not predicted; K count only; surface accessibility and handles not established,211,,2,,,,,,computed_from_input_sequence_sha256,Length and C count only; solubility/TM/expression not predicted,,,,,,,,7,,,,,,,,K count only; surface accessibility and handles not established
A0A7T9XU25,A0A7T9XU25,,,,,,,,,,,,,,,partial,not_annotated,partial,,,,False,complete_expression_chaperone_immobilization_annotations,Length and C count only; solubility/TM/expression not predicted; K count only; surface accessibility and handles not established,302,,2,,,,,,computed_from_input_sequence_sha256,Length and C count only; solubility/TM/expression not predicted,,,,,,,,5,,,,,,,,K count only; surface accessibility and handles not established
A0A449C5D9,A0A449C5D9,,,,,,,,,,,,,,,partial,not_annotated,partial,,,,False,complete_expression_chaperone_immobilization_annotations,Length and C count only; solubility/TM/expression not predicted; K count only; surface accessibility and handles not established,208,,7,,,,,,computed_from_input_sequence_sha256,Length and C count only; solubility/TM/expression not predicted,,,,,,,,19,,,,,,,,K count only; surface accessibility and handles not established
A0A0H3NP24,A0A0H3NP24,,,,,,,,,,,,,,,partial,not_annotated,partial,,,,False,complete_expression_chaperone_immobilization_annotations,Length and C count only; solubility/TM/expression not predicted; K count only; surface accessibility and handles not established,118,,0,,,,,,computed_from_input_sequence_sha256,Length and C count only; solubility/TM/expression not predicted,,,,,,,,3,,,,,,,,K count only; surface accessibility and handles not established
A0A3B8DLI7,A0A3B8DLI7,,,,,,,,,,,,,,,partial,not_annotated,partial,,,,False,complete_expression_chaperone_immobilization_annotations,Length and C count only; solubility/TM/expression not predicted; K count only; surface accessibility and handles not established,196,,1,,,,,,computed_from_input_sequence_sha256,Length and C count only; solubility/TM/expression not predicted,,,,,,,,16,,,,,,,,K count only; surface accessibility and handles not established
A0A1V0DXS1,A0A1V0DXS1,,,,,,,,,,,,,,,partial,not_annotated,partial,,,,False,complete_expression_chaperone_immobilization_annotations,Length and C count only; solubility/TM/expression not predicted; K count only; surface accessibility and handles not established,288,,2,,,,,,computed_from_input_sequence_sha256,Length and C count only; solubility/TM/expression not predicted,,,,,,,,12,,,,,,,,K count only; surface accessibility and handles not established
A0A2D0PCZ8,A0A2D0PCZ8,,,,,,,,,,,,,,,partial,not_annotated,partial,,,,False,complete_expression_chaperone_immobilization_annotations,Length and C count only; solubility/TM/expression not predicted; K count only; surface accessibility and handles not established,520,,1,,,,,,computed_from_input_sequence_sha256,Length and C count only; solubility/TM/expression not predicted,,,,,,,,26,,,,,,,,K count only; surface accessibility and handles not established
A0A449C3Q1,A0A449C3Q1,,,,,,,,,,,,,,,partial,not_annotated,partial,,,,False,complete_expression_chaperone_immobilization_annotations,Length and C count only; solubility/TM/expression not predicted; K count only; surface accessibility and handles not established,601,,5,,,,,,computed_from_input_sequence_sha256,Length and C count only; solubility/TM/expression not predicted,,,,,,,,31,,,,,,,,K count only; surface accessibility and handles not established
A0A2D0PE10,A0A2D0PE10,,,,,,,,,,,,,,,partial,not_annotated,partial,,,,False,complete_expression_chaperone_immobilization_annotations,Length and C count only; solubility/TM/expression not predicted; K count only; surface accessibility and handles not established,520,,1,,,,,,computed_from_input_sequence_sha256,Length and C count only; solubility/TM/expression not predicted,,,,,,,,26,,,,,,,,K count only; surface accessibility and handles not established
A0A0H3NSE3,A0A0H3NSE3,,,,,,,,,,,,,,,partial,not_annotated,partial,,,,False,complete_expression_chaperone_immobilization_annotations,Length and C count only; solubility/TM/expression not predicted; K count only; surface accessibility and handles not established,380,,1,,,,,,computed_from_input_sequence_sha256,Length and C count only; solubility/TM/expression not predicted,,,,,,,,23,,,,,,,,K count only; surface accessibility and handles not established
A0A2H1X991,A0A2H1X991,,,,,,,,,,,,,,,partial,not_annotated,partial,,,,False,complete_expression_chaperone_immobilization_annotations,Length and C count only; solubility/TM/expression not predicted; K count only; surface accessibility and handles not established,520,,1,,,,,,computed_from_input_sequence_sha256,Length and C count only; solubility/TM/expression not predicted,,,,,,,,26,,,,,,,,K count only; surface accessibility and handles not established
A0A6M3G8D1,A0A6M3G8D1,,,,,,,,,,,,,,,partial,not_annotated,partial,,,,False,complete_expression_chaperone_immobilization_annotations,Length and C count only; solubility/TM/expression not predicted; K count only; surface accessibility and handles not established,277,,4,,,,,,computed_from_input_sequence_sha256,Length and C count only; solubility/TM/expression not predicted,,,,,,,,1,,,,,,,,K count only; surface accessibility and handles not established
A0AAE6YPH1,A0AAE6YPH1,,,,,,,,,,,,,,,partial,not_annotated,partial,,,,False,complete_expression_chaperone_immobilization_annotations,Length and C count only; solubility/TM/expression not predicted; K count only; surface accessibility and handles not established,211,,3,,,,,,computed_from_input_sequence_sha256,Length and C count only; solubility/TM/expression not predicted,,,,,,,,5,,,,,,,,K count only; surface accessibility and handles not established
A0AAE9FRR2,A0AAE9FRR2,,,,,,,,,,,,,,,partial,not_annotated,partial,,,,False,complete_expression_chaperone_immobilization_annotations,Length and C count only; solubility/TM/expression not predicted; K count only; surface accessibility and handles not established,213,,3,,,,,,computed_from_input_sequence_sha256,Length and C count only; solubility/TM/expression not predicted,,,,,,,,6,,,,,,,,K count only; surface accessibility and handles not established
A0AA51VJM6,A0AA51VJM6,,,,,,,,,,,,,,,partial,not_annotated,partial,,,,False,complete_expression_chaperone_immobilization_annotations,Length and C count only; solubility/TM/expression not predicted; K count only; surface accessibility and handles not established,520,,0,,,,,,computed_from_input_sequence_sha256,Length and C count only; solubility/TM/expression not predicted,,,,,,,,24,,,,,,,,K count only; surface accessibility and handles not established
A0AAE9FQ04,A0AAE9FQ04,,,,,,,,,,,,,,,partial,not_annotated,partial,,,,False,complete_expression_chaperone_immobilization_annotations,Length and C count only; solubility/TM/expression not predicted; K count only; surface accessibility and handles not established,213,,3,,,,,,computed_from_input_sequence_sha256,Length and C count only; solubility/TM/expression not predicted,,,,,,,,6,,,,,,,,K count only; surface accessibility and handles not established
A0A6M3G876,A0A6M3G876,,,,,,,,,,,,,,,partial,not_annotated,partial,,,,False,complete_expression_chaperone_immobilization_annotations,Length and C count only; solubility/TM/expression not predicted; K count only; surface accessibility and handles not established,364,,1,,,,,,computed_from_input_sequence_sha256,Length and C count only; solubility/TM/expression not predicted,,,,,,,,20,,,,,,,,K count only; surface accessibility and handles not established
S5M7B3,S5M7B3,,,,,,,,,,,,,,,partial,not_annotated,partial,,,,False,complete_expression_chaperone_immobilization_annotations,Length and C count only; solubility/TM/expression not predicted; K count only; surface accessibility and handles not established,288,,3,,,,,,computed_from_input_sequence_sha256,Length and C count only; solubility/TM/expression not predicted,,,,,,,,16,,,,,,,,K count only; surface accessibility and handles not established
A0A449C608,A0A449C608,,,,,,,,,,,,,,,partial,not_annotated,partial,,,,False,complete_expression_chaperone_immobilization_annotations,Length and C count only; solubility/TM/expression not predicted; K count only; surface accessibility and handles not established,196,,1,,,,,,computed_from_input_sequence_sha256,Length and C count only; solubility/TM/expression not predicted,,,,,,,,16,,,,,,,,K count only; surface accessibility and handles not established
A0A7D3QML5,A0A7D3QML5,,,,,,,,,,,,,,,partial,not_annotated,partial,,,,False,complete_expression_chaperone_immobilization_annotations,Length and C count only; solubility/TM/expression not predicted; K count only; surface accessibility and handles not established,302,,3,,,,,,computed_from_input_sequence_sha256,Length and C count only; solubility/TM/expression not predicted,,,,,,,,4,,,,,,,,K count only; surface accessibility and handles not established
A0AAX4Q195,A0AAX4Q195,,,,,,,,,,,,,,,partial,not_annotated,partial,,,,False,complete_expression_chaperone_immobilization_annotations,Length and C count only; solubility/TM/expression not predicted; K count only; surface accessibility and handles not established,211,,2,,,,,,computed_from_input_sequence_sha256,Length and C count only; solubility/TM/expression not predicted,,,,,,,,7,,,,,,,,K count only; surface accessibility and handles not established
A0A0B4ZZM3,A0A0B4ZZM3,,,,,,,,,,,,,,,partial,not_annotated,partial,,,,False,complete_expression_chaperone_immobilization_annotations,Length and C count only; solubility/TM/expression not predicted; K count only; surface accessibility and handles not established,207,,7,,,,,,computed_from_input_sequence_sha256,Length and C count only; solubility/TM/expression not predicted,,,,,,,,23,,,,,,,,K count only; surface accessibility and handles not established
A0A449C619,A0A449C619,,,,,,,,,,,,,,,partial,not_annotated,partial,,,,False,complete_expression_chaperone_immobilization_annotations,Length and C count only; solubility/TM/expression not predicted; K count only; surface accessibility and handles not established,219,,0,,,,,,computed_from_input_sequence_sha256,Length and C count only; solubility/TM/expression not predicted,,,,,,,,12,,,,,,,,K count only; surface accessibility and handles not established
I7LH90,I7LH90,,,,,,,,,,,,,,,partial,not_annotated,partial,,,,False,complete_expression_chaperone_immobilization_annotations,Length and C count only; solubility/TM/expression not predicted; K count only; surface accessibility and handles not established,174,,0,,,,,,computed_from_input_sequence_sha256,Length and C count only; solubility/TM/expression not predicted,,,,,,,,15,,,,,,,,K count only; surface accessibility and handles not established
A0AAE9FKC7,A0AAE9FKC7,,,,,,,,,,,,,,,partial,not_annotated,partial,,,,False,complete_expression_chaperone_immobilization_annotations,Length and C count only; solubility/TM/expression not predicted; K count only; surface accessibility and handles not established,211,,3,,,,,,computed_from_input_sequence_sha256,Length and C count only; solubility/TM/expression not predicted,,,,,,,,8,,,,,,,,K count only; surface accessibility and handles not established
A1JNF1,A1JNF1,,,,,,,,,,,,,,,partial,not_annotated,partial,,,,False,complete_expression_chaperone_immobilization_annotations,Length and C count only; solubility/TM/expression not predicted; K count only; surface accessibility and handles not established,215,,3,,,,,,computed_from_input_sequence_sha256,Length and C count only; solubility/TM/expression not predicted,,,,,,,,6,,,,,,,,K count only; surface accessibility and handles not established
A0A7D3QJ92,A0A7D3QJ92,,,,,,,,,,,,,,,partial,not_annotated,partial,,,,False,complete_expression_chaperone_immobilization_annotations,Length and C count only; solubility/TM/expression not predicted; K count only; surface accessibility and handles not established,302,,3,,,,,,computed_from_input_sequence_sha256,Length and C count only; solubility/TM/expression not predicted,,,,,,,,4,,,,,,,,K count only; surface accessibility and handles not established
A0A6M3G874,A0A6M3G874,,,,,,,,,,,,,,,partial,not_annotated,partial,,,,False,complete_expression_chaperone_immobilization_annotations,Length and C count only; solubility/TM/expression not predicted; K count only; surface accessibility and handles not established,391,,2,,,,,,computed_from_input_sequence_sha256,Length and C count only; solubility/TM/expression not predicted,,,,,,,,23,,,,,,,,K count only; surface accessibility and handles not established
S5ML49,S5ML49,,,,,,,,,,,,,,,partial,not_annotated,partial,,,,False,complete_expression_chaperone_immobilization_annotations,Length and C count only; solubility/TM/expression not predicted; K count only; surface accessibility and handles not established,177,,3,,,,,,computed_from_input_sequence_sha256,Length and C count only; solubility/TM/expression not predicted,,,,,,,,16,,,,,,,,K count only; surface accessibility and handles not established
A0A449C567,A0A449C567,,,,,,,,,,,,,,,partial,not_annotated,partial,,,,False,complete_expression_chaperone_immobilization_annotations,Length and C count only; solubility/TM/expression not predicted; K count only; surface accessibility and handles not established,391,,2,,,,,,computed_from_input_sequence_sha256,Length and C count only; solubility/TM/expression not predicted,,,,,,,,23,,,,,,,,K count only; surface accessibility and handles not established
A0AAE6YNJ4,A0AAE6YNJ4,,,,,,,,,,,,,,,partial,not_annotated,partial,,,,False,complete_expression_chaperone_immobilization_annotations,Length and C count only; solubility/TM/expression not predicted; K count only; surface accessibility and handles not established,302,,3,,,,,,computed_from_input_sequence_sha256,Length and C count only; solubility/TM/expression not predicted,,,,,,,,4,,,,,,,,K count only; surface accessibility and handles not established
A0A6M3G8B9,A0A6M3G8B9,,,,,,,,,,,,,,,partial,not_annotated,partial,,,,False,complete_expression_chaperone_immobilization_annotations,Length and C count only; solubility/TM/expression not predicted; K count only; surface accessibility and handles not established,216,,0,,,,,,computed_from_input_sequence_sha256,Length and C count only; solubility/TM/expression not predicted,,,,,,,,9,,,,,,,,K count only; surface accessibility and handles not established
A0A3B8DYI1,A0A3B8DYI1,,,,,,,,,,,,,,,partial,not_annotated,partial,,,,False,complete_expression_chaperone_immobilization_annotations,Length and C count only; solubility/TM/expression not predicted; K count only; surface accessibility and handles not established,265,,4,,,,,,computed_from_input_sequence_sha256,Length and C count only; solubility/TM/expression not predicted,,,,,,,,3,,,,,,,,K count only; surface accessibility and handles not established
I7K3U3,I7K3U3,,,,,,,,,,,,,,,partial,not_annotated,partial,,,,False,complete_expression_chaperone_immobilization_annotations,Length and C count only; solubility/TM/expression not predicted; K count only; surface accessibility and handles not established,132,,1,,,,,,computed_from_input_sequence_sha256,Length and C count only; solubility/TM/expression not predicted,,,,,,,,7,,,,,,,,K count only; surface accessibility and handles not established
I7KRG5,I7KRG5,,,,,,,,,,,,,,,partial,not_annotated,partial,,,,False,complete_expression_chaperone_immobilization_annotations,Length and C count only; solubility/TM/expression not predicted; K count only; surface accessibility and handles not established,175,,3,,,,,,computed_from_input_sequence_sha256,Length and C count only; solubility/TM/expression not predicted,,,,,,,,17,,,,,,,,K count only; surface accessibility and handles not established
A0A1V0DXW6,A0A1V0DXW6,,,,,,,,,,,,,,,partial,not_annotated,partial,,,,False,complete_expression_chaperone_immobilization_annotations,Length and C count only; solubility/TM/expression not predicted; K count only; surface accessibility and handles not established,379,,1,,,,,,computed_from_input_sequence_sha256,Length and C count only; solubility/TM/expression not predicted,,,,,,,,20,,,,,,,,K count only; surface accessibility and handles not established
I7K349,I7K349,,,,,,,,,,,,,,,partial,not_annotated,partial,,,,False,complete_expression_chaperone_immobilization_annotations,Length and C count only; solubility/TM/expression not predicted; K count only; surface accessibility and handles not established,207,,7,,,,,,computed_from_input_sequence_sha256,Length and C count only; solubility/TM/expression not predicted,,,,,,,,22,,,,,,,,K count only; surface accessibility and handles not established
A0A449C4X7,A0A449C4X7,,,,,,,,,,,,,,,partial,not_annotated,partial,,,,False,complete_expression_chaperone_immobilization_annotations,Length and C count only; solubility/TM/expression not predicted; K count only; surface accessibility and handles not established,196,,1,,,,,,computed_from_input_sequence_sha256,Length and C count only; solubility/TM/expression not predicted,,,,,,,,16,,,,,,,,K count only; surface accessibility and handles not established
S5M3D7,S5M3D7,,,,,,,,,,,,,,,partial,not_annotated,partial,,,,False,complete_expression_chaperone_immobilization_annotations,Length and C count only; solubility/TM/expression not predicted; K count only; surface accessibility and handles not established,132,,1,,,,,,computed_from_input_sequence_sha256,Length and C count only; solubility/TM/expression not predicted,,,,,,,,7,,,,,,,,K count only; surface accessibility and handles not established
A0AAE9FSY2,A0AAE9FSY2,,,,,,,,,,,,,,,partial,not_annotated,partial,,,,False,complete_expression_chaperone_immobilization_annotations,Length and C count only; solubility/TM/expression not predicted; K count only; surface accessibility and handles not established,302,,2,,,,,,computed_from_input_sequence_sha256,Length and C count only; solubility/TM/expression not predicted,,,,,,,,6,,,,,,,,K count only; surface accessibility and handles not established
A0A7U4GCC7,A0A7U4GCC7,,,,,,,,,,,,,,,partial,not_annotated,partial,,,,False,complete_expression_chaperone_immobilization_annotations,Length and C count only; solubility/TM/expression not predicted; K count only; surface accessibility and handles not established,555,,2,,,,,,computed_from_input_sequence_sha256,Length and C count only; solubility/TM/expression not predicted,,,,,,,,19,,,,,,,,K count only; surface accessibility and handles not established
S5M7E4,S5M7E4,,,,,,,,,,,,,,,partial,not_annotated,partial,,,,False,complete_expression_chaperone_immobilization_annotations,Length and C count only; solubility/TM/expression not predicted; K count only; surface accessibility and handles not established,249,,5,,,,,,computed_from_input_sequence_sha256,Length and C count only; solubility/TM/expression not predicted,,,,,,,,28,,,,,,,,K count only; surface accessibility and handles not established
A0A449C3W7,A0A449C3W7,,,,,,,,,,,,,,,partial,not_annotated,partial,,,,False,complete_expression_chaperone_immobilization_annotations,Length and C count only; solubility/TM/expression not predicted; K count only; surface accessibility and handles not established,364,,1,,,,,,computed_from_input_sequence_sha256,Length and C count only; solubility/TM/expression not predicted,,,,,,,,20,,,,,,,,K count only; surface accessibility and handles not established
A0A449C5Z9,A0A449C5Z9,,,,,,,,,,,,,,,partial,not_annotated,partial,,,,False,complete_expression_chaperone_immobilization_annotations,Length and C count only; solubility/TM/expression not predicted; K count only; surface accessibility and handles not established,152,,3,,,,,,computed_from_input_sequence_sha256,Length and C count only; solubility/TM/expression not predicted,,,,,,,,12,,,,,,,,K count only; surface accessibility and handles not established
S5ML17,S5ML17,,,,,,,,,,,,,,,partial,not_annotated,partial,,,,False,complete_expression_chaperone_immobilization_annotations,Length and C count only; solubility/TM/expression not predicted; K count only; surface accessibility and handles not established,219,,0,,,,,,computed_from_input_sequence_sha256,Length and C count only; solubility/TM/expression not predicted,,,,,,,,10,,,,,,,,K count only; surface accessibility and handles not established
A0AAE9FRD5,A0AAE9FRD5,,,,,,,,,,,,,,,partial,not_annotated,partial,,,,False,complete_expression_chaperone_immobilization_annotations,Length and C count only; solubility/TM/expression not predicted; K count only; surface accessibility and handles not established,155,,0,,,,,,computed_from_input_sequence_sha256,Length and C count only; solubility/TM/expression not predicted,,,,,,,,8,,,,,,,,K count only; surface accessibility and handles not established
A0A2C9CZQ3,A0A2C9CZQ3,,,,,,,,,,,,,,,partial,not_annotated,partial,,,,False,complete_expression_chaperone_immobilization_annotations,Length and C count only; solubility/TM/expression not predicted; K count only; surface accessibility and handles not established,104,,0,,,,,,computed_from_input_sequence_sha256,Length and C count only; solubility/TM/expression not predicted,,,,,,,,4,,,,,,,,K count only; surface accessibility and handles not established
A0AA86IYU9,A0AA86IYU9,,,,,,,,,,,,,,,partial,not_annotated,partial,,,,False,complete_expression_chaperone_immobilization_annotations,Length and C count only; solubility/TM/expression not predicted; K count only; surface accessibility and handles not established,122,,0,,,,,,computed_from_input_sequence_sha256,Length and C count only; solubility/TM/expression not predicted,,,,,,,,9,,,,,,,,K count only; surface accessibility and handles not established
A0A2C9CYF4,A0A2C9CYF4,,,,,,,,,,,,,,,partial,not_annotated,partial,,,,False,complete_expression_chaperone_immobilization_annotations,Length and C count only; solubility/TM/expression not predicted; K count only; surface accessibility and handles not established,291,,7,,,,,,computed_from_input_sequence_sha256,Length and C count only; solubility/TM/expression not predicted,,,,,,,,20,,,,,,,,K count only; surface accessibility and handles not established
A0A3B8E1I5,A0A3B8E1I5,,,,,,,,,,,,,,,partial,not_annotated,partial,,,,False,complete_expression_chaperone_immobilization_annotations,Length and C count only; solubility/TM/expression not predicted; K count only; surface accessibility and handles not established,601,,5,,,,,,computed_from_input_sequence_sha256,Length and C count only; solubility/TM/expression not predicted,,,,,,,,30,,,,,,,,K count only; surface accessibility and handles not established
A0A7U4GG50,A0A7U4GG50,,,,,,,,,,,,,,,partial,not_annotated,partial,,,,False,complete_expression_chaperone_immobilization_annotations,Length and C count only; solubility/TM/expression not predicted; K count only; surface accessibility and handles not established,399,,3,,,,,,computed_from_input_sequence_sha256,Length and C count only; solubility/TM/expression not predicted,,,,,,,,10,,,,,,,,K count only; surface accessibility and handles not established
I7J3Y3,I7J3Y3,,,,,,,,,,,,,,,partial,not_annotated,partial,,,,False,complete_expression_chaperone_immobilization_annotations,Length and C count only; solubility/TM/expression not predicted; K count only; surface accessibility and handles not established,192,,0,,,,,,computed_from_input_sequence_sha256,Length and C count only; solubility/TM/expression not predicted,,,,,,,,13,,,,,,,,K count only; surface accessibility and handles not established
I7KRT2,I7KRT2,,,,,,,,,,,,,,,partial,not_annotated,partial,,,,False,complete_expression_chaperone_immobilization_annotations,Length and C count only; solubility/TM/expression not predicted; K count only; surface accessibility and handles not established,527,,3,,,,,,computed_from_input_sequence_sha256,Length and C count only; solubility/TM/expression not predicted,,,,,,,,18,,,,,,,,K count only; surface accessibility and handles not established
A0A7D3QKS7,A0A7D3QKS7,,,,,,,,,,,,,,,partial,not_annotated,partial,,,,False,complete_expression_chaperone_immobilization_annotations,Length and C count only; solubility/TM/expression not predicted; K count only; surface accessibility and handles not established,175,,0,,,,,,computed_from_input_sequence_sha256,Length and C count only; solubility/TM/expression not predicted,,,,,,,,9,,,,,,,,K count only; surface accessibility and handles not established
A0A1V0DXV4,A0A1V0DXV4,,,,,,,,,,,,,,,partial,not_annotated,partial,,,,False,complete_expression_chaperone_immobilization_annotations,Length and C count only; solubility/TM/expression not predicted; K count only; surface accessibility and handles not established,207,,7,,,,,,computed_from_input_sequence_sha256,Length and C count only; solubility/TM/expression not predicted,,,,,,,,23,,,,,,,,K count only; surface accessibility and handles not established
A0A7U4GDH6,A0A7U4GDH6,,,,,,,,,,,,,,,partial,not_annotated,partial,,,,False,complete_expression_chaperone_immobilization_annotations,Length and C count only; solubility/TM/expression not predicted; K count only; surface accessibility and handles not established,406,,1,,,,,,computed_from_input_sequence_sha256,Length and C count only; solubility/TM/expression not predicted,,,,,,,,21,,,,,,,,K count only; surface accessibility and handles not established
A0A0H3NQY6,A0A0H3NQY6,,,,,,,,,,,,,,,partial,not_annotated,partial,,,,False,complete_expression_chaperone_immobilization_annotations,Length and C count only; solubility/TM/expression not predicted; K count only; surface accessibility and handles not established,93,,1,,,,,,computed_from_input_sequence_sha256,Length and C count only; solubility/TM/expression not predicted,,,,,,,,3,,,,,,,,K count only; surface accessibility and handles not established
A0A449C532,A0A449C532,,,,,,,,,,,,,,,partial,not_annotated,partial,,,,False,complete_expression_chaperone_immobilization_annotations,Length and C count only; solubility/TM/expression not predicted; K count only; surface accessibility and handles not established,132,,1,,,,,,computed_from_input_sequence_sha256,Length and C count only; solubility/TM/expression not predicted,,,,,,,,7,,,,,,,,K count only; surface accessibility and handles not established
A0AAE7TQG4,A0AAE7TQG4,,,,,,,,,,,,,,,partial,not_annotated,partial,,,,False,complete_expression_chaperone_immobilization_annotations,Length and C count only; solubility/TM/expression not predicted; K count only; surface accessibility and handles not established,176,,3,,,,,,computed_from_input_sequence_sha256,Length and C count only; solubility/TM/expression not predicted,,,,,,,,22,,,,,,,,K count only; surface accessibility and handles not established
A0A449C648,A0A449C648,,,,,,,,,,,,,,,partial,not_annotated,partial,,,,False,complete_expression_chaperone_immobilization_annotations,Length and C count only; solubility/TM/expression not predicted; K count only; surface accessibility and handles not established,208,,7,,,,,,computed_from_input_sequence_sha256,Length and C count only; solubility/TM/expression not predicted,,,,,,,,19,,,,,,,,K count only; surface accessibility and handles not established
I7LF14,I7LF14,,,,,,,,,,,,,,,partial,not_annotated,partial,,,,False,complete_expression_chaperone_immobilization_annotations,Length and C count only; solubility/TM/expression not predicted; K count only; surface accessibility and handles not established,288,,3,,,,,,computed_from_input_sequence_sha256,Length and C count only; solubility/TM/expression not predicted,,,,,,,,16,,,,,,,,K count only; surface accessibility and handles not established
A0A3B8DL36,A0A3B8DL36,,,,,,,,,,,,,,,partial,not_annotated,partial,,,,False,complete_expression_chaperone_immobilization_annotations,Length and C count only; solubility/TM/expression not predicted; K count only; surface accessibility and handles not established,132,,1,,,,,,computed_from_input_sequence_sha256,Length and C count only; solubility/TM/expression not predicted,,,,,,,,7,,,,,,,,K count only; surface accessibility and handles not established
A0AAE7TR04,A0AAE7TR04,,,,,,,,,,,,,,,partial,not_annotated,partial,,,,False,complete_expression_chaperone_immobilization_annotations,Length and C count only; solubility/TM/expression not predicted; K count only; surface accessibility and handles not established,176,,2,,,,,,computed_from_input_sequence_sha256,Length and C count only; solubility/TM/expression not predicted,,,,,,,,21,,,,,,,,K count only; surface accessibility and handles not established
A0AAE7PH03,A0AAE7PH03,,,,,,,,,,,,,,,partial,not_annotated,partial,,,,False,complete_expression_chaperone_immobilization_annotations,Length and C count only; solubility/TM/expression not predicted; K count only; surface accessibility and handles not established,384,,5,,,,,,computed_from_input_sequence_sha256,Length and C count only; solubility/TM/expression not predicted,,,,,,,,12,,,,,,,,K count only; surface accessibility and handles not established
A0AAE6YNV4,A0AAE6YNV4,,,,,,,,,,,,,,,partial,not_annotated,partial,,,,False,complete_expression_chaperone_immobilization_annotations,Length and C count only; solubility/TM/expression not predicted; K count only; surface accessibility and handles not established,387,,1,,,,,,computed_from_input_sequence_sha256,Length and C count only; solubility/TM/expression not predicted,,,,,,,,32,,,,,,,,K count only; surface accessibility and handles not established
I6Q8T5,I6Q8T5,,,,,,,,,,,,,,,partial,not_annotated,partial,,,,False,complete_expression_chaperone_immobilization_annotations,Length and C count only; solubility/TM/expression not predicted; K count only; surface accessibility and handles not established,558,,2,,,,,,computed_from_input_sequence_sha256,Length and C count only; solubility/TM/expression not predicted,,,,,,,,22,,,,,,,,K count only; surface accessibility and handles not established
A0A1V0DXR4,A0A1V0DXR4,,,,,,,,,,,,,,,partial,not_annotated,partial,,,,False,complete_expression_chaperone_immobilization_annotations,Length and C count only; solubility/TM/expression not predicted; K count only; surface accessibility and handles not established,192,,0,,,,,,computed_from_input_sequence_sha256,Length and C count only; solubility/TM/expression not predicted,,,,,,,,13,,,,,,,,K count only; surface accessibility and handles not established
F4N708,F4N708,,,,,,,,,,,,,,,partial,not_annotated,partial,,,,False,complete_expression_chaperone_immobilization_annotations,Length and C count only; solubility/TM/expression not predicted; K count only; surface accessibility and handles not established,315,,0,,,,,,computed_from_input_sequence_sha256,Length and C count only; solubility/TM/expression not predicted,,,,,,,,28,,,,,,,,K count only; surface accessibility and handles not established
A0A449C3X5,A0A449C3X5,,,,,,,,,,,,,,,partial,not_annotated,partial,,,,False,complete_expression_chaperone_immobilization_annotations,Length and C count only; solubility/TM/expression not predicted; K count only; surface accessibility and handles not established,132,,1,,,,,,computed_from_input_sequence_sha256,Length and C count only; solubility/TM/expression not predicted,,,,,,,,7,,,,,,,,K count only; surface accessibility and handles not established
A0AAE9JXJ1,A0AAE9JXJ1,,,,,,,,,,,,,,,partial,not_annotated,partial,,,,False,complete_expression_chaperone_immobilization_annotations,Length and C count only; solubility/TM/expression not predicted; K count only; surface accessibility and handles not established,140,,0,,,,,,computed_from_input_sequence_sha256,Length and C count only; solubility/TM/expression not predicted,,,,,,,,9,,,,,,,,K count only; surface accessibility and handles not established
A0A449C469,A0A449C469,,,,,,,,,,,,,,,partial,not_annotated,partial,,,,False,complete_expression_chaperone_immobilization_annotations,Length and C count only; solubility/TM/expression not predicted; K count only; surface accessibility and handles not established,208,,7,,,,,,computed_from_input_sequence_sha256,Length and C count only; solubility/TM/expression not predicted,,,,,,,,19,,,,,,,,K count only; surface accessibility and handles not established
A0A449C5X9,A0A449C5X9,,,,,,,,,,,,,,,partial,not_annotated,partial,,,,False,complete_expression_chaperone_immobilization_annotations,Length and C count only; solubility/TM/expression not predicted; K count only; surface accessibility and handles not established,601,,5,,,,,,computed_from_input_sequence_sha256,Length and C count only; solubility/TM/expression not predicted,,,,,,,,28,,,,,,,,K count only; surface accessibility and handles not established
A0A449C542,A0A449C542,,,,,,,,,,,,,,,partial,not_annotated,partial,,,,False,complete_expression_chaperone_immobilization_annotations,Length and C count only; solubility/TM/expression not predicted; K count only; surface accessibility and handles not established,364,,1,,,,,,computed_from_input_sequence_sha256,Length and C count only; solubility/TM/expression not predicted,,,,,,,,21,,,,,,,,K count only; surface accessibility and handles not established
A0A3B8DYS4,A0A3B8DYS4,,,,,,,,,,,,,,,partial,not_annotated,partial,,,,False,complete_expression_chaperone_immobilization_annotations,Length and C count only; solubility/TM/expression not predicted; K count only; surface accessibility and handles not established,76,,0,,,,,,computed_from_input_sequence_sha256,Length and C count only; solubility/TM/expression not predicted,,,,,,,,5,,,,,,,,K count only; surface accessibility and handles not established
A0A449C597,A0A449C597,,,,,,,,,,,,,,,partial,not_annotated,partial,,,,False,complete_expression_chaperone_immobilization_annotations,Length and C count only; solubility/TM/expression not predicted; K count only; surface accessibility and handles not established,152,,3,,,,,,computed_from_input_sequence_sha256,Length and C count only; solubility/TM/expression not predicted,,,,,,,,12,,,,,,,,K count only; surface accessibility and handles not established
A0A0B5A4M1,A0A0B5A4M1,,,,,,,,,,,,,,,partial,not_annotated,partial,,,,False,complete_expression_chaperone_immobilization_annotations,Length and C count only; solubility/TM/expression not predicted; K count only; surface accessibility and handles not established,174,,0,,,,,,computed_from_input_sequence_sha256,Length and C count only; solubility/TM/expression not predicted,,,,,,,,15,,,,,,,,K count only; surface accessibility and handles not established
A0A0B5A2T1,A0A0B5A2T1,,,,,,,,,,,,,,,partial,not_annotated,partial,,,,False,complete_expression_chaperone_immobilization_annotations,Length and C count only; solubility/TM/expression not predicted; K count only; surface accessibility and handles not established,334,,5,,,,,,computed_from_input_sequence_sha256,Length and C count only; solubility/TM/expression not predicted,,,,,,,,15,,,,,,,,K count only; surface accessibility and handles not established
A0A7U4GDF9,A0A7U4GDF9,,,,,,,,,,,,,,,partial,not_annotated,partial,,,,False,complete_expression_chaperone_immobilization_annotations,Length and C count only; solubility/TM/expression not predicted; K count only; surface accessibility and handles not established,216,,2,,,,,,computed_from_input_sequence_sha256,Length and C count only; solubility/TM/expression not predicted,,,,,,,,9,,,,,,,,K count only; surface accessibility and handles not established
A0A3B8DYH7,A0A3B8DYH7,,,,,,,,,,,,,,,partial,not_annotated,partial,,,,False,complete_expression_chaperone_immobilization_annotations,Length and C count only; solubility/TM/expression not predicted; K count only; surface accessibility and handles not established,390,,2,,,,,,computed_from_input_sequence_sha256,Length and C count only; solubility/TM/expression not predicted,,,,,,,,23,,,,,,,,K count only; surface accessibility and handles not established
A0A2D0PDX6,A0A2D0PDX6,,,,,,,,,,,,,,,partial,not_annotated,partial,,,,False,complete_expression_chaperone_immobilization_annotations,Length and C count only; solubility/TM/expression not predicted; K count only; surface accessibility and handles not established,520,,1,,,,,,computed_from_input_sequence_sha256,Length and C count only; solubility/TM/expression not predicted,,,,,,,,26,,,,,,,,K count only; surface accessibility and handles not established
S5M7K0,S5M7K0,,,,,,,,,,,,,,,partial,not_annotated,partial,,,,False,complete_expression_chaperone_immobilization_annotations,Length and C count only; solubility/TM/expression not predicted; K count only; surface accessibility and handles not established,216,,0,,,,,,computed_from_input_sequence_sha256,Length and C count only; solubility/TM/expression not predicted,,,,,,,,8,,,,,,,,K count only; surface accessibility and handles not established
A0A7D3UL75,A0A7D3UL75,,,,,,,,,,,,,,,partial,not_annotated,partial,,,,False,complete_expression_chaperone_immobilization_annotations,Length and C count only; solubility/TM/expression not predicted; K count only; surface accessibility and handles not established,211,,3,,,,,,computed_from_input_sequence_sha256,Length and C count only; solubility/TM/expression not predicted,,,,,,,,5,,,,,,,,K count only; surface accessibility and handles not established
A0AAE7V5W0,A0AAE7V5W0,,,,,,,,,,,,,,,partial,not_annotated,partial,,,,False,complete_expression_chaperone_immobilization_annotations,Length and C count only; solubility/TM/expression not predicted; K count only; surface accessibility and handles not established,211,,4,,,,,,computed_from_input_sequence_sha256,Length and C count only; solubility/TM/expression not predicted,,,,,,,,6,,,,,,,,K count only; surface accessibility and handles not established
A0A9P1PUV5,A0A9P1PUV5,,,,,,,,,,,,,,,partial,not_annotated,partial,,,,False,complete_expression_chaperone_immobilization_annotations,Length and C count only; solubility/TM/expression not predicted; K count only; surface accessibility and handles not established,557,,1,,,,,,computed_from_input_sequence_sha256,Length and C count only; solubility/TM/expression not predicted,,,,,,,,15,,,,,,,,K count only; surface accessibility and handles not established
A0AAE7S224,A0AAE7S224,,,,,,,,,,,,,,,partial,not_annotated,partial,,,,False,complete_expression_chaperone_immobilization_annotations,Length and C count only; solubility/TM/expression not predicted; K count only; surface accessibility and handles not established,175,,0,,,,,,computed_from_input_sequence_sha256,Length and C count only; solubility/TM/expression not predicted,,,,,,,,12,,,,,,,,K count only; surface accessibility and handles not established
A0ABP1YI01,A0ABP1YI01,,,,,,,,,,,,,,,partial,not_annotated,partial,,,,False,complete_expression_chaperone_immobilization_annotations,Length and C count only; solubility/TM/expression not predicted; K count only; surface accessibility and handles not established,379,,3,,,,,,computed_from_input_sequence_sha256,Length and C count only; solubility/TM/expression not predicted,,,,,,,,6,,,,,,,,K count only; surface accessibility and handles not established
A0A449C541,A0A449C541,,,,,,,,,,,,,,,partial,not_annotated,partial,,,,False,complete_expression_chaperone_immobilization_annotations,Length and C count only; solubility/TM/expression not predicted; K count only; surface accessibility and handles not established,219,,0,,,,,,computed_from_input_sequence_sha256,Length and C count only; solubility/TM/expression not predicted,,,,,,,,12,,,,,,,,K count only; surface accessibility and handles not established
A0A2C9CYV8,A0A2C9CYV8,,,,,,,,,,,,,,,partial,not_annotated,partial,,,,False,complete_expression_chaperone_immobilization_annotations,Length and C count only; solubility/TM/expression not predicted; K count only; surface accessibility and handles not established,104,,0,,,,,,computed_from_input_sequence_sha256,Length and C count only; solubility/TM/expression not predicted,,,,,,,,4,,,,,,,,K count only; surface accessibility and handles not established
A0A0B4ZZK4,A0A0B4ZZK4,,,,,,,,,,,,,,,partial,not_annotated,partial,,,,False,complete_expression_chaperone_immobilization_annotations,Length and C count only; solubility/TM/expression not predicted; K count only; surface accessibility and handles not established,224,,0,,,,,,computed_from_input_sequence_sha256,Length and C count only; solubility/TM/expression not predicted,,,,,,,,10,,,,,,,,K count only; surface accessibility and handles not established
A0ABP1YEP8,A0ABP1YEP8,,,,,,,,,,,,,,,partial,not_annotated,partial,,,,False,complete_expression_chaperone_immobilization_annotations,Length and C count only; solubility/TM/expression not predicted; K count only; surface accessibility and handles not established,448,,1,,,,,,computed_from_input_sequence_sha256,Length and C count only; solubility/TM/expression not predicted,,,,,,,,15,,,,,,,,K count only; surface accessibility and handles not established
A0AAE9FQP6,A0AAE9FQP6,,,,,,,,,,,,,,,partial,not_annotated,partial,,,,False,complete_expression_chaperone_immobilization_annotations,Length and C count only; solubility/TM/expression not predicted; K count only; surface accessibility and handles not established,140,,0,,,,,,computed_from_input_sequence_sha256,Length and C count only; solubility/TM/expression not predicted,,,,,,,,9,,,,,,,,K count only; surface accessibility and handles not established
A0AAE7V7A7,A0AAE7V7A7,,,,,,,,,,,,,,,partial,not_annotated,partial,,,,False,complete_expression_chaperone_immobilization_annotations,Length and C count only; solubility/TM/expression not predicted; K count only; surface accessibility and handles not established,115,,1,,,,,,computed_from_input_sequence_sha256,Length and C count only; solubility/TM/expression not predicted,,,,,,,,2,,,,,,,,K count only; surface accessibility and handles not established
A0AA86J4Z9,A0AA86J4Z9,,,,,,,,,,,,,,,partial,not_annotated,partial,,,,False,complete_expression_chaperone_immobilization_annotations,Length and C count only; solubility/TM/expression not predicted; K count only; surface accessibility and handles not established,133,,0,,,,,,computed_from_input_sequence_sha256,Length and C count only; solubility/TM/expression not predicted,,,,,,,,10,,,,,,,,K count only; surface accessibility and handles not established
A0AAX4M766,A0AAX4M766,,,,,,,,,,,,,,,partial,not_annotated,partial,,,,False,complete_expression_chaperone_immobilization_annotations,Length and C count only; solubility/TM/expression not predicted; K count only; surface accessibility and handles not established,389,,0,,,,,,computed_from_input_sequence_sha256,Length and C count only; solubility/TM/expression not predicted,,,,,,,,32,,,,,,,,K count only; surface accessibility and handles not established
A0AAX4M771,A0AAX4M771,,,,,,,,,,,,,,,partial,not_annotated,partial,,,,False,complete_expression_chaperone_immobilization_annotations,Length and C count only; solubility/TM/expression not predicted; K count only; surface accessibility and handles not established,206,,0,,,,,,computed_from_input_sequence_sha256,Length and C count only; solubility/TM/expression not predicted,,,,,,,,13,,,,,,,,K count only; surface accessibility and handles not established
A0A0B4ZXG6,A0A0B4ZXG6,,,,,,,,,,,,,,,partial,not_annotated,partial,,,,False,complete_expression_chaperone_immobilization_annotations,Length and C count only; solubility/TM/expression not predicted; K count only; surface accessibility and handles not established,80,,1,,,,,,computed_from_input_sequence_sha256,Length and C count only; solubility/TM/expression not predicted,,,,,,,,2,,,,,,,,K count only; surface accessibility and handles not established
A0AAE9FPR6,A0AAE9FPR6,,,,,,,,,,,,,,,partial,not_annotated,partial,,,,False,complete_expression_chaperone_immobilization_annotations,Length and C count only; solubility/TM/expression not predicted; K count only; surface accessibility and handles not established,118,,1,,,,,,computed_from_input_sequence_sha256,Length and C count only; solubility/TM/expression not predicted,,,,,,,,2,,,,,,,,K count only; surface accessibility and handles not established
A1JK73,A1JK73,,,,,,,,,,,,,,,partial,not_annotated,partial,,,,False,complete_expression_chaperone_immobilization_annotations,Length and C count only; solubility/TM/expression not predicted; K count only; surface accessibility and handles not established,394,,2,,,,,,computed_from_input_sequence_sha256,Length and C count only; solubility/TM/expression not predicted,,,,,,,,8,,,,,,,,K count only; surface accessibility and handles not established
A0AA86J574,A0AA86J574,,,,,,,,,,,,,,,partial,not_annotated,partial,,,,False,complete_expression_chaperone_immobilization_annotations,Length and C count only; solubility/TM/expression not predicted; K count only; surface accessibility and handles not established,249,,2,,,,,,computed_from_input_sequence_sha256,Length and C count only; solubility/TM/expression not predicted,,,,,,,,7,,,,,,,,K count only; surface accessibility and handles not established
I7KRB0,I7KRB0,,,,,,,,,,,,,,,partial,not_annotated,partial,,,,False,complete_expression_chaperone_immobilization_annotations,Length and C count only; solubility/TM/expression not predicted; K count only; surface accessibility and handles not established,80,,1,,,,,,computed_from_input_sequence_sha256,Length and C count only; solubility/TM/expression not predicted,,,,,,,,2,,,,,,,,K count only; surface accessibility and handles not established
A0AAE6YPB5,A0AAE6YPB5,,,,,,,,,,,,,,,partial,not_annotated,partial,,,,False,complete_expression_chaperone_immobilization_annotations,Length and C count only; solubility/TM/expression not predicted; K count only; surface accessibility and handles not established,115,,1,,,,,,computed_from_input_sequence_sha256,Length and C count only; solubility/TM/expression not predicted,,,,,,,,2,,,,,,,,K count only; surface accessibility and handles not established
A0A6M3G945,A0A6M3G945,,,,,,,,,,,,,,,partial,not_annotated,partial,,,,False,complete_expression_chaperone_immobilization_annotations,Length and C count only; solubility/TM/expression not predicted; K count only; surface accessibility and handles not established,132,,1,,,,,,computed_from_input_sequence_sha256,Length and C count only; solubility/TM/expression not predicted,,,,,,,,7,,,,,,,,K count only; surface accessibility and handles not established
S5MRE0,S5MRE0,,,,,,,,,,,,,,,partial,not_annotated,partial,,,,False,complete_expression_chaperone_immobilization_annotations,Length and C count only; solubility/TM/expression not predicted; K count only; surface accessibility and handles not established,208,,7,,,,,,computed_from_input_sequence_sha256,Length and C count only; solubility/TM/expression not predicted,,,,,,,,19,,,,,,,,K count only; surface accessibility and handles not established
A0AAE9FV72,A0AAE9FV72,,,,,,,,,,,,,,,partial,not_annotated,partial,,,,False,complete_expression_chaperone_immobilization_annotations,Length and C count only; solubility/TM/expression not predicted; K count only; surface accessibility and handles not established,116,,0,,,,,,computed_from_input_sequence_sha256,Length and C count only; solubility/TM/expression not predicted,,,,,,,,4,,,,,,,,K count only; surface accessibility and handles not established
A0A3B8E5R1,A0A3B8E5R1,,,,,,,,,,,,,,,partial,not_annotated,partial,,,,False,complete_expression_chaperone_immobilization_annotations,Length and C count only; solubility/TM/expression not predicted; K count only; surface accessibility and handles not established,208,,7,,,,,,computed_from_input_sequence_sha256,Length and C count only; solubility/TM/expression not predicted,,,,,,,,20,,,,,,,,K count only; surface accessibility and handles not established
A0AAE9FSV4,A0AAE9FSV4,,,,,,,,,,,,,,,partial,not_annotated,partial,,,,False,complete_expression_chaperone_immobilization_annotations,Length and C count only; solubility/TM/expression not predicted; K count only; surface accessibility and handles not established,116,,0,,,,,,computed_from_input_sequence_sha256,Length and C count only; solubility/TM/expression not predicted,,,,,,,,2,,,,,,,,K count only; surface accessibility and handles not established
A0ABP1XZ23,A0ABP1XZ23,,,,,,,,,,,,,,,partial,not_annotated,partial,,,,False,complete_expression_chaperone_immobilization_annotations,Length and C count only; solubility/TM/expression not predicted; K count only; surface accessibility and handles not established,410,,0,,,,,,computed_from_input_sequence_sha256,Length and C count only; solubility/TM/expression not predicted,,,,,,,,9,,,,,,,,K count only; surface accessibility and handles not established
I7LEG3,I7LEG3,,,,,,,,,,,,,,,partial,not_annotated,partial,,,,False,complete_expression_chaperone_immobilization_annotations,Length and C count only; solubility/TM/expression not predicted; K count only; surface accessibility and handles not established,128,,0,,,,,,computed_from_input_sequence_sha256,Length and C count only; solubility/TM/expression not predicted,,,,,,,,7,,,,,,,,K count only; surface accessibility and handles not established
A0A9P1UYK8,A0A9P1UYK8,,,,,,,,,,,,,,,partial,not_annotated,partial,,,,False,complete_expression_chaperone_immobilization_annotations,Length and C count only; solubility/TM/expression not predicted; K count only; surface accessibility and handles not established,460,,5,,,,,,computed_from_input_sequence_sha256,Length and C count only; solubility/TM/expression not predicted,,,,,,,,20,,,,,,,,K count only; surface accessibility and handles not established
A0ABM9SIE6,A0ABM9SIE6,,,,,,,,,,,,,,,partial,not_annotated,partial,,,,False,complete_expression_chaperone_immobilization_annotations,Length and C count only; solubility/TM/expression not predicted; K count only; surface accessibility and handles not established,211,,3,,,,,,computed_from_input_sequence_sha256,Length and C count only; solubility/TM/expression not predicted,,,,,,,,8,,,,,,,,K count only; surface accessibility and handles not established
A0A449C473,A0A449C473,,,,,,,,,,,,,,,partial,not_annotated,partial,,,,False,complete_expression_chaperone_immobilization_annotations,Length and C count only; solubility/TM/expression not predicted; K count only; surface accessibility and handles not established,152,,3,,,,,,computed_from_input_sequence_sha256,Length and C count only; solubility/TM/expression not predicted,,,,,,,,12,,,,,,,,K count only; surface accessibility and handles not established
A0A7U4GE85,A0A7U4GE85,,,,,,,,,,,,,,,partial,not_annotated,partial,,,,False,complete_expression_chaperone_immobilization_annotations,Length and C count only; solubility/TM/expression not predicted; K count only; surface accessibility and handles not established,468,,3,,,,,,computed_from_input_sequence_sha256,Length and C count only; solubility/TM/expression not predicted,,,,,,,,4,,,,,,,,K count only; surface accessibility and handles not established
A0A7D3V4S6,A0A7D3V4S6,,,,,,,,,,,,,,,partial,not_annotated,partial,,,,False,complete_expression_chaperone_immobilization_annotations,Length and C count only; solubility/TM/expression not predicted; K count only; surface accessibility and handles not established,211,,3,,,,,,computed_from_input_sequence_sha256,Length and C count only; solubility/TM/expression not predicted,,,,,,,,6,,,,,,,,K count only; surface accessibility and handles not established
A0A2D0PDR4,A0A2D0PDR4,,,,,,,,,,,,,,,partial,not_annotated,partial,,,,False,complete_expression_chaperone_immobilization_annotations,Length and C count only; solubility/TM/expression not predicted; K count only; surface accessibility and handles not established,520,,1,,,,,,computed_from_input_sequence_sha256,Length and C count only; solubility/TM/expression not predicted,,,,,,,,26,,,,,,,,K count only; surface accessibility and handles not established
A0A7T9XT11,A0A7T9XT11,,,,,,,,,,,,,,,partial,not_annotated,partial,,,,False,complete_expression_chaperone_immobilization_annotations,Length and C count only; solubility/TM/expression not predicted; K count only; surface accessibility and handles not established,380,,1,,,,,,computed_from_input_sequence_sha256,Length and C count only; solubility/TM/expression not predicted,,,,,,,,23,,,,,,,,K count only; surface accessibility and handles not established
A0AAE9JYN2,A0AAE9JYN2,,,,,,,,,,,,,,,partial,not_annotated,partial,,,,False,complete_expression_chaperone_immobilization_annotations,Length and C count only; solubility/TM/expression not predicted; K count only; surface accessibility and handles not established,116,,0,,,,,,computed_from_input_sequence_sha256,Length and C count only; solubility/TM/expression not predicted,,,,,,,,2,,,,,,,,K count only; surface accessibility and handles not established
A1JNA9,A1JNA9,,,,,,,,,,,,,,,partial,not_annotated,partial,,,,False,complete_expression_chaperone_immobilization_annotations,Length and C count only; solubility/TM/expression not predicted; K count only; surface accessibility and handles not established,369,,0,,,,,,computed_from_input_sequence_sha256,Length and C count only; solubility/TM/expression not predicted,,,,,,,,26,,,,,,,,K count only; surface accessibility and handles not established
A0AAE9JW72,A0AAE9JW72,,,,,,,,,,,,,,,partial,not_annotated,partial,,,,False,complete_expression_chaperone_immobilization_annotations,Length and C count only; solubility/TM/expression not predicted; K count only; surface accessibility and handles not established,213,,3,,,,,,computed_from_input_sequence_sha256,Length and C count only; solubility/TM/expression not predicted,,,,,,,,6,,,,,,,,K count only; surface accessibility and handles not established
A0A9P1PT53,A0A9P1PT53,,,,,,,,,,,,,,,partial,not_annotated,partial,,,,False,complete_expression_chaperone_immobilization_annotations,Length and C count only; solubility/TM/expression not predicted; K count only; surface accessibility and handles not established,443,,4,,,,,,computed_from_input_sequence_sha256,Length and C count only; solubility/TM/expression not predicted,,,,,,,,16,,,,,,,,K count only; surface accessibility and handles not established
I7LEN8,I7LEN8,,,,,,,,,,,,,,,partial,not_annotated,partial,,,,False,complete_expression_chaperone_immobilization_annotations,Length and C count only; solubility/TM/expression not predicted; K count only; surface accessibility and handles not established,249,,6,,,,,,computed_from_input_sequence_sha256,Length and C count only; solubility/TM/expression not predicted,,,,,,,,22,,,,,,,,K count only; surface accessibility and handles not established
Q858V3,Q858V3,,,,,,,,,,,,,,,partial,not_annotated,partial,,,,False,complete_expression_chaperone_immobilization_annotations,Length and C count only; solubility/TM/expression not predicted; K count only; surface accessibility and handles not established,175,,0,,,,,,computed_from_input_sequence_sha256,Length and C count only; solubility/TM/expression not predicted,,,,,,,,11,,,,,,,,K count only; surface accessibility and handles not established
A0ABP1YG46,A0ABP1YG46,,,,,,,,,,,,,,,partial,not_annotated,partial,,,,False,complete_expression_chaperone_immobilization_annotations,Length and C count only; solubility/TM/expression not predicted; K count only; surface accessibility and handles not established,357,,4,,,,,,computed_from_input_sequence_sha256,Length and C count only; solubility/TM/expression not predicted,,,,,,,,11,,,,,,,,K count only; surface accessibility and handles not established
A0A0H3NU55,A0A0H3NU55,,,,,,,,,,,,,,,partial,not_annotated,partial,,,,False,complete_expression_chaperone_immobilization_annotations,Length and C count only; solubility/TM/expression not predicted; K count only; surface accessibility and handles not established,87,,0,,,,,,computed_from_input_sequence_sha256,Length and C count only; solubility/TM/expression not predicted,,,,,,,,3,,,,,,,,K count only; surface accessibility and handles not established
A0A449C3Q7,A0A449C3Q7,,,,,,,,,,,,,,,partial,not_annotated,partial,,,,False,complete_expression_chaperone_immobilization_annotations,Length and C count only; solubility/TM/expression not predicted; K count only; surface accessibility and handles not established,76,,0,,,,,,computed_from_input_sequence_sha256,Length and C count only; solubility/TM/expression not predicted,,,,,,,,5,,,,,,,,K count only; surface accessibility and handles not established
A0A449C610,A0A449C610,,,,,,,,,,,,,,,partial,not_annotated,partial,,,,False,complete_expression_chaperone_immobilization_annotations,Length and C count only; solubility/TM/expression not predicted; K count only; surface accessibility and handles not established,132,,1,,,,,,computed_from_input_sequence_sha256,Length and C count only; solubility/TM/expression not predicted,,,,,,,,7,,,,,,,,K count only; surface accessibility and handles not established
A0ABP1YH51,A0ABP1YH51,,,,,,,,,,,,,,,partial,not_annotated,partial,,,,False,complete_expression_chaperone_immobilization_annotations,Length and C count only; solubility/TM/expression not predicted; K count only; surface accessibility and handles not established,395,,2,,,,,,computed_from_input_sequence_sha256,Length and C count only; solubility/TM/expression not predicted,,,,,,,,12,,,,,,,,K count only; surface accessibility and handles not established
A0A2D0PE26,A0A2D0PE26,,,,,,,,,,,,,,,partial,not_annotated,partial,,,,False,complete_expression_chaperone_immobilization_annotations,Length and C count only; solubility/TM/expression not predicted; K count only; surface accessibility and handles not established,520,,1,,,,,,computed_from_input_sequence_sha256,Length and C count only; solubility/TM/expression not predicted,,,,,,,,26,,,,,,,,K count only; surface accessibility and handles not established
A0A0H5HBD5,A0A0H5HBD5,,,,,,,,,,,,,,,partial,not_annotated,partial,,,,False,complete_expression_chaperone_immobilization_annotations,Length and C count only; solubility/TM/expression not predicted; K count only; surface accessibility and handles not established,116,,0,,,,,,computed_from_input_sequence_sha256,Length and C count only; solubility/TM/expression not predicted,,,,,,,,2,,,,,,,,K count only; surface accessibility and handles not established
A0ABM9S2F3,A0ABM9S2F3,,,,,,,,,,,,,,,partial,not_annotated,partial,,,,False,complete_expression_chaperone_immobilization_annotations,Length and C count only; solubility/TM/expression not predicted; K count only; surface accessibility and handles not established,402,,1,,,,,,computed_from_input_sequence_sha256,Length and C count only; solubility/TM/expression not predicted,,,,,,,,13,,,,,,,,K count only; surface accessibility and handles not established
A0ABM9S2J3,A0ABM9S2J3,,,,,,,,,,,,,,,partial,not_annotated,partial,,,,False,complete_expression_chaperone_immobilization_annotations,Length and C count only; solubility/TM/expression not predicted; K count only; surface accessibility and handles not established,352,,3,,,,,,computed_from_input_sequence_sha256,Length and C count only; solubility/TM/expression not predicted,,,,,,,,5,,,,,,,,K count only; surface accessibility and handles not established
A0A6M3G872,A0A6M3G872,,,,,,,,,,,,,,,partial,not_annotated,partial,,,,False,complete_expression_chaperone_immobilization_annotations,Length and C count only; solubility/TM/expression not predicted; K count only; surface accessibility and handles not established,152,,3,,,,,,computed_from_input_sequence_sha256,Length and C count only; solubility/TM/expression not predicted,,,,,,,,12,,,,,,,,K count only; surface accessibility and handles not established
A0A0H5GK99,A0A0H5GK99,,,,,,,,,,,,,,,partial,not_annotated,partial,,,,False,complete_expression_chaperone_immobilization_annotations,Length and C count only; solubility/TM/expression not predicted; K count only; surface accessibility and handles not established,357,,1,,,,,,computed_from_input_sequence_sha256,Length and C count only; solubility/TM/expression not predicted,,,,,,,,7,,,,,,,,K count only; surface accessibility and handles not established
A0A0H3NQF5,A0A0H3NQF5,,,,,,,,,,,,,,,partial,not_annotated,partial,,,,False,complete_expression_chaperone_immobilization_annotations,Length and C count only; solubility/TM/expression not predicted; K count only; surface accessibility and handles not established,87,,0,,,,,,computed_from_input_sequence_sha256,Length and C count only; solubility/TM/expression not predicted,,,,,,,,3,,,,,,,,K count only; surface accessibility and handles not established
A0AAE9FL40,A0AAE9FL40,,,,,,,,,,,,,,,partial,not_annotated,partial,,,,False,complete_expression_chaperone_immobilization_annotations,Length and C count only; solubility/TM/expression not predicted; K count only; surface accessibility and handles not established,302,,2,,,,,,computed_from_input_sequence_sha256,Length and C count only; solubility/TM/expression not predicted,,,,,,,,4,,,,,,,,K count only; surface accessibility and handles not established
A0A2H1UJ90,A0A2H1UJ90,,,,,,,,,,,,,,,partial,not_annotated,partial,,,,False,complete_expression_chaperone_immobilization_annotations,Length and C count only; solubility/TM/expression not predicted; K count only; surface accessibility and handles not established,520,,1,,,,,,computed_from_input_sequence_sha256,Length and C count only; solubility/TM/expression not predicted,,,,,,,,26,,,,,,,,K count only; surface accessibility and handles not established
A0A6M3G8P6,A0A6M3G8P6,,,,,,,,,,,,,,,partial,not_annotated,partial,,,,False,complete_expression_chaperone_immobilization_annotations,Length and C count only; solubility/TM/expression not predicted; K count only; surface accessibility and handles not established,76,,0,,,,,,computed_from_input_sequence_sha256,Length and C count only; solubility/TM/expression not predicted,,,,,,,,5,,,,,,,,K count only; surface accessibility and handles not established
A0A0B5A2L0,A0A0B5A2L0,,,,,,,,,,,,,,,partial,not_annotated,partial,,,,False,complete_expression_chaperone_immobilization_annotations,Length and C count only; solubility/TM/expression not predicted; K count only; surface accessibility and handles not established,192,,0,,,,,,computed_from_input_sequence_sha256,Length and C count only; solubility/TM/expression not predicted,,,,,,,,13,,,,,,,,K count only; surface accessibility and handles not established
A0A449C6B2,A0A449C6B2,,,,,,,,,,,,,,,partial,not_annotated,partial,,,,False,complete_expression_chaperone_immobilization_annotations,Length and C count only; solubility/TM/expression not predicted; K count only; surface accessibility and handles not established,218,,0,,,,,,computed_from_input_sequence_sha256,Length and C count only; solubility/TM/expression not predicted,,,,,,,,11,,,,,,,,K count only; surface accessibility and handles not established
A0A0H5H8V4,A0A0H5H8V4,,,,,,,,,,,,,,,partial,not_annotated,partial,,,,False,complete_expression_chaperone_immobilization_annotations,Length and C count only; solubility/TM/expression not predicted; K count only; surface accessibility and handles not established,308,,1,,,,,,computed_from_input_sequence_sha256,Length and C count only; solubility/TM/expression not predicted,,,,,,,,15,,,,,,,,K count only; surface accessibility and handles not established
F4N731,F4N731,,,,,,,,,,,,,,,partial,not_annotated,partial,,,,False,complete_expression_chaperone_immobilization_annotations,Length and C count only; solubility/TM/expression not predicted; K count only; surface accessibility and handles not established,302,,2,,,,,,computed_from_input_sequence_sha256,Length and C count only; solubility/TM/expression not predicted,,,,,,,,5,,,,,,,,K count only; surface accessibility and handles not established
A0A7U4K299,A0A7U4K299,,,,,,,,,,,,,,,partial,not_annotated,partial,,,,False,complete_expression_chaperone_immobilization_annotations,Length and C count only; solubility/TM/expression not predicted; K count only; surface accessibility and handles not established,188,,0,,,,,,computed_from_input_sequence_sha256,Length and C count only; solubility/TM/expression not predicted,,,,,,,,11,,,,,,,,K count only; surface accessibility and handles not established
A0A9P1PUI1,A0A9P1PUI1,,,,,,,,,,,,,,,partial,not_annotated,partial,,,,False,complete_expression_chaperone_immobilization_annotations,Length and C count only; solubility/TM/expression not predicted; K count only; surface accessibility and handles not established,268,,0,,,,,,computed_from_input_sequence_sha256,Length and C count only; solubility/TM/expression not predicted,,,,,,,,12,,,,,,,,K count only; surface accessibility and handles not established
A0ABM9S1Y8,A0ABM9S1Y8,,,,,,,,,,,,,,,partial,not_annotated,partial,,,,False,complete_expression_chaperone_immobilization_annotations,Length and C count only; solubility/TM/expression not predicted; K count only; surface accessibility and handles not established,188,,0,,,,,,computed_from_input_sequence_sha256,Length and C count only; solubility/TM/expression not predicted,,,,,,,,10,,,,,,,,K count only; surface accessibility and handles not established
A0AAD2Z2V4,A0AAD2Z2V4,,,,,,,,,,,,,,,partial,not_annotated,partial,,,,False,complete_expression_chaperone_immobilization_annotations,Length and C count only; solubility/TM/expression not predicted; K count only; surface accessibility and handles not established,206,,0,,,,,,computed_from_input_sequence_sha256,Length and C count only; solubility/TM/expression not predicted,,,,,,,,10,,,,,,,,K count only; surface accessibility and handles not established
A0AAD2Z484,A0AAD2Z484,,,,,,,,,,,,,,,partial,not_annotated,partial,,,,False,complete_expression_chaperone_immobilization_annotations,Length and C count only; solubility/TM/expression not predicted; K count only; surface accessibility and handles not established,378,,3,,,,,,computed_from_input_sequence_sha256,Length and C count only; solubility/TM/expression not predicted,,,,,,,,9,,,,,,,,K count only; surface accessibility and handles not established
A0ABM9SIR4,A0ABM9SIR4,,,,,,,,,,,,,,,partial,not_annotated,partial,,,,False,complete_expression_chaperone_immobilization_annotations,Length and C count only; solubility/TM/expression not predicted; K count only; surface accessibility and handles not established,302,,2,,,,,,computed_from_input_sequence_sha256,Length and C count only; solubility/TM/expression not predicted,,,,,,,,5,,,,,,,,K count only; surface accessibility and handles not established
A0A9P1PVU6,A0A9P1PVU6,,,,,,,,,,,,,,,partial,not_annotated,partial,,,,False,complete_expression_chaperone_immobilization_annotations,Length and C count only; solubility/TM/expression not predicted; K count only; surface accessibility and handles not established,272,,1,,,,,,computed_from_input_sequence_sha256,Length and C count only; solubility/TM/expression not predicted,,,,,,,,11,,,,,,,,K count only; surface accessibility and handles not established
A0ABP1Y817,A0ABP1Y817,,,,,,,,,,,,,,,partial,not_annotated,partial,,,,False,complete_expression_chaperone_immobilization_annotations,Length and C count only; solubility/TM/expression not predicted; K count only; surface accessibility and handles not established,357,,2,,,,,,computed_from_input_sequence_sha256,Length and C count only; solubility/TM/expression not predicted,,,,,,,,13,,,,,,,,K count only; surface accessibility and handles not established
A0A449C4V3,A0A449C4V3,,,,,,,,,,,,,,,partial,not_annotated,partial,,,,False,complete_expression_chaperone_immobilization_annotations,Length and C count only; solubility/TM/expression not predicted; K count only; surface accessibility and handles not established,76,,0,,,,,,computed_from_input_sequence_sha256,Length and C count only; solubility/TM/expression not predicted,,,,,,,,5,,,,,,,,K count only; surface accessibility and handles not established
F4N725,F4N725,,,,,,,,,,,,,,,partial,not_annotated,partial,,,,False,complete_expression_chaperone_immobilization_annotations,Length and C count only; solubility/TM/expression not predicted; K count only; surface accessibility and handles not established,87,,1,,,,,,computed_from_input_sequence_sha256,Length and C count only; solubility/TM/expression not predicted,,,,,,,,3,,,,,,,,K count only; surface accessibility and handles not established
A0A7U4GDF4,A0A7U4GDF4,,,,,,,,,,,,,,,partial,not_annotated,partial,,,,False,complete_expression_chaperone_immobilization_annotations,Length and C count only; solubility/TM/expression not predicted; K count only; surface accessibility and handles not established,353,,2,,,,,,computed_from_input_sequence_sha256,Length and C count only; solubility/TM/expression not predicted,,,,,,,,8,,,,,,,,K count only; surface accessibility and handles not established
A0A3G8F0J9,A0A3G8F0J9,,,,,,,,,,,,,,,partial,not_annotated,partial,,,,False,complete_expression_chaperone_immobilization_annotations,Length and C count only; solubility/TM/expression not predicted; K count only; surface accessibility and handles not established,625,,0,,,,,,computed_from_input_sequence_sha256,Length and C count only; solubility/TM/expression not predicted,,,,,,,,37,,,,,,,,K count only; surface accessibility and handles not established
A0A2H1UJE7,A0A2H1UJE7,,,,,,,,,,,,,,,partial,not_annotated,partial,,,,False,complete_expression_chaperone_immobilization_annotations,Length and C count only; solubility/TM/expression not predicted; K count only; surface accessibility and handles not established,522,,1,,,,,,computed_from_input_sequence_sha256,Length and C count only; solubility/TM/expression not predicted,,,,,,,,22,,,,,,,,K count only; surface accessibility and handles not established
A0AAD2V1D7,A0AAD2V1D7,,,,,,,,,,,,,,,partial,not_annotated,partial,,,,False,complete_expression_chaperone_immobilization_annotations,Length and C count only; solubility/TM/expression not predicted; K count only; surface accessibility and handles not established,603,,2,,,,,,computed_from_input_sequence_sha256,Length and C count only; solubility/TM/expression not predicted,,,,,,,,17,,,,,,,,K count only; surface accessibility and handles not established
A0A0H5H5S4,A0A0H5H5S4,,,,,,,,,,,,,,,partial,not_annotated,partial,,,,False,complete_expression_chaperone_immobilization_annotations,Length and C count only; solubility/TM/expression not predicted; K count only; surface accessibility and handles not established,116,,0,,,,,,computed_from_input_sequence_sha256,Length and C count only; solubility/TM/expression not predicted,,,,,,,,2,,,,,,,,K count only; surface accessibility and handles not established
A0A7U0AV15,A0A7U0AV15,,,,,,,,,,,,,,,partial,not_annotated,partial,,,,False,complete_expression_chaperone_immobilization_annotations,Length and C count only; solubility/TM/expression not predicted; K count only; surface accessibility and handles not established,211,,3,,,,,,computed_from_input_sequence_sha256,Length and C count only; solubility/TM/expression not predicted,,,,,,,,8,,,,,,,,K count only; surface accessibility and handles not established
A0A0H5HAG0,A0A0H5HAG0,,,,,,,,,,,,,,,partial,not_annotated,partial,,,,False,complete_expression_chaperone_immobilization_annotations,Length and C count only; solubility/TM/expression not predicted; K count only; surface accessibility and handles not established,213,,3,,,,,,computed_from_input_sequence_sha256,Length and C count only; solubility/TM/expression not predicted,,,,,,,,4,,,,,,,,K count only; surface accessibility and handles not established
F2Q846,F2Q846,,,,,,,,,,,,,,,partial,not_annotated,partial,,,,False,complete_expression_chaperone_immobilization_annotations,Length and C count only; solubility/TM/expression not predicted; K count only; surface accessibility and handles not established,684,,10,,,,,,computed_from_input_sequence_sha256,Length and C count only; solubility/TM/expression not predicted,,,,,,,,45,,,,,,,,K count only; surface accessibility and handles not established
A0AAD2Z5G5,A0AAD2Z5G5,,,,,,,,,,,,,,,partial,not_annotated,partial,,,,False,complete_expression_chaperone_immobilization_annotations,Length and C count only; solubility/TM/expression not predicted; K count only; surface accessibility and handles not established,124,,0,,,,,,computed_from_input_sequence_sha256,Length and C count only; solubility/TM/expression not predicted,,,,,,,,12,,,,,,,,K count only; surface accessibility and handles not established
A0AAT9S9R9,A0AAT9S9R9,,,,,,,,,,,,,,,partial,not_annotated,partial,,,,False,complete_expression_chaperone_immobilization_annotations,Length and C count only; solubility/TM/expression not predicted; K count only; surface accessibility and handles not established,47,,0,,,,,,computed_from_input_sequence_sha256,Length and C count only; solubility/TM/expression not predicted,,,,,,,,3,,,,,,,,K count only; surface accessibility and handles not established
A0A2D0PDA0,A0A2D0PDA0,,,,,,,,,,,,,,,partial,not_annotated,partial,,,,False,complete_expression_chaperone_immobilization_annotations,Length and C count only; solubility/TM/expression not predicted; K count only; surface accessibility and handles not established,520,,1,,,,,,computed_from_input_sequence_sha256,Length and C count only; solubility/TM/expression not predicted,,,,,,,,26,,,,,,,,K count only; surface accessibility and handles not established
A0AAD2UW33,A0AAD2UW33,,,,,,,,,,,,,,,partial,not_annotated,partial,,,,False,complete_expression_chaperone_immobilization_annotations,Length and C count only; solubility/TM/expression not predicted; K count only; surface accessibility and handles not established,356,,3,,,,,,computed_from_input_sequence_sha256,Length and C count only; solubility/TM/expression not predicted,,,,,,,,15,,,,,,,,K count only; surface accessibility and handles not established
A0A0H5G2H5,A0A0H5G2H5,,,,,,,,,,,,,,,partial,not_annotated,partial,,,,False,complete_expression_chaperone_immobilization_annotations,Length and C count only; solubility/TM/expression not predicted; K count only; surface accessibility and handles not established,179,,2,,,,,,computed_from_input_sequence_sha256,Length and C count only; solubility/TM/expression not predicted,,,,,,,,12,,,,,,,,K count only; surface accessibility and handles not established
A0A7T9XU34,A0A7T9XU34,,,,,,,,,,,,,,,partial,not_annotated,partial,,,,False,complete_expression_chaperone_immobilization_annotations,Length and C count only; solubility/TM/expression not predicted; K count only; surface accessibility and handles not established,430,,7,,,,,,computed_from_input_sequence_sha256,Length and C count only; solubility/TM/expression not predicted,,,,,,,,18,,,,,,,,K count only; surface accessibility and handles not established
A0A0T7P7W8,A0A0T7P7W8,,,,,,,,,,,,,,,partial,not_annotated,partial,,,,False,complete_expression_chaperone_immobilization_annotations,Length and C count only; solubility/TM/expression not predicted; K count only; surface accessibility and handles not established,352,,3,,,,,,computed_from_input_sequence_sha256,Length and C count only; solubility/TM/expression not predicted,,,,,,,,5,,,,,,,,K count only; surface accessibility and handles not established
A1JK75,A1JK75,,,,,,,,,,,,,,,partial,not_annotated,partial,,,,False,complete_expression_chaperone_immobilization_annotations,Length and C count only; solubility/TM/expression not predicted; K count only; surface accessibility and handles not established,514,,1,,,,,,computed_from_input_sequence_sha256,Length and C count only; solubility/TM/expression not predicted,,,,,,,,15,,,,,,,,K count only; surface accessibility and handles not established
A0ABP1Y7A6,A0ABP1Y7A6,,,,,,,,,,,,,,,partial,not_annotated,partial,,,,False,complete_expression_chaperone_immobilization_annotations,Length and C count only; solubility/TM/expression not predicted; K count only; surface accessibility and handles not established,378,,4,,,,,,computed_from_input_sequence_sha256,Length and C count only; solubility/TM/expression not predicted,,,,,,,,7,,,,,,,,K count only; surface accessibility and handles not established
A0ABM9S4S5,A0ABM9S4S5,,,,,,,,,,,,,,,partial,not_annotated,partial,,,,False,complete_expression_chaperone_immobilization_annotations,Length and C count only; solubility/TM/expression not predicted; K count only; surface accessibility and handles not established,380,,0,,,,,,computed_from_input_sequence_sha256,Length and C count only; solubility/TM/expression not predicted,,,,,,,,23,,,,,,,,K count only; surface accessibility and handles not established
A0A7T9XU28,A0A7T9XU28,,,,,,,,,,,,,,,partial,not_annotated,partial,,,,False,complete_expression_chaperone_immobilization_annotations,Length and C count only; solubility/TM/expression not predicted; K count only; surface accessibility and handles not established,213,,3,,,,,,computed_from_input_sequence_sha256,Length and C count only; solubility/TM/expression not predicted,,,,,,,,6,,,,,,,,K count only; surface accessibility and handles not established
A0A7U4GEA5,A0A7U4GEA5,,,,,,,,,,,,,,,partial,not_annotated,partial,,,,False,complete_expression_chaperone_immobilization_annotations,Length and C count only; solubility/TM/expression not predicted; K count only; surface accessibility and handles not established,378,,3,,,,,,computed_from_input_sequence_sha256,Length and C count only; solubility/TM/expression not predicted,,,,,,,,8,,,,,,,,K count only; surface accessibility and handles not established
A0A7U0ASF4,A0A7U0ASF4,,,,,,,,,,,,,,,partial,not_annotated,partial,,,,False,complete_expression_chaperone_immobilization_annotations,Length and C count only; solubility/TM/expression not predicted; K count only; surface accessibility and handles not established,157,,0,,,,,,computed_from_input_sequence_sha256,Length and C count only; solubility/TM/expression not predicted,,,,,,,,9,,,,,,,,K count only; surface accessibility and handles not established
A1JMQ3,A1JMQ3,,,,,,,,,,,,,,,partial,not_annotated,partial,,,,False,complete_expression_chaperone_immobilization_annotations,Length and C count only; solubility/TM/expression not predicted; K count only; surface accessibility and handles not established,294,,3,,,,,,computed_from_input_sequence_sha256,Length and C count only; solubility/TM/expression not predicted,,,,,,,,7,,,,,,,,K count only; surface accessibility and handles not established
A0ABP1Y442,A0ABP1Y442,,,,,,,,,,,,,,,partial,not_annotated,partial,,,,False,complete_expression_chaperone_immobilization_annotations,Length and C count only; solubility/TM/expression not predicted; K count only; surface accessibility and handles not established,379,,3,,,,,,computed_from_input_sequence_sha256,Length and C count only; solubility/TM/expression not predicted,,,,,,,,5,,,,,,,,K count only; surface accessibility and handles not established
A0A0T7PAJ5,A0A0T7PAJ5,,,,,,,,,,,,,,,partial,not_annotated,partial,,,,False,complete_expression_chaperone_immobilization_annotations,Length and C count only; solubility/TM/expression not predicted; K count only; surface accessibility and handles not established,260,,2,,,,,,computed_from_input_sequence_sha256,Length and C count only; solubility/TM/expression not predicted,,,,,,,,5,,,,,,,,K count only; surface accessibility and handles not established
A0A9P1V089,A0A9P1V089,,,,,,,,,,,,,,,partial,not_annotated,partial,,,,False,complete_expression_chaperone_immobilization_annotations,Length and C count only; solubility/TM/expression not predicted; K count only; surface accessibility and handles not established,394,,2,,,,,,computed_from_input_sequence_sha256,Length and C count only; solubility/TM/expression not predicted,,,,,,,,9,,,,,,,,K count only; surface accessibility and handles not established
A0A0H5EYN4,A0A0H5EYN4,,,,,,,,,,,,,,,partial,not_annotated,partial,,,,False,complete_expression_chaperone_immobilization_annotations,Length and C count only; solubility/TM/expression not predicted; K count only; surface accessibility and handles not established,380,,0,,,,,,computed_from_input_sequence_sha256,Length and C count only; solubility/TM/expression not predicted,,,,,,,,23,,,,,,,,K count only; surface accessibility and handles not established
A0A0H5GK90,A0A0H5GK90,,,,,,,,,,,,,,,partial,not_annotated,partial,,,,False,complete_expression_chaperone_immobilization_annotations,Length and C count only; solubility/TM/expression not predicted; K count only; surface accessibility and handles not established,361,,2,,,,,,computed_from_input_sequence_sha256,Length and C count only; solubility/TM/expression not predicted,,,,,,,,18,,,,,,,,K count only; surface accessibility and handles not established
A0A9P1PUD9,A0A9P1PUD9,,,,,,,,,,,,,,,partial,not_annotated,partial,,,,False,complete_expression_chaperone_immobilization_annotations,Length and C count only; solubility/TM/expression not predicted; K count only; surface accessibility and handles not established,196,,1,,,,,,computed_from_input_sequence_sha256,Length and C count only; solubility/TM/expression not predicted,,,,,,,,11,,,,,,,,K count only; surface accessibility and handles not established
A0A7U4K0Q6,A0A7U4K0Q6,,,,,,,,,,,,,,,partial,not_annotated,partial,,,,False,complete_expression_chaperone_immobilization_annotations,Length and C count only; solubility/TM/expression not predicted; K count only; surface accessibility and handles not established,357,,4,,,,,,computed_from_input_sequence_sha256,Length and C count only; solubility/TM/expression not predicted,,,,,,,,10,,,,,,,,K count only; surface accessibility and handles not established
A0A0H5H5L7,A0A0H5H5L7,,,,,,,,,,,,,,,partial,not_annotated,partial,,,,False,complete_expression_chaperone_immobilization_annotations,Length and C count only; solubility/TM/expression not predicted; K count only; surface accessibility and handles not established,388,,0,,,,,,computed_from_input_sequence_sha256,Length and C count only; solubility/TM/expression not predicted,,,,,,,,29,,,,,,,,K count only; surface accessibility and handles not established
S5M3A2,S5M3A2,,,,,,,,,,,,,,,partial,not_annotated,partial,,,,False,complete_expression_chaperone_immobilization_annotations,Length and C count only; solubility/TM/expression not predicted; K count only; surface accessibility and handles not established,80,,0,,,,,,computed_from_input_sequence_sha256,Length and C count only; solubility/TM/expression not predicted,,,,,,,,6,,,,,,,,K count only; surface accessibility and handles not established
A0A9P1PW91,A0A9P1PW91,,,,,,,,,,,,,,,partial,not_annotated,partial,,,,False,complete_expression_chaperone_immobilization_annotations,Length and C count only; solubility/TM/expression not predicted; K count only; surface accessibility and handles not established,212,,3,,,,,,computed_from_input_sequence_sha256,Length and C count only; solubility/TM/expression not predicted,,,,,,,,7,,,,,,,,K count only; surface accessibility and handles not established
A0ABM9SIJ1,A0ABM9SIJ1,,,,,,,,,,,,,,,partial,not_annotated,partial,,,,False,complete_expression_chaperone_immobilization_annotations,Length and C count only; solubility/TM/expression not predicted; K count only; surface accessibility and handles not established,118,,1,,,,,,computed_from_input_sequence_sha256,Length and C count only; solubility/TM/expression not predicted,,,,,,,,3,,,,,,,,K count only; surface accessibility and handles not established
A0A7U0AT10,A0A7U0AT10,,,,,,,,,,,,,,,partial,not_annotated,partial,,,,False,complete_expression_chaperone_immobilization_annotations,Length and C count only; solubility/TM/expression not predicted; K count only; surface accessibility and handles not established,394,,3,,,,,,computed_from_input_sequence_sha256,Length and C count only; solubility/TM/expression not predicted,,,,,,,,13,,,,,,,,K count only; surface accessibility and handles not established
A0A7U0AVA4,A0A7U0AVA4,,,,,,,,,,,,,,,partial,not_annotated,partial,,,,False,complete_expression_chaperone_immobilization_annotations,Length and C count only; solubility/TM/expression not predicted; K count only; surface accessibility and handles not established,302,,2,,,,,,computed_from_input_sequence_sha256,Length and C count only; solubility/TM/expression not predicted,,,,,,,,6,,,,,,,,K count only; surface accessibility and handles not established
A0A9P1PWI0,A0A9P1PWI0,,,,,,,,,,,,,,,partial,not_annotated,partial,,,,False,complete_expression_chaperone_immobilization_annotations,Length and C count only; solubility/TM/expression not predicted; K count only; surface accessibility and handles not established,302,,2,,,,,,computed_from_input_sequence_sha256,Length and C count only; solubility/TM/expression not predicted,,,,,,,,3,,,,,,,,K count only; surface accessibility and handles not established
A1JND9,A1JND9,,,,,,,,,,,,,,,partial,not_annotated,partial,,,,False,complete_expression_chaperone_immobilization_annotations,Length and C count only; solubility/TM/expression not predicted; K count only; surface accessibility and handles not established,204,,0,,,,,,computed_from_input_sequence_sha256,Length and C count only; solubility/TM/expression not predicted,,,,,,,,8,,,,,,,,K count only; surface accessibility and handles not established
A0A0T7PAK2,A0A0T7PAK2,,,,,,,,,,,,,,,partial,not_annotated,partial,,,,False,complete_expression_chaperone_immobilization_annotations,Length and C count only; solubility/TM/expression not predicted; K count only; surface accessibility and handles not established,114,,0,,,,,,computed_from_input_sequence_sha256,Length and C count only; solubility/TM/expression not predicted,,,,,,,,4,,,,,,,,K count only; surface accessibility and handles not established
A0A7U0AWS6,A0A7U0AWS6,,,,,,,,,,,,,,,partial,not_annotated,partial,,,,False,complete_expression_chaperone_immobilization_annotations,Length and C count only; solubility/TM/expression not predicted; K count only; surface accessibility and handles not established,382,,0,,,,,,computed_from_input_sequence_sha256,Length and C count only; solubility/TM/expression not predicted,,,,,,,,25,,,,,,,,K count only; surface accessibility and handles not established
A0ABP1YED8,A0ABP1YED8,,,,,,,,,,,,,,,partial,not_annotated,partial,,,,False,complete_expression_chaperone_immobilization_annotations,Length and C count only; solubility/TM/expression not predicted; K count only; surface accessibility and handles not established,375,,0,,,,,,computed_from_input_sequence_sha256,Length and C count only; solubility/TM/expression not predicted,,,,,,,,5,,,,,,,,K count only; surface accessibility and handles not established
A0A9P1V3L8,A0A9P1V3L8,,,,,,,,,,,,,,,partial,not_annotated,partial,,,,False,complete_expression_chaperone_immobilization_annotations,Length and C count only; solubility/TM/expression not predicted; K count only; surface accessibility and handles not established,203,,0,,,,,,computed_from_input_sequence_sha256,Length and C count only; solubility/TM/expression not predicted,,,,,,,,10,,,,,,,,K count only; surface accessibility and handles not established
A0A9P1PV32,A0A9P1PV32,,,,,,,,,,,,,,,partial,not_annotated,partial,,,,False,complete_expression_chaperone_immobilization_annotations,Length and C count only; solubility/TM/expression not predicted; K count only; surface accessibility and handles not established,157,,0,,,,,,computed_from_input_sequence_sha256,Length and C count only; solubility/TM/expression not predicted,,,,,,,,8,,,,,,,,K count only; surface accessibility and handles not established
A0A449C694,A0A449C694,,,,,,,,,,,,,,,partial,not_annotated,partial,,,,False,complete_expression_chaperone_immobilization_annotations,Length and C count only; solubility/TM/expression not predicted; K count only; surface accessibility and handles not established,80,,0,,,,,,computed_from_input_sequence_sha256,Length and C count only; solubility/TM/expression not predicted,,,,,,,,6,,,,,,,,K count only; surface accessibility and handles not established
A0A7U4K153,A0A7U4K153,,,,,,,,,,,,,,,partial,not_annotated,partial,,,,False,complete_expression_chaperone_immobilization_annotations,Length and C count only; solubility/TM/expression not predicted; K count only; surface accessibility and handles not established,42,,0,,,,,,computed_from_input_sequence_sha256,Length and C count only; solubility/TM/expression not predicted,,,,,,,,2,,,,,,,,K count only; surface accessibility and handles not established
A0A2H1X986,A0A2H1X986,,,,,,,,,,,,,,,partial,not_annotated,partial,,,,False,complete_expression_chaperone_immobilization_annotations,Length and C count only; solubility/TM/expression not predicted; K count only; surface accessibility and handles not established,520,,1,,,,,,computed_from_input_sequence_sha256,Length and C count only; solubility/TM/expression not predicted,,,,,,,,26,,,,,,,,K count only; surface accessibility and handles not established
A0A0H5H701,A0A0H5H701,,,,,,,,,,,,,,,partial,not_annotated,partial,,,,False,complete_expression_chaperone_immobilization_annotations,Length and C count only; solubility/TM/expression not predicted; K count only; surface accessibility and handles not established,140,,0,,,,,,computed_from_input_sequence_sha256,Length and C count only; solubility/TM/expression not predicted,,,,,,,,8,,,,,,,,K count only; surface accessibility and handles not established
A0ABP1YGH5,A0ABP1YGH5,,,,,,,,,,,,,,,partial,not_annotated,partial,,,,False,complete_expression_chaperone_immobilization_annotations,Length and C count only; solubility/TM/expression not predicted; K count only; surface accessibility and handles not established,378,,3,,,,,,computed_from_input_sequence_sha256,Length and C count only; solubility/TM/expression not predicted,,,,,,,,8,,,,,,,,K count only; surface accessibility and handles not established
A0A9P1UYL2,A0A9P1UYL2,,,,,,,,,,,,,,,partial,not_annotated,partial,,,,False,complete_expression_chaperone_immobilization_annotations,Length and C count only; solubility/TM/expression not predicted; K count only; surface accessibility and handles not established,193,,1,,,,,,computed_from_input_sequence_sha256,Length and C count only; solubility/TM/expression not predicted,,,,,,,,11,,,,,,,,K count only; surface accessibility and handles not established
A0AAD2Z3Y9,A0AAD2Z3Y9,,,,,,,,,,,,,,,partial,not_annotated,partial,,,,False,complete_expression_chaperone_immobilization_annotations,Length and C count only; solubility/TM/expression not predicted; K count only; surface accessibility and handles not established,75,,0,,,,,,computed_from_input_sequence_sha256,Length and C count only; solubility/TM/expression not predicted,,,,,,,,6,,,,,,,,K count only; surface accessibility and handles not established
A0A0H5HA66,A0A0H5HA66,,,,,,,,,,,,,,,partial,not_annotated,partial,,,,False,complete_expression_chaperone_immobilization_annotations,Length and C count only; solubility/TM/expression not predicted; K count only; surface accessibility and handles not established,387,,0,,,,,,computed_from_input_sequence_sha256,Length and C count only; solubility/TM/expression not predicted,,,,,,,,29,,,,,,,,K count only; surface accessibility and handles not established
A0A0T9PR46,A0A0T9PR46,,,,,,,,,,,,,,,partial,not_annotated,partial,,,,False,complete_expression_chaperone_immobilization_annotations,Length and C count only; solubility/TM/expression not predicted; K count only; surface accessibility and handles not established,399,,3,,,,,,computed_from_input_sequence_sha256,Length and C count only; solubility/TM/expression not predicted,,,,,,,,13,,,,,,,,K count only; surface accessibility and handles not established
A0ABM9S4S8,A0ABM9S4S8,,,,,,,,,,,,,,,partial,not_annotated,partial,,,,False,complete_expression_chaperone_immobilization_annotations,Length and C count only; solubility/TM/expression not predicted; K count only; surface accessibility and handles not established,157,,2,,,,,,computed_from_input_sequence_sha256,Length and C count only; solubility/TM/expression not predicted,,,,,,,,7,,,,,,,,K count only; surface accessibility and handles not established
A0A9P1PT68,A0A9P1PT68,,,,,,,,,,,,,,,partial,not_annotated,partial,,,,False,complete_expression_chaperone_immobilization_annotations,Length and C count only; solubility/TM/expression not predicted; K count only; surface accessibility and handles not established,408,,3,,,,,,computed_from_input_sequence_sha256,Length and C count only; solubility/TM/expression not predicted,,,,,,,,10,,,,,,,,K count only; surface accessibility and handles not established
A0A9P1V1H6,A0A9P1V1H6,,,,,,,,,,,,,,,partial,not_annotated,partial,,,,False,complete_expression_chaperone_immobilization_annotations,Length and C count only; solubility/TM/expression not predicted; K count only; surface accessibility and handles not established,200,,3,,,,,,computed_from_input_sequence_sha256,Length and C count only; solubility/TM/expression not predicted,,,,,,,,5,,,,,,,,K count only; surface accessibility and handles not established
A0A857F0P1,A0A857F0P1,,,,,,,,,,,,,,,partial,not_annotated,partial,,,,False,complete_expression_chaperone_immobilization_annotations,Length and C count only; solubility/TM/expression not predicted; K count only; surface accessibility and handles not established,387,,0,,,,,,computed_from_input_sequence_sha256,Length and C count only; solubility/TM/expression not predicted,,,,,,,,29,,,,,,,,K count only; surface accessibility and handles not established
F4N727,F4N727,,,,,,,,,,,,,,,partial,not_annotated,partial,,,,False,complete_expression_chaperone_immobilization_annotations,Length and C count only; solubility/TM/expression not predicted; K count only; surface accessibility and handles not established,247,,5,,,,,,computed_from_input_sequence_sha256,Length and C count only; solubility/TM/expression not predicted,,,,,,,,6,,,,,,,,K count only; surface accessibility and handles not established
A0AB73QMA1,A0AB73QMA1,,,,,,,,,,,,,,,partial,not_annotated,partial,,,,False,complete_expression_chaperone_immobilization_annotations,Length and C count only; solubility/TM/expression not predicted; K count only; surface accessibility and handles not established,369,,0,,,,,,computed_from_input_sequence_sha256,Length and C count only; solubility/TM/expression not predicted,,,,,,,,26,,,,,,,,K count only; surface accessibility and handles not established
A0AAD2Z8P4,A0AAD2Z8P4,,,,,,,,,,,,,,,partial,not_annotated,partial,,,,False,complete_expression_chaperone_immobilization_annotations,Length and C count only; solubility/TM/expression not predicted; K count only; surface accessibility and handles not established,146,,0,,,,,,computed_from_input_sequence_sha256,Length and C count only; solubility/TM/expression not predicted,,,,,,,,10,,,,,,,,K count only; surface accessibility and handles not established
A0A0H5LRI9,A0A0H5LRI9,,,,,,,,,,,,,,,partial,not_annotated,partial,,,,False,complete_expression_chaperone_immobilization_annotations,Length and C count only; solubility/TM/expression not predicted; K count only; surface accessibility and handles not established,376,,0,,,,,,computed_from_input_sequence_sha256,Length and C count only; solubility/TM/expression not predicted,,,,,,,,26,,,,,,,,K count only; surface accessibility and handles not established
A0A0B4ZZ77,A0A0B4ZZ77,,,,,,,,,,,,,,,partial,not_annotated,partial,,,,False,complete_expression_chaperone_immobilization_annotations,Length and C count only; solubility/TM/expression not predicted; K count only; surface accessibility and handles not established,38,,0,,,,,,computed_from_input_sequence_sha256,Length and C count only; solubility/TM/expression not predicted,,,,,,,,1,,,,,,,,K count only; surface accessibility and handles not established
A0AAD2UW21,A0AAD2UW21,,,,,,,,,,,,,,,partial,not_annotated,partial,,,,False,complete_expression_chaperone_immobilization_annotations,Length and C count only; solubility/TM/expression not predicted; K count only; surface accessibility and handles not established,148,,0,,,,,,computed_from_input_sequence_sha256,Length and C count only; solubility/TM/expression not predicted,,,,,,,,5,,,,,,,,K count only; surface accessibility and handles not established
A0A0H5H5S7,A0A0H5H5S7,,,,,,,,,,,,,,,partial,not_annotated,partial,,,,False,complete_expression_chaperone_immobilization_annotations,Length and C count only; solubility/TM/expression not predicted; K count only; surface accessibility and handles not established,213,,3,,,,,,computed_from_input_sequence_sha256,Length and C count only; solubility/TM/expression not predicted,,,,,,,,6,,,,,,,,K count only; surface accessibility and handles not established
A0A0T9Q3J3,A0A0T9Q3J3,,,,,,,,,,,,,,,partial,not_annotated,partial,,,,False,complete_expression_chaperone_immobilization_annotations,Length and C count only; solubility/TM/expression not predicted; K count only; surface accessibility and handles not established,468,,3,,,,,,computed_from_input_sequence_sha256,Length and C count only; solubility/TM/expression not predicted,,,,,,,,7,,,,,,,,K count only; surface accessibility and handles not established
A0A0T9PX62,A0A0T9PX62,,,,,,,,,,,,,,,partial,not_annotated,partial,,,,False,complete_expression_chaperone_immobilization_annotations,Length and C count only; solubility/TM/expression not predicted; K count only; surface accessibility and handles not established,468,,3,,,,,,computed_from_input_sequence_sha256,Length and C count only; solubility/TM/expression not predicted,,,,,,,,8,,,,,,,,K count only; surface accessibility and handles not established
A0AAW7K9U6,A0AAW7K9U6,,,,,,,,,,,,,,,partial,not_annotated,partial,,,,False,complete_expression_chaperone_immobilization_annotations,Length and C count only; solubility/TM/expression not predicted; K count only; surface accessibility and handles not established,626,,3,,,,,,computed_from_input_sequence_sha256,Length and C count only; solubility/TM/expression not predicted,,,,,,,,20,,,,,,,,K count only; surface accessibility and handles not established
A0A0H3B5E1,A0A0H3B5E1,,,,,,,,,,,,,,,partial,not_annotated,partial,,,,False,complete_expression_chaperone_immobilization_annotations,Length and C count only; solubility/TM/expression not predicted; K count only; surface accessibility and handles not established,364,,0,,,,,,computed_from_input_sequence_sha256,Length and C count only; solubility/TM/expression not predicted,,,,,,,,33,,,,,,,,K count only; surface accessibility and handles not established
A0A0T9QCI9,A0A0T9QCI9,,,,,,,,,,,,,,,partial,not_annotated,partial,,,,False,complete_expression_chaperone_immobilization_annotations,Length and C count only; solubility/TM/expression not predicted; K count only; surface accessibility and handles not established,368,,0,,,,,,computed_from_input_sequence_sha256,Length and C count only; solubility/TM/expression not predicted,,,,,,,,30,,,,,,,,K count only; surface accessibility and handles not established
A0ABX5QXK4,A0ABX5QXK4,,,,,,,,,,,,,,,partial,not_annotated,partial,,,,False,complete_expression_chaperone_immobilization_annotations,Length and C count only; solubility/TM/expression not predicted; K count only; surface accessibility and handles not established,353,,2,,,,,,computed_from_input_sequence_sha256,Length and C count only; solubility/TM/expression not predicted,,,,,,,,9,,,,,,,,K count only; surface accessibility and handles not established
A0A0T9RET2,A0A0T9RET2,,,,,,,,,,,,,,,partial,not_annotated,partial,,,,False,complete_expression_chaperone_immobilization_annotations,Length and C count only; solubility/TM/expression not predicted; K count only; surface accessibility and handles not established,659,,8,,,,,,computed_from_input_sequence_sha256,Length and C count only; solubility/TM/expression not predicted,,,,,,,,38,,,,,,,,K count only; surface accessibility and handles not established
A0AAD2Z3C0,A0AAD2Z3C0,,,,,,,,,,,,,,,partial,not_annotated,partial,,,,False,complete_expression_chaperone_immobilization_annotations,Length and C count only; solubility/TM/expression not predicted; K count only; surface accessibility and handles not established,156,,0,,,,,,computed_from_input_sequence_sha256,Length and C count only; solubility/TM/expression not predicted,,,,,,,,6,,,,,,,,K count only; surface accessibility and handles not established
A0ABM9Y807,A0ABM9Y807,,,,,,,,,,,,,,,partial,not_annotated,partial,,,,False,complete_expression_chaperone_immobilization_annotations,Length and C count only; solubility/TM/expression not predicted; K count only; surface accessibility and handles not established,388,,0,,,,,,computed_from_input_sequence_sha256,Length and C count only; solubility/TM/expression not predicted,,,,,,,,31,,,,,,,,K count only; surface accessibility and handles not established
A0AAV3BI89,A0AAV3BI89,,,,,,,,,,,,,,,partial,not_annotated,partial,,,,False,complete_expression_chaperone_immobilization_annotations,Length and C count only; solubility/TM/expression not predicted; K count only; surface accessibility and handles not established,468,,3,,,,,,computed_from_input_sequence_sha256,Length and C count only; solubility/TM/expression not predicted,,,,,,,,8,,,,,,,,K count only; surface accessibility and handles not established
A0ABM9SSL7,A0ABM9SSL7,,,,,,,,,,,,,,,partial,not_annotated,partial,,,,False,complete_expression_chaperone_immobilization_annotations,Length and C count only; solubility/TM/expression not predicted; K count only; surface accessibility and handles not established,395,,2,,,,,,computed_from_input_sequence_sha256,Length and C count only; solubility/TM/expression not predicted,,,,,,,,13,,,,,,,,K count only; surface accessibility and handles not established
A0ABM9TCZ7,A0ABM9TCZ7,,,,,,,,,,,,,,,partial,not_annotated,partial,,,,False,complete_expression_chaperone_immobilization_annotations,Length and C count only; solubility/TM/expression not predicted; K count only; surface accessibility and handles not established,351,,3,,,,,,computed_from_input_sequence_sha256,Length and C count only; solubility/TM/expression not predicted,,,,,,,,16,,,,,,,,K count only; surface accessibility and handles not established
A0A0H3B6N5,A0A0H3B6N5,,,,,,,,,,,,,,,partial,not_annotated,partial,,,,False,complete_expression_chaperone_immobilization_annotations,Length and C count only; solubility/TM/expression not predicted; K count only; surface accessibility and handles not established,356,,4,,,,,,computed_from_input_sequence_sha256,Length and C count only; solubility/TM/expression not predicted,,,,,,,,11,,,,,,,,K count only; surface accessibility and handles not established
A0AA36LLT8,A0AA36LLT8,,,,,,,,,,,,,,,partial,not_annotated,partial,,,,False,complete_expression_chaperone_immobilization_annotations,Length and C count only; solubility/TM/expression not predicted; K count only; surface accessibility and handles not established,388,,0,,,,,,computed_from_input_sequence_sha256,Length and C count only; solubility/TM/expression not predicted,,,,,,,,29,,,,,,,,K count only; surface accessibility and handles not established
A0A0T9UVK0,A0A0T9UVK0,,,,,,,,,,,,,,,partial,not_annotated,partial,,,,False,complete_expression_chaperone_immobilization_annotations,Length and C count only; solubility/TM/expression not predicted; K count only; surface accessibility and handles not established,302,,2,,,,,,computed_from_input_sequence_sha256,Length and C count only; solubility/TM/expression not predicted,,,,,,,,2,,,,,,,,K count only; surface accessibility and handles not established
A0A0T9KM81,A0A0T9KM81,,,,,,,,,,,,,,,partial,not_annotated,partial,,,,False,complete_expression_chaperone_immobilization_annotations,Length and C count only; solubility/TM/expression not predicted; K count only; surface accessibility and handles not established,302,,2,,,,,,computed_from_input_sequence_sha256,Length and C count only; solubility/TM/expression not predicted,,,,,,,,6,,,,,,,,K count only; surface accessibility and handles not established
A0ABM9Y805,A0ABM9Y805,,,,,,,,,,,,,,,partial,not_annotated,partial,,,,False,complete_expression_chaperone_immobilization_annotations,Length and C count only; solubility/TM/expression not predicted; K count only; surface accessibility and handles not established,223,,3,,,,,,computed_from_input_sequence_sha256,Length and C count only; solubility/TM/expression not predicted,,,,,,,,7,,,,,,,,K count only; surface accessibility and handles not established
A0AB73PI84,A0AB73PI84,,,,,,,,,,,,,,,partial,not_annotated,partial,,,,False,complete_expression_chaperone_immobilization_annotations,Length and C count only; solubility/TM/expression not predicted; K count only; surface accessibility and handles not established,384,,3,,,,,,computed_from_input_sequence_sha256,Length and C count only; solubility/TM/expression not predicted,,,,,,,,17,,,,,,,,K count only; surface accessibility and handles not established
A0A0E1NTH1,A0A0E1NTH1,,,,,,,,,,,,,,,partial,not_annotated,partial,,,,False,complete_expression_chaperone_immobilization_annotations,Length and C count only; solubility/TM/expression not predicted; K count only; surface accessibility and handles not established,468,,3,,,,,,computed_from_input_sequence_sha256,Length and C count only; solubility/TM/expression not predicted,,,,,,,,8,,,,,,,,K count only; surface accessibility and handles not established
A0ABW9EXB2,A0ABW9EXB2,,,,,,,,,,,,,,,partial,not_annotated,partial,,,,False,complete_expression_chaperone_immobilization_annotations,Length and C count only; solubility/TM/expression not predicted; K count only; surface accessibility and handles not established,468,,3,,,,,,computed_from_input_sequence_sha256,Length and C count only; solubility/TM/expression not predicted,,,,,,,,6,,,,,,,,K count only; surface accessibility and handles not established
A0AB72ZKZ2,A0AB72ZKZ2,,,,,,,,,,,,,,,partial,not_annotated,partial,,,,False,complete_expression_chaperone_immobilization_annotations,Length and C count only; solubility/TM/expression not predicted; K count only; surface accessibility and handles not established,468,,3,,,,,,computed_from_input_sequence_sha256,Length and C count only; solubility/TM/expression not predicted,,,,,,,,8,,,,,,,,K count only; surface accessibility and handles not established
A0A0T9KX64,A0A0T9KX64,,,,,,,,,,,,,,,partial,not_annotated,partial,,,,False,complete_expression_chaperone_immobilization_annotations,Length and C count only; solubility/TM/expression not predicted; K count only; surface accessibility and handles not established,394,,4,,,,,,computed_from_input_sequence_sha256,Length and C count only; solubility/TM/expression not predicted,,,,,,,,13,,,,,,,,K count only; surface accessibility and handles not established
Q66BM0,Q66BM0,,,,,,,,,,,,,,,partial,not_annotated,partial,,,,False,complete_expression_chaperone_immobilization_annotations,Length and C count only; solubility/TM/expression not predicted; K count only; surface accessibility and handles not established,213,,3,,,,,,computed_from_input_sequence_sha256,Length and C count only; solubility/TM/expression not predicted,,,,,,,,5,,,,,,,,K count only; surface accessibility and handles not established
A0AAI8ZUU9,A0AAI8ZUU9,,,,,,,,,,,,,,,partial,not_annotated,partial,,,,False,complete_expression_chaperone_immobilization_annotations,Length and C count only; solubility/TM/expression not predicted; K count only; surface accessibility and handles not established,357,,2,,,,,,computed_from_input_sequence_sha256,Length and C count only; solubility/TM/expression not predicted,,,,,,,,13,,,,,,,,K count only; surface accessibility and handles not established
A0ABM6UUX5,A0ABM6UUX5,,,,,,,,,,,,,,,partial,not_annotated,partial,,,,False,complete_expression_chaperone_immobilization_annotations,Length and C count only; solubility/TM/expression not predicted; K count only; surface accessibility and handles not established,420,,1,,,,,,computed_from_input_sequence_sha256,Length and C count only; solubility/TM/expression not predicted,,,,,,,,16,,,,,,,,K count only; surface accessibility and handles not established
A0ABP2EH72,A0ABP2EH72,,,,,,,,,,,,,,,partial,not_annotated,partial,,,,False,complete_expression_chaperone_immobilization_annotations,Length and C count only; solubility/TM/expression not predicted; K count only; surface accessibility and handles not established,644,,10,,,,,,computed_from_input_sequence_sha256,Length and C count only; solubility/TM/expression not predicted,,,,,,,,30,,,,,,,,K count only; surface accessibility and handles not established
A0A0A8VKM3,A0A0A8VKM3,,,,,,,,,,,,,,,partial,not_annotated,partial,,,,False,complete_expression_chaperone_immobilization_annotations,Length and C count only; solubility/TM/expression not predicted; K count only; surface accessibility and handles not established,469,,4,,,,,,computed_from_input_sequence_sha256,Length and C count only; solubility/TM/expression not predicted,,,,,,,,7,,,,,,,,K count only; surface accessibility and handles not established
A0AA36LPU1,A0AA36LPU1,,,,,,,,,,,,,,,partial,not_annotated,partial,,,,False,complete_expression_chaperone_immobilization_annotations,Length and C count only; solubility/TM/expression not predicted; K count only; surface accessibility and handles not established,397,,0,,,,,,computed_from_input_sequence_sha256,Length and C count only; solubility/TM/expression not predicted,,,,,,,,13,,,,,,,,K count only; surface accessibility and handles not established
A0A0T9LS41,A0A0T9LS41,,,,,,,,,,,,,,,partial,not_annotated,partial,,,,False,complete_expression_chaperone_immobilization_annotations,Length and C count only; solubility/TM/expression not predicted; K count only; surface accessibility and handles not established,364,,1,,,,,,computed_from_input_sequence_sha256,Length and C count only; solubility/TM/expression not predicted,,,,,,,,30,,,,,,,,K count only; surface accessibility and handles not established
A0A0H3B6E3,A0A0H3B6E3,,,,,,,,,,,,,,,partial,not_annotated,partial,,,,False,complete_expression_chaperone_immobilization_annotations,Length and C count only; solubility/TM/expression not predicted; K count only; surface accessibility and handles not established,351,,3,,,,,,computed_from_input_sequence_sha256,Length and C count only; solubility/TM/expression not predicted,,,,,,,,15,,,,,,,,K count only; surface accessibility and handles not established
A0AB72ZMY1,A0AB72ZMY1,,,,,,,,,,,,,,,partial,not_annotated,partial,,,,False,complete_expression_chaperone_immobilization_annotations,Length and C count only; solubility/TM/expression not predicted; K count only; surface accessibility and handles not established,518,,1,,,,,,computed_from_input_sequence_sha256,Length and C count only; solubility/TM/expression not predicted,,,,,,,,20,,,,,,,,K count only; surface accessibility and handles not established
A0A0T9MH64,A0A0T9MH64,,,,,,,,,,,,,,,partial,not_annotated,partial,,,,False,complete_expression_chaperone_immobilization_annotations,Length and C count only; solubility/TM/expression not predicted; K count only; surface accessibility and handles not established,116,,0,,,,,,computed_from_input_sequence_sha256,Length and C count only; solubility/TM/expression not predicted,,,,,,,,4,,,,,,,,K count only; surface accessibility and handles not established
A0A2G4U2G2,A0A2G4U2G2,,,,,,,,,,,,,,,partial,not_annotated,partial,,,,False,complete_expression_chaperone_immobilization_annotations,Length and C count only; solubility/TM/expression not predicted; K count only; surface accessibility and handles not established,378,,3,,,,,,computed_from_input_sequence_sha256,Length and C count only; solubility/TM/expression not predicted,,,,,,,,7,,,,,,,,K count only; surface accessibility and handles not established
A0ABX5R0C5,A0ABX5R0C5,,,,,,,,,,,,,,,partial,not_annotated,partial,,,,False,complete_expression_chaperone_immobilization_annotations,Length and C count only; solubility/TM/expression not predicted; K count only; surface accessibility and handles not established,428,,1,,,,,,computed_from_input_sequence_sha256,Length and C count only; solubility/TM/expression not predicted,,,,,,,,18,,,,,,,,K count only; surface accessibility and handles not established
A0ABM9XWV8,A0ABM9XWV8,,,,,,,,,,,,,,,partial,not_annotated,partial,,,,False,complete_expression_chaperone_immobilization_annotations,Length and C count only; solubility/TM/expression not predicted; K count only; surface accessibility and handles not established,385,,2,,,,,,computed_from_input_sequence_sha256,Length and C count only; solubility/TM/expression not predicted,,,,,,,,14,,,,,,,,K count only; surface accessibility and handles not established
A0ABM7AH44,A0ABM7AH44,,,,,,,,,,,,,,,partial,not_annotated,partial,,,,False,complete_expression_chaperone_immobilization_annotations,Length and C count only; solubility/TM/expression not predicted; K count only; surface accessibility and handles not established,216,,2,,,,,,computed_from_input_sequence_sha256,Length and C count only; solubility/TM/expression not predicted,,,,,,,,10,,,,,,,,K count only; surface accessibility and handles not established
A0A380PQB1,A0A380PQB1,,,,,,,,,,,,,,,partial,not_annotated,partial,,,,False,complete_expression_chaperone_immobilization_annotations,Length and C count only; solubility/TM/expression not predicted; K count only; surface accessibility and handles not established,477,,1,,,,,,computed_from_input_sequence_sha256,Length and C count only; solubility/TM/expression not predicted,,,,,,,,22,,,,,,,,K count only; surface accessibility and handles not established
A0ABY5UJG2,A0ABY5UJG2,,,,,,,,,,,,,,,partial,not_annotated,partial,,,,False,complete_expression_chaperone_immobilization_annotations,Length and C count only; solubility/TM/expression not predicted; K count only; surface accessibility and handles not established,399,,3,,,,,,computed_from_input_sequence_sha256,Length and C count only; solubility/TM/expression not predicted,,,,,,,,10,,,,,,,,K count only; surface accessibility and handles not established
A0A0H3B4K0,A0A0H3B4K0,,,,,,,,,,,,,,,partial,not_annotated,partial,,,,False,complete_expression_chaperone_immobilization_annotations,Length and C count only; solubility/TM/expression not predicted; K count only; surface accessibility and handles not established,211,,3,,,,,,computed_from_input_sequence_sha256,Length and C count only; solubility/TM/expression not predicted,,,,,,,,5,,,,,,,,K count only; surface accessibility and handles not established
A0AA36LNC6,A0AA36LNC6,,,,,,,,,,,,,,,partial,not_annotated,partial,,,,False,complete_expression_chaperone_immobilization_annotations,Length and C count only; solubility/TM/expression not predicted; K count only; surface accessibility and handles not established,378,,3,,,,,,computed_from_input_sequence_sha256,Length and C count only; solubility/TM/expression not predicted,,,,,,,,8,,,,,,,,K count only; surface accessibility and handles not established
A0A0T9TRC6,A0A0T9TRC6,,,,,,,,,,,,,,,partial,not_annotated,partial,,,,False,complete_expression_chaperone_immobilization_annotations,Length and C count only; solubility/TM/expression not predicted; K count only; surface accessibility and handles not established,388,,0,,,,,,computed_from_input_sequence_sha256,Length and C count only; solubility/TM/expression not predicted,,,,,,,,30,,,,,,,,K count only; surface accessibility and handles not established
A0A0H3B3D7,A0A0H3B3D7,,,,,,,,,,,,,,,partial,not_annotated,partial,,,,False,complete_expression_chaperone_immobilization_annotations,Length and C count only; solubility/TM/expression not predicted; K count only; surface accessibility and handles not established,364,,0,,,,,,computed_from_input_sequence_sha256,Length and C count only; solubility/TM/expression not predicted,,,,,,,,33,,,,,,,,K count only; surface accessibility and handles not established
A0A380PNY7,A0A380PNY7,,,,,,,,,,,,,,,partial,not_annotated,partial,,,,False,complete_expression_chaperone_immobilization_annotations,Length and C count only; solubility/TM/expression not predicted; K count only; surface accessibility and handles not established,192,,1,,,,,,computed_from_input_sequence_sha256,Length and C count only; solubility/TM/expression not predicted,,,,,,,,13,,,,,,,,K count only; surface accessibility and handles not established
A0ABM6UP52,A0ABM6UP52,,,,,,,,,,,,,,,partial,not_annotated,partial,,,,False,complete_expression_chaperone_immobilization_annotations,Length and C count only; solubility/TM/expression not predicted; K count only; surface accessibility and handles not established,389,,4,,,,,,computed_from_input_sequence_sha256,Length and C count only; solubility/TM/expression not predicted,,,,,,,,18,,,,,,,,K count only; surface accessibility and handles not established
A0A380PNE2,A0A380PNE2,,,,,,,,,,,,,,,partial,not_annotated,partial,,,,False,complete_expression_chaperone_immobilization_annotations,Length and C count only; solubility/TM/expression not predicted; K count only; surface accessibility and handles not established,407,,1,,,,,,computed_from_input_sequence_sha256,Length and C count only; solubility/TM/expression not predicted,,,,,,,,11,,,,,,,,K count only; surface accessibility and handles not established
A0ABM9TDA6,A0ABM9TDA6,,,,,,,,,,,,,,,partial,not_annotated,partial,,,,False,complete_expression_chaperone_immobilization_annotations,Length and C count only; solubility/TM/expression not predicted; K count only; surface accessibility and handles not established,259,,1,,,,,,computed_from_input_sequence_sha256,Length and C count only; solubility/TM/expression not predicted,,,,,,,,8,,,,,,,,K count only; surface accessibility and handles not established
A0ABM9TCS0,A0ABM9TCS0,,,,,,,,,,,,,,,partial,not_annotated,partial,,,,False,complete_expression_chaperone_immobilization_annotations,Length and C count only; solubility/TM/expression not predicted; K count only; surface accessibility and handles not established,468,,3,,,,,,computed_from_input_sequence_sha256,Length and C count only; solubility/TM/expression not predicted,,,,,,,,8,,,,,,,,K count only; surface accessibility and handles not established
A0A0H5M9D5,A0A0H5M9D5,,,,,,,,,,,,,,,partial,not_annotated,partial,,,,False,complete_expression_chaperone_immobilization_annotations,Length and C count only; solubility/TM/expression not predicted; K count only; surface accessibility and handles not established,436,,3,,,,,,computed_from_input_sequence_sha256,Length and C count only; solubility/TM/expression not predicted,,,,,,,,21,,,,,,,,K count only; surface accessibility and handles not established
A0A085U5Z0,A0A085U5Z0,,,,,,,,,,,,,,,partial,not_annotated,partial,,,,False,complete_expression_chaperone_immobilization_annotations,Length and C count only; solubility/TM/expression not predicted; K count only; surface accessibility and handles not established,356,,4,,,,,,computed_from_input_sequence_sha256,Length and C count only; solubility/TM/expression not predicted,,,,,,,,13,,,,,,,,K count only; surface accessibility and handles not established
A0AAV3B8C3,A0AAV3B8C3,,,,,,,,,,,,,,,partial,not_annotated,partial,,,,False,complete_expression_chaperone_immobilization_annotations,Length and C count only; solubility/TM/expression not predicted; K count only; surface accessibility and handles not established,603,,3,,,,,,computed_from_input_sequence_sha256,Length and C count only; solubility/TM/expression not predicted,,,,,,,,22,,,,,,,,K count only; surface accessibility and handles not established
A0A0T9QDU9,A0A0T9QDU9,,,,,,,,,,,,,,,partial,not_annotated,partial,,,,False,complete_expression_chaperone_immobilization_annotations,Length and C count only; solubility/TM/expression not predicted; K count only; surface accessibility and handles not established,476,,4,,,,,,computed_from_input_sequence_sha256,Length and C count only; solubility/TM/expression not predicted,,,,,,,,19,,,,,,,,K count only; surface accessibility and handles not established
A1JQS5,A1JQS5,,,,,,,,,,,,,,,partial,not_annotated,partial,,,,False,complete_expression_chaperone_immobilization_annotations,Length and C count only; solubility/TM/expression not predicted; K count only; surface accessibility and handles not established,152,,0,,,,,,computed_from_input_sequence_sha256,Length and C count only; solubility/TM/expression not predicted,,,,,,,,9,,,,,,,,K count only; surface accessibility and handles not established
A0ABW9EYQ1,A0ABW9EYQ1,,,,,,,,,,,,,,,partial,not_annotated,partial,,,,False,complete_expression_chaperone_immobilization_annotations,Length and C count only; solubility/TM/expression not predicted; K count only; surface accessibility and handles not established,384,,2,,,,,,computed_from_input_sequence_sha256,Length and C count only; solubility/TM/expression not predicted,,,,,,,,20,,,,,,,,K count only; surface accessibility and handles not established
A0AAX2I043,A0AAX2I043,,,,,,,,,,,,,,,partial,not_annotated,partial,,,,False,complete_expression_chaperone_immobilization_annotations,Length and C count only; solubility/TM/expression not predicted; K count only; surface accessibility and handles not established,351,,3,,,,,,computed_from_input_sequence_sha256,Length and C count only; solubility/TM/expression not predicted,,,,,,,,15,,,,,,,,K count only; surface accessibility and handles not established
A0A208ZSG0,A0A208ZSG0,,,,,,,,,,,,,,,partial,not_annotated,partial,,,,False,complete_expression_chaperone_immobilization_annotations,Length and C count only; solubility/TM/expression not predicted; K count only; surface accessibility and handles not established,133,,1,,,,,,computed_from_input_sequence_sha256,Length and C count only; solubility/TM/expression not predicted,,,,,,,,10,,,,,,,,K count only; surface accessibility and handles not established
A0AA90Y526,A0AA90Y526,,,,,,,,,,,,,,,partial,not_annotated,partial,,,,False,complete_expression_chaperone_immobilization_annotations,Length and C count only; solubility/TM/expression not predicted; K count only; surface accessibility and handles not established,356,,4,,,,,,computed_from_input_sequence_sha256,Length and C count only; solubility/TM/expression not predicted,,,,,,,,11,,,,,,,,K count only; surface accessibility and handles not established
A0A380QTF7,A0A380QTF7,,,,,,,,,,,,,,,partial,not_annotated,partial,,,,False,complete_expression_chaperone_immobilization_annotations,Length and C count only; solubility/TM/expression not predicted; K count only; surface accessibility and handles not established,370,,5,,,,,,computed_from_input_sequence_sha256,Length and C count only; solubility/TM/expression not predicted,,,,,,,,9,,,,,,,,K count only; surface accessibility and handles not established
A0A085U317,A0A085U317,,,,,,,,,,,,,,,partial,not_annotated,partial,,,,False,complete_expression_chaperone_immobilization_annotations,Length and C count only; solubility/TM/expression not predicted; K count only; surface accessibility and handles not established,538,,4,,,,,,computed_from_input_sequence_sha256,Length and C count only; solubility/TM/expression not predicted,,,,,,,,33,,,,,,,,K count only; surface accessibility and handles not established
A0A2U2GXH7,A0A2U2GXH7,,,,,,,,,,,,,,,partial,not_annotated,partial,,,,False,complete_expression_chaperone_immobilization_annotations,Length and C count only; solubility/TM/expression not predicted; K count only; surface accessibility and handles not established,468,,3,,,,,,computed_from_input_sequence_sha256,Length and C count only; solubility/TM/expression not predicted,,,,,,,,8,,,,,,,,K count only; surface accessibility and handles not established
A0ABR4W9H6,A0ABR4W9H6,,,,,,,,,,,,,,,partial,not_annotated,partial,,,,False,complete_expression_chaperone_immobilization_annotations,Length and C count only; solubility/TM/expression not predicted; K count only; surface accessibility and handles not established,407,,1,,,,,,computed_from_input_sequence_sha256,Length and C count only; solubility/TM/expression not predicted,,,,,,,,11,,,,,,,,K count only; surface accessibility and handles not established
A0AB72ZDV0,A0AB72ZDV0,,,,,,,,,,,,,,,partial,not_annotated,partial,,,,False,complete_expression_chaperone_immobilization_annotations,Length and C count only; solubility/TM/expression not predicted; K count only; surface accessibility and handles not established,211,,1,,,,,,computed_from_input_sequence_sha256,Length and C count only; solubility/TM/expression not predicted,,,,,,,,6,,,,,,,,K count only; surface accessibility and handles not established
A0ABR4VWS1,A0ABR4VWS1,,,,,,,,,,,,,,,partial,not_annotated,partial,,,,False,complete_expression_chaperone_immobilization_annotations,Length and C count only; solubility/TM/expression not predicted; K count only; surface accessibility and handles not established,211,,3,,,,,,computed_from_input_sequence_sha256,Length and C count only; solubility/TM/expression not predicted,,,,,,,,9,,,,,,,,K count only; surface accessibility and handles not established
A0AB73Q5K2,A0AB73Q5K2,,,,,,,,,,,,,,,partial,not_annotated,partial,,,,False,complete_expression_chaperone_immobilization_annotations,Length and C count only; solubility/TM/expression not predicted; K count only; surface accessibility and handles not established,302,,2,,,,,,computed_from_input_sequence_sha256,Length and C count only; solubility/TM/expression not predicted,,,,,,,,6,,,,,,,,K count only; surface accessibility and handles not established
A0A0T9UHA7,A0A0T9UHA7,,,,,,,,,,,,,,,partial,not_annotated,partial,,,,False,complete_expression_chaperone_immobilization_annotations,Length and C count only; solubility/TM/expression not predicted; K count only; surface accessibility and handles not established,468,,3,,,,,,computed_from_input_sequence_sha256,Length and C count only; solubility/TM/expression not predicted,,,,,,,,8,,,,,,,,K count only; surface accessibility and handles not established
A0A0U1R2N4,A0A0U1R2N4,,,,,,,,,,,,,,,partial,not_annotated,partial,,,,False,complete_expression_chaperone_immobilization_annotations,Length and C count only; solubility/TM/expression not predicted; K count only; surface accessibility and handles not established,364,,0,,,,,,computed_from_input_sequence_sha256,Length and C count only; solubility/TM/expression not predicted,,,,,,,,33,,,,,,,,K count only; surface accessibility and handles not established
A0A380PNP9,A0A380PNP9,,,,,,,,,,,,,,,partial,not_annotated,partial,,,,False,complete_expression_chaperone_immobilization_annotations,Length and C count only; solubility/TM/expression not predicted; K count only; surface accessibility and handles not established,211,,3,,,,,,computed_from_input_sequence_sha256,Length and C count only; solubility/TM/expression not predicted,,,,,,,,9,,,,,,,,K count only; surface accessibility and handles not established
A0A0T9QV26,A0A0T9QV26,,,,,,,,,,,,,,,partial,not_annotated,partial,,,,False,complete_expression_chaperone_immobilization_annotations,Length and C count only; solubility/TM/expression not predicted; K count only; surface accessibility and handles not established,531,,5,,,,,,computed_from_input_sequence_sha256,Length and C count only; solubility/TM/expression not predicted,,,,,,,,28,,,,,,,,K count only; surface accessibility and handles not established
A0ABM9XUV6,A0ABM9XUV6,,,,,,,,,,,,,,,partial,not_annotated,partial,,,,False,complete_expression_chaperone_immobilization_annotations,Length and C count only; solubility/TM/expression not predicted; K count only; surface accessibility and handles not established,470,,3,,,,,,computed_from_input_sequence_sha256,Length and C count only; solubility/TM/expression not predicted,,,,,,,,5,,,,,,,,K count only; surface accessibility and handles not established
A0A0T9PYB4,A0A0T9PYB4,,,,,,,,,,,,,,,partial,not_annotated,partial,,,,False,complete_expression_chaperone_immobilization_annotations,Length and C count only; solubility/TM/expression not predicted; K count only; surface accessibility and handles not established,239,,1,,,,,,computed_from_input_sequence_sha256,Length and C count only; solubility/TM/expression not predicted,,,,,,,,8,,,,,,,,K count only; surface accessibility and handles not established
A0ABM6BHQ6,A0ABM6BHQ6,,,,,,,,,,,,,,,partial,not_annotated,partial,,,,False,complete_expression_chaperone_immobilization_annotations,Length and C count only; solubility/TM/expression not predicted; K count only; surface accessibility and handles not established,469,,4,,,,,,computed_from_input_sequence_sha256,Length and C count only; solubility/TM/expression not predicted,,,,,,,,6,,,,,,,,K count only; surface accessibility and handles not established
A0A0H3B678,A0A0H3B678,,,,,,,,,,,,,,,partial,not_annotated,partial,,,,False,complete_expression_chaperone_immobilization_annotations,Length and C count only; solubility/TM/expression not predicted; K count only; surface accessibility and handles not established,378,,4,,,,,,computed_from_input_sequence_sha256,Length and C count only; solubility/TM/expression not predicted,,,,,,,,7,,,,,,,,K count only; surface accessibility and handles not established
A0A0U1QVC6,A0A0U1QVC6,,,,,,,,,,,,,,,partial,not_annotated,partial,,,,False,complete_expression_chaperone_immobilization_annotations,Length and C count only; solubility/TM/expression not predicted; K count only; surface accessibility and handles not established,259,,1,,,,,,computed_from_input_sequence_sha256,Length and C count only; solubility/TM/expression not predicted,,,,,,,,8,,,,,,,,K count only; surface accessibility and handles not established
A0AA90XZS1,A0AA90XZS1,,,,,,,,,,,,,,,partial,not_annotated,partial,,,,False,complete_expression_chaperone_immobilization_annotations,Length and C count only; solubility/TM/expression not predicted; K count only; surface accessibility and handles not established,387,,0,,,,,,computed_from_input_sequence_sha256,Length and C count only; solubility/TM/expression not predicted,,,,,,,,28,,,,,,,,K count only; surface accessibility and handles not established
A0A0H3B1B9,A0A0H3B1B9,,,,,,,,,,,,,,,partial,not_annotated,partial,,,,False,complete_expression_chaperone_immobilization_annotations,Length and C count only; solubility/TM/expression not predicted; K count only; surface accessibility and handles not established,589,,5,,,,,,computed_from_input_sequence_sha256,Length and C count only; solubility/TM/expression not predicted,,,,,,,,19,,,,,,,,K count only; surface accessibility and handles not established
A0AB73Q656,A0AB73Q656,,,,,,,,,,,,,,,partial,not_annotated,partial,,,,False,complete_expression_chaperone_immobilization_annotations,Length and C count only; solubility/TM/expression not predicted; K count only; surface accessibility and handles not established,197,,2,,,,,,computed_from_input_sequence_sha256,Length and C count only; solubility/TM/expression not predicted,,,,,,,,14,,,,,,,,K count only; surface accessibility and handles not established
A0A209A9L1,A0A209A9L1,,,,,,,,,,,,,,,partial,not_annotated,partial,,,,False,complete_expression_chaperone_immobilization_annotations,Length and C count only; solubility/TM/expression not predicted; K count only; surface accessibility and handles not established,352,,3,,,,,,computed_from_input_sequence_sha256,Length and C count only; solubility/TM/expression not predicted,,,,,,,,6,,,,,,,,K count only; surface accessibility and handles not established
A0ABM5UHV5,A0ABM5UHV5,,,,,,,,,,,,,,,partial,not_annotated,partial,,,,False,complete_expression_chaperone_immobilization_annotations,Length and C count only; solubility/TM/expression not predicted; K count only; surface accessibility and handles not established,351,,3,,,,,,computed_from_input_sequence_sha256,Length and C count only; solubility/TM/expression not predicted,,,,,,,,16,,,,,,,,K count only; surface accessibility and handles not established
A0AB72ZL33,A0AB72ZL33,,,,,,,,,,,,,,,partial,not_annotated,partial,,,,False,complete_expression_chaperone_immobilization_annotations,Length and C count only; solubility/TM/expression not predicted; K count only; surface accessibility and handles not established,351,,3,,,,,,computed_from_input_sequence_sha256,Length and C count only; solubility/TM/expression not predicted,,,,,,,,15,,,,,,,,K count only; surface accessibility and handles not established
A0A2G4TYK3,A0A2G4TYK3,,,,,,,,,,,,,,,partial,not_annotated,partial,,,,False,complete_expression_chaperone_immobilization_annotations,Length and C count only; solubility/TM/expression not predicted; K count only; surface accessibility and handles not established,684,,7,,,,,,computed_from_input_sequence_sha256,Length and C count only; solubility/TM/expression not predicted,,,,,,,,31,,,,,,,,K count only; surface accessibility and handles not established
A0ABR4W5R8,A0ABR4W5R8,,,,,,,,,,,,,,,partial,not_annotated,partial,,,,False,complete_expression_chaperone_immobilization_annotations,Length and C count only; solubility/TM/expression not predicted; K count only; surface accessibility and handles not established,426,,4,,,,,,computed_from_input_sequence_sha256,Length and C count only; solubility/TM/expression not predicted,,,,,,,,18,,,,,,,,K count only; surface accessibility and handles not established
A0A0A8VDN9,A0A0A8VDN9,,,,,,,,,,,,,,,partial,not_annotated,partial,,,,False,complete_expression_chaperone_immobilization_annotations,Length and C count only; solubility/TM/expression not predicted; K count only; surface accessibility and handles not established,140,,0,,,,,,computed_from_input_sequence_sha256,Length and C count only; solubility/TM/expression not predicted,,,,,,,,8,,,,,,,,K count only; surface accessibility and handles not established
A0AAI8ZVG7,A0AAI8ZVG7,,,,,,,,,,,,,,,partial,not_annotated,partial,,,,False,complete_expression_chaperone_immobilization_annotations,Length and C count only; solubility/TM/expression not predicted; K count only; surface accessibility and handles not established,304,,2,,,,,,computed_from_input_sequence_sha256,Length and C count only; solubility/TM/expression not predicted,,,,,,,,13,,,,,,,,K count only; surface accessibility and handles not established
A0A0H5MHG7,A0A0H5MHG7,,,,,,,,,,,,,,,partial,not_annotated,partial,,,,False,complete_expression_chaperone_immobilization_annotations,Length and C count only; solubility/TM/expression not predicted; K count only; surface accessibility and handles not established,644,,10,,,,,,computed_from_input_sequence_sha256,Length and C count only; solubility/TM/expression not predicted,,,,,,,,31,,,,,,,,K count only; surface accessibility and handles not established
A0AAX2I0L3,A0AAX2I0L3,,,,,,,,,,,,,,,partial,not_annotated,partial,,,,False,complete_expression_chaperone_immobilization_annotations,Length and C count only; solubility/TM/expression not predicted; K count only; surface accessibility and handles not established,259,,1,,,,,,computed_from_input_sequence_sha256,Length and C count only; solubility/TM/expression not predicted,,,,,,,,8,,,,,,,,K count only; surface accessibility and handles not established
A0AA36PIC1,A0AA36PIC1,,,,,,,,,,,,,,,partial,not_annotated,partial,,,,False,complete_expression_chaperone_immobilization_annotations,Length and C count only; solubility/TM/expression not predicted; K count only; surface accessibility and handles not established,246,,0,,,,,,computed_from_input_sequence_sha256,Length and C count only; solubility/TM/expression not predicted,,,,,,,,8,,,,,,,,K count only; surface accessibility and handles not established
A0AAV3BAT5,A0AAV3BAT5,,,,,,,,,,,,,,,partial,not_annotated,partial,,,,False,complete_expression_chaperone_immobilization_annotations,Length and C count only; solubility/TM/expression not predicted; K count only; surface accessibility and handles not established,395,,2,,,,,,computed_from_input_sequence_sha256,Length and C count only; solubility/TM/expression not predicted,,,,,,,,17,,,,,,,,K count only; surface accessibility and handles not established
A0ABM6UW81,A0ABM6UW81,,,,,,,,,,,,,,,partial,not_annotated,partial,,,,False,complete_expression_chaperone_immobilization_annotations,Length and C count only; solubility/TM/expression not predicted; K count only; surface accessibility and handles not established,468,,3,,,,,,computed_from_input_sequence_sha256,Length and C count only; solubility/TM/expression not predicted,,,,,,,,5,,,,,,,,K count only; surface accessibility and handles not established
A0ABX5R0V5,A0ABX5R0V5,,,,,,,,,,,,,,,partial,not_annotated,partial,,,,False,complete_expression_chaperone_immobilization_annotations,Length and C count only; solubility/TM/expression not predicted; K count only; surface accessibility and handles not established,302,,2,,,,,,computed_from_input_sequence_sha256,Length and C count only; solubility/TM/expression not predicted,,,,,,,,6,,,,,,,,K count only; surface accessibility and handles not established
A0A0T9MSU1,A0A0T9MSU1,,,,,,,,,,,,,,,partial,not_annotated,partial,,,,False,complete_expression_chaperone_immobilization_annotations,Length and C count only; solubility/TM/expression not predicted; K count only; surface accessibility and handles not established,700,,7,,,,,,computed_from_input_sequence_sha256,Length and C count only; solubility/TM/expression not predicted,,,,,,,,40,,,,,,,,K count only; surface accessibility and handles not established
A0ABP1Z8F7,A0ABP1Z8F7,,,,,,,,,,,,,,,partial,not_annotated,partial,,,,False,complete_expression_chaperone_immobilization_annotations,Length and C count only; solubility/TM/expression not predicted; K count only; surface accessibility and handles not established,216,,2,,,,,,computed_from_input_sequence_sha256,Length and C count only; solubility/TM/expression not predicted,,,,,,,,10,,,,,,,,K count only; surface accessibility and handles not established
A0AB73QHN9,A0AB73QHN9,,,,,,,,,,,,,,,partial,not_annotated,partial,,,,False,complete_expression_chaperone_immobilization_annotations,Length and C count only; solubility/TM/expression not predicted; K count only; surface accessibility and handles not established,302,,2,,,,,,computed_from_input_sequence_sha256,Length and C count only; solubility/TM/expression not predicted,,,,,,,,6,,,,,,,,K count only; surface accessibility and handles not established
A0AB73NKW1,A0AB73NKW1,,,,,,,,,,,,,,,partial,not_annotated,partial,,,,False,complete_expression_chaperone_immobilization_annotations,Length and C count only; solubility/TM/expression not predicted; K count only; surface accessibility and handles not established,380,,0,,,,,,computed_from_input_sequence_sha256,Length and C count only; solubility/TM/expression not predicted,,,,,,,,24,,,,,,,,K count only; surface accessibility and handles not established
A0AAV3B8C2,A0AAV3B8C2,,,,,,,,,,,,,,,partial,not_annotated,partial,,,,False,complete_expression_chaperone_immobilization_annotations,Length and C count only; solubility/TM/expression not predicted; K count only; surface accessibility and handles not established,202,,1,,,,,,computed_from_input_sequence_sha256,Length and C count only; solubility/TM/expression not predicted,,,,,,,,14,,,,,,,,K count only; surface accessibility and handles not established
A0AB73PP81,A0AB73PP81,,,,,,,,,,,,,,,partial,not_annotated,partial,,,,False,complete_expression_chaperone_immobilization_annotations,Length and C count only; solubility/TM/expression not predicted; K count only; surface accessibility and handles not established,466,,4,,,,,,computed_from_input_sequence_sha256,Length and C count only; solubility/TM/expression not predicted,,,,,,,,8,,,,,,,,K count only; surface accessibility and handles not established
A0A0T9LN66,A0A0T9LN66,,,,,,,,,,,,,,,partial,not_annotated,partial,,,,False,complete_expression_chaperone_immobilization_annotations,Length and C count only; solubility/TM/expression not predicted; K count only; surface accessibility and handles not established,356,,3,,,,,,computed_from_input_sequence_sha256,Length and C count only; solubility/TM/expression not predicted,,,,,,,,15,,,,,,,,K count only; surface accessibility and handles not established
A0ABM7AGN3,A0ABM7AGN3,,,,,,,,,,,,,,,partial,not_annotated,partial,,,,False,complete_expression_chaperone_immobilization_annotations,Length and C count only; solubility/TM/expression not predicted; K count only; surface accessibility and handles not established,407,,2,,,,,,computed_from_input_sequence_sha256,Length and C count only; solubility/TM/expression not predicted,,,,,,,,19,,,,,,,,K count only; surface accessibility and handles not established
A0ABM5U8M7,A0ABM5U8M7,,,,,,,,,,,,,,,partial,not_annotated,partial,,,,False,complete_expression_chaperone_immobilization_annotations,Length and C count only; solubility/TM/expression not predicted; K count only; surface accessibility and handles not established,302,,2,,,,,,computed_from_input_sequence_sha256,Length and C count only; solubility/TM/expression not predicted,,,,,,,,6,,,,,,,,K count only; surface accessibility and handles not established
A0ABN4CNM4,A0ABN4CNM4,,,,,,,,,,,,,,,partial,not_annotated,partial,,,,False,complete_expression_chaperone_immobilization_annotations,Length and C count only; solubility/TM/expression not predicted; K count only; surface accessibility and handles not established,663,,2,,,,,,computed_from_input_sequence_sha256,Length and C count only; solubility/TM/expression not predicted,,,,,,,,22,,,,,,,,K count only; surface accessibility and handles not established
A0A0T9RQ76,A0A0T9RQ76,,,,,,,,,,,,,,,partial,not_annotated,partial,,,,False,complete_expression_chaperone_immobilization_annotations,Length and C count only; solubility/TM/expression not predicted; K count only; surface accessibility and handles not established,587,,3,,,,,,computed_from_input_sequence_sha256,Length and C count only; solubility/TM/expression not predicted,,,,,,,,22,,,,,,,,K count only; surface accessibility and handles not established
A0ABX6FH78,A0ABX6FH78,,,,,,,,,,,,,,,partial,not_annotated,partial,,,,False,complete_expression_chaperone_immobilization_annotations,Length and C count only; solubility/TM/expression not predicted; K count only; surface accessibility and handles not established,309,,1,,,,,,computed_from_input_sequence_sha256,Length and C count only; solubility/TM/expression not predicted,,,,,,,,10,,,,,,,,K count only; surface accessibility and handles not established
A0A380PNA2,A0A380PNA2,,,,,,,,,,,,,,,partial,not_annotated,partial,,,,False,complete_expression_chaperone_immobilization_annotations,Length and C count only; solubility/TM/expression not predicted; K count only; surface accessibility and handles not established,426,,4,,,,,,computed_from_input_sequence_sha256,Length and C count only; solubility/TM/expression not predicted,,,,,,,,18,,,,,,,,K count only; surface accessibility and handles not established
A0AA44I1R7,A0AA44I1R7,,,,,,,,,,,,,,,partial,not_annotated,partial,,,,False,complete_expression_chaperone_immobilization_annotations,Length and C count only; solubility/TM/expression not predicted; K count only; surface accessibility and handles not established,468,,3,,,,,,computed_from_input_sequence_sha256,Length and C count only; solubility/TM/expression not predicted,,,,,,,,9,,,,,,,,K count only; surface accessibility and handles not established
A0ABP2DZT0,A0ABP2DZT0,,,,,,,,,,,,,,,partial,not_annotated,partial,,,,False,complete_expression_chaperone_immobilization_annotations,Length and C count only; solubility/TM/expression not predicted; K count only; surface accessibility and handles not established,347,,2,,,,,,computed_from_input_sequence_sha256,Length and C count only; solubility/TM/expression not predicted,,,,,,,,17,,,,,,,,K count only; surface accessibility and handles not established
A0ABY5UX71,A0ABY5UX71,,,,,,,,,,,,,,,partial,not_annotated,partial,,,,False,complete_expression_chaperone_immobilization_annotations,Length and C count only; solubility/TM/expression not predicted; K count only; surface accessibility and handles not established,351,,3,,,,,,computed_from_input_sequence_sha256,Length and C count only; solubility/TM/expression not predicted,,,,,,,,14,,,,,,,,K count only; surface accessibility and handles not established
A0AB73QFS4,A0AB73QFS4,,,,,,,,,,,,,,,partial,not_annotated,partial,,,,False,complete_expression_chaperone_immobilization_annotations,Length and C count only; solubility/TM/expression not predicted; K count only; surface accessibility and handles not established,196,,1,,,,,,computed_from_input_sequence_sha256,Length and C count only; solubility/TM/expression not predicted,,,,,,,,15,,,,,,,,K count only; surface accessibility and handles not established
A0A380PUT3,A0A380PUT3,,,,,,,,,,,,,,,partial,not_annotated,partial,,,,False,complete_expression_chaperone_immobilization_annotations,Length and C count only; solubility/TM/expression not predicted; K count only; surface accessibility and handles not established,357,,2,,,,,,computed_from_input_sequence_sha256,Length and C count only; solubility/TM/expression not predicted,,,,,,,,12,,,,,,,,K count only; surface accessibility and handles not established
A0A085U7Z9,A0A085U7Z9,,,,,,,,,,,,,,,partial,not_annotated,partial,,,,False,complete_expression_chaperone_immobilization_annotations,Length and C count only; solubility/TM/expression not predicted; K count only; surface accessibility and handles not established,216,,3,,,,,,computed_from_input_sequence_sha256,Length and C count only; solubility/TM/expression not predicted,,,,,,,,7,,,,,,,,K count only; surface accessibility and handles not established
A0A208ZSG3,A0A208ZSG3,,,,,,,,,,,,,,,partial,not_annotated,partial,,,,False,complete_expression_chaperone_immobilization_annotations,Length and C count only; solubility/TM/expression not predicted; K count only; surface accessibility and handles not established,390,,1,,,,,,computed_from_input_sequence_sha256,Length and C count only; solubility/TM/expression not predicted,,,,,,,,37,,,,,,,,K count only; surface accessibility and handles not established
A0ABM9TGV0,A0ABM9TGV0,,,,,,,,,,,,,,,partial,not_annotated,partial,,,,False,complete_expression_chaperone_immobilization_annotations,Length and C count only; solubility/TM/expression not predicted; K count only; surface accessibility and handles not established,213,,3,,,,,,computed_from_input_sequence_sha256,Length and C count only; solubility/TM/expression not predicted,,,,,,,,4,,,,,,,,K count only; surface accessibility and handles not established
A0AA44CPT5,A0AA44CPT5,,,,,,,,,,,,,,,partial,not_annotated,partial,,,,False,complete_expression_chaperone_immobilization_annotations,Length and C count only; solubility/TM/expression not predicted; K count only; surface accessibility and handles not established,378,,3,,,,,,computed_from_input_sequence_sha256,Length and C count only; solubility/TM/expression not predicted,,,,,,,,8,,,,,,,,K count only; surface accessibility and handles not established
A0A0T9KLV1,A0A0T9KLV1,,,,,,,,,,,,,,,partial,not_annotated,partial,,,,False,complete_expression_chaperone_immobilization_annotations,Length and C count only; solubility/TM/expression not predicted; K count only; surface accessibility and handles not established,197,,1,,,,,,computed_from_input_sequence_sha256,Length and C count only; solubility/TM/expression not predicted,,,,,,,,15,,,,,,,,K count only; surface accessibility and handles not established
A0ABW9ETP4,A0ABW9ETP4,,,,,,,,,,,,,,,partial,not_annotated,partial,,,,False,complete_expression_chaperone_immobilization_annotations,Length and C count only; solubility/TM/expression not predicted; K count only; surface accessibility and handles not established,399,,3,,,,,,computed_from_input_sequence_sha256,Length and C count only; solubility/TM/expression not predicted,,,,,,,,11,,,,,,,,K count only; surface accessibility and handles not established
A0A0E1NNL7,A0A0E1NNL7,,,,,,,,,,,,,,,partial,not_annotated,partial,,,,False,complete_expression_chaperone_immobilization_annotations,Length and C count only; solubility/TM/expression not predicted; K count only; surface accessibility and handles not established,378,,3,,,,,,computed_from_input_sequence_sha256,Length and C count only; solubility/TM/expression not predicted,,,,,,,,9,,,,,,,,K count only; surface accessibility and handles not established
A0A0U1QWC7,A0A0U1QWC7,,,,,,,,,,,,,,,partial,not_annotated,partial,,,,False,complete_expression_chaperone_immobilization_annotations,Length and C count only; solubility/TM/expression not predicted; K count only; surface accessibility and handles not established,218,,1,,,,,,computed_from_input_sequence_sha256,Length and C count only; solubility/TM/expression not predicted,,,,,,,,8,,,,,,,,K count only; surface accessibility and handles not established
A0ABM9STX9,A0ABM9STX9,,,,,,,,,,,,,,,partial,not_annotated,partial,,,,False,complete_expression_chaperone_immobilization_annotations,Length and C count only; solubility/TM/expression not predicted; K count only; surface accessibility and handles not established,144,,0,,,,,,computed_from_input_sequence_sha256,Length and C count only; solubility/TM/expression not predicted,,,,,,,,11,,,,,,,,K count only; surface accessibility and handles not established
A0A380QTH7,A0A380QTH7,,,,,,,,,,,,,,,partial,not_annotated,partial,,,,False,complete_expression_chaperone_immobilization_annotations,Length and C count only; solubility/TM/expression not predicted; K count only; surface accessibility and handles not established,447,,4,,,,,,computed_from_input_sequence_sha256,Length and C count only; solubility/TM/expression not predicted,,,,,,,,6,,,,,,,,K count only; surface accessibility and handles not established
A0ABM6UUN8,A0ABM6UUN8,,,,,,,,,,,,,,,partial,not_annotated,partial,,,,False,complete_expression_chaperone_immobilization_annotations,Length and C count only; solubility/TM/expression not predicted; K count only; surface accessibility and handles not established,378,,3,,,,,,computed_from_input_sequence_sha256,Length and C count only; solubility/TM/expression not predicted,,,,,,,,7,,,,,,,,K count only; surface accessibility and handles not established
A0A2G4U293,A0A2G4U293,,,,,,,,,,,,,,,partial,not_annotated,partial,,,,False,complete_expression_chaperone_immobilization_annotations,Length and C count only; solubility/TM/expression not predicted; K count only; surface accessibility and handles not established,468,,3,,,,,,computed_from_input_sequence_sha256,Length and C count only; solubility/TM/expression not predicted,,,,,,,,5,,,,,,,,K count only; surface accessibility and handles not established
A0ABM5SR09,A0ABM5SR09,,,,,,,,,,,,,,,partial,not_annotated,partial,,,,False,complete_expression_chaperone_immobilization_annotations,Length and C count only; solubility/TM/expression not predicted; K count only; surface accessibility and handles not established,336,,2,,,,,,computed_from_input_sequence_sha256,Length and C count only; solubility/TM/expression not predicted,,,,,,,,8,,,,,,,,K count only; surface accessibility and handles not established
Q666T9,Q666T9,,,,,,,,,,,,,,,partial,not_annotated,partial,,,,False,complete_expression_chaperone_immobilization_annotations,Length and C count only; solubility/TM/expression not predicted; K count only; surface accessibility and handles not established,531,,1,,,,,,computed_from_input_sequence_sha256,Length and C count only; solubility/TM/expression not predicted,,,,,,,,15,,,,,,,,K count only; surface accessibility and handles not established
A0A0T9QEA5,A0A0T9QEA5,,,,,,,,,,,,,,,partial,not_annotated,partial,,,,False,complete_expression_chaperone_immobilization_annotations,Length and C count only; solubility/TM/expression not predicted; K count only; surface accessibility and handles not established,302,,2,,,,,,computed_from_input_sequence_sha256,Length and C count only; solubility/TM/expression not predicted,,,,,,,,6,,,,,,,,K count only; surface accessibility and handles not established
A0AA44CIX0,A0AA44CIX0,,,,,,,,,,,,,,,partial,not_annotated,partial,,,,False,complete_expression_chaperone_immobilization_annotations,Length and C count only; solubility/TM/expression not predicted; K count only; surface accessibility and handles not established,302,,2,,,,,,computed_from_input_sequence_sha256,Length and C count only; solubility/TM/expression not predicted,,,,,,,,6,,,,,,,,K count only; surface accessibility and handles not established
A0ABM7ANK9,A0ABM7ANK9,,,,,,,,,,,,,,,partial,not_annotated,partial,,,,False,complete_expression_chaperone_immobilization_annotations,Length and C count only; solubility/TM/expression not predicted; K count only; surface accessibility and handles not established,351,,3,,,,,,computed_from_input_sequence_sha256,Length and C count only; solubility/TM/expression not predicted,,,,,,,,15,,,,,,,,K count only; surface accessibility and handles not established
A0ABR4VY47,A0ABR4VY47,,,,,,,,,,,,,,,partial,not_annotated,partial,,,,False,complete_expression_chaperone_immobilization_annotations,Length and C count only; solubility/TM/expression not predicted; K count only; surface accessibility and handles not established,368,,0,,,,,,computed_from_input_sequence_sha256,Length and C count only; solubility/TM/expression not predicted,,,,,,,,32,,,,,,,,K count only; surface accessibility and handles not established
A0A0H2W1J5,A0A0H2W1J5,,,,,,,,,,,,,,,partial,not_annotated,partial,,,,False,complete_expression_chaperone_immobilization_annotations,Length and C count only; solubility/TM/expression not predicted; K count only; surface accessibility and handles not established,259,,1,,,,,,computed_from_input_sequence_sha256,Length and C count only; solubility/TM/expression not predicted,,,,,,,,8,,,,,,,,K count only; surface accessibility and handles not established
A0AB73PZQ4,A0AB73PZQ4,,,,,,,,,,,,,,,partial,not_annotated,partial,,,,False,complete_expression_chaperone_immobilization_annotations,Length and C count only; solubility/TM/expression not predicted; K count only; surface accessibility and handles not established,302,,2,,,,,,computed_from_input_sequence_sha256,Length and C count only; solubility/TM/expression not predicted,,,,,,,,6,,,,,,,,K count only; surface accessibility and handles not established
A0ABP1YSK3,A0ABP1YSK3,,,,,,,,,,,,,,,partial,not_annotated,partial,,,,False,complete_expression_chaperone_immobilization_annotations,Length and C count only; solubility/TM/expression not predicted; K count only; surface accessibility and handles not established,399,,3,,,,,,computed_from_input_sequence_sha256,Length and C count only; solubility/TM/expression not predicted,,,,,,,,10,,,,,,,,K count only; surface accessibility and handles not established
A0AAW7JSQ1,A0AAW7JSQ1,,,,,,,,,,,,,,,partial,not_annotated,partial,,,,False,complete_expression_chaperone_immobilization_annotations,Length and C count only; solubility/TM/expression not predicted; K count only; surface accessibility and handles not established,354,,0,,,,,,computed_from_input_sequence_sha256,Length and C count only; solubility/TM/expression not predicted,,,,,,,,26,,,,,,,,K count only; surface accessibility and handles not established
A0ABM9YBE2,A0ABM9YBE2,,,,,,,,,,,,,,,partial,not_annotated,partial,,,,False,complete_expression_chaperone_immobilization_annotations,Length and C count only; solubility/TM/expression not predicted; K count only; surface accessibility and handles not established,330,,3,,,,,,computed_from_input_sequence_sha256,Length and C count only; solubility/TM/expression not predicted,,,,,,,,15,,,,,,,,K count only; surface accessibility and handles not established
A0ABM9TGR4,A0ABM9TGR4,,,,,,,,,,,,,,,partial,not_annotated,partial,,,,False,complete_expression_chaperone_immobilization_annotations,Length and C count only; solubility/TM/expression not predicted; K count only; surface accessibility and handles not established,685,,6,,,,,,computed_from_input_sequence_sha256,Length and C count only; solubility/TM/expression not predicted,,,,,,,,26,,,,,,,,K count only; surface accessibility and handles not established
A0ABY5UV58,A0ABY5UV58,,,,,,,,,,,,,,,partial,not_annotated,partial,,,,False,complete_expression_chaperone_immobilization_annotations,Length and C count only; solubility/TM/expression not predicted; K count only; surface accessibility and handles not established,286,,1,,,,,,computed_from_input_sequence_sha256,Length and C count only; solubility/TM/expression not predicted,,,,,,,,15,,,,,,,,K count only; surface accessibility and handles not established
A0ABP1ZGZ5,A0ABP1ZGZ5,,,,,,,,,,,,,,,partial,not_annotated,partial,,,,False,complete_expression_chaperone_immobilization_annotations,Length and C count only; solubility/TM/expression not predicted; K count only; surface accessibility and handles not established,116,,0,,,,,,computed_from_input_sequence_sha256,Length and C count only; solubility/TM/expression not predicted,,,,,,,,3,,,,,,,,K count only; surface accessibility and handles not established
A0A0H2YKF3,A0A0H2YKF3,,,,,,,,,,,,,,,partial,not_annotated,partial,,,,False,complete_expression_chaperone_immobilization_annotations,Length and C count only; solubility/TM/expression not predicted; K count only; surface accessibility and handles not established,259,,1,,,,,,computed_from_input_sequence_sha256,Length and C count only; solubility/TM/expression not predicted,,,,,,,,8,,,,,,,,K count only; surface accessibility and handles not established
A0AA44CIM3,A0AA44CIM3,,,,,,,,,,,,,,,partial,not_annotated,partial,,,,False,complete_expression_chaperone_immobilization_annotations,Length and C count only; solubility/TM/expression not predicted; K count only; surface accessibility and handles not established,422,,0,,,,,,computed_from_input_sequence_sha256,Length and C count only; solubility/TM/expression not predicted,,,,,,,,15,,,,,,,,K count only; surface accessibility and handles not established
Q66BC8,Q66BC8,,,,,,,,,,,,,,,partial,not_annotated,partial,,,,False,complete_expression_chaperone_immobilization_annotations,Length and C count only; solubility/TM/expression not predicted; K count only; surface accessibility and handles not established,479,,5,,,,,,computed_from_input_sequence_sha256,Length and C count only; solubility/TM/expression not predicted,,,,,,,,19,,,,,,,,K count only; surface accessibility and handles not established
A0ABM9SZ95,A0ABM9SZ95,,,,,,,,,,,,,,,partial,not_annotated,partial,,,,False,complete_expression_chaperone_immobilization_annotations,Length and C count only; solubility/TM/expression not predicted; K count only; surface accessibility and handles not established,211,,3,,,,,,computed_from_input_sequence_sha256,Length and C count only; solubility/TM/expression not predicted,,,,,,,,6,,,,,,,,K count only; surface accessibility and handles not established
A0AA36LM82,A0AA36LM82,,,,,,,,,,,,,,,partial,not_annotated,partial,,,,False,complete_expression_chaperone_immobilization_annotations,Length and C count only; solubility/TM/expression not predicted; K count only; surface accessibility and handles not established,356,,3,,,,,,computed_from_input_sequence_sha256,Length and C count only; solubility/TM/expression not predicted,,,,,,,,17,,,,,,,,K count only; surface accessibility and handles not established
A0AB73PEI7,A0AB73PEI7,,,,,,,,,,,,,,,partial,not_annotated,partial,,,,False,complete_expression_chaperone_immobilization_annotations,Length and C count only; solubility/TM/expression not predicted; K count only; surface accessibility and handles not established,211,,3,,,,,,computed_from_input_sequence_sha256,Length and C count only; solubility/TM/expression not predicted,,,,,,,,8,,,,,,,,K count only; surface accessibility and handles not established
A0A380PP39,A0A380PP39,,,,,,,,,,,,,,,partial,not_annotated,partial,,,,False,complete_expression_chaperone_immobilization_annotations,Length and C count only; solubility/TM/expression not predicted; K count only; surface accessibility and handles not established,302,,2,,,,,,computed_from_input_sequence_sha256,Length and C count only; solubility/TM/expression not predicted,,,,,,,,7,,,,,,,,K count only; surface accessibility and handles not established
A0A0T9RKA1,A0A0T9RKA1,,,,,,,,,,,,,,,partial,not_annotated,partial,,,,False,complete_expression_chaperone_immobilization_annotations,Length and C count only; solubility/TM/expression not predicted; K count only; surface accessibility and handles not established,378,,4,,,,,,computed_from_input_sequence_sha256,Length and C count only; solubility/TM/expression not predicted,,,,,,,,8,,,,,,,,K count only; surface accessibility and handles not established
A0A0H3B6E0,A0A0H3B6E0,,,,,,,,,,,,,,,partial,not_annotated,partial,,,,False,complete_expression_chaperone_immobilization_annotations,Length and C count only; solubility/TM/expression not predicted; K count only; surface accessibility and handles not established,238,,0,,,,,,computed_from_input_sequence_sha256,Length and C count only; solubility/TM/expression not predicted,,,,,,,,6,,,,,,,,K count only; surface accessibility and handles not established
A0ABM5U8N2,A0ABM5U8N2,,,,,,,,,,,,,,,partial,not_annotated,partial,,,,False,complete_expression_chaperone_immobilization_annotations,Length and C count only; solubility/TM/expression not predicted; K count only; surface accessibility and handles not established,396,,3,,,,,,computed_from_input_sequence_sha256,Length and C count only; solubility/TM/expression not predicted,,,,,,,,20,,,,,,,,K count only; surface accessibility and handles not established
A0ABW9EWX0,A0ABW9EWX0,,,,,,,,,,,,,,,partial,not_annotated,partial,,,,False,complete_expression_chaperone_immobilization_annotations,Length and C count only; solubility/TM/expression not predicted; K count only; surface accessibility and handles not established,356,,4,,,,,,computed_from_input_sequence_sha256,Length and C count only; solubility/TM/expression not predicted,,,,,,,,10,,,,,,,,K count only; surface accessibility and handles not established
A0ABP1Y7W3,A0ABP1Y7W3,,,,,,,,,,,,,,,partial,not_annotated,partial,,,,False,complete_expression_chaperone_immobilization_annotations,Length and C count only; solubility/TM/expression not predicted; K count only; surface accessibility and handles not established,433,,0,,,,,,computed_from_input_sequence_sha256,Length and C count only; solubility/TM/expression not predicted,,,,,,,,28,,,,,,,,K count only; surface accessibility and handles not established
A0ABN4PWA2,A0ABN4PWA2,,,,,,,,,,,,,,,partial,not_annotated,partial,,,,False,complete_expression_chaperone_immobilization_annotations,Length and C count only; solubility/TM/expression not predicted; K count only; surface accessibility and handles not established,436,,4,,,,,,computed_from_input_sequence_sha256,Length and C count only; solubility/TM/expression not predicted,,,,,,,,17,,,,,,,,K count only; surface accessibility and handles not established
A0ABM5UH14,A0ABM5UH14,,,,,,,,,,,,,,,partial,not_annotated,partial,,,,False,complete_expression_chaperone_immobilization_annotations,Length and C count only; solubility/TM/expression not predicted; K count only; surface accessibility and handles not established,431,,1,,,,,,computed_from_input_sequence_sha256,Length and C count only; solubility/TM/expression not predicted,,,,,,,,20,,,,,,,,K count only; surface accessibility and handles not established
A0A0T9KKA0,A0A0T9KKA0,,,,,,,,,,,,,,,partial,not_annotated,partial,,,,False,complete_expression_chaperone_immobilization_annotations,Length and C count only; solubility/TM/expression not predicted; K count only; surface accessibility and handles not established,386,,1,,,,,,computed_from_input_sequence_sha256,Length and C count only; solubility/TM/expression not predicted,,,,,,,,29,,,,,,,,K count only; surface accessibility and handles not established
Q66CW5,Q66CW5,,,,,,,,,,,,,,,partial,not_annotated,partial,,,,False,complete_expression_chaperone_immobilization_annotations,Length and C count only; solubility/TM/expression not predicted; K count only; surface accessibility and handles not established,378,,3,,,,,,computed_from_input_sequence_sha256,Length and C count only; solubility/TM/expression not predicted,,,,,,,,9,,,,,,,,K count only; surface accessibility and handles not established
A0A380Q814,A0A380Q814,,,,,,,,,,,,,,,partial,not_annotated,partial,,,,False,complete_expression_chaperone_immobilization_annotations,Length and C count only; solubility/TM/expression not predicted; K count only; surface accessibility and handles not established,211,,3,,,,,,computed_from_input_sequence_sha256,Length and C count only; solubility/TM/expression not predicted,,,,,,,,5,,,,,,,,K count only; surface accessibility and handles not established
A0A0E1NX19,A0A0E1NX19,,,,,,,,,,,,,,,partial,not_annotated,partial,,,,False,complete_expression_chaperone_immobilization_annotations,Length and C count only; solubility/TM/expression not predicted; K count only; surface accessibility and handles not established,139,,0,,,,,,computed_from_input_sequence_sha256,Length and C count only; solubility/TM/expression not predicted,,,,,,,,14,,,,,,,,K count only; surface accessibility and handles not established
A0ABM9Y7R4,A0ABM9Y7R4,,,,,,,,,,,,,,,partial,not_annotated,partial,,,,False,complete_expression_chaperone_immobilization_annotations,Length and C count only; solubility/TM/expression not predicted; K count only; surface accessibility and handles not established,352,,1,,,,,,computed_from_input_sequence_sha256,Length and C count only; solubility/TM/expression not predicted,,,,,,,,22,,,,,,,,K count only; surface accessibility and handles not established
A0ABN4PV81,A0ABN4PV81,,,,,,,,,,,,,,,partial,not_annotated,partial,,,,False,complete_expression_chaperone_immobilization_annotations,Length and C count only; solubility/TM/expression not predicted; K count only; surface accessibility and handles not established,140,,0,,,,,,computed_from_input_sequence_sha256,Length and C count only; solubility/TM/expression not predicted,,,,,,,,11,,,,,,,,K count only; surface accessibility and handles not established
A0ABM7ALJ4,A0ABM7ALJ4,,,,,,,,,,,,,,,partial,not_annotated,partial,,,,False,complete_expression_chaperone_immobilization_annotations,Length and C count only; solubility/TM/expression not predicted; K count only; surface accessibility and handles not established,364,,0,,,,,,computed_from_input_sequence_sha256,Length and C count only; solubility/TM/expression not predicted,,,,,,,,33,,,,,,,,K count only; surface accessibility and handles not established
A0A857EWU7,A0A857EWU7,,,,,,,,,,,,,,,partial,not_annotated,partial,,,,False,complete_expression_chaperone_immobilization_annotations,Length and C count only; solubility/TM/expression not predicted; K count only; surface accessibility and handles not established,468,,3,,,,,,computed_from_input_sequence_sha256,Length and C count only; solubility/TM/expression not predicted,,,,,,,,7,,,,,,,,K count only; surface accessibility and handles not established
A0A0T9UMM8,A0A0T9UMM8,,,,,,,,,,,,,,,partial,not_annotated,partial,,,,False,complete_expression_chaperone_immobilization_annotations,Length and C count only; solubility/TM/expression not predicted; K count only; surface accessibility and handles not established,515,,6,,,,,,computed_from_input_sequence_sha256,Length and C count only; solubility/TM/expression not predicted,,,,,,,,20,,,,,,,,K count only; surface accessibility and handles not established
A0A0A8VIE2,A0A0A8VIE2,,,,,,,,,,,,,,,partial,not_annotated,partial,,,,False,complete_expression_chaperone_immobilization_annotations,Length and C count only; solubility/TM/expression not predicted; K count only; surface accessibility and handles not established,140,,0,,,,,,computed_from_input_sequence_sha256,Length and C count only; solubility/TM/expression not predicted,,,,,,,,7,,,,,,,,K count only; surface accessibility and handles not established
A0ABP1YWJ1,A0ABP1YWJ1,,,,,,,,,,,,,,,partial,not_annotated,partial,,,,False,complete_expression_chaperone_immobilization_annotations,Length and C count only; solubility/TM/expression not predicted; K count only; surface accessibility and handles not established,148,,2,,,,,,computed_from_input_sequence_sha256,Length and C count only; solubility/TM/expression not predicted,,,,,,,,0,,,,,,,,K count only; surface accessibility and handles not established
A0A0H3AWU3,A0A0H3AWU3,,,,,,,,,,,,,,,partial,not_annotated,partial,,,,False,complete_expression_chaperone_immobilization_annotations,Length and C count only; solubility/TM/expression not predicted; K count only; surface accessibility and handles not established,353,,2,,,,,,computed_from_input_sequence_sha256,Length and C count only; solubility/TM/expression not predicted,,,,,,,,9,,,,,,,,K count only; surface accessibility and handles not established
A0AA90XTP7,A0AA90XTP7,,,,,,,,,,,,,,,partial,not_annotated,partial,,,,False,complete_expression_chaperone_immobilization_annotations,Length and C count only; solubility/TM/expression not predicted; K count only; surface accessibility and handles not established,468,,3,,,,,,computed_from_input_sequence_sha256,Length and C count only; solubility/TM/expression not predicted,,,,,,,,5,,,,,,,,K count only; surface accessibility and handles not established
A0ABR4W506,A0ABR4W506,,,,,,,,,,,,,,,partial,not_annotated,partial,,,,False,complete_expression_chaperone_immobilization_annotations,Length and C count only; solubility/TM/expression not predicted; K count only; surface accessibility and handles not established,356,,3,,,,,,computed_from_input_sequence_sha256,Length and C count only; solubility/TM/expression not predicted,,,,,,,,17,,,,,,,,K count only; surface accessibility and handles not established
A0A0T9KYN8,A0A0T9KYN8,,,,,,,,,,,,,,,partial,not_annotated,partial,,,,False,complete_expression_chaperone_immobilization_annotations,Length and C count only; solubility/TM/expression not predicted; K count only; surface accessibility and handles not established,259,,1,,,,,,computed_from_input_sequence_sha256,Length and C count only; solubility/TM/expression not predicted,,,,,,,,9,,,,,,,,K count only; surface accessibility and handles not established
A0A0E1NTB1,A0A0E1NTB1,,,,,,,,,,,,,,,partial,not_annotated,partial,,,,False,complete_expression_chaperone_immobilization_annotations,Length and C count only; solubility/TM/expression not predicted; K count only; surface accessibility and handles not established,351,,3,,,,,,computed_from_input_sequence_sha256,Length and C count only; solubility/TM/expression not predicted,,,,,,,,15,,,,,,,,K count only; surface accessibility and handles not established
A0AAW7JU40,A0AAW7JU40,,,,,,,,,,,,,,,partial,not_annotated,partial,,,,False,complete_expression_chaperone_immobilization_annotations,Length and C count only; solubility/TM/expression not predicted; K count only; surface accessibility and handles not established,196,,2,,,,,,computed_from_input_sequence_sha256,Length and C count only; solubility/TM/expression not predicted,,,,,,,,7,,,,,,,,K count only; surface accessibility and handles not established
A0ABM5U8P4,A0ABM5U8P4,,,,,,,,,,,,,,,partial,not_annotated,partial,,,,False,complete_expression_chaperone_immobilization_annotations,Length and C count only; solubility/TM/expression not predicted; K count only; surface accessibility and handles not established,367,,0,,,,,,computed_from_input_sequence_sha256,Length and C count only; solubility/TM/expression not predicted,,,,,,,,30,,,,,,,,K count only; surface accessibility and handles not established
A0ABM9TMK5,A0ABM9TMK5,,,,,,,,,,,,,,,partial,not_annotated,partial,,,,False,complete_expression_chaperone_immobilization_annotations,Length and C count only; solubility/TM/expression not predicted; K count only; surface accessibility and handles not established,211,,3,,,,,,computed_from_input_sequence_sha256,Length and C count only; solubility/TM/expression not predicted,,,,,,,,5,,,,,,,,K count only; surface accessibility and handles not established
A0AA36LQN9,A0AA36LQN9,,,,,,,,,,,,,,,partial,not_annotated,partial,,,,False,complete_expression_chaperone_immobilization_annotations,Length and C count only; solubility/TM/expression not predicted; K count only; surface accessibility and handles not established,377,,2,,,,,,computed_from_input_sequence_sha256,Length and C count only; solubility/TM/expression not predicted,,,,,,,,23,,,,,,,,K count only; surface accessibility and handles not established
A0ABR4W522,A0ABR4W522,,,,,,,,,,,,,,,partial,not_annotated,partial,,,,False,complete_expression_chaperone_immobilization_annotations,Length and C count only; solubility/TM/expression not predicted; K count only; surface accessibility and handles not established,466,,3,,,,,,computed_from_input_sequence_sha256,Length and C count only; solubility/TM/expression not predicted,,,,,,,,11,,,,,,,,K count only; surface accessibility and handles not established
A0AB73P4D7,A0AB73P4D7,,,,,,,,,,,,,,,partial,not_annotated,partial,,,,False,complete_expression_chaperone_immobilization_annotations,Length and C count only; solubility/TM/expression not predicted; K count only; surface accessibility and handles not established,399,,3,,,,,,computed_from_input_sequence_sha256,Length and C count only; solubility/TM/expression not predicted,,,,,,,,11,,,,,,,,K count only; surface accessibility and handles not established
A0A380Q9X7,A0A380Q9X7,,,,,,,,,,,,,,,partial,not_annotated,partial,,,,False,complete_expression_chaperone_immobilization_annotations,Length and C count only; solubility/TM/expression not predicted; K count only; surface accessibility and handles not established,342,,5,,,,,,computed_from_input_sequence_sha256,Length and C count only; solubility/TM/expression not predicted,,,,,,,,10,,,,,,,,K count only; surface accessibility and handles not established
A0AAW7K6S3,A0AAW7K6S3,,,,,,,,,,,,,,,partial,not_annotated,partial,,,,False,complete_expression_chaperone_immobilization_annotations,Length and C count only; solubility/TM/expression not predicted; K count only; surface accessibility and handles not established,140,,0,,,,,,computed_from_input_sequence_sha256,Length and C count only; solubility/TM/expression not predicted,,,,,,,,11,,,,,,,,K count only; surface accessibility and handles not established
A0A0T9PX89,A0A0T9PX89,,,,,,,,,,,,,,,partial,not_annotated,partial,,,,False,complete_expression_chaperone_immobilization_annotations,Length and C count only; solubility/TM/expression not predicted; K count only; surface accessibility and handles not established,351,,3,,,,,,computed_from_input_sequence_sha256,Length and C count only; solubility/TM/expression not predicted,,,,,,,,15,,,,,,,,K count only; surface accessibility and handles not established
A0A0T9LN06,A0A0T9LN06,,,,,,,,,,,,,,,partial,not_annotated,partial,,,,False,complete_expression_chaperone_immobilization_annotations,Length and C count only; solubility/TM/expression not predicted; K count only; surface accessibility and handles not established,378,,3,,,,,,computed_from_input_sequence_sha256,Length and C count only; solubility/TM/expression not predicted,,,,,,,,8,,,,,,,,K count only; surface accessibility and handles not established
A0A0T9KYN4,A0A0T9KYN4,,,,,,,,,,,,,,,partial,not_annotated,partial,,,,False,complete_expression_chaperone_immobilization_annotations,Length and C count only; solubility/TM/expression not predicted; K count only; surface accessibility and handles not established,197,,1,,,,,,computed_from_input_sequence_sha256,Length and C count only; solubility/TM/expression not predicted,,,,,,,,15,,,,,,,,K count only; surface accessibility and handles not established
A0ABM9TUX3,A0ABM9TUX3,,,,,,,,,,,,,,,partial,not_annotated,partial,,,,False,complete_expression_chaperone_immobilization_annotations,Length and C count only; solubility/TM/expression not predicted; K count only; surface accessibility and handles not established,468,,3,,,,,,computed_from_input_sequence_sha256,Length and C count only; solubility/TM/expression not predicted,,,,,,,,5,,,,,,,,K count only; surface accessibility and handles not established
A0AA44CIL6,A0AA44CIL6,,,,,,,,,,,,,,,partial,not_annotated,partial,,,,False,complete_expression_chaperone_immobilization_annotations,Length and C count only; solubility/TM/expression not predicted; K count only; surface accessibility and handles not established,410,,3,,,,,,computed_from_input_sequence_sha256,Length and C count only; solubility/TM/expression not predicted,,,,,,,,17,,,,,,,,K count only; surface accessibility and handles not established
A0A0U1QX07,A0A0U1QX07,,,,,,,,,,,,,,,partial,not_annotated,partial,,,,False,complete_expression_chaperone_immobilization_annotations,Length and C count only; solubility/TM/expression not predicted; K count only; surface accessibility and handles not established,468,,3,,,,,,computed_from_input_sequence_sha256,Length and C count only; solubility/TM/expression not predicted,,,,,,,,8,,,,,,,,K count only; surface accessibility and handles not established
A0A380Q7B5,A0A380Q7B5,,,,,,,,,,,,,,,partial,not_annotated,partial,,,,False,complete_expression_chaperone_immobilization_annotations,Length and C count only; solubility/TM/expression not predicted; K count only; surface accessibility and handles not established,468,,3,,,,,,computed_from_input_sequence_sha256,Length and C count only; solubility/TM/expression not predicted,,,,,,,,8,,,,,,,,K count only; surface accessibility and handles not established
A0A208ZGJ0,A0A208ZGJ0,,,,,,,,,,,,,,,partial,not_annotated,partial,,,,False,complete_expression_chaperone_immobilization_annotations,Length and C count only; solubility/TM/expression not predicted; K count only; surface accessibility and handles not established,284,,1,,,,,,computed_from_input_sequence_sha256,Length and C count only; solubility/TM/expression not predicted,,,,,,,,6,,,,,,,,K count only; surface accessibility and handles not established
A0A0T9LN23,A0A0T9LN23,,,,,,,,,,,,,,,partial,not_annotated,partial,,,,False,complete_expression_chaperone_immobilization_annotations,Length and C count only; solubility/TM/expression not predicted; K count only; surface accessibility and handles not established,466,,4,,,,,,computed_from_input_sequence_sha256,Length and C count only; solubility/TM/expression not predicted,,,,,,,,8,,,,,,,,K count only; surface accessibility and handles not established
A0ABM6UP56,A0ABM6UP56,,,,,,,,,,,,,,,partial,not_annotated,partial,,,,False,complete_expression_chaperone_immobilization_annotations,Length and C count only; solubility/TM/expression not predicted; K count only; surface accessibility and handles not established,213,,3,,,,,,computed_from_input_sequence_sha256,Length and C count only; solubility/TM/expression not predicted,,,,,,,,5,,,,,,,,K count only; surface accessibility and handles not established
A0A0T9QDA1,A0A0T9QDA1,,,,,,,,,,,,,,,partial,not_annotated,partial,,,,False,complete_expression_chaperone_immobilization_annotations,Length and C count only; solubility/TM/expression not predicted; K count only; surface accessibility and handles not established,203,,0,,,,,,computed_from_input_sequence_sha256,Length and C count only; solubility/TM/expression not predicted,,,,,,,,10,,,,,,,,K count only; surface accessibility and handles not established
Q666U1,Q666U1,,,,,,,,,,,,,,,partial,not_annotated,partial,,,,False,complete_expression_chaperone_immobilization_annotations,Length and C count only; solubility/TM/expression not predicted; K count only; surface accessibility and handles not established,394,,2,,,,,,computed_from_input_sequence_sha256,Length and C count only; solubility/TM/expression not predicted,,,,,,,,7,,,,,,,,K count only; surface accessibility and handles not established
A0ABM7ANU6,A0ABM7ANU6,,,,,,,,,,,,,,,partial,not_annotated,partial,,,,False,complete_expression_chaperone_immobilization_annotations,Length and C count only; solubility/TM/expression not predicted; K count only; surface accessibility and handles not established,378,,3,,,,,,computed_from_input_sequence_sha256,Length and C count only; solubility/TM/expression not predicted,,,,,,,,9,,,,,,,,K count only; surface accessibility and handles not established
A0AAV3BFB4,A0AAV3BFB4,,,,,,,,,,,,,,,partial,not_annotated,partial,,,,False,complete_expression_chaperone_immobilization_annotations,Length and C count only; solubility/TM/expression not predicted; K count only; surface accessibility and handles not established,378,,3,,,,,,computed_from_input_sequence_sha256,Length and C count only; solubility/TM/expression not predicted,,,,,,,,9,,,,,,,,K count only; surface accessibility and handles not established
A0AA44I1K4,A0AA44I1K4,,,,,,,,,,,,,,,partial,not_annotated,partial,,,,False,complete_expression_chaperone_immobilization_annotations,Length and C count only; solubility/TM/expression not predicted; K count only; surface accessibility and handles not established,351,,3,,,,,,computed_from_input_sequence_sha256,Length and C count only; solubility/TM/expression not predicted,,,,,,,,16,,,,,,,,K count only; surface accessibility and handles not established
A0AB73Q1P8,A0AB73Q1P8,,,,,,,,,,,,,,,partial,not_annotated,partial,,,,False,complete_expression_chaperone_immobilization_annotations,Length and C count only; solubility/TM/expression not predicted; K count only; surface accessibility and handles not established,213,,3,,,,,,computed_from_input_sequence_sha256,Length and C count only; solubility/TM/expression not predicted,,,,,,,,6,,,,,,,,K count only; surface accessibility and handles not established
A0A0H2YL52,A0A0H2YL52,,,,,,,,,,,,,,,partial,not_annotated,partial,,,,False,complete_expression_chaperone_immobilization_annotations,Length and C count only; solubility/TM/expression not predicted; K count only; surface accessibility and handles not established,351,,3,,,,,,computed_from_input_sequence_sha256,Length and C count only; solubility/TM/expression not predicted,,,,,,,,15,,,,,,,,K count only; surface accessibility and handles not established
A0A0T9QE48,A0A0T9QE48,,,,,,,,,,,,,,,partial,not_annotated,partial,,,,False,complete_expression_chaperone_immobilization_annotations,Length and C count only; solubility/TM/expression not predicted; K count only; surface accessibility and handles not established,213,,3,,,,,,computed_from_input_sequence_sha256,Length and C count only; solubility/TM/expression not predicted,,,,,,,,6,,,,,,,,K count only; surface accessibility and handles not established
Q66CW9,Q66CW9,,,,,,,,,,,,,,,partial,not_annotated,partial,,,,False,complete_expression_chaperone_immobilization_annotations,Length and C count only; solubility/TM/expression not predicted; K count only; surface accessibility and handles not established,468,,3,,,,,,computed_from_input_sequence_sha256,Length and C count only; solubility/TM/expression not predicted,,,,,,,,8,,,,,,,,K count only; surface accessibility and handles not established
A0ABM6UNY3,A0ABM6UNY3,,,,,,,,,,,,,,,partial,not_annotated,partial,,,,False,complete_expression_chaperone_immobilization_annotations,Length and C count only; solubility/TM/expression not predicted; K count only; surface accessibility and handles not established,387,,0,,,,,,computed_from_input_sequence_sha256,Length and C count only; solubility/TM/expression not predicted,,,,,,,,29,,,,,,,,K count only; surface accessibility and handles not established
A0ABX5R0U9,A0ABX5R0U9,,,,,,,,,,,,,,,partial,not_annotated,partial,,,,False,complete_expression_chaperone_immobilization_annotations,Length and C count only; solubility/TM/expression not predicted; K count only; surface accessibility and handles not established,389,,0,,,,,,computed_from_input_sequence_sha256,Length and C count only; solubility/TM/expression not predicted,,,,,,,,28,,,,,,,,K count only; surface accessibility and handles not established
A0A0H3AYM7,A0A0H3AYM7,,,,,,,,,,,,,,,partial,not_annotated,partial,,,,False,complete_expression_chaperone_immobilization_annotations,Length and C count only; solubility/TM/expression not predicted; K count only; surface accessibility and handles not established,394,,4,,,,,,computed_from_input_sequence_sha256,Length and C count only; solubility/TM/expression not predicted,,,,,,,,12,,,,,,,,K count only; surface accessibility and handles not established
A0A0T9UM98,A0A0T9UM98,,,,,,,,,,,,,,,partial,not_annotated,partial,,,,False,complete_expression_chaperone_immobilization_annotations,Length and C count only; solubility/TM/expression not predicted; K count only; surface accessibility and handles not established,382,,0,,,,,,computed_from_input_sequence_sha256,Length and C count only; solubility/TM/expression not predicted,,,,,,,,23,,,,,,,,K count only; surface accessibility and handles not established
A0ABR4W6F7,A0ABR4W6F7,,,,,,,,,,,,,,,partial,not_annotated,partial,,,,False,complete_expression_chaperone_immobilization_annotations,Length and C count only; solubility/TM/expression not predicted; K count only; surface accessibility and handles not established,302,,2,,,,,,computed_from_input_sequence_sha256,Length and C count only; solubility/TM/expression not predicted,,,,,,,,7,,,,,,,,K count only; surface accessibility and handles not established
A0A0H2Y6N9,A0A0H2Y6N9,,,,,,,,,,,,,,,partial,not_annotated,partial,,,,False,complete_expression_chaperone_immobilization_annotations,Length and C count only; solubility/TM/expression not predicted; K count only; surface accessibility and handles not established,259,,1,,,,,,computed_from_input_sequence_sha256,Length and C count only; solubility/TM/expression not predicted,,,,,,,,8,,,,,,,,K count only; surface accessibility and handles not established
A0AA44CKU4,A0AA44CKU4,,,,,,,,,,,,,,,partial,not_annotated,partial,,,,False,complete_expression_chaperone_immobilization_annotations,Length and C count only; solubility/TM/expression not predicted; K count only; surface accessibility and handles not established,195,,1,,,,,,computed_from_input_sequence_sha256,Length and C count only; solubility/TM/expression not predicted,,,,,,,,12,,,,,,,,K count only; surface accessibility and handles not established
A0ABW9EXU6,A0ABW9EXU6,,,,,,,,,,,,,,,partial,not_annotated,partial,,,,False,complete_expression_chaperone_immobilization_annotations,Length and C count only; solubility/TM/expression not predicted; K count only; surface accessibility and handles not established,378,,4,,,,,,computed_from_input_sequence_sha256,Length and C count only; solubility/TM/expression not predicted,,,,,,,,7,,,,,,,,K count only; surface accessibility and handles not established
A0A0H3B0A7,A0A0H3B0A7,,,,,,,,,,,,,,,partial,not_annotated,partial,,,,False,complete_expression_chaperone_immobilization_annotations,Length and C count only; solubility/TM/expression not predicted; K count only; surface accessibility and handles not established,408,,3,,,,,,computed_from_input_sequence_sha256,Length and C count only; solubility/TM/expression not predicted,,,,,,,,14,,,,,,,,K count only; surface accessibility and handles not established
Q66BF1,Q66BF1,,,,,,,,,,,,,,,partial,not_annotated,partial,,,,False,complete_expression_chaperone_immobilization_annotations,Length and C count only; solubility/TM/expression not predicted; K count only; surface accessibility and handles not established,154,,1,,,,,,computed_from_input_sequence_sha256,Length and C count only; solubility/TM/expression not predicted,,,,,,,,16,,,,,,,,K count only; surface accessibility and handles not established
A0AB73NKK6,A0AB73NKK6,,,,,,,,,,,,,,,partial,not_annotated,partial,,,,False,complete_expression_chaperone_immobilization_annotations,Length and C count only; solubility/TM/expression not predicted; K count only; surface accessibility and handles not established,215,,3,,,,,,computed_from_input_sequence_sha256,Length and C count only; solubility/TM/expression not predicted,,,,,,,,7,,,,,,,,K count only; surface accessibility and handles not established
A0ABM6UX29,A0ABM6UX29,,,,,,,,,,,,,,,partial,not_annotated,partial,,,,False,complete_expression_chaperone_immobilization_annotations,Length and C count only; solubility/TM/expression not predicted; K count only; surface accessibility and handles not established,390,,1,,,,,,computed_from_input_sequence_sha256,Length and C count only; solubility/TM/expression not predicted,,,,,,,,37,,,,,,,,K count only; surface accessibility and handles not established
A0A380Q8N6,A0A380Q8N6,,,,,,,,,,,,,,,partial,not_annotated,partial,,,,False,complete_expression_chaperone_immobilization_annotations,Length and C count only; solubility/TM/expression not predicted; K count only; surface accessibility and handles not established,479,,5,,,,,,computed_from_input_sequence_sha256,Length and C count only; solubility/TM/expression not predicted,,,,,,,,19,,,,,,,,K count only; surface accessibility and handles not established
A0ABX6FD19,A0ABX6FD19,,,,,,,,,,,,,,,partial,not_annotated,partial,,,,False,complete_expression_chaperone_immobilization_annotations,Length and C count only; solubility/TM/expression not predicted; K count only; surface accessibility and handles not established,353,,2,,,,,,computed_from_input_sequence_sha256,Length and C count only; solubility/TM/expression not predicted,,,,,,,,7,,,,,,,,K count only; surface accessibility and handles not established
A0A857EWT6,A0A857EWT6,,,,,,,,,,,,,,,partial,not_annotated,partial,,,,False,complete_expression_chaperone_immobilization_annotations,Length and C count only; solubility/TM/expression not predicted; K count only; surface accessibility and handles not established,378,,4,,,,,,computed_from_input_sequence_sha256,Length and C count only; solubility/TM/expression not predicted,,,,,,,,6,,,,,,,,K count only; surface accessibility and handles not established
A0ABP1ZEA7,A0ABP1ZEA7,,,,,,,,,,,,,,,partial,not_annotated,partial,,,,False,complete_expression_chaperone_immobilization_annotations,Length and C count only; solubility/TM/expression not predicted; K count only; surface accessibility and handles not established,302,,2,,,,,,computed_from_input_sequence_sha256,Length and C count only; solubility/TM/expression not predicted,,,,,,,,6,,,,,,,,K count only; surface accessibility and handles not established
A0A380Q4G1,A0A380Q4G1,,,,,,,,,,,,,,,partial,not_annotated,partial,,,,False,complete_expression_chaperone_immobilization_annotations,Length and C count only; solubility/TM/expression not predicted; K count only; surface accessibility and handles not established,210,,0,,,,,,computed_from_input_sequence_sha256,Length and C count only; solubility/TM/expression not predicted,,,,,,,,9,,,,,,,,K count only; surface accessibility and handles not established
A0ABN4FAB0,A0ABN4FAB0,,,,,,,,,,,,,,,partial,not_annotated,partial,,,,False,complete_expression_chaperone_immobilization_annotations,Length and C count only; solubility/TM/expression not predicted; K count only; surface accessibility and handles not established,302,,2,,,,,,computed_from_input_sequence_sha256,Length and C count only; solubility/TM/expression not predicted,,,,,,,,5,,,,,,,,K count only; surface accessibility and handles not established
Q66BC4,Q66BC4,,,,,,,,,,,,,,,partial,not_annotated,partial,,,,False,complete_expression_chaperone_immobilization_annotations,Length and C count only; solubility/TM/expression not predicted; K count only; surface accessibility and handles not established,211,,3,,,,,,computed_from_input_sequence_sha256,Length and C count only; solubility/TM/expression not predicted,,,,,,,,5,,,,,,,,K count only; surface accessibility and handles not established
A0ABY5UJR0,A0ABY5UJR0,,,,,,,,,,,,,,,partial,not_annotated,partial,,,,False,complete_expression_chaperone_immobilization_annotations,Length and C count only; solubility/TM/expression not predicted; K count only; surface accessibility and handles not established,325,,1,,,,,,computed_from_input_sequence_sha256,Length and C count only; solubility/TM/expression not predicted,,,,,,,,14,,,,,,,,K count only; surface accessibility and handles not established
A0A0T9LR98,A0A0T9LR98,,,,,,,,,,,,,,,partial,not_annotated,partial,,,,False,complete_expression_chaperone_immobilization_annotations,Length and C count only; solubility/TM/expression not predicted; K count only; surface accessibility and handles not established,192,,1,,,,,,computed_from_input_sequence_sha256,Length and C count only; solubility/TM/expression not predicted,,,,,,,,4,,,,,,,,K count only; surface accessibility and handles not established
A0ABX5QYD3,A0ABX5QYD3,,,,,,,,,,,,,,,partial,not_annotated,partial,,,,False,complete_expression_chaperone_immobilization_annotations,Length and C count only; solubility/TM/expression not predicted; K count only; surface accessibility and handles not established,162,,2,,,,,,computed_from_input_sequence_sha256,Length and C count only; solubility/TM/expression not predicted,,,,,,,,6,,,,,,,,K count only; surface accessibility and handles not established
A0AB73NQS2,A0AB73NQS2,,,,,,,,,,,,,,,partial,not_annotated,partial,,,,False,complete_expression_chaperone_immobilization_annotations,Length and C count only; solubility/TM/expression not predicted; K count only; surface accessibility and handles not established,377,,2,,,,,,computed_from_input_sequence_sha256,Length and C count only; solubility/TM/expression not predicted,,,,,,,,12,,,,,,,,K count only; surface accessibility and handles not established
A0A0T9N2B7,A0A0T9N2B7,,,,,,,,,,,,,,,partial,not_annotated,partial,,,,False,complete_expression_chaperone_immobilization_annotations,Length and C count only; solubility/TM/expression not predicted; K count only; surface accessibility and handles not established,378,,3,,,,,,computed_from_input_sequence_sha256,Length and C count only; solubility/TM/expression not predicted,,,,,,,,8,,,,,,,,K count only; surface accessibility and handles not established
A0AAI8ZTY6,A0AAI8ZTY6,,,,,,,,,,,,,,,partial,not_annotated,partial,,,,False,complete_expression_chaperone_immobilization_annotations,Length and C count only; solubility/TM/expression not predicted; K count only; surface accessibility and handles not established,188,,0,,,,,,computed_from_input_sequence_sha256,Length and C count only; solubility/TM/expression not predicted,,,,,,,,12,,,,,,,,K count only; surface accessibility and handles not established
A0ABP1YVJ3,A0ABP1YVJ3,,,,,,,,,,,,,,,partial,not_annotated,partial,,,,False,complete_expression_chaperone_immobilization_annotations,Length and C count only; solubility/TM/expression not predicted; K count only; surface accessibility and handles not established,184,,2,,,,,,computed_from_input_sequence_sha256,Length and C count only; solubility/TM/expression not predicted,,,,,,,,9,,,,,,,,K count only; surface accessibility and handles not established
A0ABM6UTV9,A0ABM6UTV9,,,,,,,,,,,,,,,partial,not_annotated,partial,,,,False,complete_expression_chaperone_immobilization_annotations,Length and C count only; solubility/TM/expression not predicted; K count only; surface accessibility and handles not established,468,,3,,,,,,computed_from_input_sequence_sha256,Length and C count only; solubility/TM/expression not predicted,,,,,,,,6,,,,,,,,K count only; surface accessibility and handles not established
A0A0T9Q3M1,A0A0T9Q3M1,,,,,,,,,,,,,,,partial,not_annotated,partial,,,,False,complete_expression_chaperone_immobilization_annotations,Length and C count only; solubility/TM/expression not predicted; K count only; surface accessibility and handles not established,356,,4,,,,,,computed_from_input_sequence_sha256,Length and C count only; solubility/TM/expression not predicted,,,,,,,,15,,,,,,,,K count only; surface accessibility and handles not established
A0A857F2M2,A0A857F2M2,,,,,,,,,,,,,,,partial,not_annotated,partial,,,,False,complete_expression_chaperone_immobilization_annotations,Length and C count only; solubility/TM/expression not predicted; K count only; surface accessibility and handles not established,302,,2,,,,,,computed_from_input_sequence_sha256,Length and C count only; solubility/TM/expression not predicted,,,,,,,,6,,,,,,,,K count only; surface accessibility and handles not established
Q8D1M8,Q8D1M8,,,,,,,,,,,,,,,partial,not_annotated,partial,,,,False,complete_expression_chaperone_immobilization_annotations,Length and C count only; solubility/TM/expression not predicted; K count only; surface accessibility and handles not established,700,,4,,,,,,computed_from_input_sequence_sha256,Length and C count only; solubility/TM/expression not predicted,,,,,,,,26,,,,,,,,K count only; surface accessibility and handles not established
A0A0T9PT88,A0A0T9PT88,,,,,,,,,,,,,,,partial,not_annotated,partial,,,,False,complete_expression_chaperone_immobilization_annotations,Length and C count only; solubility/TM/expression not predicted; K count only; surface accessibility and handles not established,399,,4,,,,,,computed_from_input_sequence_sha256,Length and C count only; solubility/TM/expression not predicted,,,,,,,,11,,,,,,,,K count only; surface accessibility and handles not established
A0A0T9KM71,A0A0T9KM71,,,,,,,,,,,,,,,partial,not_annotated,partial,,,,False,complete_expression_chaperone_immobilization_annotations,Length and C count only; solubility/TM/expression not predicted; K count only; surface accessibility and handles not established,284,,2,,,,,,computed_from_input_sequence_sha256,Length and C count only; solubility/TM/expression not predicted,,,,,,,,9,,,,,,,,K count only; surface accessibility and handles not established
A0A0T9RK55,A0A0T9RK55,,,,,,,,,,,,,,,partial,not_annotated,partial,,,,False,complete_expression_chaperone_immobilization_annotations,Length and C count only; solubility/TM/expression not predicted; K count only; surface accessibility and handles not established,357,,4,,,,,,computed_from_input_sequence_sha256,Length and C count only; solubility/TM/expression not predicted,,,,,,,,12,,,,,,,,K count only; surface accessibility and handles not established
A0A5P8YE56,A0A5P8YE56,,,,,,,,,,,,,,,partial,not_annotated,partial,,,,False,complete_expression_chaperone_immobilization_annotations,Length and C count only; solubility/TM/expression not predicted; K count only; surface accessibility and handles not established,378,,3,,,,,,computed_from_input_sequence_sha256,Length and C count only; solubility/TM/expression not predicted,,,,,,,,9,,,,,,,,K count only; surface accessibility and handles not established
A0A0T9QGW8,A0A0T9QGW8,,,,,,,,,,,,,,,partial,not_annotated,partial,,,,False,complete_expression_chaperone_immobilization_annotations,Length and C count only; solubility/TM/expression not predicted; K count only; surface accessibility and handles not established,660,,10,,,,,,computed_from_input_sequence_sha256,Length and C count only; solubility/TM/expression not predicted,,,,,,,,20,,,,,,,,K count only; surface accessibility and handles not established
A0ABP1ZLC4,A0ABP1ZLC4,,,,,,,,,,,,,,,partial,not_annotated,partial,,,,False,complete_expression_chaperone_immobilization_annotations,Length and C count only; solubility/TM/expression not predicted; K count only; surface accessibility and handles not established,302,,2,,,,,,computed_from_input_sequence_sha256,Length and C count only; solubility/TM/expression not predicted,,,,,,,,3,,,,,,,,K count only; surface accessibility and handles not established
A0A0T9QY81,A0A0T9QY81,,,,,,,,,,,,,,,partial,not_annotated,partial,,,,False,complete_expression_chaperone_immobilization_annotations,Length and C count only; solubility/TM/expression not predicted; K count only; surface accessibility and handles not established,208,,1,,,,,,computed_from_input_sequence_sha256,Length and C count only; solubility/TM/expression not predicted,,,,,,,,8,,,,,,,,K count only; surface accessibility and handles not established
A0ABR4W4S9,A0ABR4W4S9,,,,,,,,,,,,,,,partial,not_annotated,partial,,,,False,complete_expression_chaperone_immobilization_annotations,Length and C count only; solubility/TM/expression not predicted; K count only; surface accessibility and handles not established,173,,1,,,,,,computed_from_input_sequence_sha256,Length and C count only; solubility/TM/expression not predicted,,,,,,,,7,,,,,,,,K count only; surface accessibility and handles not established
A0ABM5U8N9,A0ABM5U8N9,,,,,,,,,,,,,,,partial,not_annotated,partial,,,,False,complete_expression_chaperone_immobilization_annotations,Length and C count only; solubility/TM/expression not predicted; K count only; surface accessibility and handles not established,205,,3,,,,,,computed_from_input_sequence_sha256,Length and C count only; solubility/TM/expression not predicted,,,,,,,,4,,,,,,,,K count only; surface accessibility and handles not established
A0AA36PLD9,A0AA36PLD9,,,,,,,,,,,,,,,partial,not_annotated,partial,,,,False,complete_expression_chaperone_immobilization_annotations,Length and C count only; solubility/TM/expression not predicted; K count only; surface accessibility and handles not established,213,,3,,,,,,computed_from_input_sequence_sha256,Length and C count only; solubility/TM/expression not predicted,,,,,,,,4,,,,,,,,K count only; surface accessibility and handles not established
A0ABX6F3U1,A0ABX6F3U1,,,,,,,,,,,,,,,partial,not_annotated,partial,,,,False,complete_expression_chaperone_immobilization_annotations,Length and C count only; solubility/TM/expression not predicted; K count only; surface accessibility and handles not established,211,,0,,,,,,computed_from_input_sequence_sha256,Length and C count only; solubility/TM/expression not predicted,,,,,,,,12,,,,,,,,K count only; surface accessibility and handles not established
A0A0H2W3V2,A0A0H2W3V2,,,,,,,,,,,,,,,partial,not_annotated,partial,,,,False,complete_expression_chaperone_immobilization_annotations,Length and C count only; solubility/TM/expression not predicted; K count only; surface accessibility and handles not established,351,,3,,,,,,computed_from_input_sequence_sha256,Length and C count only; solubility/TM/expression not predicted,,,,,,,,15,,,,,,,,K count only; surface accessibility and handles not established
A0AA36LNQ9,A0AA36LNQ9,,,,,,,,,,,,,,,partial,not_annotated,partial,,,,False,complete_expression_chaperone_immobilization_annotations,Length and C count only; solubility/TM/expression not predicted; K count only; surface accessibility and handles not established,394,,3,,,,,,computed_from_input_sequence_sha256,Length and C count only; solubility/TM/expression not predicted,,,,,,,,13,,,,,,,,K count only; surface accessibility and handles not established
A0A2G4U6E8,A0A2G4U6E8,,,,,,,,,,,,,,,partial,not_annotated,partial,,,,False,complete_expression_chaperone_immobilization_annotations,Length and C count only; solubility/TM/expression not predicted; K count only; surface accessibility and handles not established,213,,3,,,,,,computed_from_input_sequence_sha256,Length and C count only; solubility/TM/expression not predicted,,,,,,,,6,,,,,,,,K count only; surface accessibility and handles not established
A0ABN4CUZ1,A0ABN4CUZ1,,,,,,,,,,,,,,,partial,not_annotated,partial,,,,False,complete_expression_chaperone_immobilization_annotations,Length and C count only; solubility/TM/expression not predicted; K count only; surface accessibility and handles not established,307,,1,,,,,,computed_from_input_sequence_sha256,Length and C count only; solubility/TM/expression not predicted,,,,,,,,19,,,,,,,,K count only; surface accessibility and handles not established
A0ABW9EZG0,A0ABW9EZG0,,,,,,,,,,,,,,,partial,not_annotated,partial,,,,False,complete_expression_chaperone_immobilization_annotations,Length and C count only; solubility/TM/expression not predicted; K count only; surface accessibility and handles not established,436,,3,,,,,,computed_from_input_sequence_sha256,Length and C count only; solubility/TM/expression not predicted,,,,,,,,21,,,,,,,,K count only; surface accessibility and handles not established
A0A0U1QUW3,A0A0U1QUW3,,,,,,,,,,,,,,,partial,not_annotated,partial,,,,False,complete_expression_chaperone_immobilization_annotations,Length and C count only; solubility/TM/expression not predicted; K count only; surface accessibility and handles not established,378,,3,,,,,,computed_from_input_sequence_sha256,Length and C count only; solubility/TM/expression not predicted,,,,,,,,9,,,,,,,,K count only; surface accessibility and handles not established
A0ABX6F9M0,A0ABX6F9M0,,,,,,,,,,,,,,,partial,not_annotated,partial,,,,False,complete_expression_chaperone_immobilization_annotations,Length and C count only; solubility/TM/expression not predicted; K count only; surface accessibility and handles not established,216,,2,,,,,,computed_from_input_sequence_sha256,Length and C count only; solubility/TM/expression not predicted,,,,,,,,11,,,,,,,,K count only; surface accessibility and handles not established
A0ABN4F8Y2,A0ABN4F8Y2,,,,,,,,,,,,,,,partial,not_annotated,partial,,,,False,complete_expression_chaperone_immobilization_annotations,Length and C count only; solubility/TM/expression not predicted; K count only; surface accessibility and handles not established,336,,2,,,,,,computed_from_input_sequence_sha256,Length and C count only; solubility/TM/expression not predicted,,,,,,,,13,,,,,,,,K count only; surface accessibility and handles not established
A0AA90XTS9,A0AA90XTS9,,,,,,,,,,,,,,,partial,not_annotated,partial,,,,False,complete_expression_chaperone_immobilization_annotations,Length and C count only; solubility/TM/expression not predicted; K count only; surface accessibility and handles not established,213,,3,,,,,,computed_from_input_sequence_sha256,Length and C count only; solubility/TM/expression not predicted,,,,,,,,5,,,,,,,,K count only; surface accessibility and handles not established
A0AA44CL49,A0AA44CL49,,,,,,,,,,,,,,,partial,not_annotated,partial,,,,False,complete_expression_chaperone_immobilization_annotations,Length and C count only; solubility/TM/expression not predicted; K count only; surface accessibility and handles not established,352,,3,,,,,,computed_from_input_sequence_sha256,Length and C count only; solubility/TM/expression not predicted,,,,,,,,5,,,,,,,,K count only; surface accessibility and handles not established
A0AA36LIH7,A0AA36LIH7,,,,,,,,,,,,,,,partial,not_annotated,partial,,,,False,complete_expression_chaperone_immobilization_annotations,Length and C count only; solubility/TM/expression not predicted; K count only; surface accessibility and handles not established,329,,2,,,,,,computed_from_input_sequence_sha256,Length and C count only; solubility/TM/expression not predicted,,,,,,,,13,,,,,,,,K count only; surface accessibility and handles not established
A0A0T9KXM0,A0A0T9KXM0,,,,,,,,,,,,,,,partial,not_annotated,partial,,,,False,complete_expression_chaperone_immobilization_annotations,Length and C count only; solubility/TM/expression not predicted; K count only; surface accessibility and handles not established,161,,1,,,,,,computed_from_input_sequence_sha256,Length and C count only; solubility/TM/expression not predicted,,,,,,,,6,,,,,,,,K count only; surface accessibility and handles not established
Q66BN2,Q66BN2,,,,,,,,,,,,,,,partial,not_annotated,partial,,,,False,complete_expression_chaperone_immobilization_annotations,Length and C count only; solubility/TM/expression not predicted; K count only; surface accessibility and handles not established,388,,0,,,,,,computed_from_input_sequence_sha256,Length and C count only; solubility/TM/expression not predicted,,,,,,,,28,,,,,,,,K count only; surface accessibility and handles not established
A0ABM9XUU0,A0ABM9XUU0,,,,,,,,,,,,,,,partial,not_annotated,partial,,,,False,complete_expression_chaperone_immobilization_annotations,Length and C count only; solubility/TM/expression not predicted; K count only; surface accessibility and handles not established,353,,4,,,,,,computed_from_input_sequence_sha256,Length and C count only; solubility/TM/expression not predicted,,,,,,,,11,,,,,,,,K count only; surface accessibility and handles not established
A0ABP2DXX8,A0ABP2DXX8,,,,,,,,,,,,,,,partial,not_annotated,partial,,,,False,complete_expression_chaperone_immobilization_annotations,Length and C count only; solubility/TM/expression not predicted; K count only; surface accessibility and handles not established,378,,3,,,,,,computed_from_input_sequence_sha256,Length and C count only; solubility/TM/expression not predicted,,,,,,,,7,,,,,,,,K count only; surface accessibility and handles not established
A0A208ZSF8,A0A208ZSF8,,,,,,,,,,,,,,,partial,not_annotated,partial,,,,False,complete_expression_chaperone_immobilization_annotations,Length and C count only; solubility/TM/expression not predicted; K count only; surface accessibility and handles not established,367,,3,,,,,,computed_from_input_sequence_sha256,Length and C count only; solubility/TM/expression not predicted,,,,,,,,8,,,,,,,,K count only; surface accessibility and handles not established
A0A208ZSS5,A0A208ZSS5,,,,,,,,,,,,,,,partial,not_annotated,partial,,,,False,complete_expression_chaperone_immobilization_annotations,Length and C count only; solubility/TM/expression not predicted; K count only; surface accessibility and handles not established,198,,2,,,,,,computed_from_input_sequence_sha256,Length and C count only; solubility/TM/expression not predicted,,,,,,,,10,,,,,,,,K count only; surface accessibility and handles not established
A0A380PTJ1,A0A380PTJ1,,,,,,,,,,,,,,,partial,not_annotated,partial,,,,False,complete_expression_chaperone_immobilization_annotations,Length and C count only; solubility/TM/expression not predicted; K count only; surface accessibility and handles not established,356,,3,,,,,,computed_from_input_sequence_sha256,Length and C count only; solubility/TM/expression not predicted,,,,,,,,17,,,,,,,,K count only; surface accessibility and handles not established
A0AA36LSX5,A0AA36LSX5,,,,,,,,,,,,,,,partial,not_annotated,partial,,,,False,complete_expression_chaperone_immobilization_annotations,Length and C count only; solubility/TM/expression not predicted; K count only; surface accessibility and handles not established,116,,0,,,,,,computed_from_input_sequence_sha256,Length and C count only; solubility/TM/expression not predicted,,,,,,,,3,,,,,,,,K count only; surface accessibility and handles not established
A0A0T9PTD3,A0A0T9PTD3,,,,,,,,,,,,,,,partial,not_annotated,partial,,,,False,complete_expression_chaperone_immobilization_annotations,Length and C count only; solubility/TM/expression not predicted; K count only; surface accessibility and handles not established,402,,1,,,,,,computed_from_input_sequence_sha256,Length and C count only; solubility/TM/expression not predicted,,,,,,,,11,,,,,,,,K count only; surface accessibility and handles not established
A0ABM6BHL4,A0ABM6BHL4,,,,,,,,,,,,,,,partial,not_annotated,partial,,,,False,complete_expression_chaperone_immobilization_annotations,Length and C count only; solubility/TM/expression not predicted; K count only; surface accessibility and handles not established,356,,4,,,,,,computed_from_input_sequence_sha256,Length and C count only; solubility/TM/expression not predicted,,,,,,,,12,,,,,,,,K count only; surface accessibility and handles not established
A0AA36PL17,A0AA36PL17,,,,,,,,,,,,,,,partial,not_annotated,partial,,,,False,complete_expression_chaperone_immobilization_annotations,Length and C count only; solubility/TM/expression not predicted; K count only; surface accessibility and handles not established,140,,0,,,,,,computed_from_input_sequence_sha256,Length and C count only; solubility/TM/expression not predicted,,,,,,,,9,,,,,,,,K count only; surface accessibility and handles not established
A0A380Q3T2,A0A380Q3T2,,,,,,,,,,,,,,,partial,not_annotated,partial,,,,False,complete_expression_chaperone_immobilization_annotations,Length and C count only; solubility/TM/expression not predicted; K count only; surface accessibility and handles not established,659,,5,,,,,,computed_from_input_sequence_sha256,Length and C count only; solubility/TM/expression not predicted,,,,,,,,32,,,,,,,,K count only; surface accessibility and handles not established
A0A0T9PR09,A0A0T9PR09,,,,,,,,,,,,,,,partial,not_annotated,partial,,,,False,complete_expression_chaperone_immobilization_annotations,Length and C count only; solubility/TM/expression not predicted; K count only; surface accessibility and handles not established,115,,1,,,,,,computed_from_input_sequence_sha256,Length and C count only; solubility/TM/expression not predicted,,,,,,,,12,,,,,,,,K count only; surface accessibility and handles not established
A0A2G4U6D9,A0A2G4U6D9,,,,,,,,,,,,,,,partial,not_annotated,partial,,,,False,complete_expression_chaperone_immobilization_annotations,Length and C count only; solubility/TM/expression not predicted; K count only; surface accessibility and handles not established,387,,0,,,,,,computed_from_input_sequence_sha256,Length and C count only; solubility/TM/expression not predicted,,,,,,,,31,,,,,,,,K count only; surface accessibility and handles not established
A0ABP1Z7N4,A0ABP1Z7N4,,,,,,,,,,,,,,,partial,not_annotated,partial,,,,False,complete_expression_chaperone_immobilization_annotations,Length and C count only; solubility/TM/expression not predicted; K count only; surface accessibility and handles not established,364,,0,,,,,,computed_from_input_sequence_sha256,Length and C count only; solubility/TM/expression not predicted,,,,,,,,33,,,,,,,,K count only; surface accessibility and handles not established
A0ABM9SY22,A0ABM9SY22,,,,,,,,,,,,,,,partial,not_annotated,partial,,,,False,complete_expression_chaperone_immobilization_annotations,Length and C count only; solubility/TM/expression not predicted; K count only; surface accessibility and handles not established,211,,3,,,,,,computed_from_input_sequence_sha256,Length and C count only; solubility/TM/expression not predicted,,,,,,,,6,,,,,,,,K count only; surface accessibility and handles not established
A0AAV3BFY5,A0AAV3BFY5,,,,,,,,,,,,,,,partial,not_annotated,partial,,,,False,complete_expression_chaperone_immobilization_annotations,Length and C count only; solubility/TM/expression not predicted; K count only; surface accessibility and handles not established,351,,3,,,,,,computed_from_input_sequence_sha256,Length and C count only; solubility/TM/expression not predicted,,,,,,,,15,,,,,,,,K count only; surface accessibility and handles not established
A0ABM9TCW2,A0ABM9TCW2,,,,,,,,,,,,,,,partial,not_annotated,partial,,,,False,complete_expression_chaperone_immobilization_annotations,Length and C count only; solubility/TM/expression not predicted; K count only; surface accessibility and handles not established,378,,3,,,,,,computed_from_input_sequence_sha256,Length and C count only; solubility/TM/expression not predicted,,,,,,,,9,,,,,,,,K count only; surface accessibility and handles not established
B6CGX2,B6CGX2,,,,,,,,,,,,,,,partial,not_annotated,partial,,,,False,complete_expression_chaperone_immobilization_annotations,Length and C count only; solubility/TM/expression not predicted; K count only; surface accessibility and handles not established,127,,2,,,,,,computed_from_input_sequence_sha256,Length and C count only; solubility/TM/expression not predicted,,,,,,,,4,,,,,,,,K count only; surface accessibility and handles not established
A0A380PPA0,A0A380PPA0,,,,,,,,,,,,,,,partial,not_annotated,partial,,,,False,complete_expression_chaperone_immobilization_annotations,Length and C count only; solubility/TM/expression not predicted; K count only; surface accessibility and handles not established,302,,2,,,,,,computed_from_input_sequence_sha256,Length and C count only; solubility/TM/expression not predicted,,,,,,,,3,,,,,,,,K count only; surface accessibility and handles not established
A0A2G4U294,A0A2G4U294,,,,,,,,,,,,,,,partial,not_annotated,partial,,,,False,complete_expression_chaperone_immobilization_annotations,Length and C count only; solubility/TM/expression not predicted; K count only; surface accessibility and handles not established,388,,2,,,,,,computed_from_input_sequence_sha256,Length and C count only; solubility/TM/expression not predicted,,,,,,,,15,,,,,,,,K count only; surface accessibility and handles not established
A0ABX6F8L7,A0ABX6F8L7,,,,,,,,,,,,,,,partial,not_annotated,partial,,,,False,complete_expression_chaperone_immobilization_annotations,Length and C count only; solubility/TM/expression not predicted; K count only; surface accessibility and handles not established,155,,1,,,,,,computed_from_input_sequence_sha256,Length and C count only; solubility/TM/expression not predicted,,,,,,,,7,,,,,,,,K count only; surface accessibility and handles not established
A0A0T9QCY7,A0A0T9QCY7,,,,,,,,,,,,,,,partial,not_annotated,partial,,,,False,complete_expression_chaperone_immobilization_annotations,Length and C count only; solubility/TM/expression not predicted; K count only; surface accessibility and handles not established,211,,3,,,,,,computed_from_input_sequence_sha256,Length and C count only; solubility/TM/expression not predicted,,,,,,,,6,,,,,,,,K count only; surface accessibility and handles not established
A0ABN4PWW7,A0ABN4PWW7,,,,,,,,,,,,,,,partial,not_annotated,partial,,,,False,complete_expression_chaperone_immobilization_annotations,Length and C count only; solubility/TM/expression not predicted; K count only; surface accessibility and handles not established,366,,0,,,,,,computed_from_input_sequence_sha256,Length and C count only; solubility/TM/expression not predicted,,,,,,,,32,,,,,,,,K count only; surface accessibility and handles not established
A0ABM6BJY1,A0ABM6BJY1,,,,,,,,,,,,,,,partial,not_annotated,partial,,,,False,complete_expression_chaperone_immobilization_annotations,Length and C count only; solubility/TM/expression not predicted; K count only; surface accessibility and handles not established,302,,2,,,,,,computed_from_input_sequence_sha256,Length and C count only; solubility/TM/expression not predicted,,,,,,,,5,,,,,,,,K count only; surface accessibility and handles not established
A0A0H3B5G2,A0A0H3B5G2,,,,,,,,,,,,,,,partial,not_annotated,partial,,,,False,complete_expression_chaperone_immobilization_annotations,Length and C count only; solubility/TM/expression not predicted; K count only; surface accessibility and handles not established,145,,0,,,,,,computed_from_input_sequence_sha256,Length and C count only; solubility/TM/expression not predicted,,,,,,,,12,,,,,,,,K count only; surface accessibility and handles not established
A0ABM5Q137,A0ABM5Q137,,,,,,,,,,,,,,,partial,not_annotated,partial,,,,False,complete_expression_chaperone_immobilization_annotations,Length and C count only; solubility/TM/expression not predicted; K count only; surface accessibility and handles not established,339,,3,,,,,,computed_from_input_sequence_sha256,Length and C count only; solubility/TM/expression not predicted,,,,,,,,5,,,,,,,,K count only; surface accessibility and handles not established
A0ABM5SKZ0,A0ABM5SKZ0,,,,,,,,,,,,,,,partial,not_annotated,partial,,,,False,complete_expression_chaperone_immobilization_annotations,Length and C count only; solubility/TM/expression not predicted; K count only; surface accessibility and handles not established,227,,3,,,,,,computed_from_input_sequence_sha256,Length and C count only; solubility/TM/expression not predicted,,,,,,,,3,,,,,,,,K count only; surface accessibility and handles not established
A0A0U1QW74,A0A0U1QW74,,,,,,,,,,,,,,,partial,not_annotated,partial,,,,False,complete_expression_chaperone_immobilization_annotations,Length and C count only; solubility/TM/expression not predicted; K count only; surface accessibility and handles not established,402,,1,,,,,,computed_from_input_sequence_sha256,Length and C count only; solubility/TM/expression not predicted,,,,,,,,11,,,,,,,,K count only; surface accessibility and handles not established
A0ABY5UJQ0,A0ABY5UJQ0,,,,,,,,,,,,,,,partial,not_annotated,partial,,,,False,complete_expression_chaperone_immobilization_annotations,Length and C count only; solubility/TM/expression not predicted; K count only; surface accessibility and handles not established,163,,1,,,,,,computed_from_input_sequence_sha256,Length and C count only; solubility/TM/expression not predicted,,,,,,,,2,,,,,,,,K count only; surface accessibility and handles not established
A0A0U1HX05,A0A0U1HX05,,,,,,,,,,,,,,,partial,not_annotated,partial,,,,False,complete_expression_chaperone_immobilization_annotations,Length and C count only; solubility/TM/expression not predicted; K count only; surface accessibility and handles not established,152,,0,,,,,,computed_from_input_sequence_sha256,Length and C count only; solubility/TM/expression not predicted,,,,,,,,9,,,,,,,,K count only; surface accessibility and handles not established
A0AAX2HZP5,A0AAX2HZP5,,,,,,,,,,,,,,,partial,not_annotated,partial,,,,False,complete_expression_chaperone_immobilization_annotations,Length and C count only; solubility/TM/expression not predicted; K count only; surface accessibility and handles not established,378,,3,,,,,,computed_from_input_sequence_sha256,Length and C count only; solubility/TM/expression not predicted,,,,,,,,9,,,,,,,,K count only; surface accessibility and handles not established
A0A0T9KKF4,A0A0T9KKF4,,,,,,,,,,,,,,,partial,not_annotated,partial,,,,False,complete_expression_chaperone_immobilization_annotations,Length and C count only; solubility/TM/expression not predicted; K count only; surface accessibility and handles not established,458,,4,,,,,,computed_from_input_sequence_sha256,Length and C count only; solubility/TM/expression not predicted,,,,,,,,24,,,,,,,,K count only; surface accessibility and handles not established
A0A0T9QHF4,A0A0T9QHF4,,,,,,,,,,,,,,,partial,not_annotated,partial,,,,False,complete_expression_chaperone_immobilization_annotations,Length and C count only; solubility/TM/expression not predicted; K count only; surface accessibility and handles not established,394,,1,,,,,,computed_from_input_sequence_sha256,Length and C count only; solubility/TM/expression not predicted,,,,,,,,8,,,,,,,,K count only; surface accessibility and handles not established
A0A0U1R055,A0A0U1R055,,,,,,,,,,,,,,,partial,not_annotated,partial,,,,False,complete_expression_chaperone_immobilization_annotations,Length and C count only; solubility/TM/expression not predicted; K count only; surface accessibility and handles not established,351,,3,,,,,,computed_from_input_sequence_sha256,Length and C count only; solubility/TM/expression not predicted,,,,,,,,15,,,,,,,,K count only; surface accessibility and handles not established
A0AB72ZSW9,A0AB72ZSW9,,,,,,,,,,,,,,,partial,not_annotated,partial,,,,False,complete_expression_chaperone_immobilization_annotations,Length and C count only; solubility/TM/expression not predicted; K count only; surface accessibility and handles not established,253,,1,,,,,,computed_from_input_sequence_sha256,Length and C count only; solubility/TM/expression not predicted,,,,,,,,10,,,,,,,,K count only; surface accessibility and handles not established
A0A2A7VG50,A0A2A7VG50,,,,,,,,,,,,,,,partial,not_annotated,partial,,,,False,complete_expression_chaperone_immobilization_annotations,Length and C count only; solubility/TM/expression not predicted; K count only; surface accessibility and handles not established,362,,0,,,,,,computed_from_input_sequence_sha256,Length and C count only; solubility/TM/expression not predicted,,,,,,,,32,,,,,,,,K count only; surface accessibility and handles not established
A0ABM5Q0I6,A0ABM5Q0I6,,,,,,,,,,,,,,,partial,not_annotated,partial,,,,False,complete_expression_chaperone_immobilization_annotations,Length and C count only; solubility/TM/expression not predicted; K count only; surface accessibility and handles not established,378,,3,,,,,,computed_from_input_sequence_sha256,Length and C count only; solubility/TM/expression not predicted,,,,,,,,10,,,,,,,,K count only; surface accessibility and handles not established
A0A380PP26,A0A380PP26,,,,,,,,,,,,,,,partial,not_annotated,partial,,,,False,complete_expression_chaperone_immobilization_annotations,Length and C count only; solubility/TM/expression not predicted; K count only; surface accessibility and handles not established,395,,2,,,,,,computed_from_input_sequence_sha256,Length and C count only; solubility/TM/expression not predicted,,,,,,,,13,,,,,,,,K count only; surface accessibility and handles not established
A0ABM5UGZ3,A0ABM5UGZ3,,,,,,,,,,,,,,,partial,not_annotated,partial,,,,False,complete_expression_chaperone_immobilization_annotations,Length and C count only; solubility/TM/expression not predicted; K count only; surface accessibility and handles not established,376,,0,,,,,,computed_from_input_sequence_sha256,Length and C count only; solubility/TM/expression not predicted,,,,,,,,26,,,,,,,,K count only; surface accessibility and handles not established
A0ABM9TW88,A0ABM9TW88,,,,,,,,,,,,,,,partial,not_annotated,partial,,,,False,complete_expression_chaperone_immobilization_annotations,Length and C count only; solubility/TM/expression not predicted; K count only; surface accessibility and handles not established,115,,1,,,,,,computed_from_input_sequence_sha256,Length and C count only; solubility/TM/expression not predicted,,,,,,,,11,,,,,,,,K count only; surface accessibility and handles not established
A0ABP1YW71,A0ABP1YW71,,,,,,,,,,,,,,,partial,not_annotated,partial,,,,False,complete_expression_chaperone_immobilization_annotations,Length and C count only; solubility/TM/expression not predicted; K count only; surface accessibility and handles not established,163,,3,,,,,,computed_from_input_sequence_sha256,Length and C count only; solubility/TM/expression not predicted,,,,,,,,5,,,,,,,,K count only; surface accessibility and handles not established
A0A0T9QDB9,A0A0T9QDB9,,,,,,,,,,,,,,,partial,not_annotated,partial,,,,False,complete_expression_chaperone_immobilization_annotations,Length and C count only; solubility/TM/expression not predicted; K count only; surface accessibility and handles not established,302,,2,,,,,,computed_from_input_sequence_sha256,Length and C count only; solubility/TM/expression not predicted,,,,,,,,3,,,,,,,,K count only; surface accessibility and handles not established
A0ABP2E2L7,A0ABP2E2L7,,,,,,,,,,,,,,,partial,not_annotated,partial,,,,False,complete_expression_chaperone_immobilization_annotations,Length and C count only; solubility/TM/expression not predicted; K count only; surface accessibility and handles not established,94,,1,,,,,,computed_from_input_sequence_sha256,Length and C count only; solubility/TM/expression not predicted,,,,,,,,3,,,,,,,,K count only; surface accessibility and handles not established
A0ABM9Y7W9,A0ABM9Y7W9,,,,,,,,,,,,,,,partial,not_annotated,partial,,,,False,complete_expression_chaperone_immobilization_annotations,Length and C count only; solubility/TM/expression not predicted; K count only; surface accessibility and handles not established,152,,1,,,,,,computed_from_input_sequence_sha256,Length and C count only; solubility/TM/expression not predicted,,,,,,,,9,,,,,,,,K count only; surface accessibility and handles not established
A0ABW9EY82,A0ABW9EY82,,,,,,,,,,,,,,,partial,not_annotated,partial,,,,False,complete_expression_chaperone_immobilization_annotations,Length and C count only; solubility/TM/expression not predicted; K count only; surface accessibility and handles not established,302,,2,,,,,,computed_from_input_sequence_sha256,Length and C count only; solubility/TM/expression not predicted,,,,,,,,6,,,,,,,,K count only; surface accessibility and handles not established
A0AA44CMJ6,A0AA44CMJ6,,,,,,,,,,,,,,,partial,not_annotated,partial,,,,False,complete_expression_chaperone_immobilization_annotations,Length and C count only; solubility/TM/expression not predicted; K count only; surface accessibility and handles not established,269,,2,,,,,,computed_from_input_sequence_sha256,Length and C count only; solubility/TM/expression not predicted,,,,,,,,5,,,,,,,,K count only; surface accessibility and handles not established
A0AB73P877,A0AB73P877,,,,,,,,,,,,,,,partial,not_annotated,partial,,,,False,complete_expression_chaperone_immobilization_annotations,Length and C count only; solubility/TM/expression not predicted; K count only; surface accessibility and handles not established,204,,0,,,,,,computed_from_input_sequence_sha256,Length and C count only; solubility/TM/expression not predicted,,,,,,,,8,,,,,,,,K count only; surface accessibility and handles not established
A0AA90XYJ4,A0AA90XYJ4,,,,,,,,,,,,,,,partial,not_annotated,partial,,,,False,complete_expression_chaperone_immobilization_annotations,Length and C count only; solubility/TM/expression not predicted; K count only; surface accessibility and handles not established,302,,2,,,,,,computed_from_input_sequence_sha256,Length and C count only; solubility/TM/expression not predicted,,,,,,,,6,,,,,,,,K count only; surface accessibility and handles not established
A0ABM9XWU7,A0ABM9XWU7,,,,,,,,,,,,,,,partial,not_annotated,partial,,,,False,complete_expression_chaperone_immobilization_annotations,Length and C count only; solubility/TM/expression not predicted; K count only; surface accessibility and handles not established,353,,2,,,,,,computed_from_input_sequence_sha256,Length and C count only; solubility/TM/expression not predicted,,,,,,,,9,,,,,,,,K count only; surface accessibility and handles not established
A0A0T9N293,A0A0T9N293,,,,,,,,,,,,,,,partial,not_annotated,partial,,,,False,complete_expression_chaperone_immobilization_annotations,Length and C count only; solubility/TM/expression not predicted; K count only; surface accessibility and handles not established,226,,3,,,,,,computed_from_input_sequence_sha256,Length and C count only; solubility/TM/expression not predicted,,,,,,,,9,,,,,,,,K count only; surface accessibility and handles not established
A0AB73NNK1,A0AB73NNK1,,,,,,,,,,,,,,,partial,not_annotated,partial,,,,False,complete_expression_chaperone_immobilization_annotations,Length and C count only; solubility/TM/expression not predicted; K count only; surface accessibility and handles not established,386,,0,,,,,,computed_from_input_sequence_sha256,Length and C count only; solubility/TM/expression not predicted,,,,,,,,29,,,,,,,,K count only; surface accessibility and handles not established
A0AA44CQ33,A0AA44CQ33,,,,,,,,,,,,,,,partial,not_annotated,partial,,,,False,complete_expression_chaperone_immobilization_annotations,Length and C count only; solubility/TM/expression not predicted; K count only; surface accessibility and handles not established,246,,0,,,,,,computed_from_input_sequence_sha256,Length and C count only; solubility/TM/expression not predicted,,,,,,,,8,,,,,,,,K count only; surface accessibility and handles not established
A0ABW9ETP1,A0ABW9ETP1,,,,,,,,,,,,,,,partial,not_annotated,partial,,,,False,complete_expression_chaperone_immobilization_annotations,Length and C count only; solubility/TM/expression not predicted; K count only; surface accessibility and handles not established,156,,0,,,,,,computed_from_input_sequence_sha256,Length and C count only; solubility/TM/expression not predicted,,,,,,,,6,,,,,,,,K count only; surface accessibility and handles not established
A0ABR4W680,A0ABR4W680,,,,,,,,,,,,,,,partial,not_annotated,partial,,,,False,complete_expression_chaperone_immobilization_annotations,Length and C count only; solubility/TM/expression not predicted; K count only; surface accessibility and handles not established,211,,4,,,,,,computed_from_input_sequence_sha256,Length and C count only; solubility/TM/expression not predicted,,,,,,,,7,,,,,,,,K count only; surface accessibility and handles not established
A0A0T9RK20,A0A0T9RK20,,,,,,,,,,,,,,,partial,not_annotated,partial,,,,False,complete_expression_chaperone_immobilization_annotations,Length and C count only; solubility/TM/expression not predicted; K count only; surface accessibility and handles not established,378,,4,,,,,,computed_from_input_sequence_sha256,Length and C count only; solubility/TM/expression not predicted,,,,,,,,8,,,,,,,,K count only; surface accessibility and handles not established
A0A380PRV1,A0A380PRV1,,,,,,,,,,,,,,,partial,not_annotated,partial,,,,False,complete_expression_chaperone_immobilization_annotations,Length and C count only; solubility/TM/expression not predicted; K count only; surface accessibility and handles not established,466,,3,,,,,,computed_from_input_sequence_sha256,Length and C count only; solubility/TM/expression not predicted,,,,,,,,11,,,,,,,,K count only; surface accessibility and handles not established
A0A0T9KKH2,A0A0T9KKH2,,,,,,,,,,,,,,,partial,not_annotated,partial,,,,False,complete_expression_chaperone_immobilization_annotations,Length and C count only; solubility/TM/expression not predicted; K count only; surface accessibility and handles not established,211,,2,,,,,,computed_from_input_sequence_sha256,Length and C count only; solubility/TM/expression not predicted,,,,,,,,4,,,,,,,,K count only; surface accessibility and handles not established
A0A380QJL7,A0A380QJL7,,,,,,,,,,,,,,,partial,not_annotated,partial,,,,False,complete_expression_chaperone_immobilization_annotations,Length and C count only; solubility/TM/expression not predicted; K count only; surface accessibility and handles not established,289,,3,,,,,,computed_from_input_sequence_sha256,Length and C count only; solubility/TM/expression not predicted,,,,,,,,9,,,,,,,,K count only; surface accessibility and handles not established
A0ABM6BJA0,A0ABM6BJA0,,,,,,,,,,,,,,,partial,not_annotated,partial,,,,False,complete_expression_chaperone_immobilization_annotations,Length and C count only; solubility/TM/expression not predicted; K count only; surface accessibility and handles not established,410,,4,,,,,,computed_from_input_sequence_sha256,Length and C count only; solubility/TM/expression not predicted,,,,,,,,8,,,,,,,,K count only; surface accessibility and handles not established
A0A0H3B592,A0A0H3B592,,,,,,,,,,,,,,,partial,not_annotated,partial,,,,False,complete_expression_chaperone_immobilization_annotations,Length and C count only; solubility/TM/expression not predicted; K count only; surface accessibility and handles not established,468,,3,,,,,,computed_from_input_sequence_sha256,Length and C count only; solubility/TM/expression not predicted,,,,,,,,8,,,,,,,,K count only; surface accessibility and handles not established
A0ABN4H4Y5,A0ABN4H4Y5,,,,,,,,,,,,,,,partial,not_annotated,partial,,,,False,complete_expression_chaperone_immobilization_annotations,Length and C count only; solubility/TM/expression not predicted; K count only; surface accessibility and handles not established,211,,3,,,,,,computed_from_input_sequence_sha256,Length and C count only; solubility/TM/expression not predicted,,,,,,,,8,,,,,,,,K count only; surface accessibility and handles not established
A0A0T9TRH4,A0A0T9TRH4,,,,,,,,,,,,,,,partial,not_annotated,partial,,,,False,complete_expression_chaperone_immobilization_annotations,Length and C count only; solubility/TM/expression not predicted; K count only; surface accessibility and handles not established,370,,3,,,,,,computed_from_input_sequence_sha256,Length and C count only; solubility/TM/expression not predicted,,,,,,,,21,,,,,,,,K count only; surface accessibility and handles not established
A0ABM6BHF9,A0ABM6BHF9,,,,,,,,,,,,,,,partial,not_annotated,partial,,,,False,complete_expression_chaperone_immobilization_annotations,Length and C count only; solubility/TM/expression not predicted; K count only; surface accessibility and handles not established,378,,4,,,,,,computed_from_input_sequence_sha256,Length and C count only; solubility/TM/expression not predicted,,,,,,,,9,,,,,,,,K count only; surface accessibility and handles not established
A0A209AAW7,A0A209AAW7,,,,,,,,,,,,,,,partial,not_annotated,partial,,,,False,complete_expression_chaperone_immobilization_annotations,Length and C count only; solubility/TM/expression not predicted; K count only; surface accessibility and handles not established,115,,1,,,,,,computed_from_input_sequence_sha256,Length and C count only; solubility/TM/expression not predicted,,,,,,,,3,,,,,,,,K count only; surface accessibility and handles not established
A0AA91BG92,A0AA91BG92,,,,,,,,,,,,,,,partial,not_annotated,partial,,,,False,complete_expression_chaperone_immobilization_annotations,Length and C count only; solubility/TM/expression not predicted; K count only; surface accessibility and handles not established,420,,1,,,,,,computed_from_input_sequence_sha256,Length and C count only; solubility/TM/expression not predicted,,,,,,,,17,,,,,,,,K count only; surface accessibility and handles not established
A0A380Q9K9,A0A380Q9K9,,,,,,,,,,,,,,,partial,not_annotated,partial,,,,False,complete_expression_chaperone_immobilization_annotations,Length and C count only; solubility/TM/expression not predicted; K count only; surface accessibility and handles not established,467,,0,,,,,,computed_from_input_sequence_sha256,Length and C count only; solubility/TM/expression not predicted,,,,,,,,14,,,,,,,,K count only; surface accessibility and handles not established
A0ABM5SPQ0,A0ABM5SPQ0,,,,,,,,,,,,,,,partial,not_annotated,partial,,,,False,complete_expression_chaperone_immobilization_annotations,Length and C count only; solubility/TM/expression not predicted; K count only; surface accessibility and handles not established,211,,3,,,,,,computed_from_input_sequence_sha256,Length and C count only; solubility/TM/expression not predicted,,,,,,,,7,,,,,,,,K count only; surface accessibility and handles not established
A0ABM5ST74,A0ABM5ST74,,,,,,,,,,,,,,,partial,not_annotated,partial,,,,False,complete_expression_chaperone_immobilization_annotations,Length and C count only; solubility/TM/expression not predicted; K count only; surface accessibility and handles not established,368,,0,,,,,,computed_from_input_sequence_sha256,Length and C count only; solubility/TM/expression not predicted,,,,,,,,33,,,,,,,,K count only; surface accessibility and handles not established
A0AAV3BFT4,A0AAV3BFT4,,,,,,,,,,,,,,,partial,not_annotated,partial,,,,False,complete_expression_chaperone_immobilization_annotations,Length and C count only; solubility/TM/expression not predicted; K count only; surface accessibility and handles not established,259,,1,,,,,,computed_from_input_sequence_sha256,Length and C count only; solubility/TM/expression not predicted,,,,,,,,8,,,,,,,,K count only; surface accessibility and handles not established
Q66BC6,Q66BC6,,,,,,,,,,,,,,,partial,not_annotated,partial,,,,False,complete_expression_chaperone_immobilization_annotations,Length and C count only; solubility/TM/expression not predicted; K count only; surface accessibility and handles not established,302,,2,,,,,,computed_from_input_sequence_sha256,Length and C count only; solubility/TM/expression not predicted,,,,,,,,4,,,,,,,,K count only; surface accessibility and handles not established
A0A0T9RLX7,A0A0T9RLX7,,,,,,,,,,,,,,,partial,not_annotated,partial,,,,False,complete_expression_chaperone_immobilization_annotations,Length and C count only; solubility/TM/expression not predicted; K count only; surface accessibility and handles not established,339,,3,,,,,,computed_from_input_sequence_sha256,Length and C count only; solubility/TM/expression not predicted,,,,,,,,5,,,,,,,,K count only; surface accessibility and handles not established
A0ABN4CQH5,A0ABN4CQH5,,,,,,,,,,,,,,,partial,not_annotated,partial,,,,False,complete_expression_chaperone_immobilization_annotations,Length and C count only; solubility/TM/expression not predicted; K count only; surface accessibility and handles not established,211,,3,,,,,,computed_from_input_sequence_sha256,Length and C count only; solubility/TM/expression not predicted,,,,,,,,5,,,,,,,,K count only; surface accessibility and handles not established
A0AB73Q5E6,A0AB73Q5E6,,,,,,,,,,,,,,,partial,not_annotated,partial,,,,False,complete_expression_chaperone_immobilization_annotations,Length and C count only; solubility/TM/expression not predicted; K count only; surface accessibility and handles not established,160,,1,,,,,,computed_from_input_sequence_sha256,Length and C count only; solubility/TM/expression not predicted,,,,,,,,5,,,,,,,,K count only; surface accessibility and handles not established
A0A0U1QXU2,A0A0U1QXU2,,,,,,,,,,,,,,,partial,not_annotated,partial,,,,False,complete_expression_chaperone_immobilization_annotations,Length and C count only; solubility/TM/expression not predicted; K count only; surface accessibility and handles not established,399,,4,,,,,,computed_from_input_sequence_sha256,Length and C count only; solubility/TM/expression not predicted,,,,,,,,11,,,,,,,,K count only; surface accessibility and handles not established
A0AB73PBS8,A0AB73PBS8,,,,,,,,,,,,,,,partial,not_annotated,partial,,,,False,complete_expression_chaperone_immobilization_annotations,Length and C count only; solubility/TM/expression not predicted; K count only; surface accessibility and handles not established,315,,1,,,,,,computed_from_input_sequence_sha256,Length and C count only; solubility/TM/expression not predicted,,,,,,,,11,,,,,,,,K count only; surface accessibility and handles not established
A0ABM5Q1D7,A0ABM5Q1D7,,,,,,,,,,,,,,,partial,not_annotated,partial,,,,False,complete_expression_chaperone_immobilization_annotations,Length and C count only; solubility/TM/expression not predicted; K count only; surface accessibility and handles not established,259,,1,,,,,,computed_from_input_sequence_sha256,Length and C count only; solubility/TM/expression not predicted,,,,,,,,8,,,,,,,,K count only; surface accessibility and handles not established
A0ABP1Z8M7,A0ABP1Z8M7,,,,,,,,,,,,,,,partial,not_annotated,partial,,,,False,complete_expression_chaperone_immobilization_annotations,Length and C count only; solubility/TM/expression not predicted; K count only; surface accessibility and handles not established,157,,1,,,,,,computed_from_input_sequence_sha256,Length and C count only; solubility/TM/expression not predicted,,,,,,,,14,,,,,,,,K count only; surface accessibility and handles not established
A0A380QDK2,A0A380QDK2,,,,,,,,,,,,,,,partial,not_annotated,partial,,,,False,complete_expression_chaperone_immobilization_annotations,Length and C count only; solubility/TM/expression not predicted; K count only; surface accessibility and handles not established,116,,1,,,,,,computed_from_input_sequence_sha256,Length and C count only; solubility/TM/expression not predicted,,,,,,,,4,,,,,,,,K count only; surface accessibility and handles not established
Q7CIG2,Q7CIG2,,,,,,,,,,,,,,,partial,not_annotated,partial,,,,False,complete_expression_chaperone_immobilization_annotations,Length and C count only; solubility/TM/expression not predicted; K count only; surface accessibility and handles not established,139,,0,,,,,,computed_from_input_sequence_sha256,Length and C count only; solubility/TM/expression not predicted,,,,,,,,14,,,,,,,,K count only; surface accessibility and handles not established
A0ABP2ED01,A0ABP2ED01,,,,,,,,,,,,,,,partial,not_annotated,partial,,,,False,complete_expression_chaperone_immobilization_annotations,Length and C count only; solubility/TM/expression not predicted; K count only; surface accessibility and handles not established,302,,2,,,,,,computed_from_input_sequence_sha256,Length and C count only; solubility/TM/expression not predicted,,,,,,,,6,,,,,,,,K count only; surface accessibility and handles not established
A0ABX5QZM3,A0ABX5QZM3,,,,,,,,,,,,,,,partial,not_annotated,partial,,,,False,complete_expression_chaperone_immobilization_annotations,Length and C count only; solubility/TM/expression not predicted; K count only; surface accessibility and handles not established,399,,3,,,,,,computed_from_input_sequence_sha256,Length and C count only; solubility/TM/expression not predicted,,,,,,,,10,,,,,,,,K count only; surface accessibility and handles not established
A0ABM9ST81,A0ABM9ST81,,,,,,,,,,,,,,,partial,not_annotated,partial,,,,False,complete_expression_chaperone_immobilization_annotations,Length and C count only; solubility/TM/expression not predicted; K count only; surface accessibility and handles not established,141,,0,,,,,,computed_from_input_sequence_sha256,Length and C count only; solubility/TM/expression not predicted,,,,,,,,10,,,,,,,,K count only; surface accessibility and handles not established
A0AB73NFU9,A0AB73NFU9,,,,,,,,,,,,,,,partial,not_annotated,partial,,,,False,complete_expression_chaperone_immobilization_annotations,Length and C count only; solubility/TM/expression not predicted; K count only; surface accessibility and handles not established,197,,2,,,,,,computed_from_input_sequence_sha256,Length and C count only; solubility/TM/expression not predicted,,,,,,,,15,,,,,,,,K count only; surface accessibility and handles not established
A0AA44CIR8,A0AA44CIR8,,,,,,,,,,,,,,,partial,not_annotated,partial,,,,False,complete_expression_chaperone_immobilization_annotations,Length and C count only; solubility/TM/expression not predicted; K count only; surface accessibility and handles not established,213,,3,,,,,,computed_from_input_sequence_sha256,Length and C count only; solubility/TM/expression not predicted,,,,,,,,4,,,,,,,,K count only; surface accessibility and handles not established
A0ABP1Y756,A0ABP1Y756,,,,,,,,,,,,,,,partial,not_annotated,partial,,,,False,complete_expression_chaperone_immobilization_annotations,Length and C count only; solubility/TM/expression not predicted; K count only; surface accessibility and handles not established,115,,0,,,,,,computed_from_input_sequence_sha256,Length and C count only; solubility/TM/expression not predicted,,,,,,,,3,,,,,,,,K count only; surface accessibility and handles not established
Q66BM2,Q66BM2,,,,,,,,,,,,,,,partial,not_annotated,partial,,,,False,complete_expression_chaperone_immobilization_annotations,Length and C count only; solubility/TM/expression not predicted; K count only; surface accessibility and handles not established,302,,2,,,,,,computed_from_input_sequence_sha256,Length and C count only; solubility/TM/expression not predicted,,,,,,,,6,,,,,,,,K count only; surface accessibility and handles not established
A0AAX2I0V1,A0AAX2I0V1,,,,,,,,,,,,,,,partial,not_annotated,partial,,,,False,complete_expression_chaperone_immobilization_annotations,Length and C count only; solubility/TM/expression not predicted; K count only; surface accessibility and handles not established,468,,3,,,,,,computed_from_input_sequence_sha256,Length and C count only; solubility/TM/expression not predicted,,,,,,,,8,,,,,,,,K count only; surface accessibility and handles not established
A0ABM5UH09,A0ABM5UH09,,,,,,,,,,,,,,,partial,not_annotated,partial,,,,False,complete_expression_chaperone_immobilization_annotations,Length and C count only; solubility/TM/expression not predicted; K count only; surface accessibility and handles not established,212,,3,,,,,,computed_from_input_sequence_sha256,Length and C count only; solubility/TM/expression not predicted,,,,,,,,8,,,,,,,,K count only; surface accessibility and handles not established
A0A0T9UVW1,A0A0T9UVW1,,,,,,,,,,,,,,,partial,not_annotated,partial,,,,False,complete_expression_chaperone_immobilization_annotations,Length and C count only; solubility/TM/expression not predicted; K count only; surface accessibility and handles not established,213,,2,,,,,,computed_from_input_sequence_sha256,Length and C count only; solubility/TM/expression not predicted,,,,,,,,11,,,,,,,,K count only; surface accessibility and handles not established
A0A0T9KME1,A0A0T9KME1,,,,,,,,,,,,,,,partial,not_annotated,partial,,,,False,complete_expression_chaperone_immobilization_annotations,Length and C count only; solubility/TM/expression not predicted; K count only; surface accessibility and handles not established,118,,0,,,,,,computed_from_input_sequence_sha256,Length and C count only; solubility/TM/expression not predicted,,,,,,,,4,,,,,,,,K count only; surface accessibility and handles not established
A0A0T9RC84,A0A0T9RC84,,,,,,,,,,,,,,,partial,not_annotated,partial,,,,False,complete_expression_chaperone_immobilization_annotations,Length and C count only; solubility/TM/expression not predicted; K count only; surface accessibility and handles not established,352,,2,,,,,,computed_from_input_sequence_sha256,Length and C count only; solubility/TM/expression not predicted,,,,,,,,5,,,,,,,,K count only; surface accessibility and handles not established
A0ABM9XX67,A0ABM9XX67,,,,,,,,,,,,,,,partial,not_annotated,partial,,,,False,complete_expression_chaperone_immobilization_annotations,Length and C count only; solubility/TM/expression not predicted; K count only; surface accessibility and handles not established,194,,2,,,,,,computed_from_input_sequence_sha256,Length and C count only; solubility/TM/expression not predicted,,,,,,,,7,,,,,,,,K count only; surface accessibility and handles not established
A0A0T9KKM2,A0A0T9KKM2,,,,,,,,,,,,,,,partial,not_annotated,partial,,,,False,complete_expression_chaperone_immobilization_annotations,Length and C count only; solubility/TM/expression not predicted; K count only; surface accessibility and handles not established,192,,1,,,,,,computed_from_input_sequence_sha256,Length and C count only; solubility/TM/expression not predicted,,,,,,,,12,,,,,,,,K count only; surface accessibility and handles not established
A0ABM5PZP9,A0ABM5PZP9,,,,,,,,,,,,,,,partial,not_annotated,partial,,,,False,complete_expression_chaperone_immobilization_annotations,Length and C count only; solubility/TM/expression not predicted; K count only; surface accessibility and handles not established,154,,0,,,,,,computed_from_input_sequence_sha256,Length and C count only; solubility/TM/expression not predicted,,,,,,,,13,,,,,,,,K count only; surface accessibility and handles not established
A0ABP2EGX4,A0ABP2EGX4,,,,,,,,,,,,,,,partial,not_annotated,partial,,,,False,complete_expression_chaperone_immobilization_annotations,Length and C count only; solubility/TM/expression not predicted; K count only; surface accessibility and handles not established,378,,3,,,,,,computed_from_input_sequence_sha256,Length and C count only; solubility/TM/expression not predicted,,,,,,,,8,,,,,,,,K count only; surface accessibility and handles not established
A0AB73NNV4,A0AB73NNV4,,,,,,,,,,,,,,,partial,not_annotated,partial,,,,False,complete_expression_chaperone_immobilization_annotations,Length and C count only; solubility/TM/expression not predicted; K count only; surface accessibility and handles not established,211,,2,,,,,,computed_from_input_sequence_sha256,Length and C count only; solubility/TM/expression not predicted,,,,,,,,4,,,,,,,,K count only; surface accessibility and handles not established
A0A0T9PN75,A0A0T9PN75,,,,,,,,,,,,,,,partial,not_annotated,partial,,,,False,complete_expression_chaperone_immobilization_annotations,Length and C count only; solubility/TM/expression not predicted; K count only; surface accessibility and handles not established,406,,1,,,,,,computed_from_input_sequence_sha256,Length and C count only; solubility/TM/expression not predicted,,,,,,,,23,,,,,,,,K count only; surface accessibility and handles not established
A0AB72ZRU6,A0AB72ZRU6,,,,,,,,,,,,,,,partial,not_annotated,partial,,,,False,complete_expression_chaperone_immobilization_annotations,Length and C count only; solubility/TM/expression not predicted; K count only; surface accessibility and handles not established,283,,2,,,,,,computed_from_input_sequence_sha256,Length and C count only; solubility/TM/expression not predicted,,,,,,,,7,,,,,,,,K count only; surface accessibility and handles not established
A0ABW9EZJ2,A0ABW9EZJ2,,,,,,,,,,,,,,,partial,not_annotated,partial,,,,False,complete_expression_chaperone_immobilization_annotations,Length and C count only; solubility/TM/expression not predicted; K count only; surface accessibility and handles not established,369,,0,,,,,,computed_from_input_sequence_sha256,Length and C count only; solubility/TM/expression not predicted,,,,,,,,27,,,,,,,,K count only; surface accessibility and handles not established
A0AB73PN87,A0AB73PN87,,,,,,,,,,,,,,,partial,not_annotated,partial,,,,False,complete_expression_chaperone_immobilization_annotations,Length and C count only; solubility/TM/expression not predicted; K count only; surface accessibility and handles not established,206,,0,,,,,,computed_from_input_sequence_sha256,Length and C count only; solubility/TM/expression not predicted,,,,,,,,9,,,,,,,,K count only; surface accessibility and handles not established
A0A0T9RLI7,A0A0T9RLI7,,,,,,,,,,,,,,,partial,not_annotated,partial,,,,False,complete_expression_chaperone_immobilization_annotations,Length and C count only; solubility/TM/expression not predicted; K count only; surface accessibility and handles not established,364,,0,,,,,,computed_from_input_sequence_sha256,Length and C count only; solubility/TM/expression not predicted,,,,,,,,33,,,,,,,,K count only; surface accessibility and handles not established
A0ABM6BKQ9,A0ABM6BKQ9,,,,,,,,,,,,,,,partial,not_annotated,partial,,,,False,complete_expression_chaperone_immobilization_annotations,Length and C count only; solubility/TM/expression not predicted; K count only; surface accessibility and handles not established,387,,0,,,,,,computed_from_input_sequence_sha256,Length and C count only; solubility/TM/expression not predicted,,,,,,,,31,,,,,,,,K count only; surface accessibility and handles not established
A0A0T9KM28,A0A0T9KM28,,,,,,,,,,,,,,,partial,not_annotated,partial,,,,False,complete_expression_chaperone_immobilization_annotations,Length and C count only; solubility/TM/expression not predicted; K count only; surface accessibility and handles not established,368,,0,,,,,,computed_from_input_sequence_sha256,Length and C count only; solubility/TM/expression not predicted,,,,,,,,32,,,,,,,,K count only; surface accessibility and handles not established
A0ABM9SYN9,A0ABM9SYN9,,,,,,,,,,,,,,,partial,not_annotated,partial,,,,False,complete_expression_chaperone_immobilization_annotations,Length and C count only; solubility/TM/expression not predicted; K count only; surface accessibility and handles not established,366,,0,,,,,,computed_from_input_sequence_sha256,Length and C count only; solubility/TM/expression not predicted,,,,,,,,33,,,,,,,,K count only; surface accessibility and handles not established
Q66CW3,Q66CW3,,,,,,,,,,,,,,,partial,not_annotated,partial,,,,False,complete_expression_chaperone_immobilization_annotations,Length and C count only; solubility/TM/expression not predicted; K count only; surface accessibility and handles not established,238,,0,,,,,,computed_from_input_sequence_sha256,Length and C count only; solubility/TM/expression not predicted,,,,,,,,6,,,,,,,,K count only; surface accessibility and handles not established
A0AB73NNI1,A0AB73NNI1,,,,,,,,,,,,,,,partial,not_annotated,partial,,,,False,complete_expression_chaperone_immobilization_annotations,Length and C count only; solubility/TM/expression not predicted; K count only; surface accessibility and handles not established,302,,2,,,,,,computed_from_input_sequence_sha256,Length and C count only; solubility/TM/expression not predicted,,,,,,,,7,,,,,,,,K count only; surface accessibility and handles not established
Q66CW8,Q66CW8,,,,,,,,,,,,,,,partial,not_annotated,partial,,,,False,complete_expression_chaperone_immobilization_annotations,Length and C count only; solubility/TM/expression not predicted; K count only; surface accessibility and handles not established,351,,3,,,,,,computed_from_input_sequence_sha256,Length and C count only; solubility/TM/expression not predicted,,,,,,,,15,,,,,,,,K count only; surface accessibility and handles not established
A0ABM9TBF6,A0ABM9TBF6,,,,,,,,,,,,,,,partial,not_annotated,partial,,,,False,complete_expression_chaperone_immobilization_annotations,Length and C count only; solubility/TM/expression not predicted; K count only; surface accessibility and handles not established,353,,2,,,,,,computed_from_input_sequence_sha256,Length and C count only; solubility/TM/expression not predicted,,,,,,,,9,,,,,,,,K count only; surface accessibility and handles not established
A0AAW7K4V6,A0AAW7K4V6,,,,,,,,,,,,,,,partial,not_annotated,partial,,,,False,complete_expression_chaperone_immobilization_annotations,Length and C count only; solubility/TM/expression not predicted; K count only; surface accessibility and handles not established,219,,1,,,,,,computed_from_input_sequence_sha256,Length and C count only; solubility/TM/expression not predicted,,,,,,,,9,,,,,,,,K count only; surface accessibility and handles not established
A0ABM6UUY9,A0ABM6UUY9,,,,,,,,,,,,,,,partial,not_annotated,partial,,,,False,complete_expression_chaperone_immobilization_annotations,Length and C count only; solubility/TM/expression not predicted; K count only; surface accessibility and handles not established,378,,4,,,,,,computed_from_input_sequence_sha256,Length and C count only; solubility/TM/expression not predicted,,,,,,,,7,,,,,,,,K count only; surface accessibility and handles not established
A0ABM9SSJ6,A0ABM9SSJ6,,,,,,,,,,,,,,,partial,not_annotated,partial,,,,False,complete_expression_chaperone_immobilization_annotations,Length and C count only; solubility/TM/expression not predicted; K count only; surface accessibility and handles not established,270,,2,,,,,,computed_from_input_sequence_sha256,Length and C count only; solubility/TM/expression not predicted,,,,,,,,12,,,,,,,,K count only; surface accessibility and handles not established
A0ABM6BHZ0,A0ABM6BHZ0,,,,,,,,,,,,,,,partial,not_annotated,partial,,,,False,complete_expression_chaperone_immobilization_annotations,Length and C count only; solubility/TM/expression not predicted; K count only; surface accessibility and handles not established,166,,1,,,,,,computed_from_input_sequence_sha256,Length and C count only; solubility/TM/expression not predicted,,,,,,,,6,,,,,,,,K count only; surface accessibility and handles not established
A0A0T9P2Y6,A0A0T9P2Y6,,,,,,,,,,,,,,,partial,not_annotated,partial,,,,False,complete_expression_chaperone_immobilization_annotations,Length and C count only; solubility/TM/expression not predicted; K count only; surface accessibility and handles not established,162,,0,,,,,,computed_from_input_sequence_sha256,Length and C count only; solubility/TM/expression not predicted,,,,,,,,16,,,,,,,,K count only; surface accessibility and handles not established
A0ABM9TZ37,A0ABM9TZ37,,,,,,,,,,,,,,,partial,not_annotated,partial,,,,False,complete_expression_chaperone_immobilization_annotations,Length and C count only; solubility/TM/expression not predicted; K count only; surface accessibility and handles not established,114,,1,,,,,,computed_from_input_sequence_sha256,Length and C count only; solubility/TM/expression not predicted,,,,,,,,10,,,,,,,,K count only; surface accessibility and handles not established
A0AA36LM41,A0AA36LM41,,,,,,,,,,,,,,,partial,not_annotated,partial,,,,False,complete_expression_chaperone_immobilization_annotations,Length and C count only; solubility/TM/expression not predicted; K count only; surface accessibility and handles not established,127,,1,,,,,,computed_from_input_sequence_sha256,Length and C count only; solubility/TM/expression not predicted,,,,,,,,7,,,,,,,,K count only; surface accessibility and handles not established
A0ABP1ZYM0,A0ABP1ZYM0,,,,,,,,,,,,,,,partial,not_annotated,partial,,,,False,complete_expression_chaperone_immobilization_annotations,Length and C count only; solubility/TM/expression not predicted; K count only; surface accessibility and handles not established,357,,4,,,,,,computed_from_input_sequence_sha256,Length and C count only; solubility/TM/expression not predicted,,,,,,,,12,,,,,,,,K count only; surface accessibility and handles not established
A0A380QV68,A0A380QV68,,,,,,,,,,,,,,,partial,not_annotated,partial,,,,False,complete_expression_chaperone_immobilization_annotations,Length and C count only; solubility/TM/expression not predicted; K count only; surface accessibility and handles not established,156,,1,,,,,,computed_from_input_sequence_sha256,Length and C count only; solubility/TM/expression not predicted,,,,,,,,6,,,,,,,,K count only; surface accessibility and handles not established
A0A380QB56,A0A380QB56,,,,,,,,,,,,,,,partial,not_annotated,partial,,,,False,complete_expression_chaperone_immobilization_annotations,Length and C count only; solubility/TM/expression not predicted; K count only; surface accessibility and handles not established,150,,0,,,,,,computed_from_input_sequence_sha256,Length and C count only; solubility/TM/expression not predicted,,,,,,,,15,,,,,,,,K count only; surface accessibility and handles not established
A0ABP1Y4A2,A0ABP1Y4A2,,,,,,,,,,,,,,,partial,not_annotated,partial,,,,False,complete_expression_chaperone_immobilization_annotations,Length and C count only; solubility/TM/expression not predicted; K count only; surface accessibility and handles not established,167,,2,,,,,,computed_from_input_sequence_sha256,Length and C count only; solubility/TM/expression not predicted,,,,,,,,6,,,,,,,,K count only; surface accessibility and handles not established
A0AA44HZF8,A0AA44HZF8,,,,,,,,,,,,,,,partial,not_annotated,partial,,,,False,complete_expression_chaperone_immobilization_annotations,Length and C count only; solubility/TM/expression not predicted; K count only; surface accessibility and handles not established,188,,0,,,,,,computed_from_input_sequence_sha256,Length and C count only; solubility/TM/expression not predicted,,,,,,,,10,,,,,,,,K count only; surface accessibility and handles not established
A0ABM5Q168,A0ABM5Q168,,,,,,,,,,,,,,,partial,not_annotated,partial,,,,False,complete_expression_chaperone_immobilization_annotations,Length and C count only; solubility/TM/expression not predicted; K count only; surface accessibility and handles not established,351,,3,,,,,,computed_from_input_sequence_sha256,Length and C count only; solubility/TM/expression not predicted,,,,,,,,15,,,,,,,,K count only; surface accessibility and handles not established
A0A0T9UVB9,A0A0T9UVB9,,,,,,,,,,,,,,,partial,not_annotated,partial,,,,False,complete_expression_chaperone_immobilization_annotations,Length and C count only; solubility/TM/expression not predicted; K count only; surface accessibility and handles not established,366,,0,,,,,,computed_from_input_sequence_sha256,Length and C count only; solubility/TM/expression not predicted,,,,,,,,33,,,,,,,,K count only; surface accessibility and handles not established
A0A0K1H0L3,A0A0K1H0L3,,,,,,,,,,,,,,,partial,not_annotated,partial,,,,False,complete_expression_chaperone_immobilization_annotations,Length and C count only; solubility/TM/expression not predicted; K count only; surface accessibility and handles not established,375,,3,,,,,,computed_from_input_sequence_sha256,Length and C count only; solubility/TM/expression not predicted,,,,,,,,9,,,,,,,,K count only; surface accessibility and handles not established
A0AA44CIT3,A0AA44CIT3,,,,,,,,,,,,,,,partial,not_annotated,partial,,,,False,complete_expression_chaperone_immobilization_annotations,Length and C count only; solubility/TM/expression not predicted; K count only; surface accessibility and handles not established,196,,1,,,,,,computed_from_input_sequence_sha256,Length and C count only; solubility/TM/expression not predicted,,,,,,,,14,,,,,,,,K count only; surface accessibility and handles not established
A0ABM9SWE1,A0ABM9SWE1,,,,,,,,,,,,,,,partial,not_annotated,partial,,,,False,complete_expression_chaperone_immobilization_annotations,Length and C count only; solubility/TM/expression not predicted; K count only; surface accessibility and handles not established,94,,0,,,,,,computed_from_input_sequence_sha256,Length and C count only; solubility/TM/expression not predicted,,,,,,,,2,,,,,,,,K count only; surface accessibility and handles not established
A0A380PNK7,A0A380PNK7,,,,,,,,,,,,,,,partial,not_annotated,partial,,,,False,complete_expression_chaperone_immobilization_annotations,Length and C count only; solubility/TM/expression not predicted; K count only; surface accessibility and handles not established,368,,0,,,,,,computed_from_input_sequence_sha256,Length and C count only; solubility/TM/expression not predicted,,,,,,,,32,,,,,,,,K count only; surface accessibility and handles not established
A0A0T9RLY2,A0A0T9RLY2,,,,,,,,,,,,,,,partial,not_annotated,partial,,,,False,complete_expression_chaperone_immobilization_annotations,Length and C count only; solubility/TM/expression not predicted; K count only; surface accessibility and handles not established,211,,3,,,,,,computed_from_input_sequence_sha256,Length and C count only; solubility/TM/expression not predicted,,,,,,,,5,,,,,,,,K count only; surface accessibility and handles not established
A0AA36PKW6,A0AA36PKW6,,,,,,,,,,,,,,,partial,not_annotated,partial,,,,False,complete_expression_chaperone_immobilization_annotations,Length and C count only; solubility/TM/expression not predicted; K count only; surface accessibility and handles not established,302,,2,,,,,,computed_from_input_sequence_sha256,Length and C count only; solubility/TM/expression not predicted,,,,,,,,6,,,,,,,,K count only; surface accessibility and handles not established
A0A0T9UVI4,A0A0T9UVI4,,,,,,,,,,,,,,,partial,not_annotated,partial,,,,False,complete_expression_chaperone_immobilization_annotations,Length and C count only; solubility/TM/expression not predicted; K count only; surface accessibility and handles not established,211,,4,,,,,,computed_from_input_sequence_sha256,Length and C count only; solubility/TM/expression not predicted,,,,,,,,6,,,,,,,,K count only; surface accessibility and handles not established
A0AA36LMJ6,A0AA36LMJ6,,,,,,,,,,,,,,,partial,not_annotated,partial,,,,False,complete_expression_chaperone_immobilization_annotations,Length and C count only; solubility/TM/expression not predicted; K count only; surface accessibility and handles not established,378,,4,,,,,,computed_from_input_sequence_sha256,Length and C count only; solubility/TM/expression not predicted,,,,,,,,7,,,,,,,,K count only; surface accessibility and handles not established
A0ABX5QZN1,A0ABX5QZN1,,,,,,,,,,,,,,,partial,not_annotated,partial,,,,False,complete_expression_chaperone_immobilization_annotations,Length and C count only; solubility/TM/expression not predicted; K count only; surface accessibility and handles not established,80,,2,,,,,,computed_from_input_sequence_sha256,Length and C count only; solubility/TM/expression not predicted,,,,,,,,4,,,,,,,,K count only; surface accessibility and handles not established
A0A208ZGJ5,A0A208ZGJ5,,,,,,,,,,,,,,,partial,not_annotated,partial,,,,False,complete_expression_chaperone_immobilization_annotations,Length and C count only; solubility/TM/expression not predicted; K count only; surface accessibility and handles not established,205,,0,,,,,,computed_from_input_sequence_sha256,Length and C count only; solubility/TM/expression not predicted,,,,,,,,12,,,,,,,,K count only; surface accessibility and handles not established
A0A857F0P9,A0A857F0P9,,,,,,,,,,,,,,,partial,not_annotated,partial,,,,False,complete_expression_chaperone_immobilization_annotations,Length and C count only; solubility/TM/expression not predicted; K count only; surface accessibility and handles not established,213,,3,,,,,,computed_from_input_sequence_sha256,Length and C count only; solubility/TM/expression not predicted,,,,,,,,5,,,,,,,,K count only; surface accessibility and handles not established
A0A0T9KLZ3,A0A0T9KLZ3,,,,,,,,,,,,,,,partial,not_annotated,partial,,,,False,complete_expression_chaperone_immobilization_annotations,Length and C count only; solubility/TM/expression not predicted; K count only; surface accessibility and handles not established,315,,1,,,,,,computed_from_input_sequence_sha256,Length and C count only; solubility/TM/expression not predicted,,,,,,,,11,,,,,,,,K count only; surface accessibility and handles not established
A0A0T9TRJ0,A0A0T9TRJ0,,,,,,,,,,,,,,,partial,not_annotated,partial,,,,False,complete_expression_chaperone_immobilization_annotations,Length and C count only; solubility/TM/expression not predicted; K count only; surface accessibility and handles not established,302,,2,,,,,,computed_from_input_sequence_sha256,Length and C count only; solubility/TM/expression not predicted,,,,,,,,6,,,,,,,,K count only; surface accessibility and handles not established
A0ABM7ANH7,A0ABM7ANH7,,,,,,,,,,,,,,,partial,not_annotated,partial,,,,False,complete_expression_chaperone_immobilization_annotations,Length and C count only; solubility/TM/expression not predicted; K count only; surface accessibility and handles not established,153,,1,,,,,,computed_from_input_sequence_sha256,Length and C count only; solubility/TM/expression not predicted,,,,,,,,15,,,,,,,,K count only; surface accessibility and handles not established
A0ABN5RBQ6,A0ABN5RBQ6,,,,,,,,,,,,,,,partial,not_annotated,partial,,,,False,complete_expression_chaperone_immobilization_annotations,Length and C count only; solubility/TM/expression not predicted; K count only; surface accessibility and handles not established,468,,3,,,,,,computed_from_input_sequence_sha256,Length and C count only; solubility/TM/expression not predicted,,,,,,,,8,,,,,,,,K count only; surface accessibility and handles not established
A0A0T9RKV0,A0A0T9RKV0,,,,,,,,,,,,,,,partial,not_annotated,partial,,,,False,complete_expression_chaperone_immobilization_annotations,Length and C count only; solubility/TM/expression not predicted; K count only; surface accessibility and handles not established,138,,0,,,,,,computed_from_input_sequence_sha256,Length and C count only; solubility/TM/expression not predicted,,,,,,,,11,,,,,,,,K count only; surface accessibility and handles not established
A0A0T9UMV0,A0A0T9UMV0,,,,,,,,,,,,,,,partial,not_annotated,partial,,,,False,complete_expression_chaperone_immobilization_annotations,Length and C count only; solubility/TM/expression not predicted; K count only; surface accessibility and handles not established,302,,2,,,,,,computed_from_input_sequence_sha256,Length and C count only; solubility/TM/expression not predicted,,,,,,,,6,,,,,,,,K count only; surface accessibility and handles not established
A0ABX5QZY2,A0ABX5QZY2,,,,,,,,,,,,,,,partial,not_annotated,partial,,,,False,complete_expression_chaperone_immobilization_annotations,Length and C count only; solubility/TM/expression not predicted; K count only; surface accessibility and handles not established,213,,3,,,,,,computed_from_input_sequence_sha256,Length and C count only; solubility/TM/expression not predicted,,,,,,,,5,,,,,,,,K count only; surface accessibility and handles not established
A0A0T9KZA2,A0A0T9KZA2,,,,,,,,,,,,,,,partial,not_annotated,partial,,,,False,complete_expression_chaperone_immobilization_annotations,Length and C count only; solubility/TM/expression not predicted; K count only; surface accessibility and handles not established,378,,4,,,,,,computed_from_input_sequence_sha256,Length and C count only; solubility/TM/expression not predicted,,,,,,,,8,,,,,,,,K count only; surface accessibility and handles not established
A0AB72ZN12,A0AB72ZN12,,,,,,,,,,,,,,,partial,not_annotated,partial,,,,False,complete_expression_chaperone_immobilization_annotations,Length and C count only; solubility/TM/expression not predicted; K count only; surface accessibility and handles not established,259,,1,,,,,,computed_from_input_sequence_sha256,Length and C count only; solubility/TM/expression not predicted,,,,,,,,8,,,,,,,,K count only; surface accessibility and handles not established
A0ABN4F2B0,A0ABN4F2B0,,,,,,,,,,,,,,,partial,not_annotated,partial,,,,False,complete_expression_chaperone_immobilization_annotations,Length and C count only; solubility/TM/expression not predicted; K count only; surface accessibility and handles not established,67,,0,,,,,,computed_from_input_sequence_sha256,Length and C count only; solubility/TM/expression not predicted,,,,,,,,5,,,,,,,,K count only; surface accessibility and handles not established
A0ABN4PY35,A0ABN4PY35,,,,,,,,,,,,,,,partial,not_annotated,partial,,,,False,complete_expression_chaperone_immobilization_annotations,Length and C count only; solubility/TM/expression not predicted; K count only; surface accessibility and handles not established,213,,3,,,,,,computed_from_input_sequence_sha256,Length and C count only; solubility/TM/expression not predicted,,,,,,,,6,,,,,,,,K count only; surface accessibility and handles not established
A0A380PRL5,A0A380PRL5,,,,,,,,,,,,,,,partial,not_annotated,partial,,,,False,complete_expression_chaperone_immobilization_annotations,Length and C count only; solubility/TM/expression not predicted; K count only; surface accessibility and handles not established,378,,4,,,,,,computed_from_input_sequence_sha256,Length and C count only; solubility/TM/expression not predicted,,,,,,,,8,,,,,,,,K count only; surface accessibility and handles not established
A0ABM6UNY7,A0ABM6UNY7,,,,,,,,,,,,,,,partial,not_annotated,partial,,,,False,complete_expression_chaperone_immobilization_annotations,Length and C count only; solubility/TM/expression not predicted; K count only; surface accessibility and handles not established,302,,2,,,,,,computed_from_input_sequence_sha256,Length and C count only; solubility/TM/expression not predicted,,,,,,,,7,,,,,,,,K count only; surface accessibility and handles not established
A0A380PNL7,A0A380PNL7,,,,,,,,,,,,,,,partial,not_annotated,partial,,,,False,complete_expression_chaperone_immobilization_annotations,Length and C count only; solubility/TM/expression not predicted; K count only; surface accessibility and handles not established,118,,1,,,,,,computed_from_input_sequence_sha256,Length and C count only; solubility/TM/expression not predicted,,,,,,,,2,,,,,,,,K count only; surface accessibility and handles not established
A0A0T9UVN8,A0A0T9UVN8,,,,,,,,,,,,,,,partial,not_annotated,partial,,,,False,complete_expression_chaperone_immobilization_annotations,Length and C count only; solubility/TM/expression not predicted; K count only; surface accessibility and handles not established,163,,0,,,,,,computed_from_input_sequence_sha256,Length and C count only; solubility/TM/expression not predicted,,,,,,,,9,,,,,,,,K count only; surface accessibility and handles not established
A0A0T9QEH2,A0A0T9QEH2,,,,,,,,,,,,,,,partial,not_annotated,partial,,,,False,complete_expression_chaperone_immobilization_annotations,Length and C count only; solubility/TM/expression not predicted; K count only; surface accessibility and handles not established,116,,0,,,,,,computed_from_input_sequence_sha256,Length and C count only; solubility/TM/expression not predicted,,,,,,,,3,,,,,,,,K count only; surface accessibility and handles not established
A0A2R4NRD1,A0A2R4NRD1,,,,,,,,,,,,,,,partial,not_annotated,partial,,,,False,complete_expression_chaperone_immobilization_annotations,Length and C count only; solubility/TM/expression not predicted; K count only; surface accessibility and handles not established,207,,0,,,,,,computed_from_input_sequence_sha256,Length and C count only; solubility/TM/expression not predicted,,,,,,,,12,,,,,,,,K count only; surface accessibility and handles not established
A0AA36LLP1,A0AA36LLP1,,,,,,,,,,,,,,,partial,not_annotated,partial,,,,False,complete_expression_chaperone_immobilization_annotations,Length and C count only; solubility/TM/expression not predicted; K count only; surface accessibility and handles not established,212,,3,,,,,,computed_from_input_sequence_sha256,Length and C count only; solubility/TM/expression not predicted,,,,,,,,6,,,,,,,,K count only; surface accessibility and handles not established
A0AB73Q6N8,A0AB73Q6N8,,,,,,,,,,,,,,,partial,not_annotated,partial,,,,False,complete_expression_chaperone_immobilization_annotations,Length and C count only; solubility/TM/expression not predicted; K count only; surface accessibility and handles not established,156,,0,,,,,,computed_from_input_sequence_sha256,Length and C count only; solubility/TM/expression not predicted,,,,,,,,7,,,,,,,,K count only; surface accessibility and handles not established
A0ABW9EZD5,A0ABW9EZD5,,,,,,,,,,,,,,,partial,not_annotated,partial,,,,False,complete_expression_chaperone_immobilization_annotations,Length and C count only; solubility/TM/expression not predicted; K count only; surface accessibility and handles not established,302,,2,,,,,,computed_from_input_sequence_sha256,Length and C count only; solubility/TM/expression not predicted,,,,,,,,4,,,,,,,,K count only; surface accessibility and handles not established
A0ABM9TKC9,A0ABM9TKC9,,,,,,,,,,,,,,,partial,not_annotated,partial,,,,False,complete_expression_chaperone_immobilization_annotations,Length and C count only; solubility/TM/expression not predicted; K count only; surface accessibility and handles not established,117,,0,,,,,,computed_from_input_sequence_sha256,Length and C count only; solubility/TM/expression not predicted,,,,,,,,3,,,,,,,,K count only; surface accessibility and handles not established
A0ABX5QX18,A0ABX5QX18,,,,,,,,,,,,,,,partial,not_annotated,partial,,,,False,complete_expression_chaperone_immobilization_annotations,Length and C count only; solubility/TM/expression not predicted; K count only; surface accessibility and handles not established,216,,2,,,,,,computed_from_input_sequence_sha256,Length and C count only; solubility/TM/expression not predicted,,,,,,,,11,,,,,,,,K count only; surface accessibility and handles not established
A0AAV3BF90,A0AAV3BF90,,,,,,,,,,,,,,,partial,not_annotated,partial,,,,False,complete_expression_chaperone_immobilization_annotations,Length and C count only; solubility/TM/expression not predicted; K count only; surface accessibility and handles not established,139,,0,,,,,,computed_from_input_sequence_sha256,Length and C count only; solubility/TM/expression not predicted,,,,,,,,14,,,,,,,,K count only; surface accessibility and handles not established
A0A0T9QWS2,A0A0T9QWS2,,,,,,,,,,,,,,,partial,not_annotated,partial,,,,False,complete_expression_chaperone_immobilization_annotations,Length and C count only; solubility/TM/expression not predicted; K count only; surface accessibility and handles not established,172,,1,,,,,,computed_from_input_sequence_sha256,Length and C count only; solubility/TM/expression not predicted,,,,,,,,3,,,,,,,,K count only; surface accessibility and handles not established
A0ABP1YDG7,A0ABP1YDG7,,,,,,,,,,,,,,,partial,not_annotated,partial,,,,False,complete_expression_chaperone_immobilization_annotations,Length and C count only; solubility/TM/expression not predicted; K count only; surface accessibility and handles not established,178,,3,,,,,,computed_from_input_sequence_sha256,Length and C count only; solubility/TM/expression not predicted,,,,,,,,4,,,,,,,,K count only; surface accessibility and handles not established
A0ABR4W6J9,A0ABR4W6J9,,,,,,,,,,,,,,,partial,not_annotated,partial,,,,False,complete_expression_chaperone_immobilization_annotations,Length and C count only; solubility/TM/expression not predicted; K count only; surface accessibility and handles not established,192,,1,,,,,,computed_from_input_sequence_sha256,Length and C count only; solubility/TM/expression not predicted,,,,,,,,13,,,,,,,,K count only; surface accessibility and handles not established
A0A0T9UVJ2,A0A0T9UVJ2,,,,,,,,,,,,,,,partial,not_annotated,partial,,,,False,complete_expression_chaperone_immobilization_annotations,Length and C count only; solubility/TM/expression not predicted; K count only; surface accessibility and handles not established,163,,3,,,,,,computed_from_input_sequence_sha256,Length and C count only; solubility/TM/expression not predicted,,,,,,,,5,,,,,,,,K count only; surface accessibility and handles not established
A0A0T9RMJ4,A0A0T9RMJ4,,,,,,,,,,,,,,,partial,not_annotated,partial,,,,False,complete_expression_chaperone_immobilization_annotations,Length and C count only; solubility/TM/expression not predicted; K count only; surface accessibility and handles not established,119,,1,,,,,,computed_from_input_sequence_sha256,Length and C count only; solubility/TM/expression not predicted,,,,,,,,5,,,,,,,,K count only; surface accessibility and handles not established
A0A0T9RLS7,A0A0T9RLS7,,,,,,,,,,,,,,,partial,not_annotated,partial,,,,False,complete_expression_chaperone_immobilization_annotations,Length and C count only; solubility/TM/expression not predicted; K count only; surface accessibility and handles not established,118,,0,,,,,,computed_from_input_sequence_sha256,Length and C count only; solubility/TM/expression not predicted,,,,,,,,3,,,,,,,,K count only; surface accessibility and handles not established
A0ABP1YU38,A0ABP1YU38,,,,,,,,,,,,,,,partial,not_annotated,partial,,,,False,complete_expression_chaperone_immobilization_annotations,Length and C count only; solubility/TM/expression not predicted; K count only; surface accessibility and handles not established,213,,4,,,,,,computed_from_input_sequence_sha256,Length and C count only; solubility/TM/expression not predicted,,,,,,,,7,,,,,,,,K count only; surface accessibility and handles not established
A0A0T9UMT9,A0A0T9UMT9,,,,,,,,,,,,,,,partial,not_annotated,partial,,,,False,complete_expression_chaperone_immobilization_annotations,Length and C count only; solubility/TM/expression not predicted; K count only; surface accessibility and handles not established,204,,0,,,,,,computed_from_input_sequence_sha256,Length and C count only; solubility/TM/expression not predicted,,,,,,,,8,,,,,,,,K count only; surface accessibility and handles not established
A0ABN4PP01,A0ABN4PP01,,,,,,,,,,,,,,,partial,not_annotated,partial,,,,False,complete_expression_chaperone_immobilization_annotations,Length and C count only; solubility/TM/expression not predicted; K count only; surface accessibility and handles not established,140,,0,,,,,,computed_from_input_sequence_sha256,Length and C count only; solubility/TM/expression not predicted,,,,,,,,11,,,,,,,,K count only; surface accessibility and handles not established
A0A0T9QQ84,A0A0T9QQ84,,,,,,,,,,,,,,,partial,not_annotated,partial,,,,False,complete_expression_chaperone_immobilization_annotations,Length and C count only; solubility/TM/expression not predicted; K count only; surface accessibility and handles not established,115,,2,,,,,,computed_from_input_sequence_sha256,Length and C count only; solubility/TM/expression not predicted,,,,,,,,11,,,,,,,,K count only; surface accessibility and handles not established
A0A0H5LRG1,A0A0H5LRG1,,,,,,,,,,,,,,,partial,not_annotated,partial,,,,False,complete_expression_chaperone_immobilization_annotations,Length and C count only; solubility/TM/expression not predicted; K count only; surface accessibility and handles not established,302,,2,,,,,,computed_from_input_sequence_sha256,Length and C count only; solubility/TM/expression not predicted,,,,,,,,4,,,,,,,,K count only; surface accessibility and handles not established
A0A0H5LRI4,A0A0H5LRI4,,,,,,,,,,,,,,,partial,not_annotated,partial,,,,False,complete_expression_chaperone_immobilization_annotations,Length and C count only; solubility/TM/expression not predicted; K count only; surface accessibility and handles not established,212,,3,,,,,,computed_from_input_sequence_sha256,Length and C count only; solubility/TM/expression not predicted,,,,,,,,7,,,,,,,,K count only; surface accessibility and handles not established
A0A0T9QYU5,A0A0T9QYU5,,,,,,,,,,,,,,,partial,not_annotated,partial,,,,False,complete_expression_chaperone_immobilization_annotations,Length and C count only; solubility/TM/expression not predicted; K count only; surface accessibility and handles not established,216,,2,,,,,,computed_from_input_sequence_sha256,Length and C count only; solubility/TM/expression not predicted,,,,,,,,9,,,,,,,,K count only; surface accessibility and handles not established
A0A0T9KZ32,A0A0T9KZ32,,,,,,,,,,,,,,,partial,not_annotated,partial,,,,False,complete_expression_chaperone_immobilization_annotations,Length and C count only; solubility/TM/expression not predicted; K count only; surface accessibility and handles not established,468,,3,,,,,,computed_from_input_sequence_sha256,Length and C count only; solubility/TM/expression not predicted,,,,,,,,7,,,,,,,,K count only; surface accessibility and handles not established
A0A2G4U3T2,A0A2G4U3T2,,,,,,,,,,,,,,,partial,not_annotated,partial,,,,False,complete_expression_chaperone_immobilization_annotations,Length and C count only; solubility/TM/expression not predicted; K count only; surface accessibility and handles not established,207,,0,,,,,,computed_from_input_sequence_sha256,Length and C count only; solubility/TM/expression not predicted,,,,,,,,15,,,,,,,,K count only; surface accessibility and handles not established
A0A0U1HXL6,A0A0U1HXL6,,,,,,,,,,,,,,,partial,not_annotated,partial,,,,False,complete_expression_chaperone_immobilization_annotations,Length and C count only; solubility/TM/expression not predicted; K count only; surface accessibility and handles not established,108,,0,,,,,,computed_from_input_sequence_sha256,Length and C count only; solubility/TM/expression not predicted,,,,,,,,10,,,,,,,,K count only; surface accessibility and handles not established
A0ABN4PNK0,A0ABN4PNK0,,,,,,,,,,,,,,,partial,not_annotated,partial,,,,False,complete_expression_chaperone_immobilization_annotations,Length and C count only; solubility/TM/expression not predicted; K count only; surface accessibility and handles not established,625,,10,,,,,,computed_from_input_sequence_sha256,Length and C count only; solubility/TM/expression not predicted,,,,,,,,40,,,,,,,,K count only; surface accessibility and handles not established
A0AA44CMJ2,A0AA44CMJ2,,,,,,,,,,,,,,,partial,not_annotated,partial,,,,False,complete_expression_chaperone_immobilization_annotations,Length and C count only; solubility/TM/expression not predicted; K count only; surface accessibility and handles not established,198,,1,,,,,,computed_from_input_sequence_sha256,Length and C count only; solubility/TM/expression not predicted,,,,,,,,13,,,,,,,,K count only; surface accessibility and handles not established
A0A0T9RLV1,A0A0T9RLV1,,,,,,,,,,,,,,,partial,not_annotated,partial,,,,False,complete_expression_chaperone_immobilization_annotations,Length and C count only; solubility/TM/expression not predicted; K count only; surface accessibility and handles not established,153,,1,,,,,,computed_from_input_sequence_sha256,Length and C count only; solubility/TM/expression not predicted,,,,,,,,14,,,,,,,,K count only; surface accessibility and handles not established
A0AA36LNC2,A0AA36LNC2,,,,,,,,,,,,,,,partial,not_annotated,partial,,,,False,complete_expression_chaperone_immobilization_annotations,Length and C count only; solubility/TM/expression not predicted; K count only; surface accessibility and handles not established,146,,0,,,,,,computed_from_input_sequence_sha256,Length and C count only; solubility/TM/expression not predicted,,,,,,,,12,,,,,,,,K count only; surface accessibility and handles not established
A0A0T9RPC1,A0A0T9RPC1,,,,,,,,,,,,,,,partial,not_annotated,partial,,,,False,complete_expression_chaperone_immobilization_annotations,Length and C count only; solubility/TM/expression not predicted; K count only; surface accessibility and handles not established,195,,3,,,,,,computed_from_input_sequence_sha256,Length and C count only; solubility/TM/expression not predicted,,,,,,,,4,,,,,,,,K count only; surface accessibility and handles not established
A0AA36LUV4,A0AA36LUV4,,,,,,,,,,,,,,,partial,not_annotated,partial,,,,False,complete_expression_chaperone_immobilization_annotations,Length and C count only; solubility/TM/expression not predicted; K count only; surface accessibility and handles not established,213,,3,,,,,,computed_from_input_sequence_sha256,Length and C count only; solubility/TM/expression not predicted,,,,,,,,4,,,,,,,,K count only; surface accessibility and handles not established
A0A0H3B0N5,A0A0H3B0N5,,,,,,,,,,,,,,,partial,not_annotated,partial,,,,False,complete_expression_chaperone_immobilization_annotations,Length and C count only; solubility/TM/expression not predicted; K count only; surface accessibility and handles not established,394,,2,,,,,,computed_from_input_sequence_sha256,Length and C count only; solubility/TM/expression not predicted,,,,,,,,7,,,,,,,,K count only; surface accessibility and handles not established
A0ABP1YU19,A0ABP1YU19,,,,,,,,,,,,,,,partial,not_annotated,partial,,,,False,complete_expression_chaperone_immobilization_annotations,Length and C count only; solubility/TM/expression not predicted; K count only; surface accessibility and handles not established,198,,0,,,,,,computed_from_input_sequence_sha256,Length and C count only; solubility/TM/expression not predicted,,,,,,,,8,,,,,,,,K count only; surface accessibility and handles not established
A0A0T9KKL7,A0A0T9KKL7,,,,,,,,,,,,,,,partial,not_annotated,partial,,,,False,complete_expression_chaperone_immobilization_annotations,Length and C count only; solubility/TM/expression not predicted; K count only; surface accessibility and handles not established,145,,0,,,,,,computed_from_input_sequence_sha256,Length and C count only; solubility/TM/expression not predicted,,,,,,,,3,,,,,,,,K count only; surface accessibility and handles not established
A0ABP2E0A1,A0ABP2E0A1,,,,,,,,,,,,,,,partial,not_annotated,partial,,,,False,complete_expression_chaperone_immobilization_annotations,Length and C count only; solubility/TM/expression not predicted; K count only; surface accessibility and handles not established,86,,1,,,,,,computed_from_input_sequence_sha256,Length and C count only; solubility/TM/expression not predicted,,,,,,,,3,,,,,,,,K count only; surface accessibility and handles not established
A0ABW9EZ05,A0ABW9EZ05,,,,,,,,,,,,,,,partial,not_annotated,partial,,,,False,complete_expression_chaperone_immobilization_annotations,Length and C count only; solubility/TM/expression not predicted; K count only; surface accessibility and handles not established,212,,3,,,,,,computed_from_input_sequence_sha256,Length and C count only; solubility/TM/expression not predicted,,,,,,,,6,,,,,,,,K count only; surface accessibility and handles not established
A0ABM6UY29,A0ABM6UY29,,,,,,,,,,,,,,,partial,not_annotated,partial,,,,False,complete_expression_chaperone_immobilization_annotations,Length and C count only; solubility/TM/expression not predicted; K count only; surface accessibility and handles not established,198,,2,,,,,,computed_from_input_sequence_sha256,Length and C count only; solubility/TM/expression not predicted,,,,,,,,11,,,,,,,,K count only; surface accessibility and handles not established
A0A380PUP1,A0A380PUP1,,,,,,,,,,,,,,,partial,not_annotated,partial,,,,False,complete_expression_chaperone_immobilization_annotations,Length and C count only; solubility/TM/expression not predicted; K count only; surface accessibility and handles not established,188,,0,,,,,,computed_from_input_sequence_sha256,Length and C count only; solubility/TM/expression not predicted,,,,,,,,12,,,,,,,,K count only; surface accessibility and handles not established
A0A380QEC0,A0A380QEC0,,,,,,,,,,,,,,,partial,not_annotated,partial,,,,False,complete_expression_chaperone_immobilization_annotations,Length and C count only; solubility/TM/expression not predicted; K count only; surface accessibility and handles not established,116,,1,,,,,,computed_from_input_sequence_sha256,Length and C count only; solubility/TM/expression not predicted,,,,,,,,4,,,,,,,,K count only; surface accessibility and handles not established
A0A857EZE8,A0A857EZE8,,,,,,,,,,,,,,,partial,not_annotated,partial,,,,False,complete_expression_chaperone_immobilization_annotations,Length and C count only; solubility/TM/expression not predicted; K count only; surface accessibility and handles not established,139,,0,,,,,,computed_from_input_sequence_sha256,Length and C count only; solubility/TM/expression not predicted,,,,,,,,10,,,,,,,,K count only; surface accessibility and handles not established
A0A3G5LJP4,A0A3G5LJP4,,,,,,,,,,,,,,,partial,not_annotated,partial,,,,False,complete_expression_chaperone_immobilization_annotations,Length and C count only; solubility/TM/expression not predicted; K count only; surface accessibility and handles not established,202,,1,,,,,,computed_from_input_sequence_sha256,Length and C count only; solubility/TM/expression not predicted,,,,,,,,14,,,,,,,,K count only; surface accessibility and handles not established
A0A085U312,A0A085U312,,,,,,,,,,,,,,,partial,not_annotated,partial,,,,False,complete_expression_chaperone_immobilization_annotations,Length and C count only; solubility/TM/expression not predicted; K count only; surface accessibility and handles not established,318,,1,,,,,,computed_from_input_sequence_sha256,Length and C count only; solubility/TM/expression not predicted,,,,,,,,18,,,,,,,,K count only; surface accessibility and handles not established
A0ABM6BL24,A0ABM6BL24,,,,,,,,,,,,,,,partial,not_annotated,partial,,,,False,complete_expression_chaperone_immobilization_annotations,Length and C count only; solubility/TM/expression not predicted; K count only; surface accessibility and handles not established,196,,2,,,,,,computed_from_input_sequence_sha256,Length and C count only; solubility/TM/expression not predicted,,,,,,,,7,,,,,,,,K count only; surface accessibility and handles not established
A0ABM9SU56,A0ABM9SU56,,,,,,,,,,,,,,,partial,not_annotated,partial,,,,False,complete_expression_chaperone_immobilization_annotations,Length and C count only; solubility/TM/expression not predicted; K count only; surface accessibility and handles not established,155,,0,,,,,,computed_from_input_sequence_sha256,Length and C count only; solubility/TM/expression not predicted,,,,,,,,8,,,,,,,,K count only; surface accessibility and handles not established
A0ABM5Q170,A0ABM5Q170,,,,,,,,,,,,,,,partial,not_annotated,partial,,,,False,complete_expression_chaperone_immobilization_annotations,Length and C count only; solubility/TM/expression not predicted; K count only; surface accessibility and handles not established,154,,1,,,,,,computed_from_input_sequence_sha256,Length and C count only; solubility/TM/expression not predicted,,,,,,,,14,,,,,,,,K count only; surface accessibility and handles not established
A0ABM6BR49,A0ABM6BR49,,,,,,,,,,,,,,,partial,not_annotated,partial,,,,False,complete_expression_chaperone_immobilization_annotations,Length and C count only; solubility/TM/expression not predicted; K count only; surface accessibility and handles not established,140,,0,,,,,,computed_from_input_sequence_sha256,Length and C count only; solubility/TM/expression not predicted,,,,,,,,12,,,,,,,,K count only; surface accessibility and handles not established
A0A0T9QWQ1,A0A0T9QWQ1,,,,,,,,,,,,,,,partial,not_annotated,partial,,,,False,complete_expression_chaperone_immobilization_annotations,Length and C count only; solubility/TM/expression not predicted; K count only; surface accessibility and handles not established,196,,1,,,,,,computed_from_input_sequence_sha256,Length and C count only; solubility/TM/expression not predicted,,,,,,,,4,,,,,,,,K count only; surface accessibility and handles not established
A0A0H2YGI6,A0A0H2YGI6,,,,,,,,,,,,,,,partial,not_annotated,partial,,,,False,complete_expression_chaperone_immobilization_annotations,Length and C count only; solubility/TM/expression not predicted; K count only; surface accessibility and handles not established,139,,0,,,,,,computed_from_input_sequence_sha256,Length and C count only; solubility/TM/expression not predicted,,,,,,,,14,,,,,,,,K count only; surface accessibility and handles not established
A0A0H3B4F8,A0A0H3B4F8,,,,,,,,,,,,,,,partial,not_annotated,partial,,,,False,complete_expression_chaperone_immobilization_annotations,Length and C count only; solubility/TM/expression not predicted; K count only; surface accessibility and handles not established,119,,1,,,,,,computed_from_input_sequence_sha256,Length and C count only; solubility/TM/expression not predicted,,,,,,,,3,,,,,,,,K count only; surface accessibility and handles not established
A0AB73P3H5,A0AB73P3H5,,,,,,,,,,,,,,,partial,not_annotated,partial,,,,False,complete_expression_chaperone_immobilization_annotations,Length and C count only; solubility/TM/expression not predicted; K count only; surface accessibility and handles not established,211,,3,,,,,,computed_from_input_sequence_sha256,Length and C count only; solubility/TM/expression not predicted,,,,,,,,7,,,,,,,,K count only; surface accessibility and handles not established
A0A0T9JTP2,A0A0T9JTP2,,,,,,,,,,,,,,,partial,not_annotated,partial,,,,False,complete_expression_chaperone_immobilization_annotations,Length and C count only; solubility/TM/expression not predicted; K count only; surface accessibility and handles not established,302,,2,,,,,,computed_from_input_sequence_sha256,Length and C count only; solubility/TM/expression not predicted,,,,,,,,4,,,,,,,,K count only; surface accessibility and handles not established
A0A0T9R7L9,A0A0T9R7L9,,,,,,,,,,,,,,,partial,not_annotated,partial,,,,False,complete_expression_chaperone_immobilization_annotations,Length and C count only; solubility/TM/expression not predicted; K count only; surface accessibility and handles not established,137,,2,,,,,,computed_from_input_sequence_sha256,Length and C count only; solubility/TM/expression not predicted,,,,,,,,7,,,,,,,,K count only; surface accessibility and handles not established
A0A0H3AZK0,A0A0H3AZK0,,,,,,,,,,,,,,,partial,not_annotated,partial,,,,False,complete_expression_chaperone_immobilization_annotations,Length and C count only; solubility/TM/expression not predicted; K count only; surface accessibility and handles not established,216,,2,,,,,,computed_from_input_sequence_sha256,Length and C count only; solubility/TM/expression not predicted,,,,,,,,10,,,,,,,,K count only; surface accessibility and handles not established
A0A0T9TSE5,A0A0T9TSE5,,,,,,,,,,,,,,,partial,not_annotated,partial,,,,False,complete_expression_chaperone_immobilization_annotations,Length and C count only; solubility/TM/expression not predicted; K count only; surface accessibility and handles not established,116,,0,,,,,,computed_from_input_sequence_sha256,Length and C count only; solubility/TM/expression not predicted,,,,,,,,2,,,,,,,,K count only; surface accessibility and handles not established
A0AB72ZFA0,A0AB72ZFA0,,,,,,,,,,,,,,,partial,not_annotated,partial,,,,False,complete_expression_chaperone_immobilization_annotations,Length and C count only; solubility/TM/expression not predicted; K count only; surface accessibility and handles not established,81,,0,,,,,,computed_from_input_sequence_sha256,Length and C count only; solubility/TM/expression not predicted,,,,,,,,4,,,,,,,,K count only; surface accessibility and handles not established
A0ABM7ANY7,A0ABM7ANY7,,,,,,,,,,,,,,,partial,not_annotated,partial,,,,False,complete_expression_chaperone_immobilization_annotations,Length and C count only; solubility/TM/expression not predicted; K count only; surface accessibility and handles not established,132,,2,,,,,,computed_from_input_sequence_sha256,Length and C count only; solubility/TM/expression not predicted,,,,,,,,10,,,,,,,,K count only; surface accessibility and handles not established
A0AA36LKR2,A0AA36LKR2,,,,,,,,,,,,,,,partial,not_annotated,partial,,,,False,complete_expression_chaperone_immobilization_annotations,Length and C count only; solubility/TM/expression not predicted; K count only; surface accessibility and handles not established,302,,3,,,,,,computed_from_input_sequence_sha256,Length and C count only; solubility/TM/expression not predicted,,,,,,,,6,,,,,,,,K count only; surface accessibility and handles not established
A0ABN5RAB4,A0ABN5RAB4,,,,,,,,,,,,,,,partial,not_annotated,partial,,,,False,complete_expression_chaperone_immobilization_annotations,Length and C count only; solubility/TM/expression not predicted; K count only; surface accessibility and handles not established,302,,2,,,,,,computed_from_input_sequence_sha256,Length and C count only; solubility/TM/expression not predicted,,,,,,,,4,,,,,,,,K count only; surface accessibility and handles not established
A0A380Q790,A0A380Q790,,,,,,,,,,,,,,,partial,not_annotated,partial,,,,False,complete_expression_chaperone_immobilization_annotations,Length and C count only; solubility/TM/expression not predicted; K count only; surface accessibility and handles not established,66,,2,,,,,,computed_from_input_sequence_sha256,Length and C count only; solubility/TM/expression not predicted,,,,,,,,0,,,,,,,,K count only; surface accessibility and handles not established
A0ABX6FDR8,A0ABX6FDR8,,,,,,,,,,,,,,,partial,not_annotated,partial,,,,False,complete_expression_chaperone_immobilization_annotations,Length and C count only; solubility/TM/expression not predicted; K count only; surface accessibility and handles not established,141,,0,,,,,,computed_from_input_sequence_sha256,Length and C count only; solubility/TM/expression not predicted,,,,,,,,9,,,,,,,,K count only; surface accessibility and handles not established
A0A2G4U6F2,A0A2G4U6F2,,,,,,,,,,,,,,,partial,not_annotated,partial,,,,False,complete_expression_chaperone_immobilization_annotations,Length and C count only; solubility/TM/expression not predicted; K count only; surface accessibility and handles not established,302,,2,,,,,,computed_from_input_sequence_sha256,Length and C count only; solubility/TM/expression not predicted,,,,,,,,6,,,,,,,,K count only; surface accessibility and handles not established
A0A0T9QH70,A0A0T9QH70,,,,,,,,,,,,,,,partial,not_annotated,partial,,,,False,complete_expression_chaperone_immobilization_annotations,Length and C count only; solubility/TM/expression not predicted; K count only; surface accessibility and handles not established,82,,0,,,,,,computed_from_input_sequence_sha256,Length and C count only; solubility/TM/expression not predicted,,,,,,,,4,,,,,,,,K count only; surface accessibility and handles not established
A0A0H3B283,A0A0H3B283,,,,,,,,,,,,,,,partial,not_annotated,partial,,,,False,complete_expression_chaperone_immobilization_annotations,Length and C count only; solubility/TM/expression not predicted; K count only; surface accessibility and handles not established,142,,1,,,,,,computed_from_input_sequence_sha256,Length and C count only; solubility/TM/expression not predicted,,,,,,,,11,,,,,,,,K count only; surface accessibility and handles not established
A0ABN5RAC2,A0ABN5RAC2,,,,,,,,,,,,,,,partial,not_annotated,partial,,,,False,complete_expression_chaperone_immobilization_annotations,Length and C count only; solubility/TM/expression not predicted; K count only; surface accessibility and handles not established,232,,3,,,,,,computed_from_input_sequence_sha256,Length and C count only; solubility/TM/expression not predicted,,,,,,,,5,,,,,,,,K count only; surface accessibility and handles not established
A0A0T9JTR0,A0A0T9JTR0,,,,,,,,,,,,,,,partial,not_annotated,partial,,,,False,complete_expression_chaperone_immobilization_annotations,Length and C count only; solubility/TM/expression not predicted; K count only; surface accessibility and handles not established,118,,0,,,,,,computed_from_input_sequence_sha256,Length and C count only; solubility/TM/expression not predicted,,,,,,,,3,,,,,,,,K count only; surface accessibility and handles not established
A0AA44CKU8,A0AA44CKU8,,,,,,,,,,,,,,,partial,not_annotated,partial,,,,False,complete_expression_chaperone_immobilization_annotations,Length and C count only; solubility/TM/expression not predicted; K count only; surface accessibility and handles not established,163,,0,,,,,,computed_from_input_sequence_sha256,Length and C count only; solubility/TM/expression not predicted,,,,,,,,5,,,,,,,,K count only; surface accessibility and handles not established
A0ABN4CUU3,A0ABN4CUU3,,,,,,,,,,,,,,,partial,not_annotated,partial,,,,False,complete_expression_chaperone_immobilization_annotations,Length and C count only; solubility/TM/expression not predicted; K count only; surface accessibility and handles not established,78,,0,,,,,,computed_from_input_sequence_sha256,Length and C count only; solubility/TM/expression not predicted,,,,,,,,8,,,,,,,,K count only; surface accessibility and handles not established
A0ABR4VWZ7,A0ABR4VWZ7,,,,,,,,,,,,,,,partial,not_annotated,partial,,,,False,complete_expression_chaperone_immobilization_annotations,Length and C count only; solubility/TM/expression not predicted; K count only; surface accessibility and handles not established,302,,2,,,,,,computed_from_input_sequence_sha256,Length and C count only; solubility/TM/expression not predicted,,,,,,,,3,,,,,,,,K count only; surface accessibility and handles not established
A0A0T9RSX1,A0A0T9RSX1,,,,,,,,,,,,,,,partial,not_annotated,partial,,,,False,complete_expression_chaperone_immobilization_annotations,Length and C count only; solubility/TM/expression not predicted; K count only; surface accessibility and handles not established,80,,0,,,,,,computed_from_input_sequence_sha256,Length and C count only; solubility/TM/expression not predicted,,,,,,,,5,,,,,,,,K count only; surface accessibility and handles not established
A0A0T9QZG9,A0A0T9QZG9,,,,,,,,,,,,,,,partial,not_annotated,partial,,,,False,complete_expression_chaperone_immobilization_annotations,Length and C count only; solubility/TM/expression not predicted; K count only; surface accessibility and handles not established,353,,2,,,,,,computed_from_input_sequence_sha256,Length and C count only; solubility/TM/expression not predicted,,,,,,,,8,,,,,,,,K count only; surface accessibility and handles not established
A0ABY5ULB5,A0ABY5ULB5,,,,,,,,,,,,,,,partial,not_annotated,partial,,,,False,complete_expression_chaperone_immobilization_annotations,Length and C count only; solubility/TM/expression not predicted; K count only; surface accessibility and handles not established,157,,2,,,,,,computed_from_input_sequence_sha256,Length and C count only; solubility/TM/expression not predicted,,,,,,,,7,,,,,,,,K count only; surface accessibility and handles not established
A0A0T9KM84,A0A0T9KM84,,,,,,,,,,,,,,,partial,not_annotated,partial,,,,False,complete_expression_chaperone_immobilization_annotations,Length and C count only; solubility/TM/expression not predicted; K count only; surface accessibility and handles not established,89,,0,,,,,,computed_from_input_sequence_sha256,Length and C count only; solubility/TM/expression not predicted,,,,,,,,3,,,,,,,,K count only; surface accessibility and handles not established
A0A0T9QVI5,A0A0T9QVI5,,,,,,,,,,,,,,,partial,not_annotated,partial,,,,False,complete_expression_chaperone_immobilization_annotations,Length and C count only; solubility/TM/expression not predicted; K count only; surface accessibility and handles not established,140,,1,,,,,,computed_from_input_sequence_sha256,Length and C count only; solubility/TM/expression not predicted,,,,,,,,3,,,,,,,,K count only; surface accessibility and handles not established
A0A0T9RG16,A0A0T9RG16,,,,,,,,,,,,,,,partial,not_annotated,partial,,,,False,complete_expression_chaperone_immobilization_annotations,Length and C count only; solubility/TM/expression not predicted; K count only; surface accessibility and handles not established,116,,0,,,,,,computed_from_input_sequence_sha256,Length and C count only; solubility/TM/expression not predicted,,,,,,,,4,,,,,,,,K count only; surface accessibility and handles not established
A0ABP2ECT0,A0ABP2ECT0,,,,,,,,,,,,,,,partial,not_annotated,partial,,,,False,complete_expression_chaperone_immobilization_annotations,Length and C count only; solubility/TM/expression not predicted; K count only; surface accessibility and handles not established,130,,0,,,,,,computed_from_input_sequence_sha256,Length and C count only; solubility/TM/expression not predicted,,,,,,,,8,,,,,,,,K count only; surface accessibility and handles not established
A0ABM9SZ17,A0ABM9SZ17,,,,,,,,,,,,,,,partial,not_annotated,partial,,,,False,complete_expression_chaperone_immobilization_annotations,Length and C count only; solubility/TM/expression not predicted; K count only; surface accessibility and handles not established,110,,0,,,,,,computed_from_input_sequence_sha256,Length and C count only; solubility/TM/expression not predicted,,,,,,,,2,,,,,,,,K count only; surface accessibility and handles not established
A0A0E1NQK2,A0A0E1NQK2,,,,,,,,,,,,,,,partial,not_annotated,partial,,,,False,complete_expression_chaperone_immobilization_annotations,Length and C count only; solubility/TM/expression not predicted; K count only; surface accessibility and handles not established,202,,1,,,,,,computed_from_input_sequence_sha256,Length and C count only; solubility/TM/expression not predicted,,,,,,,,14,,,,,,,,K count only; surface accessibility and handles not established
A0AAX2I8P7,A0AAX2I8P7,,,,,,,,,,,,,,,partial,not_annotated,partial,,,,False,complete_expression_chaperone_immobilization_annotations,Length and C count only; solubility/TM/expression not predicted; K count only; surface accessibility and handles not established,139,,0,,,,,,computed_from_input_sequence_sha256,Length and C count only; solubility/TM/expression not predicted,,,,,,,,14,,,,,,,,K count only; surface accessibility and handles not established
Q7BTW6,Q7BTW6,,,,,,,,,,,,,,,partial,not_annotated,partial,,,,False,complete_expression_chaperone_immobilization_annotations,Length and C count only; solubility/TM/expression not predicted; K count only; surface accessibility and handles not established,198,,1,,,,,,computed_from_input_sequence_sha256,Length and C count only; solubility/TM/expression not predicted,,,,,,,,13,,,,,,,,K count only; surface accessibility and handles not established
A0ABP1ZYW2,A0ABP1ZYW2,,,,,,,,,,,,,,,partial,not_annotated,partial,,,,False,complete_expression_chaperone_immobilization_annotations,Length and C count only; solubility/TM/expression not predicted; K count only; surface accessibility and handles not established,114,,1,,,,,,computed_from_input_sequence_sha256,Length and C count only; solubility/TM/expression not predicted,,,,,,,,9,,,,,,,,K count only; surface accessibility and handles not established
Q66CW2,Q66CW2,,,,,,,,,,,,,,,partial,not_annotated,partial,,,,False,complete_expression_chaperone_immobilization_annotations,Length and C count only; solubility/TM/expression not predicted; K count only; surface accessibility and handles not established,139,,0,,,,,,computed_from_input_sequence_sha256,Length and C count only; solubility/TM/expression not predicted,,,,,,,,10,,,,,,,,K count only; surface accessibility and handles not established
A0AA36LJG1,A0AA36LJG1,,,,,,,,,,,,,,,partial,not_annotated,partial,,,,False,complete_expression_chaperone_immobilization_annotations,Length and C count only; solubility/TM/expression not predicted; K count only; surface accessibility and handles not established,161,,0,,,,,,computed_from_input_sequence_sha256,Length and C count only; solubility/TM/expression not predicted,,,,,,,,5,,,,,,,,K count only; surface accessibility and handles not established
A0ABM5UH02,A0ABM5UH02,,,,,,,,,,,,,,,partial,not_annotated,partial,,,,False,complete_expression_chaperone_immobilization_annotations,Length and C count only; solubility/TM/expression not predicted; K count only; surface accessibility and handles not established,302,,2,,,,,,computed_from_input_sequence_sha256,Length and C count only; solubility/TM/expression not predicted,,,,,,,,3,,,,,,,,K count only; surface accessibility and handles not established
A0AA36PPQ7,A0AA36PPQ7,,,,,,,,,,,,,,,partial,not_annotated,partial,,,,False,complete_expression_chaperone_immobilization_annotations,Length and C count only; solubility/TM/expression not predicted; K count only; surface accessibility and handles not established,116,,0,,,,,,computed_from_input_sequence_sha256,Length and C count only; solubility/TM/expression not predicted,,,,,,,,3,,,,,,,,K count only; surface accessibility and handles not established
A0A0H2YNL1,A0A0H2YNL1,,,,,,,,,,,,,,,partial,not_annotated,partial,,,,False,complete_expression_chaperone_immobilization_annotations,Length and C count only; solubility/TM/expression not predicted; K count only; surface accessibility and handles not established,202,,1,,,,,,computed_from_input_sequence_sha256,Length and C count only; solubility/TM/expression not predicted,,,,,,,,14,,,,,,,,K count only; surface accessibility and handles not established
A0AA90XRZ3,A0AA90XRZ3,,,,,,,,,,,,,,,partial,not_annotated,partial,,,,False,complete_expression_chaperone_immobilization_annotations,Length and C count only; solubility/TM/expression not predicted; K count only; surface accessibility and handles not established,136,,1,,,,,,computed_from_input_sequence_sha256,Length and C count only; solubility/TM/expression not predicted,,,,,,,,5,,,,,,,,K count only; surface accessibility and handles not established
A0A0T9QD11,A0A0T9QD11,,,,,,,,,,,,,,,partial,not_annotated,partial,,,,False,complete_expression_chaperone_immobilization_annotations,Length and C count only; solubility/TM/expression not predicted; K count only; surface accessibility and handles not established,118,,0,,,,,,computed_from_input_sequence_sha256,Length and C count only; solubility/TM/expression not predicted,,,,,,,,2,,,,,,,,K count only; surface accessibility and handles not established
A0ABP1ZSE7,A0ABP1ZSE7,,,,,,,,,,,,,,,partial,not_annotated,partial,,,,False,complete_expression_chaperone_immobilization_annotations,Length and C count only; solubility/TM/expression not predicted; K count only; surface accessibility and handles not established,115,,1,,,,,,computed_from_input_sequence_sha256,Length and C count only; solubility/TM/expression not predicted,,,,,,,,10,,,,,,,,K count only; surface accessibility and handles not established
A0ABX6FAJ5,A0ABX6FAJ5,,,,,,,,,,,,,,,partial,not_annotated,partial,,,,False,complete_expression_chaperone_immobilization_annotations,Length and C count only; solubility/TM/expression not predicted; K count only; surface accessibility and handles not established,65,,0,,,,,,computed_from_input_sequence_sha256,Length and C count only; solubility/TM/expression not predicted,,,,,,,,6,,,,,,,,K count only; surface accessibility and handles not established
A0A0T9UMN3,A0A0T9UMN3,,,,,,,,,,,,,,,partial,not_annotated,partial,,,,False,complete_expression_chaperone_immobilization_annotations,Length and C count only; solubility/TM/expression not predicted; K count only; surface accessibility and handles not established,116,,0,,,,,,computed_from_input_sequence_sha256,Length and C count only; solubility/TM/expression not predicted,,,,,,,,2,,,,,,,,K count only; surface accessibility and handles not established
Q8D0C0,Q8D0C0,,,,,,,,,,,,,,,partial,not_annotated,partial,,,,False,complete_expression_chaperone_immobilization_annotations,Length and C count only; solubility/TM/expression not predicted; K count only; surface accessibility and handles not established,91,,1,,,,,,computed_from_input_sequence_sha256,Length and C count only; solubility/TM/expression not predicted,,,,,,,,2,,,,,,,,K count only; surface accessibility and handles not established
A0A0T9QMF1,A0A0T9QMF1,,,,,,,,,,,,,,,partial,not_annotated,partial,,,,False,complete_expression_chaperone_immobilization_annotations,Length and C count only; solubility/TM/expression not predicted; K count only; surface accessibility and handles not established,156,,1,,,,,,computed_from_input_sequence_sha256,Length and C count only; solubility/TM/expression not predicted,,,,,,,,4,,,,,,,,K count only; surface accessibility and handles not established
A0A0U1R2K8,A0A0U1R2K8,,,,,,,,,,,,,,,partial,not_annotated,partial,,,,False,complete_expression_chaperone_immobilization_annotations,Length and C count only; solubility/TM/expression not predicted; K count only; surface accessibility and handles not established,84,,1,,,,,,computed_from_input_sequence_sha256,Length and C count only; solubility/TM/expression not predicted,,,,,,,,4,,,,,,,,K count only; surface accessibility and handles not established
A0AA36LJU6,A0AA36LJU6,,,,,,,,,,,,,,,partial,not_annotated,partial,,,,False,complete_expression_chaperone_immobilization_annotations,Length and C count only; solubility/TM/expression not predicted; K count only; surface accessibility and handles not established,116,,0,,,,,,computed_from_input_sequence_sha256,Length and C count only; solubility/TM/expression not predicted,,,,,,,,3,,,,,,,,K count only; surface accessibility and handles not established
A0AA36LI15,A0AA36LI15,,,,,,,,,,,,,,,partial,not_annotated,partial,,,,False,complete_expression_chaperone_immobilization_annotations,Length and C count only; solubility/TM/expression not predicted; K count only; surface accessibility and handles not established,70,,0,,,,,,computed_from_input_sequence_sha256,Length and C count only; solubility/TM/expression not predicted,,,,,,,,0,,,,,,,,K count only; surface accessibility and handles not established
A0A0K1H0S6,A0A0K1H0S6,,,,,,,,,,,,,,,partial,not_annotated,partial,,,,False,complete_expression_chaperone_immobilization_annotations,Length and C count only; solubility/TM/expression not predicted; K count only; surface accessibility and handles not established,137,,0,,,,,,computed_from_input_sequence_sha256,Length and C count only; solubility/TM/expression not predicted,,,,,,,,7,,,,,,,,K count only; surface accessibility and handles not established
A0A0T9UVK2,A0A0T9UVK2,,,,,,,,,,,,,,,partial,not_annotated,partial,,,,False,complete_expression_chaperone_immobilization_annotations,Length and C count only; solubility/TM/expression not predicted; K count only; surface accessibility and handles not established,118,,0,,,,,,computed_from_input_sequence_sha256,Length and C count only; solubility/TM/expression not predicted,,,,,,,,3,,,,,,,,K count only; surface accessibility and handles not established
A0A857F028,A0A857F028,,,,,,,,,,,,,,,partial,not_annotated,partial,,,,False,complete_expression_chaperone_immobilization_annotations,Length and C count only; solubility/TM/expression not predicted; K count only; surface accessibility and handles not established,122,,1,,,,,,computed_from_input_sequence_sha256,Length and C count only; solubility/TM/expression not predicted,,,,,,,,7,,,,,,,,K count only; surface accessibility and handles not established
A0A0H3B6G4,A0A0H3B6G4,,,,,,,,,,,,,,,partial,not_annotated,partial,,,,False,complete_expression_chaperone_immobilization_annotations,Length and C count only; solubility/TM/expression not predicted; K count only; surface accessibility and handles not established,138,,0,,,,,,computed_from_input_sequence_sha256,Length and C count only; solubility/TM/expression not predicted,,,,,,,,12,,,,,,,,K count only; surface accessibility and handles not established
A0A208ZVY5,A0A208ZVY5,,,,,,,,,,,,,,,partial,not_annotated,partial,,,,False,complete_expression_chaperone_immobilization_annotations,Length and C count only; solubility/TM/expression not predicted; K count only; surface accessibility and handles not established,75,,0,,,,,,computed_from_input_sequence_sha256,Length and C count only; solubility/TM/expression not predicted,,,,,,,,6,,,,,,,,K count only; surface accessibility and handles not established
A0ABN5RCP6,A0ABN5RCP6,,,,,,,,,,,,,,,partial,not_annotated,partial,,,,False,complete_expression_chaperone_immobilization_annotations,Length and C count only; solubility/TM/expression not predicted; K count only; surface accessibility and handles not established,118,,2,,,,,,computed_from_input_sequence_sha256,Length and C count only; solubility/TM/expression not predicted,,,,,,,,7,,,,,,,,K count only; surface accessibility and handles not established
A0A0T9UMW7,A0A0T9UMW7,,,,,,,,,,,,,,,partial,not_annotated,partial,,,,False,complete_expression_chaperone_immobilization_annotations,Length and C count only; solubility/TM/expression not predicted; K count only; surface accessibility and handles not established,168,,4,,,,,,computed_from_input_sequence_sha256,Length and C count only; solubility/TM/expression not predicted,,,,,,,,3,,,,,,,,K count only; surface accessibility and handles not established
A0AB72ZRU3,A0AB72ZRU3,,,,,,,,,,,,,,,partial,not_annotated,partial,,,,False,complete_expression_chaperone_immobilization_annotations,Length and C count only; solubility/TM/expression not predicted; K count only; surface accessibility and handles not established,202,,1,,,,,,computed_from_input_sequence_sha256,Length and C count only; solubility/TM/expression not predicted,,,,,,,,14,,,,,,,,K count only; surface accessibility and handles not established
A0A0U1HUK9,A0A0U1HUK9,,,,,,,,,,,,,,,partial,not_annotated,partial,,,,False,complete_expression_chaperone_immobilization_annotations,Length and C count only; solubility/TM/expression not predicted; K count only; surface accessibility and handles not established,67,,0,,,,,,computed_from_input_sequence_sha256,Length and C count only; solubility/TM/expression not predicted,,,,,,,,5,,,,,,,,K count only; surface accessibility and handles not established
A0ABM7AMA1,A0ABM7AMA1,,,,,,,,,,,,,,,partial,not_annotated,partial,,,,False,complete_expression_chaperone_immobilization_annotations,Length and C count only; solubility/TM/expression not predicted; K count only; surface accessibility and handles not established,119,,1,,,,,,computed_from_input_sequence_sha256,Length and C count only; solubility/TM/expression not predicted,,,,,,,,4,,,,,,,,K count only; surface accessibility and handles not established
A0AAV3B6C2,A0AAV3B6C2,,,,,,,,,,,,,,,partial,not_annotated,partial,,,,False,complete_expression_chaperone_immobilization_annotations,Length and C count only; solubility/TM/expression not predicted; K count only; surface accessibility and handles not established,84,,1,,,,,,computed_from_input_sequence_sha256,Length and C count only; solubility/TM/expression not predicted,,,,,,,,4,,,,,,,,K count only; surface accessibility and handles not established
A0A380QAJ4,A0A380QAJ4,,,,,,,,,,,,,,,partial,not_annotated,partial,,,,False,complete_expression_chaperone_immobilization_annotations,Length and C count only; solubility/TM/expression not predicted; K count only; surface accessibility and handles not established,150,,0,,,,,,computed_from_input_sequence_sha256,Length and C count only; solubility/TM/expression not predicted,,,,,,,,14,,,,,,,,K count only; surface accessibility and handles not established
A0A0H3AZJ6,A0A0H3AZJ6,,,,,,,,,,,,,,,partial,not_annotated,partial,,,,False,complete_expression_chaperone_immobilization_annotations,Length and C count only; solubility/TM/expression not predicted; K count only; surface accessibility and handles not established,145,,0,,,,,,computed_from_input_sequence_sha256,Length and C count only; solubility/TM/expression not predicted,,,,,,,,12,,,,,,,,K count only; surface accessibility and handles not established
A0A0T9QI62,A0A0T9QI62,,,,,,,,,,,,,,,partial,not_annotated,partial,,,,False,complete_expression_chaperone_immobilization_annotations,Length and C count only; solubility/TM/expression not predicted; K count only; surface accessibility and handles not established,67,,2,,,,,,computed_from_input_sequence_sha256,Length and C count only; solubility/TM/expression not predicted,,,,,,,,0,,,,,,,,K count only; surface accessibility and handles not established
A0A0H2W0D6,A0A0H2W0D6,,,,,,,,,,,,,,,partial,not_annotated,partial,,,,False,complete_expression_chaperone_immobilization_annotations,Length and C count only; solubility/TM/expression not predicted; K count only; surface accessibility and handles not established,202,,1,,,,,,computed_from_input_sequence_sha256,Length and C count only; solubility/TM/expression not predicted,,,,,,,,14,,,,,,,,K count only; surface accessibility and handles not established
A0A2G4U1S2,A0A2G4U1S2,,,,,,,,,,,,,,,partial,not_annotated,partial,,,,False,complete_expression_chaperone_immobilization_annotations,Length and C count only; solubility/TM/expression not predicted; K count only; surface accessibility and handles not established,106,,0,,,,,,computed_from_input_sequence_sha256,Length and C count only; solubility/TM/expression not predicted,,,,,,,,2,,,,,,,,K count only; surface accessibility and handles not established
A0ABM9XV01,A0ABM9XV01,,,,,,,,,,,,,,,partial,not_annotated,partial,,,,False,complete_expression_chaperone_immobilization_annotations,Length and C count only; solubility/TM/expression not predicted; K count only; surface accessibility and handles not established,106,,0,,,,,,computed_from_input_sequence_sha256,Length and C count only; solubility/TM/expression not predicted,,,,,,,,2,,,,,,,,K count only; surface accessibility and handles not established
A0ABX5QXI4,A0ABX5QXI4,,,,,,,,,,,,,,,partial,not_annotated,partial,,,,False,complete_expression_chaperone_immobilization_annotations,Length and C count only; solubility/TM/expression not predicted; K count only; surface accessibility and handles not established,141,,0,,,,,,computed_from_input_sequence_sha256,Length and C count only; solubility/TM/expression not predicted,,,,,,,,9,,,,,,,,K count only; surface accessibility and handles not established
A0AB72ZJY3,A0AB72ZJY3,,,,,,,,,,,,,,,partial,not_annotated,partial,,,,False,complete_expression_chaperone_immobilization_annotations,Length and C count only; solubility/TM/expression not predicted; K count only; surface accessibility and handles not established,84,,1,,,,,,computed_from_input_sequence_sha256,Length and C count only; solubility/TM/expression not predicted,,,,,,,,4,,,,,,,,K count only; surface accessibility and handles not established
A0A380QTR9,A0A380QTR9,,,,,,,,,,,,,,,partial,not_annotated,partial,,,,False,complete_expression_chaperone_immobilization_annotations,Length and C count only; solubility/TM/expression not predicted; K count only; surface accessibility and handles not established,47,,0,,,,,,computed_from_input_sequence_sha256,Length and C count only; solubility/TM/expression not predicted,,,,,,,,1,,,,,,,,K count only; surface accessibility and handles not established
A0A0T9UB25,A0A0T9UB25,,,,,,,,,,,,,,,partial,not_annotated,partial,,,,False,complete_expression_chaperone_immobilization_annotations,Length and C count only; solubility/TM/expression not predicted; K count only; surface accessibility and handles not established,61,,0,,,,,,computed_from_input_sequence_sha256,Length and C count only; solubility/TM/expression not predicted,,,,,,,,5,,,,,,,,K count only; surface accessibility and handles not established
A0A0T9U5C6,A0A0T9U5C6,,,,,,,,,,,,,,,partial,not_annotated,partial,,,,False,complete_expression_chaperone_immobilization_annotations,Length and C count only; solubility/TM/expression not predicted; K count only; surface accessibility and handles not established,40,,0,,,,,,computed_from_input_sequence_sha256,Length and C count only; solubility/TM/expression not predicted,,,,,,,,2,,,,,,,,K count only; surface accessibility and handles not established
