rank_version,source_accession,pair_id,candidate_record_id,ordinary_candidate_policy,forced_rank_status,hard_coded_priority_status,manual_override_status,gold_standard_bonus_status,Q9T0Z9_prior_E6_evidence_status,G_pre1_target_engineering_composite_rank,G_pre1_target_engineering_composite_score,target_context_score,target_organism_score,target_organism_class,phage_origin_score,phage_origin_class,target_origin_manual_review_required,docking_support_score,solubility_no_chaperone_score,E6_5_solubility_aggregation_chaperone_score,curated_no_external_chaperone_required_strength,curated_soluble_expression_strength,global_engineering_residual_score,E7_unlocked_score,E7_unlocked_rank,E6_total_score,source_organism,target_organism,phage_host,product_annotation,ranking_status,old_G_pre1_status,G_pre2_status,E6_status,E7_status,tie_breaker_order
v5.4.8z2,Q9T0Z9,Q9T0Z9__V52_B0_4258e8231588fe960a0e__compound5,V52_B0_4258e8231588fe960a0e,ordinary_candidate,not_forced,not_hard_coded,none,no_gold_standard_bonus,provenance_only,1,0.856763,1.000000,1.000000,Yersinia_enterocolitica_O3_or_YeO3,1.000000,Yersinia_enterocolitica_O3_phage_or_phiYeO3_12_like,false,0.558871,0.787209,0.978682,0.500000,0.500000,0.750948,0.750948,679,0.750948,Yersinia phage phiYeO3-12,Yersinia,Yersinia,,G_pre1_TARGET_ENGINEERING_COMPOSITE_GENERATED,read_only_unmodified,read_only_unmodified,read_only_unmodified,read_only_unmodified,composite_desc;target_context_desc;target_organism_desc;phage_origin_desc;docking_desc;solubility_no_chaperone_desc;E7_score_desc;source_accession_asc
v5.4.8z2,A0A7U4GHF9,A0A7U4GHF9__V52_B0_fbf3d9e4a576d70660eb__compound5,V52_B0_fbf3d9e4a576d70660eb,ordinary_candidate,not_forced,not_hard_coded,none,no_gold_standard_bonus,not_Q9T0Z9,2,0.607981,0.575000,0.750000,Yersinia_enterocolitica_non_O3_or_unknown_serotype,0.400000,Yersinia_enterocolitica_bacterial_genome_phage_like,true,0.703851,0.557360,0.928934,0.000000,0.000000,0.789778,0.789778,361,0.789778,Yersinia enterocolitica LC20,Yersinia,Yersinia,Baseplate protein J-like barrel domain-containing protein,G_pre1_TARGET_ENGINEERING_COMPOSITE_GENERATED,read_only_unmodified,read_only_unmodified,read_only_unmodified,read_only_unmodified,composite_desc;target_context_desc;target_organism_desc;phage_origin_desc;docking_desc;solubility_no_chaperone_desc;E7_score_desc;source_accession_asc
v5.4.8z2,I7K2S1,I7K2S1__V52_B0_a1449c6f756547d68d82__compound5,V52_B0_a1449c6f756547d68d82,ordinary_candidate,not_forced,not_hard_coded,none,no_gold_standard_bonus,not_Q9T0Z9,3,0.602209,0.525000,0.400000,other_or_genus_only_Yersinia,0.650000,Yersinia_phage_non_enterocolitica_or_unknown_host,true,0.800510,0.556147,0.926911,0.000000,0.000000,0.842560,0.842560,10,0.842560,Yersinia phage phiR2-01,Yersinia,Yersinia,,G_pre1_TARGET_ENGINEERING_COMPOSITE_GENERATED,read_only_unmodified,read_only_unmodified,read_only_unmodified,read_only_unmodified,composite_desc;target_context_desc;target_organism_desc;phage_origin_desc;docking_desc;solubility_no_chaperone_desc;E7_score_desc;source_accession_asc
v5.4.8z2,A0A1V0DXW2,A0A1V0DXW2__V52_B0_edf056290b2bd93ce630__compound5,V52_B0_edf056290b2bd93ce630,ordinary_candidate,not_forced,not_hard_coded,none,no_gold_standard_bonus,not_Q9T0Z9,4,0.599320,0.525000,0.400000,other_or_genus_only_Yersinia,0.650000,Yersinia_phage_non_enterocolitica_or_unknown_host,true,0.767408,0.580723,0.967871,0.000000,0.000000,0.818870,0.818870,87,0.818870,Yersinia phage fHe-Yen9-01,Yersinia,Yersinia,Baseplate hub assembly protein,G_pre1_TARGET_ENGINEERING_COMPOSITE_GENERATED,read_only_unmodified,read_only_unmodified,read_only_unmodified,read_only_unmodified,composite_desc;target_context_desc;target_organism_desc;phage_origin_desc;docking_desc;solubility_no_chaperone_desc;E7_score_desc;source_accession_asc
v5.4.8z2,A0AAD2UYA7,A0AAD2UYA7__V52_B0_992f5c237d53c9817f63__compound5,V52_B0_992f5c237d53c9817f63,ordinary_candidate,not_forced,not_hard_coded,none,no_gold_standard_bonus,not_Q9T0Z9,5,0.594850,0.575000,0.750000,Yersinia_enterocolitica_non_O3_or_unknown_serotype,0.400000,Yersinia_enterocolitica_bacterial_genome_phage_like,true,0.630693,0.554676,0.924460,0.000000,0.000000,0.830516,0.830516,36,0.830516,Yersinia enterocolitica,Yersinia,Yersinia,Tail fiber assembly protein,G_pre1_TARGET_ENGINEERING_COMPOSITE_GENERATED,read_only_unmodified,read_only_unmodified,read_only_unmodified,read_only_unmodified,composite_desc;target_context_desc;target_organism_desc;phage_origin_desc;docking_desc;solubility_no_chaperone_desc;E7_score_desc;source_accession_asc
v5.4.8z2,S5MLA1,S5MLA1__V52_B0_73247484443e8927b1d1__compound5,V52_B0_73247484443e8927b1d1,ordinary_candidate,not_forced,not_hard_coded,none,no_gold_standard_bonus,not_Q9T0Z9,6,0.594084,0.525000,0.400000,other_or_genus_only_Yersinia,0.650000,Yersinia_phage_non_enterocolitica_or_unknown_host,true,0.800758,0.519101,0.865168,0.000000,0.000000,0.827246,0.827246,48,0.827246,Yersinia phage PST,Yersinia,Yersinia,Receptor-recognizing protein gp38,G_pre1_TARGET_ENGINEERING_COMPOSITE_GENERATED,read_only_unmodified,read_only_unmodified,read_only_unmodified,read_only_unmodified,composite_desc;target_context_desc;target_organism_desc;phage_origin_desc;docking_desc;solubility_no_chaperone_desc;E7_score_desc;source_accession_asc
v5.4.8z2,A0A0G2PMU5,A0A0G2PMU5__V52_B0_7a865e2670aac9d91e66__compound5,V52_B0_7a865e2670aac9d91e66,ordinary_candidate,not_forced,not_hard_coded,none,no_gold_standard_bonus,not_Q9T0Z9,7,0.593066,0.550000,1.000000,Yersinia_enterocolitica_O3_or_YeO3,0.100000,other_unknown_non_phage_or_missing_origin,true,0.691313,0.563362,0.938936,0.000000,0.000000,0.792623,0.792623,331,0.792623,Yersinia enterocolitica subsp. palearctica serotype O:3 (strain DSM 13030 / CIP 106945 / Y11),Yersinia,Yersinia,,G_pre1_TARGET_ENGINEERING_COMPOSITE_GENERATED,read_only_unmodified,read_only_unmodified,read_only_unmodified,read_only_unmodified,composite_desc;target_context_desc;target_organism_desc;phage_origin_desc;docking_desc;solubility_no_chaperone_desc;E7_score_desc;source_accession_asc
v5.4.8z2,B3VCL5,B3VCL5__V52_B0_013acaaa5777bf04bd7f__compound5,V52_B0_013acaaa5777bf04bd7f,ordinary_candidate,not_forced,not_hard_coded,none,no_gold_standard_bonus,not_Q9T0Z9,8,0.592939,0.525000,0.400000,other_or_genus_only_Yersinia,0.650000,Yersinia_phage_non_enterocolitica_or_unknown_host,true,0.760320,0.567575,0.945958,0.000000,0.000000,0.772207,0.772207,527,0.772207,Yersinia phage Yepe2,Yersinia,Yersinia,,G_pre1_TARGET_ENGINEERING_COMPOSITE_GENERATED,read_only_unmodified,read_only_unmodified,read_only_unmodified,read_only_unmodified,composite_desc;target_context_desc;target_organism_desc;phage_origin_desc;docking_desc;solubility_no_chaperone_desc;E7_score_desc;source_accession_asc
v5.4.8z2,Q858J8,Q858J8__V52_B0_d22506a9c7997355701e__compound5,V52_B0_d22506a9c7997355701e,ordinary_candidate,not_forced,not_hard_coded,none,no_gold_standard_bonus,not_Q9T0Z9,9,0.592645,0.525000,0.400000,other_or_genus_only_Yersinia,0.650000,Yersinia_phage_non_enterocolitica_or_unknown_host,true,0.742452,0.583602,0.972670,0.000000,0.000000,0.773681,0.773681,516,0.773681,Yersinia phage phiA1122,Yersinia,Yersinia,,G_pre1_TARGET_ENGINEERING_COMPOSITE_GENERATED,read_only_unmodified,read_only_unmodified,read_only_unmodified,read_only_unmodified,composite_desc;target_context_desc;target_organism_desc;phage_origin_desc;docking_desc;solubility_no_chaperone_desc;E7_score_desc;source_accession_asc
v5.4.8z2,A0AAE7V5N4,A0AAE7V5N4__V52_B0_16f147005e1596182f59__compound5,V52_B0_16f147005e1596182f59,ordinary_candidate,not_forced,not_hard_coded,none,no_gold_standard_bonus,not_Q9T0Z9,10,0.591996,0.525000,0.400000,other_or_genus_only_Yersinia,0.650000,Yersinia_phage_non_enterocolitica_or_unknown_host,true,0.775470,0.536434,0.894057,0.000000,0.000000,0.817307,0.817307,96,0.817307,Yersinia phage HQ103,Yersinia,Yersinia,,G_pre1_TARGET_ENGINEERING_COMPOSITE_GENERATED,read_only_unmodified,read_only_unmodified,read_only_unmodified,read_only_unmodified,composite_desc;target_context_desc;target_organism_desc;phage_origin_desc;docking_desc;solubility_no_chaperone_desc;E7_score_desc;source_accession_asc
v5.4.8z2,A0A6M3G9R6,A0A6M3G9R6__V52_B0_47ae88a6e130d5fe507c__compound5,V52_B0_47ae88a6e130d5fe507c,ordinary_candidate,not_forced,not_hard_coded,none,no_gold_standard_bonus,not_Q9T0Z9,11,0.590372,0.525000,0.400000,other_or_genus_only_Yersinia,0.650000,Yersinia_phage_non_enterocolitica_or_unknown_host,true,0.731735,0.571687,0.952811,0.000000,0.000000,0.818748,0.818748,89,0.818748,Yersinia phage vB_YepM_ZN18,Yersinia,Yersinia,,G_pre1_TARGET_ENGINEERING_COMPOSITE_GENERATED,read_only_unmodified,read_only_unmodified,read_only_unmodified,read_only_unmodified,composite_desc;target_context_desc;target_organism_desc;phage_origin_desc;docking_desc;solubility_no_chaperone_desc;E7_score_desc;source_accession_asc
v5.4.8z2,A0A0P0LE96,A0A0P0LE96__V52_B0_4789944fd54cabfb50cc__compound5,V52_B0_4789944fd54cabfb50cc,ordinary_candidate,not_forced,not_hard_coded,none,no_gold_standard_bonus,not_Q9T0Z9,12,0.589310,0.525000,0.400000,other_or_genus_only_Yersinia,0.650000,Yersinia_phage_non_enterocolitica_or_unknown_host,true,0.736607,0.577865,0.963109,0.000000,0.000000,0.753302,0.753302,665,0.753302,Yersinia phage vB_YenP_AP10,Yersinia,Yersinia,,G_pre1_TARGET_ENGINEERING_COMPOSITE_GENERATED,read_only_unmodified,read_only_unmodified,read_only_unmodified,read_only_unmodified,composite_desc;target_context_desc;target_organism_desc;phage_origin_desc;docking_desc;solubility_no_chaperone_desc;E7_score_desc;source_accession_asc
v5.4.8z2,A0A0H3NKM1,A0A0H3NKM1__V52_B0_402c2ed5738bec275248__compound5,V52_B0_402c2ed5738bec275248,ordinary_candidate,not_forced,not_hard_coded,none,no_gold_standard_bonus,not_Q9T0Z9,13,0.588103,0.550000,1.000000,Yersinia_enterocolitica_O3_or_YeO3,0.100000,other_unknown_non_phage_or_missing_origin,true,0.679993,0.547286,0.912144,0.000000,0.000000,0.802938,0.802938,209,0.802938,Yersinia enterocolitica subsp. palearctica serotype O:3 (strain DSM 13030 / CIP 106945 / Y11),Yersinia,Yersinia,,G_pre1_TARGET_ENGINEERING_COMPOSITE_GENERATED,read_only_unmodified,read_only_unmodified,read_only_unmodified,read_only_unmodified,composite_desc;target_context_desc;target_organism_desc;phage_origin_desc;docking_desc;solubility_no_chaperone_desc;E7_score_desc;source_accession_asc
v5.4.8z2,A0A0U2DXE3,A0A0U2DXE3__V52_B0_62a79aa83a1d1500ad93__compound5,V52_B0_62a79aa83a1d1500ad93,ordinary_candidate,not_forced,not_hard_coded,none,no_gold_standard_bonus,not_Q9T0Z9,14,0.586512,0.525000,0.400000,other_or_genus_only_Yersinia,0.650000,Yersinia_phage_non_enterocolitica_or_unknown_host,true,0.715794,0.580055,0.966758,0.000000,0.000000,0.771847,0.771847,533,0.771847,Yersinia phage phiYe-F10,Yersinia,Yersinia,,G_pre1_TARGET_ENGINEERING_COMPOSITE_GENERATED,read_only_unmodified,read_only_unmodified,read_only_unmodified,read_only_unmodified,composite_desc;target_context_desc;target_organism_desc;phage_origin_desc;docking_desc;solubility_no_chaperone_desc;E7_score_desc;source_accession_asc
v5.4.8z2,S5M3B5,S5M3B5__V52_B0_4532ea7e5bed51960434__compound5,V52_B0_4532ea7e5bed51960434,ordinary_candidate,not_forced,not_hard_coded,none,no_gold_standard_bonus,not_Q9T0Z9,15,0.585871,0.525000,0.400000,other_or_genus_only_Yersinia,0.650000,Yersinia_phage_non_enterocolitica_or_unknown_host,true,0.749761,0.549052,0.915086,0.000000,0.000000,0.747164,0.747164,704,0.747164,Yersinia phage PST,Yersinia,Yersinia,,G_pre1_TARGET_ENGINEERING_COMPOSITE_GENERATED,read_only_unmodified,read_only_unmodified,read_only_unmodified,read_only_unmodified,composite_desc;target_context_desc;target_organism_desc;phage_origin_desc;docking_desc;solubility_no_chaperone_desc;E7_score_desc;source_accession_asc
v5.4.8z2,A0A7U4GE98,A0A7U4GE98__V52_B0_eeff15dfb7ab2760e3db__compound5,V52_B0_eeff15dfb7ab2760e3db,ordinary_candidate,not_forced,not_hard_coded,none,no_gold_standard_bonus,not_Q9T0Z9,16,0.585492,0.575000,0.750000,Yersinia_enterocolitica_non_O3_or_unknown_serotype,0.400000,Yersinia_enterocolitica_bacterial_genome_phage_like,true,0.658104,0.482279,0.803798,0.000000,0.000000,0.823307,0.823307,59,0.823307,Yersinia enterocolitica LC20,Yersinia,Yersinia,Tail fiber assembly protein,G_pre1_TARGET_ENGINEERING_COMPOSITE_GENERATED,read_only_unmodified,read_only_unmodified,read_only_unmodified,read_only_unmodified,composite_desc;target_context_desc;target_organism_desc;phage_origin_desc;docking_desc;solubility_no_chaperone_desc;E7_score_desc;source_accession_asc
v5.4.8z2,A0AAE9FSZ1,A0AAE9FSZ1__V52_B0_391873faf7cd0b211011__compound5,V52_B0_391873faf7cd0b211011,ordinary_candidate,not_forced,not_hard_coded,none,no_gold_standard_bonus,not_Q9T0Z9,17,0.585420,0.525000,0.400000,other_or_genus_only_Yersinia,0.650000,Yersinia_phage_non_enterocolitica_or_unknown_host,true,0.733114,0.547286,0.912144,0.000000,0.000000,0.811791,0.811791,126,0.811791,Yersinia phage vB_YenM_56.17,Yersinia,Yersinia,,G_pre1_TARGET_ENGINEERING_COMPOSITE_GENERATED,read_only_unmodified,read_only_unmodified,read_only_unmodified,read_only_unmodified,composite_desc;target_context_desc;target_organism_desc;phage_origin_desc;docking_desc;solubility_no_chaperone_desc;E7_score_desc;source_accession_asc
v5.4.8z2,A0AAE9FUR5,A0AAE9FUR5__V52_B0_3be894516b034d93ccea__compound5,V52_B0_3be894516b034d93ccea,ordinary_candidate,not_forced,not_hard_coded,none,no_gold_standard_bonus,not_Q9T0Z9,18,0.582468,0.525000,0.400000,other_or_genus_only_Yersinia,0.650000,Yersinia_phage_non_enterocolitica_or_unknown_host,true,0.688530,0.578097,0.963495,0.000000,0.000000,0.807854,0.807854,158,0.807854,Yersinia phage vB_YenM_42.18,Yersinia,Yersinia,,G_pre1_TARGET_ENGINEERING_COMPOSITE_GENERATED,read_only_unmodified,read_only_unmodified,read_only_unmodified,read_only_unmodified,composite_desc;target_context_desc;target_organism_desc;phage_origin_desc;docking_desc;solubility_no_chaperone_desc;E7_score_desc;source_accession_asc
v5.4.8z2,A0AAT9S6U3,A0AAT9S6U3__V52_B0_e8153b241c322ebe0ce2__compound5,V52_B0_e8153b241c322ebe0ce2,ordinary_candidate,not_forced,not_hard_coded,none,no_gold_standard_bonus,not_Q9T0Z9,19,0.582123,0.525000,0.400000,other_or_genus_only_Yersinia,0.650000,Yersinia_phage_non_enterocolitica_or_unknown_host,true,0.694547,0.583360,0.972267,0.000000,0.000000,0.755825,0.755825,648,0.755825,Yersinia phage vB_YenP_WW1,Yersinia,Yersinia,,G_pre1_TARGET_ENGINEERING_COMPOSITE_GENERATED,read_only_unmodified,read_only_unmodified,read_only_unmodified,read_only_unmodified,composite_desc;target_context_desc;target_organism_desc;phage_origin_desc;docking_desc;solubility_no_chaperone_desc;E7_score_desc;source_accession_asc
v5.4.8z2,A0AAX4Q2K6,A0AAX4Q2K6__V52_B0_e1888fad7884237478d2__compound5,V52_B0_e1888fad7884237478d2,ordinary_candidate,not_forced,not_hard_coded,none,no_gold_standard_bonus,not_Q9T0Z9,20,0.579390,0.525000,0.400000,other_or_genus_only_Yersinia,0.650000,Yersinia_phage_non_enterocolitica_or_unknown_host,true,0.656130,0.586957,0.978261,0.000000,0.000000,0.840454,0.840454,13,0.840454,Yersinia phage vB_YpM_MHG39,Yersinia,Yersinia,,G_pre1_TARGET_ENGINEERING_COMPOSITE_GENERATED,read_only_unmodified,read_only_unmodified,read_only_unmodified,read_only_unmodified,composite_desc;target_context_desc;target_organism_desc;phage_origin_desc;docking_desc;solubility_no_chaperone_desc;E7_score_desc;source_accession_asc
v5.4.8z2,A0A449C531,A0A449C531__V52_B0_a473da7455605014f629__compound5,V52_B0_a473da7455605014f629,ordinary_candidate,not_forced,not_hard_coded,none,no_gold_standard_bonus,not_Q9T0Z9,21,0.574831,0.525000,0.400000,other_or_genus_only_Yersinia,0.650000,Yersinia_phage_non_enterocolitica_or_unknown_host,true,0.710196,0.537500,0.895834,0.000000,0.000000,0.730825,0.730825,763,0.730825,Yersinia phage fPS-65,Yersinia,Yersinia,Baseplate wedge protein gp6,G_pre1_TARGET_ENGINEERING_COMPOSITE_GENERATED,read_only_unmodified,read_only_unmodified,read_only_unmodified,read_only_unmodified,composite_desc;target_context_desc;target_organism_desc;phage_origin_desc;docking_desc;solubility_no_chaperone_desc;E7_score_desc;source_accession_asc
v5.4.8z2,A0AAE7S353,A0AAE7S353__V52_B0_f9610b272d332c1d8ac9__compound5,V52_B0_f9610b272d332c1d8ac9,ordinary_candidate,not_forced,not_hard_coded,none,no_gold_standard_bonus,not_Q9T0Z9,22,0.572380,0.525000,0.400000,other_or_genus_only_Yersinia,0.650000,Yersinia_phage_non_enterocolitica_or_unknown_host,true,0.647325,0.586099,0.976831,0.000000,0.000000,0.738912,0.738912,742,0.738912,Yersinia phage HQ103,Yersinia,Yersinia,,G_pre1_TARGET_ENGINEERING_COMPOSITE_GENERATED,read_only_unmodified,read_only_unmodified,read_only_unmodified,read_only_unmodified,composite_desc;target_context_desc;target_organism_desc;phage_origin_desc;docking_desc;solubility_no_chaperone_desc;E7_score_desc;source_accession_asc
v5.4.8z2,A0A9P1PWH0,A0A9P1PWH0__V52_B0_06498fa95a8529a6e827__compound5,V52_B0_06498fa95a8529a6e827,ordinary_candidate,not_forced,not_hard_coded,none,no_gold_standard_bonus,not_Q9T0Z9,23,0.570609,0.425000,0.750000,Yersinia_enterocolitica_non_O3_or_unknown_serotype,0.100000,other_unknown_non_phage_or_missing_origin,true,0.910451,0.560162,0.933604,0.000000,0.000000,0.854728,0.854728,2,0.854728,Yersinia enterocolitica,Yersinia,Yersinia,,G_pre1_TARGET_ENGINEERING_COMPOSITE_GENERATED,read_only_unmodified,read_only_unmodified,read_only_unmodified,read_only_unmodified,composite_desc;target_context_desc;target_organism_desc;phage_origin_desc;docking_desc;solubility_no_chaperone_desc;E7_score_desc;source_accession_asc
v5.4.8z2,Q858U5,Q858U5__V52_B0_9752cc0190d82ba0542c__compound5,V52_B0_9752cc0190d82ba0542c,ordinary_candidate,not_forced,not_hard_coded,none,no_gold_standard_bonus,not_Q9T0Z9,24,0.568694,0.525000,0.400000,other_or_genus_only_Yersinia,0.650000,Yersinia_phage_non_enterocolitica_or_unknown_host,true,0.662412,0.538372,0.897287,0.000000,0.000000,0.795734,0.795734,292,0.795734,Yersinia phage L-413C,Yersinia,Yersinia,,G_pre1_TARGET_ENGINEERING_COMPOSITE_GENERATED,read_only_unmodified,read_only_unmodified,read_only_unmodified,read_only_unmodified,composite_desc;target_context_desc;target_organism_desc;phage_origin_desc;docking_desc;solubility_no_chaperone_desc;E7_score_desc;source_accession_asc
v5.4.8z2,A0A7U4JZS3,A0A7U4JZS3__V52_B0_213ae9594ccd596735cc__compound5,V52_B0_213ae9594ccd596735cc,ordinary_candidate,not_forced,not_hard_coded,none,no_gold_standard_bonus,not_Q9T0Z9,25,0.568445,0.575000,0.750000,Yersinia_enterocolitica_non_O3_or_unknown_serotype,0.400000,Yersinia_enterocolitica_bacterial_genome_phage_like,true,0.506754,0.550000,0.916666,0.000000,0.000000,0.816894,0.816894,99,0.816894,Yersinia enterocolitica LC20,Yersinia,Yersinia,Tail fiber assembly protein,G_pre1_TARGET_ENGINEERING_COMPOSITE_GENERATED,read_only_unmodified,read_only_unmodified,read_only_unmodified,read_only_unmodified,composite_desc;target_context_desc;target_organism_desc;phage_origin_desc;docking_desc;solubility_no_chaperone_desc;E7_score_desc;source_accession_asc
v5.4.8z2,I7LHK5,I7LHK5__V52_B0_1da18deb4e2fe666e802__compound5,V52_B0_1da18deb4e2fe666e802,ordinary_candidate,not_forced,not_hard_coded,none,no_gold_standard_bonus,not_Q9T0Z9,26,0.568044,0.525000,0.400000,other_or_genus_only_Yersinia,0.650000,Yersinia_phage_non_enterocolitica_or_unknown_host,true,0.620485,0.575831,0.959718,0.000000,0.000000,0.800622,0.800622,232,0.800622,Yersinia phage phiD1,Yersinia,Yersinia,,G_pre1_TARGET_ENGINEERING_COMPOSITE_GENERATED,read_only_unmodified,read_only_unmodified,read_only_unmodified,read_only_unmodified,composite_desc;target_context_desc;target_organism_desc;phage_origin_desc;docking_desc;solubility_no_chaperone_desc;E7_score_desc;source_accession_asc
v5.4.8z2,A0A0H3NZ47,A0A0H3NZ47__V52_B0_3eceb6098cd2f789468c__compound5,V52_B0_3eceb6098cd2f789468c,ordinary_candidate,not_forced,not_hard_coded,none,no_gold_standard_bonus,not_Q9T0Z9,27,0.567341,0.550000,1.000000,Yersinia_enterocolitica_O3_or_YeO3,0.100000,other_unknown_non_phage_or_missing_origin,true,0.578618,0.548196,0.913660,0.000000,0.000000,0.789563,0.789563,365,0.789563,Yersinia enterocolitica subsp. palearctica serotype O:3 (strain DSM 13030 / CIP 106945 / Y11),Yersinia,Yersinia,,G_pre1_TARGET_ENGINEERING_COMPOSITE_GENERATED,read_only_unmodified,read_only_unmodified,read_only_unmodified,read_only_unmodified,composite_desc;target_context_desc;target_organism_desc;phage_origin_desc;docking_desc;solubility_no_chaperone_desc;E7_score_desc;source_accession_asc
v5.4.8z2,A0A449C3Z7,A0A449C3Z7__V52_B0_e0491d4f3d7d3df7cc92__compound5,V52_B0_e0491d4f3d7d3df7cc92,ordinary_candidate,not_forced,not_hard_coded,none,no_gold_standard_bonus,not_Q9T0Z9,28,0.567132,0.525000,0.400000,other_or_genus_only_Yersinia,0.650000,Yersinia_phage_non_enterocolitica_or_unknown_host,true,0.645659,0.539083,0.898471,0.000000,0.000000,0.828679,0.828679,43,0.828679,Yersinia phage fPS-90,Yersinia,Yersinia,,G_pre1_TARGET_ENGINEERING_COMPOSITE_GENERATED,read_only_unmodified,read_only_unmodified,read_only_unmodified,read_only_unmodified,composite_desc;target_context_desc;target_organism_desc;phage_origin_desc;docking_desc;solubility_no_chaperone_desc;E7_score_desc;source_accession_asc
v5.4.8z2,I7K3G3,I7K3G3__V52_B0_834319d12b31cd56a894__compound5,V52_B0_834319d12b31cd56a894,ordinary_candidate,not_forced,not_hard_coded,none,no_gold_standard_bonus,not_Q9T0Z9,29,0.567110,0.525000,0.400000,other_or_genus_only_Yersinia,0.650000,Yersinia_phage_non_enterocolitica_or_unknown_host,true,0.658974,0.553588,0.922646,0.000000,0.000000,0.716953,0.716953,787,0.716953,Yersinia phage phi80-18,Yersinia,Yersinia,,G_pre1_TARGET_ENGINEERING_COMPOSITE_GENERATED,read_only_unmodified,read_only_unmodified,read_only_unmodified,read_only_unmodified,composite_desc;target_context_desc;target_organism_desc;phage_origin_desc;docking_desc;solubility_no_chaperone_desc;E7_score_desc;source_accession_asc
v5.4.8z2,A0A449C5Q6,A0A449C5Q6__V52_B0_50c85654008871c8b9cf__compound5,V52_B0_50c85654008871c8b9cf,ordinary_candidate,not_forced,not_hard_coded,none,no_gold_standard_bonus,not_Q9T0Z9,30,0.566082,0.525000,0.400000,other_or_genus_only_Yersinia,0.650000,Yersinia_phage_non_enterocolitica_or_unknown_host,true,0.654370,0.530769,0.884615,0.000000,0.000000,0.806089,0.806089,175,0.806089,Yersinia phage fPS-65,Yersinia,Yersinia,Receptor-recognizing protein gp38,G_pre1_TARGET_ENGINEERING_COMPOSITE_GENERATED,read_only_unmodified,read_only_unmodified,read_only_unmodified,read_only_unmodified,composite_desc;target_context_desc;target_organism_desc;phage_origin_desc;docking_desc;solubility_no_chaperone_desc;E7_score_desc;source_accession_asc
v5.4.8z2,I6Q9A1,I6Q9A1__V52_B0_5226a1244fdf64614579__compound5,V52_B0_5226a1244fdf64614579,ordinary_candidate,not_forced,not_hard_coded,none,no_gold_standard_bonus,not_Q9T0Z9,31,0.565565,0.525000,0.400000,other_or_genus_only_Yersinia,0.650000,Yersinia_phage_non_enterocolitica_or_unknown_host,true,0.615417,0.582258,0.970430,0.000000,0.000000,0.745599,0.745599,713,0.745599,Yersinia phage YpP-R,Yersinia,Yersinia,,G_pre1_TARGET_ENGINEERING_COMPOSITE_GENERATED,read_only_unmodified,read_only_unmodified,read_only_unmodified,read_only_unmodified,composite_desc;target_context_desc;target_organism_desc;phage_origin_desc;docking_desc;solubility_no_chaperone_desc;E7_score_desc;source_accession_asc
v5.4.8z2,A0A7D3UKK9,A0A7D3UKK9__V52_B0_fe003843f725cc65d2de__compound5,V52_B0_fe003843f725cc65d2de,ordinary_candidate,not_forced,not_hard_coded,none,no_gold_standard_bonus,not_Q9T0Z9,32,0.565495,0.525000,0.400000,other_or_genus_only_Yersinia,0.650000,Yersinia_phage_non_enterocolitica_or_unknown_host,true,0.650983,0.538372,0.897287,0.000000,0.000000,0.777489,0.777489,492,0.777489,Yersinia phage vB_YpM_50,Yersinia,Yersinia,Phage late control D family protein,G_pre1_TARGET_ENGINEERING_COMPOSITE_GENERATED,read_only_unmodified,read_only_unmodified,read_only_unmodified,read_only_unmodified,composite_desc;target_context_desc;target_organism_desc;phage_origin_desc;docking_desc;solubility_no_chaperone_desc;E7_score_desc;source_accession_asc
v5.4.8z2,A0A449C440,A0A449C440__V52_B0_ed3d540e9b281f6de46c__compound5,V52_B0_ed3d540e9b281f6de46c,ordinary_candidate,not_forced,not_hard_coded,none,no_gold_standard_bonus,not_Q9T0Z9,33,0.565236,0.525000,0.400000,other_or_genus_only_Yersinia,0.650000,Yersinia_phage_non_enterocolitica_or_unknown_host,true,0.596016,0.578646,0.964410,0.000000,0.000000,0.831068,0.831068,33,0.831068,Yersinia phage fPS-90,Yersinia,Yersinia,,G_pre1_TARGET_ENGINEERING_COMPOSITE_GENERATED,read_only_unmodified,read_only_unmodified,read_only_unmodified,read_only_unmodified,composite_desc;target_context_desc;target_organism_desc;phage_origin_desc;docking_desc;solubility_no_chaperone_desc;E7_score_desc;source_accession_asc
v5.4.8z2,F4N2J8,F4N2J8__V52_B0_678901de5475dc45ea34__compound5,V52_B0_678901de5475dc45ea34,ordinary_candidate,not_forced,not_hard_coded,none,no_gold_standard_bonus,not_Q9T0Z9,34,0.564662,0.575000,0.750000,Yersinia_enterocolitica_non_O3_or_unknown_serotype,0.400000,Yersinia_enterocolitica_bacterial_genome_phage_like,true,0.566419,0.474194,0.790323,0.000000,0.000000,0.805781,0.805781,181,0.805781,Yersinia enterocolitica W22703,Yersinia,Yersinia,Tail fiber assembly protein,G_pre1_TARGET_ENGINEERING_COMPOSITE_GENERATED,read_only_unmodified,read_only_unmodified,read_only_unmodified,read_only_unmodified,composite_desc;target_context_desc;target_organism_desc;phage_origin_desc;docking_desc;solubility_no_chaperone_desc;E7_score_desc;source_accession_asc
v5.4.8z2,A0A449C5Z2,A0A449C5Z2__V52_B0_814e6a30a8cec12fad65__compound5,V52_B0_814e6a30a8cec12fad65,ordinary_candidate,not_forced,not_hard_coded,none,no_gold_standard_bonus,not_Q9T0Z9,35,0.564507,0.525000,0.400000,other_or_genus_only_Yersinia,0.650000,Yersinia_phage_non_enterocolitica_or_unknown_host,true,0.597864,0.573437,0.955729,0.000000,0.000000,0.829929,0.829929,38,0.829929,Yersinia phage fPS-2,Yersinia,Yersinia,,G_pre1_TARGET_ENGINEERING_COMPOSITE_GENERATED,read_only_unmodified,read_only_unmodified,read_only_unmodified,read_only_unmodified,composite_desc;target_context_desc;target_organism_desc;phage_origin_desc;docking_desc;solubility_no_chaperone_desc;E7_score_desc;source_accession_asc
v5.4.8z2,F4N729,F4N729__V52_B0_989606a9637da31f7cad__compound5,V52_B0_989606a9637da31f7cad,ordinary_candidate,not_forced,not_hard_coded,none,no_gold_standard_bonus,not_Q9T0Z9,36,0.564356,0.575000,0.750000,Yersinia_enterocolitica_non_O3_or_unknown_serotype,0.400000,Yersinia_enterocolitica_bacterial_genome_phage_like,true,0.451909,0.585484,0.975806,0.000000,0.000000,0.812544,0.812544,118,0.812544,Yersinia enterocolitica W22703,Yersinia,Yersinia,Phage tail fibre protein N-terminal domain-containing protein,G_pre1_TARGET_ENGINEERING_COMPOSITE_GENERATED,read_only_unmodified,read_only_unmodified,read_only_unmodified,read_only_unmodified,composite_desc;target_context_desc;target_organism_desc;phage_origin_desc;docking_desc;solubility_no_chaperone_desc;E7_score_desc;source_accession_asc
v5.4.8z2,S5ML14,S5ML14__V52_B0_cc5cd01b6a7cd059e685__compound5,V52_B0_cc5cd01b6a7cd059e685,ordinary_candidate,not_forced,not_hard_coded,none,no_gold_standard_bonus,not_Q9T0Z9,37,0.563844,0.525000,0.400000,other_or_genus_only_Yersinia,0.650000,Yersinia_phage_non_enterocolitica_or_unknown_host,true,0.655128,0.539773,0.899621,0.000000,0.000000,0.722279,0.722279,781,0.722279,Yersinia phage PST,Yersinia,Yersinia,Baseplate wedge protein gp6,G_pre1_TARGET_ENGINEERING_COMPOSITE_GENERATED,read_only_unmodified,read_only_unmodified,read_only_unmodified,read_only_unmodified,composite_desc;target_context_desc;target_organism_desc;phage_origin_desc;docking_desc;solubility_no_chaperone_desc;E7_score_desc;source_accession_asc
v5.4.8z2,I7LHJ5,I7LHJ5__V52_B0_88168e53e77c16b85858__compound5,V52_B0_88168e53e77c16b85858,ordinary_candidate,not_forced,not_hard_coded,none,no_gold_standard_bonus,not_Q9T0Z9,38,0.563662,0.525000,0.400000,other_or_genus_only_Yersinia,0.650000,Yersinia_phage_non_enterocolitica_or_unknown_host,true,0.576792,0.584932,0.974886,0.000000,0.000000,0.851342,0.851342,3,0.851342,Yersinia phage phiD1,Yersinia,Yersinia,,G_pre1_TARGET_ENGINEERING_COMPOSITE_GENERATED,read_only_unmodified,read_only_unmodified,read_only_unmodified,read_only_unmodified,composite_desc;target_context_desc;target_organism_desc;phage_origin_desc;docking_desc;solubility_no_chaperone_desc;E7_score_desc;source_accession_asc
v5.4.8z2,A0A449C555,A0A449C555__V52_B0_5ab0ec1ff4be719d99fd__compound5,V52_B0_5ab0ec1ff4be719d99fd,ordinary_candidate,not_forced,not_hard_coded,none,no_gold_standard_bonus,not_Q9T0Z9,39,0.563009,0.525000,0.400000,other_or_genus_only_Yersinia,0.650000,Yersinia_phage_non_enterocolitica_or_unknown_host,true,0.588023,0.583735,0.972891,0.000000,0.000000,0.798143,0.798143,263,0.798143,Yersinia phage fPS-65,Yersinia,Yersinia,,G_pre1_TARGET_ENGINEERING_COMPOSITE_GENERATED,read_only_unmodified,read_only_unmodified,read_only_unmodified,read_only_unmodified,composite_desc;target_context_desc;target_organism_desc;phage_origin_desc;docking_desc;solubility_no_chaperone_desc;E7_score_desc;source_accession_asc
v5.4.8z2,A0AAE9FQ76,A0AAE9FQ76__V52_B0_4d659282a14eb1343085__compound5,V52_B0_4d659282a14eb1343085,ordinary_candidate,not_forced,not_hard_coded,none,no_gold_standard_bonus,not_Q9T0Z9,40,0.561838,0.525000,0.400000,other_or_genus_only_Yersinia,0.650000,Yersinia_phage_non_enterocolitica_or_unknown_host,true,0.593538,0.574934,0.958224,0.000000,0.000000,0.787875,0.787875,384,0.787875,Yersinia phage vB_YenM_201.16,Yersinia,Yersinia,,G_pre1_TARGET_ENGINEERING_COMPOSITE_GENERATED,read_only_unmodified,read_only_unmodified,read_only_unmodified,read_only_unmodified,composite_desc;target_context_desc;target_organism_desc;phage_origin_desc;docking_desc;solubility_no_chaperone_desc;E7_score_desc;source_accession_asc
v5.4.8z2,A0A1V0DXT2,A0A1V0DXT2__V52_B0_e17adc42c5374f6446a4__compound5,V52_B0_e17adc42c5374f6446a4,ordinary_candidate,not_forced,not_hard_coded,none,no_gold_standard_bonus,not_Q9T0Z9,41,0.561406,0.525000,0.400000,other_or_genus_only_Yersinia,0.650000,Yersinia_phage_non_enterocolitica_or_unknown_host,true,0.668439,0.513461,0.855769,0.000000,0.000000,0.725522,0.725522,777,0.725522,Yersinia phage fHe-Yen9-01,Yersinia,Yersinia,Baseplate wedge protein gp6,G_pre1_TARGET_ENGINEERING_COMPOSITE_GENERATED,read_only_unmodified,read_only_unmodified,read_only_unmodified,read_only_unmodified,composite_desc;target_context_desc;target_organism_desc;phage_origin_desc;docking_desc;solubility_no_chaperone_desc;E7_score_desc;source_accession_asc
v5.4.8z2,I7K324,I7K324__V52_B0_32ddd655691f86d6b241__compound5,V52_B0_32ddd655691f86d6b241,ordinary_candidate,not_forced,not_hard_coded,none,no_gold_standard_bonus,not_Q9T0Z9,42,0.560964,0.525000,0.400000,other_or_genus_only_Yersinia,0.650000,Yersinia_phage_non_enterocolitica_or_unknown_host,true,0.672626,0.515872,0.859787,0.000000,0.000000,0.690288,0.690288,810,0.690288,Yersinia phage phiR1-RT,Yersinia,Yersinia,Baseplate wedge protein gp10,G_pre1_TARGET_ENGINEERING_COMPOSITE_GENERATED,read_only_unmodified,read_only_unmodified,read_only_unmodified,read_only_unmodified,composite_desc;target_context_desc;target_organism_desc;phage_origin_desc;docking_desc;solubility_no_chaperone_desc;E7_score_desc;source_accession_asc
v5.4.8z2,A0A0G2PMY8,A0A0G2PMY8__V52_B0_a1cd974de2f5316f4c94__compound5,V52_B0_a1cd974de2f5316f4c94,ordinary_candidate,not_forced,not_hard_coded,none,no_gold_standard_bonus,not_Q9T0Z9,43,0.560227,0.550000,1.000000,Yersinia_enterocolitica_O3_or_YeO3,0.100000,other_unknown_non_phage_or_missing_origin,true,0.602200,0.485265,0.808775,0.000000,0.000000,0.804689,0.804689,194,0.804689,Yersinia enterocolitica subsp. palearctica serotype O:3 (strain DSM 13030 / CIP 106945 / Y11),Yersinia,Yersinia,,G_pre1_TARGET_ENGINEERING_COMPOSITE_GENERATED,read_only_unmodified,read_only_unmodified,read_only_unmodified,read_only_unmodified,composite_desc;target_context_desc;target_organism_desc;phage_origin_desc;docking_desc;solubility_no_chaperone_desc;E7_score_desc;source_accession_asc
v5.4.8z2,A0A088F649,A0A088F649__V52_B0_e0dac016b3932c71cc57__compound5,V52_B0_e0dac016b3932c71cc57,ordinary_candidate,not_forced,not_hard_coded,none,no_gold_standard_bonus,not_Q9T0Z9,44,0.558317,0.525000,0.400000,other_or_genus_only_Yersinia,0.650000,Yersinia_phage_non_enterocolitica_or_unknown_host,true,0.582799,0.581250,0.968750,0.000000,0.000000,0.735144,0.735144,758,0.735144,Yersinia phage vB_YenP_AP5,Yersinia,Yersinia,,G_pre1_TARGET_ENGINEERING_COMPOSITE_GENERATED,read_only_unmodified,read_only_unmodified,read_only_unmodified,read_only_unmodified,composite_desc;target_context_desc;target_organism_desc;phage_origin_desc;docking_desc;solubility_no_chaperone_desc;E7_score_desc;source_accession_asc
v5.4.8z2,S5M9F2,S5M9F2__V52_B0_fd80d79069bc3204eb92__compound5,V52_B0_fd80d79069bc3204eb92,ordinary_candidate,not_forced,not_hard_coded,none,no_gold_standard_bonus,not_Q9T0Z9,45,0.557936,0.525000,0.400000,other_or_genus_only_Yersinia,0.650000,Yersinia_phage_non_enterocolitica_or_unknown_host,true,0.572817,0.575000,0.958333,0.000000,0.000000,0.792446,0.792446,333,0.792446,Yersinia phage PST,Yersinia,Yersinia,,G_pre1_TARGET_ENGINEERING_COMPOSITE_GENERATED,read_only_unmodified,read_only_unmodified,read_only_unmodified,read_only_unmodified,composite_desc;target_context_desc;target_organism_desc;phage_origin_desc;docking_desc;solubility_no_chaperone_desc;E7_score_desc;source_accession_asc
v5.4.8z2,A0AAE7CTI2,A0AAE7CTI2__V52_B0_89ea6bfef82cd651d3d4__compound5,V52_B0_89ea6bfef82cd651d3d4,ordinary_candidate,not_forced,not_hard_coded,none,no_gold_standard_bonus,not_Q9T0Z9,46,0.557703,0.525000,0.400000,other_or_genus_only_Yersinia,0.650000,Yersinia_phage_non_enterocolitica_or_unknown_host,true,0.609872,0.527143,0.878572,0.000000,0.000000,0.830999,0.830999,35,0.830999,Yersinia phage P37,Yersinia,Yersinia,,G_pre1_TARGET_ENGINEERING_COMPOSITE_GENERATED,read_only_unmodified,read_only_unmodified,read_only_unmodified,read_only_unmodified,composite_desc;target_context_desc;target_organism_desc;phage_origin_desc;docking_desc;solubility_no_chaperone_desc;E7_score_desc;source_accession_asc
v5.4.8z2,A0A0B4ZXE3,A0A0B4ZXE3__V52_B0_560a733be97173df0a7f__compound5,V52_B0_560a733be97173df0a7f,ordinary_candidate,not_forced,not_hard_coded,none,no_gold_standard_bonus,not_Q9T0Z9,47,0.557289,0.525000,0.400000,other_or_genus_only_Yersinia,0.650000,Yersinia_phage_non_enterocolitica_or_unknown_host,true,0.654988,0.515872,0.859787,0.000000,0.000000,0.687348,0.687348,812,0.687348,Yersinia phage vB_YenM_TG1,Yersinia,Yersinia,Baseplate wedge protein gp10,G_pre1_TARGET_ENGINEERING_COMPOSITE_GENERATED,read_only_unmodified,read_only_unmodified,read_only_unmodified,read_only_unmodified,composite_desc;target_context_desc;target_organism_desc;phage_origin_desc;docking_desc;solubility_no_chaperone_desc;E7_score_desc;source_accession_asc
v5.4.8z2,A0A0H3NZ57,A0A0H3NZ57__V52_B0_01c8e8853dc65d3bd72b__compound5,V52_B0_01c8e8853dc65d3bd72b,ordinary_candidate,not_forced,not_hard_coded,none,no_gold_standard_bonus,not_Q9T0Z9,48,0.557146,0.550000,1.000000,Yersinia_enterocolitica_O3_or_YeO3,0.100000,other_unknown_non_phage_or_missing_origin,true,0.547353,0.547675,0.912791,0.000000,0.000000,0.712802,0.712802,794,0.712802,Yersinia enterocolitica subsp. palearctica serotype O:3 (strain DSM 13030 / CIP 106945 / Y11),Yersinia,Yersinia,,G_pre1_TARGET_ENGINEERING_COMPOSITE_GENERATED,read_only_unmodified,read_only_unmodified,read_only_unmodified,read_only_unmodified,composite_desc;target_context_desc;target_organism_desc;phage_origin_desc;docking_desc;solubility_no_chaperone_desc;E7_score_desc;source_accession_asc
v5.4.8z2,S5MRA5,S5MRA5__V52_B0_1ad188626900ead62d59__compound5,V52_B0_1ad188626900ead62d59,ordinary_candidate,not_forced,not_hard_coded,none,no_gold_standard_bonus,not_Q9T0Z9,49,0.556463,0.525000,0.400000,other_or_genus_only_Yersinia,0.650000,Yersinia_phage_non_enterocolitica_or_unknown_host,true,0.616534,0.522306,0.870510,0.000000,0.000000,0.798903,0.798903,251,0.798903,Yersinia phage PST,Yersinia,Yersinia,,G_pre1_TARGET_ENGINEERING_COMPOSITE_GENERATED,read_only_unmodified,read_only_unmodified,read_only_unmodified,read_only_unmodified,composite_desc;target_context_desc;target_organism_desc;phage_origin_desc;docking_desc;solubility_no_chaperone_desc;E7_score_desc;source_accession_asc
v5.4.8z2,A0A0B5A4Q9,A0A0B5A4Q9__V52_B0_e182309b668540adee8d__compound5,V52_B0_e182309b668540adee8d,ordinary_candidate,not_forced,not_hard_coded,none,no_gold_standard_bonus,not_Q9T0Z9,50,0.555314,0.525000,0.400000,other_or_genus_only_Yersinia,0.650000,Yersinia_phage_non_enterocolitica_or_unknown_host,true,0.574392,0.557143,0.928571,0.000000,0.000000,0.805151,0.805151,189,0.805151,Yersinia phage vB_YenM_TG1,Yersinia,Yersinia,Tail fiber assembly protein,G_pre1_TARGET_ENGINEERING_COMPOSITE_GENERATED,read_only_unmodified,read_only_unmodified,read_only_unmodified,read_only_unmodified,composite_desc;target_context_desc;target_organism_desc;phage_origin_desc;docking_desc;solubility_no_chaperone_desc;E7_score_desc;source_accession_asc
v5.4.8z2,A0A3B8DLH1,A0A3B8DLH1__V52_B0_ef0dbe4f2cbb2c25a216__compound5,V52_B0_ef0dbe4f2cbb2c25a216,ordinary_candidate,not_forced,not_hard_coded,none,no_gold_standard_bonus,not_Q9T0Z9,51,0.555214,0.525000,0.400000,other_or_genus_only_Yersinia,0.650000,Yersinia_phage_non_enterocolitica_or_unknown_host,true,0.550587,0.576041,0.960069,0.000000,0.000000,0.822773,0.822773,61,0.822773,Yersinia phage PYPS2T,Yersinia,Yersinia,Baseplate wedge tail fiber connector,G_pre1_TARGET_ENGINEERING_COMPOSITE_GENERATED,read_only_unmodified,read_only_unmodified,read_only_unmodified,read_only_unmodified,composite_desc;target_context_desc;target_organism_desc;phage_origin_desc;docking_desc;solubility_no_chaperone_desc;E7_score_desc;source_accession_asc
v5.4.8z2,A0A449C3U4,A0A449C3U4__V52_B0_46685f0af66c9fb2913a__compound5,V52_B0_46685f0af66c9fb2913a,ordinary_candidate,not_forced,not_hard_coded,none,no_gold_standard_bonus,not_Q9T0Z9,52,0.555182,0.525000,0.400000,other_or_genus_only_Yersinia,0.650000,Yersinia_phage_non_enterocolitica_or_unknown_host,true,0.620390,0.513324,0.855540,0.000000,0.000000,0.793782,0.793782,309,0.793782,Yersinia phage fPS-90,Yersinia,Yersinia,,G_pre1_TARGET_ENGINEERING_COMPOSITE_GENERATED,read_only_unmodified,read_only_unmodified,read_only_unmodified,read_only_unmodified,composite_desc;target_context_desc;target_organism_desc;phage_origin_desc;docking_desc;solubility_no_chaperone_desc;E7_score_desc;source_accession_asc
v5.4.8z2,A0AAX4Q199,A0AAX4Q199__V52_B0_11c7b33726afb9a47457__compound5,V52_B0_11c7b33726afb9a47457,ordinary_candidate,not_forced,not_hard_coded,none,no_gold_standard_bonus,not_Q9T0Z9,53,0.554484,0.525000,0.400000,other_or_genus_only_Yersinia,0.650000,Yersinia_phage_non_enterocolitica_or_unknown_host,true,0.587491,0.546787,0.911311,0.000000,0.000000,0.777578,0.777578,491,0.777578,Yersinia phage vB_YpM_MHG39,Yersinia,Yersinia,,G_pre1_TARGET_ENGINEERING_COMPOSITE_GENERATED,read_only_unmodified,read_only_unmodified,read_only_unmodified,read_only_unmodified,composite_desc;target_context_desc;target_organism_desc;phage_origin_desc;docking_desc;solubility_no_chaperone_desc;E7_score_desc;source_accession_asc
v5.4.8z2,A0A6M3GA37,A0A6M3GA37__V52_B0_198aada995bb8f5c2558__compound5,V52_B0_198aada995bb8f5c2558,ordinary_candidate,not_forced,not_hard_coded,none,no_gold_standard_bonus,not_Q9T0Z9,54,0.554394,0.525000,0.400000,other_or_genus_only_Yersinia,0.650000,Yersinia_phage_non_enterocolitica_or_unknown_host,true,0.542854,0.574658,0.957763,0.000000,0.000000,0.842832,0.842832,9,0.842832,Yersinia phage vB_YepM_ZN18,Yersinia,Yersinia,,G_pre1_TARGET_ENGINEERING_COMPOSITE_GENERATED,read_only_unmodified,read_only_unmodified,read_only_unmodified,read_only_unmodified,composite_desc;target_context_desc;target_organism_desc;phage_origin_desc;docking_desc;solubility_no_chaperone_desc;E7_score_desc;source_accession_asc
v5.4.8z2,A0A1V0DXR7,A0A1V0DXR7__V52_B0_61bc1f2eceba8d82cda6__compound5,V52_B0_61bc1f2eceba8d82cda6,ordinary_candidate,not_forced,not_hard_coded,none,no_gold_standard_bonus,not_Q9T0Z9,55,0.554173,0.525000,0.400000,other_or_genus_only_Yersinia,0.650000,Yersinia_phage_non_enterocolitica_or_unknown_host,true,0.633478,0.495860,0.826433,0.000000,0.000000,0.791113,0.791113,352,0.791113,Yersinia phage fHe-Yen9-01,Yersinia,Yersinia,Bacteriophage T4 Gp8 domain-containing protein,G_pre1_TARGET_ENGINEERING_COMPOSITE_GENERATED,read_only_unmodified,read_only_unmodified,read_only_unmodified,read_only_unmodified,composite_desc;target_context_desc;target_organism_desc;phage_origin_desc;docking_desc;solubility_no_chaperone_desc;E7_score_desc;source_accession_asc
v5.4.8z2,A0A0G2PMU8,A0A0G2PMU8__V52_B0_4bd720335f610d1be47d__compound5,V52_B0_4bd720335f610d1be47d,ordinary_candidate,not_forced,not_hard_coded,none,no_gold_standard_bonus,not_Q9T0Z9,56,0.553840,0.550000,1.000000,Yersinia_enterocolitica_O3_or_YeO3,0.100000,other_unknown_non_phage_or_missing_origin,true,0.500195,0.550862,0.918104,0.000000,0.000000,0.822576,0.822576,66,0.822576,Yersinia enterocolitica subsp. palearctica serotype O:3 (strain DSM 13030 / CIP 106945 / Y11),Yersinia,Yersinia,,G_pre1_TARGET_ENGINEERING_COMPOSITE_GENERATED,read_only_unmodified,read_only_unmodified,read_only_unmodified,read_only_unmodified,composite_desc;target_context_desc;target_organism_desc;phage_origin_desc;docking_desc;solubility_no_chaperone_desc;E7_score_desc;source_accession_asc
v5.4.8z2,A0AAE9JYJ2,A0AAE9JYJ2__V52_B0_2d20f75a2893a2102c61__compound5,V52_B0_2d20f75a2893a2102c61,ordinary_candidate,not_forced,not_hard_coded,none,no_gold_standard_bonus,not_Q9T0Z9,57,0.553770,0.525000,0.400000,other_or_genus_only_Yersinia,0.650000,Yersinia_phage_non_enterocolitica_or_unknown_host,true,0.576148,0.552202,0.920337,0.000000,0.000000,0.786996,0.786996,398,0.786996,Yersinia phage vB_YenM_06.16-2,Yersinia,Yersinia,,G_pre1_TARGET_ENGINEERING_COMPOSITE_GENERATED,read_only_unmodified,read_only_unmodified,read_only_unmodified,read_only_unmodified,composite_desc;target_context_desc;target_organism_desc;phage_origin_desc;docking_desc;solubility_no_chaperone_desc;E7_score_desc;source_accession_asc
v5.4.8z2,I7J474,I7J474__V52_B0_810359ad97a3a3db529e__compound5,V52_B0_810359ad97a3a3db529e,ordinary_candidate,not_forced,not_hard_coded,none,no_gold_standard_bonus,not_Q9T0Z9,58,0.553753,0.525000,0.400000,other_or_genus_only_Yersinia,0.650000,Yersinia_phage_non_enterocolitica_or_unknown_host,true,0.574926,0.557555,0.929258,0.000000,0.000000,0.770142,0.770142,552,0.770142,Yersinia phage phiD1,Yersinia,Yersinia,,G_pre1_TARGET_ENGINEERING_COMPOSITE_GENERATED,read_only_unmodified,read_only_unmodified,read_only_unmodified,read_only_unmodified,composite_desc;target_context_desc;target_organism_desc;phage_origin_desc;docking_desc;solubility_no_chaperone_desc;E7_score_desc;source_accession_asc
v5.4.8z2,I7KR83,I7KR83__V52_B0_acc680487483291578d9__compound5,V52_B0_acc680487483291578d9,ordinary_candidate,not_forced,not_hard_coded,none,no_gold_standard_bonus,not_Q9T0Z9,59,0.553015,0.525000,0.400000,other_or_genus_only_Yersinia,0.650000,Yersinia_phage_non_enterocolitica_or_unknown_host,true,0.561025,0.553646,0.922743,0.000000,0.000000,0.826625,0.826625,51,0.826625,Yersinia phage phiR1-RT,Yersinia,Yersinia,,G_pre1_TARGET_ENGINEERING_COMPOSITE_GENERATED,read_only_unmodified,read_only_unmodified,read_only_unmodified,read_only_unmodified,composite_desc;target_context_desc;target_organism_desc;phage_origin_desc;docking_desc;solubility_no_chaperone_desc;E7_score_desc;source_accession_asc
v5.4.8z2,A0ZXG5,A0ZXG5__V52_B0_9bdf2f7873e92f3ec3fb__compound5,V52_B0_9bdf2f7873e92f3ec3fb,ordinary_candidate,not_forced,not_hard_coded,none,no_gold_standard_bonus,not_Q9T0Z9,60,0.553007,0.525000,0.400000,other_or_genus_only_Yersinia,0.650000,Yersinia_phage_non_enterocolitica_or_unknown_host,true,0.576765,0.559666,0.932777,0.000000,0.000000,0.739417,0.739417,739,0.739417,Yersinia phage Berlin,Yersinia,Yersinia,Bacteriophage T7 tail fibre protein-like N-terminal domain-containing protein,G_pre1_TARGET_ENGINEERING_COMPOSITE_GENERATED,read_only_unmodified,read_only_unmodified,read_only_unmodified,read_only_unmodified,composite_desc;target_context_desc;target_organism_desc;phage_origin_desc;docking_desc;solubility_no_chaperone_desc;E7_score_desc;source_accession_asc
v5.4.8z2,A0A449C435,A0A449C435__V52_B0_35d3b575f3dd5ec6ae0c__compound5,V52_B0_35d3b575f3dd5ec6ae0c,ordinary_candidate,not_forced,not_hard_coded,none,no_gold_standard_bonus,not_Q9T0Z9,61,0.551842,0.525000,0.400000,other_or_genus_only_Yersinia,0.650000,Yersinia_phage_non_enterocolitica_or_unknown_host,true,0.551367,0.559438,0.932397,0.000000,0.000000,0.818618,0.818618,91,0.818618,Yersinia phage fPS-90,Yersinia,Yersinia,,G_pre1_TARGET_ENGINEERING_COMPOSITE_GENERATED,read_only_unmodified,read_only_unmodified,read_only_unmodified,read_only_unmodified,composite_desc;target_context_desc;target_organism_desc;phage_origin_desc;docking_desc;solubility_no_chaperone_desc;E7_score_desc;source_accession_asc
v5.4.8z2,A0A7U4K0B3,A0A7U4K0B3__V52_B0_ead0330d29a1ae07e907__compound5,V52_B0_ead0330d29a1ae07e907,ordinary_candidate,not_forced,not_hard_coded,none,no_gold_standard_bonus,not_Q9T0Z9,62,0.551361,0.575000,0.750000,Yersinia_enterocolitica_non_O3_or_unknown_serotype,0.400000,Yersinia_enterocolitica_bacterial_genome_phage_like,true,0.512514,0.464516,0.774194,0.000000,0.000000,0.794108,0.794108,305,0.794108,Yersinia enterocolitica LC20,Yersinia,Yersinia,Tail fiber assembly protein,G_pre1_TARGET_ENGINEERING_COMPOSITE_GENERATED,read_only_unmodified,read_only_unmodified,read_only_unmodified,read_only_unmodified,composite_desc;target_context_desc;target_organism_desc;phage_origin_desc;docking_desc;solubility_no_chaperone_desc;E7_score_desc;source_accession_asc
v5.4.8z2,A0AAE9FRM6,A0AAE9FRM6__V52_B0_2e9ab68cdbb04dc59b95__compound5,V52_B0_2e9ab68cdbb04dc59b95,ordinary_candidate,not_forced,not_hard_coded,none,no_gold_standard_bonus,not_Q9T0Z9,63,0.551334,0.525000,0.400000,other_or_genus_only_Yersinia,0.650000,Yersinia_phage_non_enterocolitica_or_unknown_host,true,0.558352,0.558568,0.930946,0.000000,0.000000,0.784001,0.784001,433,0.784001,Yersinia phage vB_YenM_06.16-2,Yersinia,Yersinia,,G_pre1_TARGET_ENGINEERING_COMPOSITE_GENERATED,read_only_unmodified,read_only_unmodified,read_only_unmodified,read_only_unmodified,composite_desc;target_context_desc;target_organism_desc;phage_origin_desc;docking_desc;solubility_no_chaperone_desc;E7_score_desc;source_accession_asc
v5.4.8z2,A0AAE7PDX0,A0AAE7PDX0__V52_B0_90f4158f14405f7f87a0__compound5,V52_B0_90f4158f14405f7f87a0,ordinary_candidate,not_forced,not_hard_coded,none,no_gold_standard_bonus,not_Q9T0Z9,64,0.551201,0.525000,0.400000,other_or_genus_only_Yersinia,0.650000,Yersinia_phage_non_enterocolitica_or_unknown_host,true,0.593690,0.534375,0.890625,0.000000,0.000000,0.736765,0.736765,754,0.736765,Yersinia phage PYps16N,Yersinia,Yersinia,,G_pre1_TARGET_ENGINEERING_COMPOSITE_GENERATED,read_only_unmodified,read_only_unmodified,read_only_unmodified,read_only_unmodified,composite_desc;target_context_desc;target_organism_desc;phage_origin_desc;docking_desc;solubility_no_chaperone_desc;E7_score_desc;source_accession_asc
v5.4.8z2,A0A2C9CXH4,A0A2C9CXH4__V52_B0_dab4804f98f0d4d7c7cf__compound5,V52_B0_dab4804f98f0d4d7c7cf,ordinary_candidate,not_forced,not_hard_coded,none,no_gold_standard_bonus,not_Q9T0Z9,65,0.551017,0.525000,0.400000,other_or_genus_only_Yersinia,0.650000,Yersinia_phage_non_enterocolitica_or_unknown_host,true,0.588406,0.531958,0.886597,0.000000,0.000000,0.763889,0.763889,601,0.763889,Yersinia phage fHe-Yen9-04,Yersinia,Yersinia,,G_pre1_TARGET_ENGINEERING_COMPOSITE_GENERATED,read_only_unmodified,read_only_unmodified,read_only_unmodified,read_only_unmodified,composite_desc;target_context_desc;target_organism_desc;phage_origin_desc;docking_desc;solubility_no_chaperone_desc;E7_score_desc;source_accession_asc
v5.4.8z2,A0A7D3UH03,A0A7D3UH03__V52_B0_7c239e2ab82171bccb94__compound5,V52_B0_7c239e2ab82171bccb94,ordinary_candidate,not_forced,not_hard_coded,none,no_gold_standard_bonus,not_Q9T0Z9,66,0.550893,0.525000,0.400000,other_or_genus_only_Yersinia,0.650000,Yersinia_phage_non_enterocolitica_or_unknown_host,true,0.580893,0.538372,0.897287,0.000000,0.000000,0.765808,0.765808,585,0.765808,Yersinia phage vB_YpM_22,Yersinia,Yersinia,Phage late control D family protein,G_pre1_TARGET_ENGINEERING_COMPOSITE_GENERATED,read_only_unmodified,read_only_unmodified,read_only_unmodified,read_only_unmodified,composite_desc;target_context_desc;target_organism_desc;phage_origin_desc;docking_desc;solubility_no_chaperone_desc;E7_score_desc;source_accession_asc
v5.4.8z2,A0AA51VH76,A0AA51VH76__V52_B0_10e4814ca062cc6cbebb__compound5,V52_B0_10e4814ca062cc6cbebb,ordinary_candidate,not_forced,not_hard_coded,none,no_gold_standard_bonus,not_Q9T0Z9,67,0.550719,0.525000,0.400000,other_or_genus_only_Yersinia,0.650000,Yersinia_phage_non_enterocolitica_or_unknown_host,true,0.556879,0.568337,0.947228,0.000000,0.000000,0.738511,0.738511,744,0.738511,Yersinia phage vB_YpYeO9,Yersinia,Yersinia,,G_pre1_TARGET_ENGINEERING_COMPOSITE_GENERATED,read_only_unmodified,read_only_unmodified,read_only_unmodified,read_only_unmodified,composite_desc;target_context_desc;target_organism_desc;phage_origin_desc;docking_desc;solubility_no_chaperone_desc;E7_score_desc;source_accession_asc
v5.4.8z2,A0A2H1UJ87,A0A2H1UJ87__V52_B0_13c18894340a9b5cfcfc__compound5,V52_B0_13c18894340a9b5cfcfc,ordinary_candidate,not_forced,not_hard_coded,none,no_gold_standard_bonus,not_Q9T0Z9,68,0.550419,0.525000,0.400000,other_or_genus_only_Yersinia,0.650000,Yersinia_phage_non_enterocolitica_or_unknown_host,true,0.564400,0.566827,0.944712,0.000000,0.000000,0.708463,0.708463,798,0.708463,Yersinia phage fPS-85,Yersinia,Yersinia,,G_pre1_TARGET_ENGINEERING_COMPOSITE_GENERATED,read_only_unmodified,read_only_unmodified,read_only_unmodified,read_only_unmodified,composite_desc;target_context_desc;target_organism_desc;phage_origin_desc;docking_desc;solubility_no_chaperone_desc;E7_score_desc;source_accession_asc
v5.4.8z2,A0A449C528,A0A449C528__V52_B0_86d6ddb56bf6332fb50f__compound5,V52_B0_86d6ddb56bf6332fb50f,ordinary_candidate,not_forced,not_hard_coded,none,no_gold_standard_bonus,not_Q9T0Z9,69,0.550334,0.525000,0.400000,other_or_genus_only_Yersinia,0.650000,Yersinia_phage_non_enterocolitica_or_unknown_host,true,0.532506,0.570833,0.951389,0.000000,0.000000,0.818313,0.818313,92,0.818313,Yersinia phage fPS-65,Yersinia,Yersinia,,G_pre1_TARGET_ENGINEERING_COMPOSITE_GENERATED,read_only_unmodified,read_only_unmodified,read_only_unmodified,read_only_unmodified,composite_desc;target_context_desc;target_organism_desc;phage_origin_desc;docking_desc;solubility_no_chaperone_desc;E7_score_desc;source_accession_asc
v5.4.8z2,A0A6M3GA49,A0A6M3GA49__V52_B0_ad76c80098361601fd72__compound5,V52_B0_ad76c80098361601fd72,ordinary_candidate,not_forced,not_hard_coded,none,no_gold_standard_bonus,not_Q9T0Z9,70,0.550267,0.525000,0.400000,other_or_genus_only_Yersinia,0.650000,Yersinia_phage_non_enterocolitica_or_unknown_host,true,0.593456,0.536364,0.893940,0.000000,0.000000,0.711053,0.711053,796,0.711053,Yersinia phage vB_YepM_ZN18,Yersinia,Yersinia,Baseplate wedge protein gp6,G_pre1_TARGET_ENGINEERING_COMPOSITE_GENERATED,read_only_unmodified,read_only_unmodified,read_only_unmodified,read_only_unmodified,composite_desc;target_context_desc;target_organism_desc;phage_origin_desc;docking_desc;solubility_no_chaperone_desc;E7_score_desc;source_accession_asc
v5.4.8z2,A0A1V0DXD5,A0A1V0DXD5__V52_B0_64b698304918fad66bf9__compound5,V52_B0_64b698304918fad66bf9,ordinary_candidate,not_forced,not_hard_coded,none,no_gold_standard_bonus,not_Q9T0Z9,71,0.550246,0.525000,0.400000,other_or_genus_only_Yersinia,0.650000,Yersinia_phage_non_enterocolitica_or_unknown_host,true,0.547387,0.554326,0.923876,0.000000,0.000000,0.823070,0.823070,60,0.823070,Yersinia phage fHe-Yen9-01,Yersinia,Yersinia,Receptor-recognizing protein gp38,G_pre1_TARGET_ENGINEERING_COMPOSITE_GENERATED,read_only_unmodified,read_only_unmodified,read_only_unmodified,read_only_unmodified,composite_desc;target_context_desc;target_organism_desc;phage_origin_desc;docking_desc;solubility_no_chaperone_desc;E7_score_desc;source_accession_asc
v5.4.8z2,A0A3B8DLJ2,A0A3B8DLJ2__V52_B0_2ce1debcf3a3509d0c4a__compound5,V52_B0_2ce1debcf3a3509d0c4a,ordinary_candidate,not_forced,not_hard_coded,none,no_gold_standard_bonus,not_Q9T0Z9,72,0.550044,0.525000,0.400000,other_or_genus_only_Yersinia,0.650000,Yersinia_phage_non_enterocolitica_or_unknown_host,true,0.525897,0.574658,0.957763,0.000000,0.000000,0.823666,0.823666,57,0.823666,Yersinia phage PYPS2T,Yersinia,Yersinia,,G_pre1_TARGET_ENGINEERING_COMPOSITE_GENERATED,read_only_unmodified,read_only_unmodified,read_only_unmodified,read_only_unmodified,composite_desc;target_context_desc;target_organism_desc;phage_origin_desc;docking_desc;solubility_no_chaperone_desc;E7_score_desc;source_accession_asc
v5.4.8z2,A0AAE7PDK2,A0AAE7PDK2__V52_B0_959b195dec7d6f76952b__compound5,V52_B0_959b195dec7d6f76952b,ordinary_candidate,not_forced,not_hard_coded,none,no_gold_standard_bonus,not_Q9T0Z9,73,0.549229,0.525000,0.400000,other_or_genus_only_Yersinia,0.650000,Yersinia_phage_non_enterocolitica_or_unknown_host,true,0.537933,0.564204,0.940340,0.000000,0.000000,0.801036,0.801036,227,0.801036,Yersinia phage PYps3T,Yersinia,Yersinia,,G_pre1_TARGET_ENGINEERING_COMPOSITE_GENERATED,read_only_unmodified,read_only_unmodified,read_only_unmodified,read_only_unmodified,composite_desc;target_context_desc;target_organism_desc;phage_origin_desc;docking_desc;solubility_no_chaperone_desc;E7_score_desc;source_accession_asc
v5.4.8z2,F4N728,F4N728__V52_B0_e508f394f1c37da23c9a__compound5,V52_B0_e508f394f1c37da23c9a,ordinary_candidate,not_forced,not_hard_coded,none,no_gold_standard_bonus,not_Q9T0Z9,74,0.549019,0.575000,0.750000,Yersinia_enterocolitica_non_O3_or_unknown_serotype,0.400000,Yersinia_enterocolitica_bacterial_genome_phage_like,true,0.462854,0.506250,0.843750,0.000000,0.000000,0.778960,0.778960,478,0.778960,Yersinia enterocolitica W22703,Yersinia,Yersinia,Phage tail fibre protein N-terminal domain-containing protein,G_pre1_TARGET_ENGINEERING_COMPOSITE_GENERATED,read_only_unmodified,read_only_unmodified,read_only_unmodified,read_only_unmodified,composite_desc;target_context_desc;target_organism_desc;phage_origin_desc;docking_desc;solubility_no_chaperone_desc;E7_score_desc;source_accession_asc
v5.4.8z2,A0AAE9JVZ5,A0AAE9JVZ5__V52_B0_fc15557ec8f301953684__compound5,V52_B0_fc15557ec8f301953684,ordinary_candidate,not_forced,not_hard_coded,none,no_gold_standard_bonus,not_Q9T0Z9,75,0.548762,0.525000,0.400000,other_or_genus_only_Yersinia,0.650000,Yersinia_phage_non_enterocolitica_or_unknown_host,true,0.575586,0.529339,0.882231,0.000000,0.000000,0.780551,0.780551,468,0.780551,Yersinia phage vB_YenM_42.18,Yersinia,Yersinia,,G_pre1_TARGET_ENGINEERING_COMPOSITE_GENERATED,read_only_unmodified,read_only_unmodified,read_only_unmodified,read_only_unmodified,composite_desc;target_context_desc;target_organism_desc;phage_origin_desc;docking_desc;solubility_no_chaperone_desc;E7_score_desc;source_accession_asc
v5.4.8z2,A0A449C5C7,A0A449C5C7__V52_B0_f5fa81487644bb439667__compound5,V52_B0_f5fa81487644bb439667,ordinary_candidate,not_forced,not_hard_coded,none,no_gold_standard_bonus,not_Q9T0Z9,76,0.548731,0.525000,0.400000,other_or_genus_only_Yersinia,0.650000,Yersinia_phage_non_enterocolitica_or_unknown_host,true,0.584029,0.517815,0.863025,0.000000,0.000000,0.792238,0.792238,336,0.792238,Yersinia phage fPS-65,Yersinia,Yersinia,,G_pre1_TARGET_ENGINEERING_COMPOSITE_GENERATED,read_only_unmodified,read_only_unmodified,read_only_unmodified,read_only_unmodified,composite_desc;target_context_desc;target_organism_desc;phage_origin_desc;docking_desc;solubility_no_chaperone_desc;E7_score_desc;source_accession_asc
v5.4.8z2,I7LH81,I7LH81__V52_B0_f67325372311b9e40086__compound5,V52_B0_f67325372311b9e40086,ordinary_candidate,not_forced,not_hard_coded,none,no_gold_standard_bonus,not_Q9T0Z9,77,0.548722,0.525000,0.400000,other_or_genus_only_Yersinia,0.650000,Yersinia_phage_non_enterocolitica_or_unknown_host,true,0.577857,0.524551,0.874252,0.000000,0.000000,0.789812,0.789812,359,0.789812,Yersinia phage phiR1-RT,Yersinia,Yersinia,,G_pre1_TARGET_ENGINEERING_COMPOSITE_GENERATED,read_only_unmodified,read_only_unmodified,read_only_unmodified,read_only_unmodified,composite_desc;target_context_desc;target_organism_desc;phage_origin_desc;docking_desc;solubility_no_chaperone_desc;E7_score_desc;source_accession_asc
v5.4.8z2,A0A1V0DXT5,A0A1V0DXT5__V52_B0_c438b6a28d6145cb7097__compound5,V52_B0_c438b6a28d6145cb7097,ordinary_candidate,not_forced,not_hard_coded,none,no_gold_standard_bonus,not_Q9T0Z9,78,0.548588,0.525000,0.400000,other_or_genus_only_Yersinia,0.650000,Yersinia_phage_non_enterocolitica_or_unknown_host,true,0.525407,0.564509,0.940848,0.000000,0.000000,0.837104,0.837104,19,0.837104,Yersinia phage fHe-Yen9-01,Yersinia,Yersinia,Baseplate wedge subunit and tail pin,G_pre1_TARGET_ENGINEERING_COMPOSITE_GENERATED,read_only_unmodified,read_only_unmodified,read_only_unmodified,read_only_unmodified,composite_desc;target_context_desc;target_organism_desc;phage_origin_desc;docking_desc;solubility_no_chaperone_desc;E7_score_desc;source_accession_asc
v5.4.8z2,A0A6M3G969,A0A6M3G969__V52_B0_901059819e4079694714__compound5,V52_B0_901059819e4079694714,ordinary_candidate,not_forced,not_hard_coded,none,no_gold_standard_bonus,not_Q9T0Z9,79,0.548237,0.525000,0.400000,other_or_genus_only_Yersinia,0.650000,Yersinia_phage_non_enterocolitica_or_unknown_host,true,0.535922,0.570502,0.950837,0.000000,0.000000,0.764051,0.764051,597,0.764051,Yersinia phage vB_YepM_ZN18,Yersinia,Yersinia,,G_pre1_TARGET_ENGINEERING_COMPOSITE_GENERATED,read_only_unmodified,read_only_unmodified,read_only_unmodified,read_only_unmodified,composite_desc;target_context_desc;target_organism_desc;phage_origin_desc;docking_desc;solubility_no_chaperone_desc;E7_score_desc;source_accession_asc
v5.4.8z2,A0AAX4Q2X2,A0AAX4Q2X2__V52_B0_0aac28dff650c4491f65__compound5,V52_B0_0aac28dff650c4491f65,ordinary_candidate,not_forced,not_hard_coded,none,no_gold_standard_bonus,not_Q9T0Z9,80,0.547988,0.525000,0.400000,other_or_genus_only_Yersinia,0.650000,Yersinia_phage_non_enterocolitica_or_unknown_host,true,0.619647,0.475331,0.792219,0.000000,0.000000,0.804837,0.804837,193,0.804837,Yersinia phage vB_YpM_MHG39,Yersinia,Yersinia,,G_pre1_TARGET_ENGINEERING_COMPOSITE_GENERATED,read_only_unmodified,read_only_unmodified,read_only_unmodified,read_only_unmodified,composite_desc;target_context_desc;target_organism_desc;phage_origin_desc;docking_desc;solubility_no_chaperone_desc;E7_score_desc;source_accession_asc
v5.4.8z2,A0A2D0PE70,A0A2D0PE70__V52_B0_c2b59349f212ae6a1fc4__compound5,V52_B0_c2b59349f212ae6a1fc4,ordinary_candidate,not_forced,not_hard_coded,none,no_gold_standard_bonus,not_Q9T0Z9,81,0.547392,0.525000,0.400000,other_or_genus_only_Yersinia,0.650000,Yersinia_phage_non_enterocolitica_or_unknown_host,true,0.537762,0.574039,0.956731,0.000000,0.000000,0.725634,0.725634,776,0.725634,Yersinia phage fPS-21,Yersinia,Yersinia,,G_pre1_TARGET_ENGINEERING_COMPOSITE_GENERATED,read_only_unmodified,read_only_unmodified,read_only_unmodified,read_only_unmodified,composite_desc;target_context_desc;target_organism_desc;phage_origin_desc;docking_desc;solubility_no_chaperone_desc;E7_score_desc;source_accession_asc
v5.4.8z2,A0A0H3NU58,A0A0H3NU58__V52_B0_b29ca41ce67087bc3aea__compound5,V52_B0_b29ca41ce67087bc3aea,ordinary_candidate,not_forced,not_hard_coded,none,no_gold_standard_bonus,not_Q9T0Z9,82,0.546590,0.550000,1.000000,Yersinia_enterocolitica_O3_or_YeO3,0.100000,other_unknown_non_phage_or_missing_origin,true,0.531443,0.492715,0.821192,0.000000,0.000000,0.785161,0.785161,420,0.785161,Yersinia enterocolitica subsp. palearctica serotype O:3 (strain DSM 13030 / CIP 106945 / Y11),Yersinia,Yersinia,,G_pre1_TARGET_ENGINEERING_COMPOSITE_GENERATED,read_only_unmodified,read_only_unmodified,read_only_unmodified,read_only_unmodified,composite_desc;target_context_desc;target_organism_desc;phage_origin_desc;docking_desc;solubility_no_chaperone_desc;E7_score_desc;source_accession_asc
v5.4.8z2,A0A449C3S4,A0A449C3S4__V52_B0_1fd9f488b1ec2c8b65fe__compound5,V52_B0_1fd9f488b1ec2c8b65fe,ordinary_candidate,not_forced,not_hard_coded,none,no_gold_standard_bonus,not_Q9T0Z9,83,0.546548,0.525000,0.400000,other_or_genus_only_Yersinia,0.650000,Yersinia_phage_non_enterocolitica_or_unknown_host,true,0.509113,0.574658,0.957763,0.000000,0.000000,0.820868,0.820868,73,0.820868,Yersinia phage fPS-90,Yersinia,Yersinia,,G_pre1_TARGET_ENGINEERING_COMPOSITE_GENERATED,read_only_unmodified,read_only_unmodified,read_only_unmodified,read_only_unmodified,composite_desc;target_context_desc;target_organism_desc;phage_origin_desc;docking_desc;solubility_no_chaperone_desc;E7_score_desc;source_accession_asc
v5.4.8z2,S5MRE6,S5MRE6__V52_B0_49c6ffb9ae7ceb78d6df__compound5,V52_B0_49c6ffb9ae7ceb78d6df,ordinary_candidate,not_forced,not_hard_coded,none,no_gold_standard_bonus,not_Q9T0Z9,84,0.546476,0.525000,0.400000,other_or_genus_only_Yersinia,0.650000,Yersinia_phage_non_enterocolitica_or_unknown_host,true,0.539995,0.557555,0.929258,0.000000,0.000000,0.764320,0.764320,593,0.764320,Yersinia phage PST,Yersinia,Yersinia,,G_pre1_TARGET_ENGINEERING_COMPOSITE_GENERATED,read_only_unmodified,read_only_unmodified,read_only_unmodified,read_only_unmodified,composite_desc;target_context_desc;target_organism_desc;phage_origin_desc;docking_desc;solubility_no_chaperone_desc;E7_score_desc;source_accession_asc
v5.4.8z2,A0A3B8DL31,A0A3B8DL31__V52_B0_df5e92bce29ee6312b30__compound5,V52_B0_df5e92bce29ee6312b30,ordinary_candidate,not_forced,not_hard_coded,none,no_gold_standard_bonus,not_Q9T0Z9,85,0.546421,0.525000,0.400000,other_or_genus_only_Yersinia,0.650000,Yersinia_phage_non_enterocolitica_or_unknown_host,true,0.518778,0.563889,0.939815,0.000000,0.000000,0.822756,0.822756,62,0.822756,Yersinia phage PYPS2T,Yersinia,Yersinia,,G_pre1_TARGET_ENGINEERING_COMPOSITE_GENERATED,read_only_unmodified,read_only_unmodified,read_only_unmodified,read_only_unmodified,composite_desc;target_context_desc;target_organism_desc;phage_origin_desc;docking_desc;solubility_no_chaperone_desc;E7_score_desc;source_accession_asc
v5.4.8z2,A0AA86IWK5,A0AA86IWK5__V52_B0_f526b9c7d8b355bea247__compound5,V52_B0_f526b9c7d8b355bea247,ordinary_candidate,not_forced,not_hard_coded,none,no_gold_standard_bonus,not_Q9T0Z9,86,0.546154,0.525000,0.400000,other_or_genus_only_Yersinia,0.650000,Yersinia_phage_non_enterocolitica_or_unknown_host,true,0.537485,0.544420,0.907366,0.000000,0.000000,0.820465,0.820465,77,0.820465,Yersinia phage vB_Yru_GN1,Yersinia,Yersinia,,G_pre1_TARGET_ENGINEERING_COMPOSITE_GENERATED,read_only_unmodified,read_only_unmodified,read_only_unmodified,read_only_unmodified,composite_desc;target_context_desc;target_organism_desc;phage_origin_desc;docking_desc;solubility_no_chaperone_desc;E7_score_desc;source_accession_asc
v5.4.8z2,I7J3W0,I7J3W0__V52_B0_78b9cf2aaeb3a94c8e92__compound5,V52_B0_78b9cf2aaeb3a94c8e92,ordinary_candidate,not_forced,not_hard_coded,none,no_gold_standard_bonus,not_Q9T0Z9,87,0.546077,0.525000,0.400000,other_or_genus_only_Yersinia,0.650000,Yersinia_phage_non_enterocolitica_or_unknown_host,true,0.520307,0.563158,0.938596,0.000000,0.000000,0.812677,0.812677,117,0.812677,Yersinia phage phiR1-RT,Yersinia,Yersinia,Receptor-recognizing protein gp38,G_pre1_TARGET_ENGINEERING_COMPOSITE_GENERATED,read_only_unmodified,read_only_unmodified,read_only_unmodified,read_only_unmodified,composite_desc;target_context_desc;target_organism_desc;phage_origin_desc;docking_desc;solubility_no_chaperone_desc;E7_score_desc;source_accession_asc
v5.4.8z2,A0A0B5A4J3,A0A0B5A4J3__V52_B0_290fad8008ac45a22dc8__compound5,V52_B0_290fad8008ac45a22dc8,ordinary_candidate,not_forced,not_hard_coded,none,no_gold_standard_bonus,not_Q9T0Z9,88,0.544643,0.525000,0.400000,other_or_genus_only_Yersinia,0.650000,Yersinia_phage_non_enterocolitica_or_unknown_host,true,0.523512,0.551042,0.918403,0.000000,0.000000,0.819649,0.819649,83,0.819649,Yersinia phage vB_YenM_TG1,Yersinia,Yersinia,,G_pre1_TARGET_ENGINEERING_COMPOSITE_GENERATED,read_only_unmodified,read_only_unmodified,read_only_unmodified,read_only_unmodified,composite_desc;target_context_desc;target_organism_desc;phage_origin_desc;docking_desc;solubility_no_chaperone_desc;E7_score_desc;source_accession_asc
v5.4.8z2,A0A449C6D2,A0A449C6D2__V52_B0_f291c2c5ce05f08061f8__compound5,V52_B0_f291c2c5ce05f08061f8,ordinary_candidate,not_forced,not_hard_coded,none,no_gold_standard_bonus,not_Q9T0Z9,89,0.544182,0.525000,0.400000,other_or_genus_only_Yersinia,0.650000,Yersinia_phage_non_enterocolitica_or_unknown_host,true,0.523971,0.561676,0.936126,0.000000,0.000000,0.766062,0.766062,581,0.766062,Yersinia phage fPS-2,Yersinia,Yersinia,,G_pre1_TARGET_ENGINEERING_COMPOSITE_GENERATED,read_only_unmodified,read_only_unmodified,read_only_unmodified,read_only_unmodified,composite_desc;target_context_desc;target_organism_desc;phage_origin_desc;docking_desc;solubility_no_chaperone_desc;E7_score_desc;source_accession_asc
v5.4.8z2,A0A0B5A2V7,A0A0B5A2V7__V52_B0_c6a229ecf307832fa61c__compound5,V52_B0_c6a229ecf307832fa61c,ordinary_candidate,not_forced,not_hard_coded,none,no_gold_standard_bonus,not_Q9T0Z9,90,0.543767,0.525000,0.400000,other_or_genus_only_Yersinia,0.650000,Yersinia_phage_non_enterocolitica_or_unknown_host,true,0.520618,0.557652,0.929420,0.000000,0.000000,0.787261,0.787261,392,0.787261,Yersinia phage vB_YenM_TG1,Yersinia,Yersinia,,G_pre1_TARGET_ENGINEERING_COMPOSITE_GENERATED,read_only_unmodified,read_only_unmodified,read_only_unmodified,read_only_unmodified,composite_desc;target_context_desc;target_organism_desc;phage_origin_desc;docking_desc;solubility_no_chaperone_desc;E7_score_desc;source_accession_asc
v5.4.8z2,A0A449C638,A0A449C638__V52_B0_5395a05e0f2982b5dcae__compound5,V52_B0_5395a05e0f2982b5dcae,ordinary_candidate,not_forced,not_hard_coded,none,no_gold_standard_bonus,not_Q9T0Z9,91,0.543410,0.525000,0.400000,other_or_genus_only_Yersinia,0.650000,Yersinia_phage_non_enterocolitica_or_unknown_host,true,0.502242,0.575831,0.959718,0.000000,0.000000,0.780915,0.780915,465,0.780915,Yersinia phage fPS-2,Yersinia,Yersinia,,G_pre1_TARGET_ENGINEERING_COMPOSITE_GENERATED,read_only_unmodified,read_only_unmodified,read_only_unmodified,read_only_unmodified,composite_desc;target_context_desc;target_organism_desc;phage_origin_desc;docking_desc;solubility_no_chaperone_desc;E7_score_desc;source_accession_asc
v5.4.8z2,A0A449C6B7,A0A449C6B7__V52_B0_6b8d4359d73b27aa517d__compound5,V52_B0_6b8d4359d73b27aa517d,ordinary_candidate,not_forced,not_hard_coded,none,no_gold_standard_bonus,not_Q9T0Z9,92,0.543227,0.525000,0.400000,other_or_genus_only_Yersinia,0.650000,Yersinia_phage_non_enterocolitica_or_unknown_host,true,0.496164,0.580723,0.967871,0.000000,0.000000,0.781996,0.781996,457,0.781996,Yersinia phage fPS-2,Yersinia,Yersinia,,G_pre1_TARGET_ENGINEERING_COMPOSITE_GENERATED,read_only_unmodified,read_only_unmodified,read_only_unmodified,read_only_unmodified,composite_desc;target_context_desc;target_organism_desc;phage_origin_desc;docking_desc;solubility_no_chaperone_desc;E7_score_desc;source_accession_asc
v5.4.8z2,A0A6M3G916,A0A6M3G916__V52_B0_90deec6d3e2c6b72502d__compound5,V52_B0_90deec6d3e2c6b72502d,ordinary_candidate,not_forced,not_hard_coded,none,no_gold_standard_bonus,not_Q9T0Z9,93,0.542840,0.525000,0.400000,other_or_genus_only_Yersinia,0.650000,Yersinia_phage_non_enterocolitica_or_unknown_host,true,0.501099,0.565625,0.942708,0.000000,0.000000,0.814899,0.814899,108,0.814899,Yersinia phage vB_YepM_ZN18,Yersinia,Yersinia,,G_pre1_TARGET_ENGINEERING_COMPOSITE_GENERATED,read_only_unmodified,read_only_unmodified,read_only_unmodified,read_only_unmodified,composite_desc;target_context_desc;target_organism_desc;phage_origin_desc;docking_desc;solubility_no_chaperone_desc;E7_score_desc;source_accession_asc
v5.4.8z2,S5M3A7,S5M3A7__V52_B0_98690043debf9d4dd9eb__compound5,V52_B0_98690043debf9d4dd9eb,ordinary_candidate,not_forced,not_hard_coded,none,no_gold_standard_bonus,not_Q9T0Z9,94,0.542790,0.525000,0.400000,other_or_genus_only_Yersinia,0.650000,Yersinia_phage_non_enterocolitica_or_unknown_host,true,0.507916,0.559438,0.932397,0.000000,0.000000,0.811376,0.811376,130,0.811376,Yersinia phage PST,Yersinia,Yersinia,,G_pre1_TARGET_ENGINEERING_COMPOSITE_GENERATED,read_only_unmodified,read_only_unmodified,read_only_unmodified,read_only_unmodified,composite_desc;target_context_desc;target_organism_desc;phage_origin_desc;docking_desc;solubility_no_chaperone_desc;E7_score_desc;source_accession_asc
v5.4.8z2,I7K354,I7K354__V52_B0_444d772a5f267473a496__compound5,V52_B0_444d772a5f267473a496,ordinary_candidate,not_forced,not_hard_coded,none,no_gold_standard_bonus,not_Q9T0Z9,95,0.542149,0.525000,0.400000,other_or_genus_only_Yersinia,0.650000,Yersinia_phage_non_enterocolitica_or_unknown_host,true,0.492404,0.571552,0.952586,0.000000,0.000000,0.812155,0.812155,123,0.812155,Yersinia phage phiR1-RT,Yersinia,Yersinia,,G_pre1_TARGET_ENGINEERING_COMPOSITE_GENERATED,read_only_unmodified,read_only_unmodified,read_only_unmodified,read_only_unmodified,composite_desc;target_context_desc;target_organism_desc;phage_origin_desc;docking_desc;solubility_no_chaperone_desc;E7_score_desc;source_accession_asc
v5.4.8z2,A0A7D3QKX7,A0A7D3QKX7__V52_B0_02b41fcea6894225ffb0__compound5,V52_B0_02b41fcea6894225ffb0,ordinary_candidate,not_forced,not_hard_coded,none,no_gold_standard_bonus,not_Q9T0Z9,96,0.540865,0.525000,0.400000,other_or_genus_only_Yersinia,0.650000,Yersinia_phage_non_enterocolitica_or_unknown_host,true,0.524856,0.542248,0.903747,0.000000,0.000000,0.773885,0.773885,514,0.773885,Yersinia phage vB_YpM_46,Yersinia,Yersinia,Phage late control D family protein,G_pre1_TARGET_ENGINEERING_COMPOSITE_GENERATED,read_only_unmodified,read_only_unmodified,read_only_unmodified,read_only_unmodified,composite_desc;target_context_desc;target_organism_desc;phage_origin_desc;docking_desc;solubility_no_chaperone_desc;E7_score_desc;source_accession_asc
v5.4.8z2,A0A449C4D0,A0A449C4D0__V52_B0_c2d6465efa33f94320f0__compound5,V52_B0_c2d6465efa33f94320f0,ordinary_candidate,not_forced,not_hard_coded,none,no_gold_standard_bonus,not_Q9T0Z9,97,0.540580,0.525000,0.400000,other_or_genus_only_Yersinia,0.650000,Yersinia_phage_non_enterocolitica_or_unknown_host,true,0.531422,0.525868,0.876447,0.000000,0.000000,0.807439,0.807439,162,0.807439,Yersinia phage fPS-90,Yersinia,Yersinia,Receptor-recognizing protein gp38,G_pre1_TARGET_ENGINEERING_COMPOSITE_GENERATED,read_only_unmodified,read_only_unmodified,read_only_unmodified,read_only_unmodified,composite_desc;target_context_desc;target_organism_desc;phage_origin_desc;docking_desc;solubility_no_chaperone_desc;E7_score_desc;source_accession_asc
v5.4.8z2,A0A7D3V1W8,A0A7D3V1W8__V52_B0_b532c7312b714a328306__compound5,V52_B0_b532c7312b714a328306,ordinary_candidate,not_forced,not_hard_coded,none,no_gold_standard_bonus,not_Q9T0Z9,98,0.540304,0.525000,0.400000,other_or_genus_only_Yersinia,0.650000,Yersinia_phage_non_enterocolitica_or_unknown_host,true,0.574569,0.485265,0.808775,0.000000,0.000000,0.791750,0.791750,342,0.791750,Yersinia phage vB_YpM_46,Yersinia,Yersinia,,G_pre1_TARGET_ENGINEERING_COMPOSITE_GENERATED,read_only_unmodified,read_only_unmodified,read_only_unmodified,read_only_unmodified,composite_desc;target_context_desc;target_organism_desc;phage_origin_desc;docking_desc;solubility_no_chaperone_desc;E7_score_desc;source_accession_asc
v5.4.8z2,A0A0B5A2N3,A0A0B5A2N3__V52_B0_4e27c08ba69d97beba03__compound5,V52_B0_4e27c08ba69d97beba03,ordinary_candidate,not_forced,not_hard_coded,none,no_gold_standard_bonus,not_Q9T0Z9,99,0.540085,0.525000,0.400000,other_or_genus_only_Yersinia,0.650000,Yersinia_phage_non_enterocolitica_or_unknown_host,true,0.476899,0.586747,0.977911,0.000000,0.000000,0.772125,0.772125,529,0.772125,Yersinia phage vB_YenM_TG1,Yersinia,Yersinia,,G_pre1_TARGET_ENGINEERING_COMPOSITE_GENERATED,read_only_unmodified,read_only_unmodified,read_only_unmodified,read_only_unmodified,composite_desc;target_context_desc;target_organism_desc;phage_origin_desc;docking_desc;solubility_no_chaperone_desc;E7_score_desc;source_accession_asc
v5.4.8z2,A0A449C3T4,A0A449C3T4__V52_B0_b34a77abbd7639736d02__compound5,V52_B0_b34a77abbd7639736d02,ordinary_candidate,not_forced,not_hard_coded,none,no_gold_standard_bonus,not_Q9T0Z9,100,0.540035,0.525000,0.400000,other_or_genus_only_Yersinia,0.650000,Yersinia_phage_non_enterocolitica_or_unknown_host,true,0.490120,0.571687,0.952811,0.000000,0.000000,0.778479,0.778479,483,0.778479,Yersinia phage fPS-90,Yersinia,Yersinia,,G_pre1_TARGET_ENGINEERING_COMPOSITE_GENERATED,read_only_unmodified,read_only_unmodified,read_only_unmodified,read_only_unmodified,composite_desc;target_context_desc;target_organism_desc;phage_origin_desc;docking_desc;solubility_no_chaperone_desc;E7_score_desc;source_accession_asc
v5.4.8z2,A0AAX4M7A4,A0AAX4M7A4__V52_B0_d24e724189e1e1926c39__compound5,V52_B0_d24e724189e1e1926c39,ordinary_candidate,not_forced,not_hard_coded,none,no_gold_standard_bonus,not_Q9T0Z9,101,0.540031,0.525000,0.400000,other_or_genus_only_Yersinia,0.650000,Yersinia_phage_non_enterocolitica_or_unknown_host,true,0.467209,0.586957,0.978261,0.000000,0.000000,0.808967,0.808967,148,0.808967,Yersinia phage vB_YpM_MHG38,Yersinia,Yersinia,,G_pre1_TARGET_ENGINEERING_COMPOSITE_GENERATED,read_only_unmodified,read_only_unmodified,read_only_unmodified,read_only_unmodified,composite_desc;target_context_desc;target_organism_desc;phage_origin_desc;docking_desc;solubility_no_chaperone_desc;E7_score_desc;source_accession_asc
v5.4.8z2,A0AAX4Q2U9,A0AAX4Q2U9__V52_B0_1f6489bcf02d37f2aa97__compound5,V52_B0_1f6489bcf02d37f2aa97,ordinary_candidate,not_forced,not_hard_coded,none,no_gold_standard_bonus,not_Q9T0Z9,102,0.539675,0.525000,0.400000,other_or_genus_only_Yersinia,0.650000,Yersinia_phage_non_enterocolitica_or_unknown_host,true,0.545794,0.506796,0.844660,0.000000,0.000000,0.808131,0.808131,157,0.808131,Yersinia phage vB_YpM_MHG39,Yersinia,Yersinia,,G_pre1_TARGET_ENGINEERING_COMPOSITE_GENERATED,read_only_unmodified,read_only_unmodified,read_only_unmodified,read_only_unmodified,composite_desc;target_context_desc;target_organism_desc;phage_origin_desc;docking_desc;solubility_no_chaperone_desc;E7_score_desc;source_accession_asc
v5.4.8z2,A0AAD2UWV2,A0AAD2UWV2__V52_B0_10462821530743dba330__compound5,V52_B0_10462821530743dba330,ordinary_candidate,not_forced,not_hard_coded,none,no_gold_standard_bonus,not_Q9T0Z9,103,0.539347,0.425000,0.750000,Yersinia_enterocolitica_non_O3_or_unknown_serotype,0.100000,other_unknown_non_phage_or_missing_origin,true,0.772932,0.558799,0.931331,0.000000,0.000000,0.785024,0.785024,421,0.785024,Yersinia enterocolitica,Yersinia,Yersinia,,G_pre1_TARGET_ENGINEERING_COMPOSITE_GENERATED,read_only_unmodified,read_only_unmodified,read_only_unmodified,read_only_unmodified,composite_desc;target_context_desc;target_organism_desc;phage_origin_desc;docking_desc;solubility_no_chaperone_desc;E7_score_desc;source_accession_asc
v5.4.8z2,A0A0H3NZ59,A0A0H3NZ59__V52_B0_07fa19425e90234fbc97__compound5,V52_B0_07fa19425e90234fbc97,ordinary_candidate,not_forced,not_hard_coded,none,no_gold_standard_bonus,not_Q9T0Z9,104,0.539163,0.550000,1.000000,Yersinia_enterocolitica_O3_or_YeO3,0.100000,other_unknown_non_phage_or_missing_origin,true,0.411736,0.576541,0.960901,0.000000,0.000000,0.780162,0.780162,471,0.780162,Yersinia enterocolitica subsp. palearctica serotype O:3 (strain DSM 13030 / CIP 106945 / Y11),Yersinia,Yersinia,,G_pre1_TARGET_ENGINEERING_COMPOSITE_GENERATED,read_only_unmodified,read_only_unmodified,read_only_unmodified,read_only_unmodified,composite_desc;target_context_desc;target_organism_desc;phage_origin_desc;docking_desc;solubility_no_chaperone_desc;E7_score_desc;source_accession_asc
v5.4.8z2,I7KRU3,I7KRU3__V52_B0_0db1d348eb2eddb016ab__compound5,V52_B0_0db1d348eb2eddb016ab,ordinary_candidate,not_forced,not_hard_coded,none,no_gold_standard_bonus,not_Q9T0Z9,105,0.539061,0.525000,0.400000,other_or_genus_only_Yersinia,0.650000,Yersinia_phage_non_enterocolitica_or_unknown_host,true,0.480131,0.573729,0.956215,0.000000,0.000000,0.790780,0.790780,354,0.790780,Yersinia phage phiD1,Yersinia,Yersinia,,G_pre1_TARGET_ENGINEERING_COMPOSITE_GENERATED,read_only_unmodified,read_only_unmodified,read_only_unmodified,read_only_unmodified,composite_desc;target_context_desc;target_organism_desc;phage_origin_desc;docking_desc;solubility_no_chaperone_desc;E7_score_desc;source_accession_asc
v5.4.8z2,A0A7D3QQ81,A0A7D3QQ81__V52_B0_87d2af39b74002092c3c__compound5,V52_B0_87d2af39b74002092c3c,ordinary_candidate,not_forced,not_hard_coded,none,no_gold_standard_bonus,not_Q9T0Z9,106,0.538787,0.525000,0.400000,other_or_genus_only_Yersinia,0.650000,Yersinia_phage_non_enterocolitica_or_unknown_host,true,0.498906,0.548815,0.914692,0.000000,0.000000,0.809864,0.809864,142,0.809864,Yersinia phage vB_YpM_22,Yersinia,Yersinia,Phage baseplate assembly protein V,G_pre1_TARGET_ENGINEERING_COMPOSITE_GENERATED,read_only_unmodified,read_only_unmodified,read_only_unmodified,read_only_unmodified,composite_desc;target_context_desc;target_organism_desc;phage_origin_desc;docking_desc;solubility_no_chaperone_desc;E7_score_desc;source_accession_asc
v5.4.8z2,A0AAE7V728,A0AAE7V728__V52_B0_d790747727245009e288__compound5,V52_B0_d790747727245009e288,ordinary_candidate,not_forced,not_hard_coded,none,no_gold_standard_bonus,not_Q9T0Z9,107,0.538631,0.525000,0.400000,other_or_genus_only_Yersinia,0.650000,Yersinia_phage_non_enterocolitica_or_unknown_host,true,0.566342,0.487748,0.812914,0.000000,0.000000,0.781265,0.781265,461,0.781265,Yersinia phage HQ103,Yersinia,Yersinia,,G_pre1_TARGET_ENGINEERING_COMPOSITE_GENERATED,read_only_unmodified,read_only_unmodified,read_only_unmodified,read_only_unmodified,composite_desc;target_context_desc;target_organism_desc;phage_origin_desc;docking_desc;solubility_no_chaperone_desc;E7_score_desc;source_accession_asc
v5.4.8z2,A0AAE9FLD0,A0AAE9FLD0__V52_B0_b5df1cb1cab9b63953d0__compound5,V52_B0_b5df1cb1cab9b63953d0,ordinary_candidate,not_forced,not_hard_coded,none,no_gold_standard_bonus,not_Q9T0Z9,108,0.538442,0.525000,0.400000,other_or_genus_only_Yersinia,0.650000,Yersinia_phage_non_enterocolitica_or_unknown_host,true,0.479006,0.563794,0.939656,0.000000,0.000000,0.822636,0.822636,65,0.822636,Yersinia phage vB_YenM_06.16-2,Yersinia,Yersinia,,G_pre1_TARGET_ENGINEERING_COMPOSITE_GENERATED,read_only_unmodified,read_only_unmodified,read_only_unmodified,read_only_unmodified,composite_desc;target_context_desc;target_organism_desc;phage_origin_desc;docking_desc;solubility_no_chaperone_desc;E7_score_desc;source_accession_asc
v5.4.8z2,A0A1V0DXX1,A0A1V0DXX1__V52_B0_b390a4eae6047595ec7e__compound5,V52_B0_b390a4eae6047595ec7e,ordinary_candidate,not_forced,not_hard_coded,none,no_gold_standard_bonus,not_Q9T0Z9,109,0.538002,0.525000,0.400000,other_or_genus_only_Yersinia,0.650000,Yersinia_phage_non_enterocolitica_or_unknown_host,true,0.472500,0.571552,0.952586,0.000000,0.000000,0.808838,0.808838,149,0.808838,Yersinia phage fHe-Yen9-01,Yersinia,Yersinia,Baseplate tail tube cap,G_pre1_TARGET_ENGINEERING_COMPOSITE_GENERATED,read_only_unmodified,read_only_unmodified,read_only_unmodified,read_only_unmodified,composite_desc;target_context_desc;target_organism_desc;phage_origin_desc;docking_desc;solubility_no_chaperone_desc;E7_score_desc;source_accession_asc
v5.4.8z2,A0AAX4M7M8,A0AAX4M7M8__V52_B0_beaf9ec3bc8df0944c74__compound5,V52_B0_beaf9ec3bc8df0944c74,ordinary_candidate,not_forced,not_hard_coded,none,no_gold_standard_bonus,not_Q9T0Z9,110,0.537890,0.525000,0.400000,other_or_genus_only_Yersinia,0.650000,Yersinia_phage_non_enterocolitica_or_unknown_host,true,0.468894,0.577251,0.962085,0.000000,0.000000,0.798219,0.798219,261,0.798219,Yersinia phage vB_YpM_MHG38,Yersinia,Yersinia,,G_pre1_TARGET_ENGINEERING_COMPOSITE_GENERATED,read_only_unmodified,read_only_unmodified,read_only_unmodified,read_only_unmodified,composite_desc;target_context_desc;target_organism_desc;phage_origin_desc;docking_desc;solubility_no_chaperone_desc;E7_score_desc;source_accession_asc
v5.4.8z2,A0A7T9XU25,A0A7T9XU25__V52_B0_9b2b99baaceeb5277130__compound5,V52_B0_9b2b99baaceeb5277130,ordinary_candidate,not_forced,not_hard_coded,none,no_gold_standard_bonus,not_Q9T0Z9,111,0.537662,0.425000,0.750000,Yersinia_enterocolitica_non_O3_or_unknown_serotype,0.100000,other_unknown_non_phage_or_missing_origin,true,0.818591,0.492715,0.821192,0.000000,0.000000,0.833019,0.833019,28,0.833019,Yersinia enterocolitica,Yersinia,Yersinia,,G_pre1_TARGET_ENGINEERING_COMPOSITE_GENERATED,read_only_unmodified,read_only_unmodified,read_only_unmodified,read_only_unmodified,composite_desc;target_context_desc;target_organism_desc;phage_origin_desc;docking_desc;solubility_no_chaperone_desc;E7_score_desc;source_accession_asc
v5.4.8z2,A0A449C5D9,A0A449C5D9__V52_B0_7d73a267ff129a9bf7f3__compound5,V52_B0_7d73a267ff129a9bf7f3,ordinary_candidate,not_forced,not_hard_coded,none,no_gold_standard_bonus,not_Q9T0Z9,112,0.537211,0.525000,0.400000,other_or_genus_only_Yersinia,0.650000,Yersinia_phage_non_enterocolitica_or_unknown_host,true,0.472966,0.579087,0.965145,0.000000,0.000000,0.761009,0.761009,623,0.761009,Yersinia phage fPS-65,Yersinia,Yersinia,,G_pre1_TARGET_ENGINEERING_COMPOSITE_GENERATED,read_only_unmodified,read_only_unmodified,read_only_unmodified,read_only_unmodified,composite_desc;target_context_desc;target_organism_desc;phage_origin_desc;docking_desc;solubility_no_chaperone_desc;E7_score_desc;source_accession_asc
v5.4.8z2,A0A0H3NP24,A0A0H3NP24__V52_B0_4979a4c3e1cc17fcec60__compound5,V52_B0_4979a4c3e1cc17fcec60,ordinary_candidate,not_forced,not_hard_coded,none,no_gold_standard_bonus,not_Q9T0Z9,113,0.537075,0.550000,1.000000,Yersinia_enterocolitica_O3_or_YeO3,0.100000,other_unknown_non_phage_or_missing_origin,true,0.429305,0.541526,0.902543,0.000000,0.000000,0.808167,0.808167,156,0.808167,Yersinia enterocolitica subsp. palearctica serotype O:3 (strain DSM 13030 / CIP 106945 / Y11),Yersinia,Yersinia,,G_pre1_TARGET_ENGINEERING_COMPOSITE_GENERATED,read_only_unmodified,read_only_unmodified,read_only_unmodified,read_only_unmodified,composite_desc;target_context_desc;target_organism_desc;phage_origin_desc;docking_desc;solubility_no_chaperone_desc;E7_score_desc;source_accession_asc
v5.4.8z2,A0A3B8DLI7,A0A3B8DLI7__V52_B0_8cbb87144e46f074c057__compound5,V52_B0_8cbb87144e46f074c057,ordinary_candidate,not_forced,not_hard_coded,none,no_gold_standard_bonus,not_Q9T0Z9,114,0.536984,0.525000,0.400000,other_or_genus_only_Yersinia,0.650000,Yersinia_phage_non_enterocolitica_or_unknown_host,true,0.472976,0.567092,0.945153,0.000000,0.000000,0.804410,0.804410,198,0.804410,Yersinia phage PYPS2T,Yersinia,Yersinia,,G_pre1_TARGET_ENGINEERING_COMPOSITE_GENERATED,read_only_unmodified,read_only_unmodified,read_only_unmodified,read_only_unmodified,composite_desc;target_context_desc;target_organism_desc;phage_origin_desc;docking_desc;solubility_no_chaperone_desc;E7_score_desc;source_accession_asc
v5.4.8z2,A0A1V0DXS1,A0A1V0DXS1__V52_B0_26db41915ce17c727b40__compound5,V52_B0_26db41915ce17c727b40,ordinary_candidate,not_forced,not_hard_coded,none,no_gold_standard_bonus,not_Q9T0Z9,115,0.536501,0.525000,0.400000,other_or_genus_only_Yersinia,0.650000,Yersinia_phage_non_enterocolitica_or_unknown_host,true,0.497797,0.538021,0.896701,0.000000,0.000000,0.811746,0.811746,127,0.811746,Yersinia phage fHe-Yen9-01,Yersinia,Yersinia,Baseplate wedge tail fiber connector,G_pre1_TARGET_ENGINEERING_COMPOSITE_GENERATED,read_only_unmodified,read_only_unmodified,read_only_unmodified,read_only_unmodified,composite_desc;target_context_desc;target_organism_desc;phage_origin_desc;docking_desc;solubility_no_chaperone_desc;E7_score_desc;source_accession_asc
v5.4.8z2,A0A2D0PCZ8,A0A2D0PCZ8__V52_B0_68f1e6c3b6b16bd8b8ec__compound5,V52_B0_68f1e6c3b6b16bd8b8ec,ordinary_candidate,not_forced,not_hard_coded,none,no_gold_standard_bonus,not_Q9T0Z9,116,0.536223,0.525000,0.400000,other_or_genus_only_Yersinia,0.650000,Yersinia_phage_non_enterocolitica_or_unknown_host,true,0.491553,0.566827,0.944712,0.000000,0.000000,0.715930,0.715930,788,0.715930,Yersinia phage fPS-52,Yersinia,Yersinia,,G_pre1_TARGET_ENGINEERING_COMPOSITE_GENERATED,read_only_unmodified,read_only_unmodified,read_only_unmodified,read_only_unmodified,composite_desc;target_context_desc;target_organism_desc;phage_origin_desc;docking_desc;solubility_no_chaperone_desc;E7_score_desc;source_accession_asc
v5.4.8z2,A0A449C3Q1,A0A449C3Q1__V52_B0_899f5f89a645fb41cfae__compound5,V52_B0_899f5f89a645fb41cfae,ordinary_candidate,not_forced,not_hard_coded,none,no_gold_standard_bonus,not_Q9T0Z9,117,0.536072,0.525000,0.400000,other_or_genus_only_Yersinia,0.650000,Yersinia_phage_non_enterocolitica_or_unknown_host,true,0.562371,0.503411,0.839018,0.000000,0.000000,0.683320,0.683320,814,0.683320,Yersinia phage fPS-90,Yersinia,Yersinia,Baseplate wedge protein gp10,G_pre1_TARGET_ENGINEERING_COMPOSITE_GENERATED,read_only_unmodified,read_only_unmodified,read_only_unmodified,read_only_unmodified,composite_desc;target_context_desc;target_organism_desc;phage_origin_desc;docking_desc;solubility_no_chaperone_desc;E7_score_desc;source_accession_asc
v5.4.8z2,A0A2D0PE10,A0A2D0PE10__V52_B0_b4b931cff2ec6b8d04cc__compound5,V52_B0_b4b931cff2ec6b8d04cc,ordinary_candidate,not_forced,not_hard_coded,none,no_gold_standard_bonus,not_Q9T0Z9,118,0.536000,0.525000,0.400000,other_or_genus_only_Yersinia,0.650000,Yersinia_phage_non_enterocolitica_or_unknown_host,true,0.492229,0.569711,0.949519,0.000000,0.000000,0.697236,0.697236,807,0.697236,Yersinia phage fPS-7,Yersinia,Yersinia,,G_pre1_TARGET_ENGINEERING_COMPOSITE_GENERATED,read_only_unmodified,read_only_unmodified,read_only_unmodified,read_only_unmodified,composite_desc;target_context_desc;target_organism_desc;phage_origin_desc;docking_desc;solubility_no_chaperone_desc;E7_score_desc;source_accession_asc
v5.4.8z2,A0A0H3NSE3,A0A0H3NSE3__V52_B0_8eceb324bd84e98dde4e__compound5,V52_B0_8eceb324bd84e98dde4e,ordinary_candidate,not_forced,not_hard_coded,none,no_gold_standard_bonus,not_Q9T0Z9,119,0.535494,0.550000,1.000000,Yersinia_enterocolitica_O3_or_YeO3,0.100000,other_unknown_non_phage_or_missing_origin,true,0.446601,0.532895,0.888158,0.000000,0.000000,0.741904,0.741904,731,0.741904,Yersinia enterocolitica subsp. palearctica serotype O:3 (strain DSM 13030 / CIP 106945 / Y11),Yersinia,Yersinia,,G_pre1_TARGET_ENGINEERING_COMPOSITE_GENERATED,read_only_unmodified,read_only_unmodified,read_only_unmodified,read_only_unmodified,composite_desc;target_context_desc;target_organism_desc;phage_origin_desc;docking_desc;solubility_no_chaperone_desc;E7_score_desc;source_accession_asc
v5.4.8z2,A0A2H1X991,A0A2H1X991__V52_B0_4c37211300ec6423f623__compound5,V52_B0_4c37211300ec6423f623,ordinary_candidate,not_forced,not_hard_coded,none,no_gold_standard_bonus,not_Q9T0Z9,120,0.535354,0.525000,0.400000,other_or_genus_only_Yersinia,0.650000,Yersinia_phage_non_enterocolitica_or_unknown_host,true,0.493571,0.565385,0.942308,0.000000,0.000000,0.696258,0.696258,808,0.696258,Yersinia phage fPS16,Yersinia,Yersinia,,G_pre1_TARGET_ENGINEERING_COMPOSITE_GENERATED,read_only_unmodified,read_only_unmodified,read_only_unmodified,read_only_unmodified,composite_desc;target_context_desc;target_organism_desc;phage_origin_desc;docking_desc;solubility_no_chaperone_desc;E7_score_desc;source_accession_asc
v5.4.8z2,A0A6M3G8D1,A0A6M3G8D1__V52_B0_9b92e0c127c432f6157e__compound5,V52_B0_9b92e0c127c432f6157e,ordinary_candidate,not_forced,not_hard_coded,none,no_gold_standard_bonus,not_Q9T0Z9,121,0.535013,0.525000,0.400000,other_or_genus_only_Yersinia,0.650000,Yersinia_phage_non_enterocolitica_or_unknown_host,true,0.503097,0.532852,0.888087,0.000000,0.000000,0.781456,0.781456,460,0.781456,Yersinia phage vB_YepM_ZN18,Yersinia,Yersinia,Receptor-recognizing protein gp38,G_pre1_TARGET_ENGINEERING_COMPOSITE_GENERATED,read_only_unmodified,read_only_unmodified,read_only_unmodified,read_only_unmodified,composite_desc;target_context_desc;target_organism_desc;phage_origin_desc;docking_desc;solubility_no_chaperone_desc;E7_score_desc;source_accession_asc
v5.4.8z2,A0AAE6YPH1,A0AAE6YPH1__V52_B0_b143cf83d8f532b43d4a__compound5,V52_B0_b143cf83d8f532b43d4a,ordinary_candidate,not_forced,not_hard_coded,none,no_gold_standard_bonus,not_Q9T0Z9,122,0.534840,0.525000,0.400000,other_or_genus_only_Yersinia,0.650000,Yersinia_phage_non_enterocolitica_or_unknown_host,true,0.476308,0.552370,0.920617,0.000000,0.000000,0.807086,0.807086,168,0.807086,Yersinia phage P37,Yersinia,Yersinia,,G_pre1_TARGET_ENGINEERING_COMPOSITE_GENERATED,read_only_unmodified,read_only_unmodified,read_only_unmodified,read_only_unmodified,composite_desc;target_context_desc;target_organism_desc;phage_origin_desc;docking_desc;solubility_no_chaperone_desc;E7_score_desc;source_accession_asc
v5.4.8z2,A0AAE9FRR2,A0AAE9FRR2__V52_B0_6f3e8e0f1e06a2c3c703__compound5,V52_B0_6f3e8e0f1e06a2c3c703,ordinary_candidate,not_forced,not_hard_coded,none,no_gold_standard_bonus,not_Q9T0Z9,123,0.534695,0.525000,0.400000,other_or_genus_only_Yersinia,0.650000,Yersinia_phage_non_enterocolitica_or_unknown_host,true,0.504919,0.525352,0.875587,0.000000,0.000000,0.797813,0.797813,265,0.797813,Yersinia phage vB_YenM_56.17,Yersinia,Yersinia,,G_pre1_TARGET_ENGINEERING_COMPOSITE_GENERATED,read_only_unmodified,read_only_unmodified,read_only_unmodified,read_only_unmodified,composite_desc;target_context_desc;target_organism_desc;phage_origin_desc;docking_desc;solubility_no_chaperone_desc;E7_score_desc;source_accession_asc
v5.4.8z2,A0AA51VJM6,A0AA51VJM6__V52_B0_ff98837dd3409bc92cb6__compound5,V52_B0_ff98837dd3409bc92cb6,ordinary_candidate,not_forced,not_hard_coded,none,no_gold_standard_bonus,not_Q9T0Z9,124,0.534592,0.525000,0.400000,other_or_genus_only_Yersinia,0.650000,Yersinia_phage_non_enterocolitica_or_unknown_host,true,0.472058,0.575481,0.959135,0.000000,0.000000,0.726686,0.726686,775,0.726686,Yersinia phage vB_YpEc11,Yersinia,Yersinia,,G_pre1_TARGET_ENGINEERING_COMPOSITE_GENERATED,read_only_unmodified,read_only_unmodified,read_only_unmodified,read_only_unmodified,composite_desc;target_context_desc;target_organism_desc;phage_origin_desc;docking_desc;solubility_no_chaperone_desc;E7_score_desc;source_accession_asc
v5.4.8z2,A0AAE9FQ04,A0AAE9FQ04__V52_B0_5b1a8c1adfccfe58597d__compound5,V52_B0_5b1a8c1adfccfe58597d,ordinary_candidate,not_forced,not_hard_coded,none,no_gold_standard_bonus,not_Q9T0Z9,125,0.534506,0.525000,0.400000,other_or_genus_only_Yersinia,0.650000,Yersinia_phage_non_enterocolitica_or_unknown_host,true,0.489554,0.539437,0.899062,0.000000,0.000000,0.799165,0.799165,245,0.799165,Yersinia phage vB_YenM_06.16-2,Yersinia,Yersinia,,G_pre1_TARGET_ENGINEERING_COMPOSITE_GENERATED,read_only_unmodified,read_only_unmodified,read_only_unmodified,read_only_unmodified,composite_desc;target_context_desc;target_organism_desc;phage_origin_desc;docking_desc;solubility_no_chaperone_desc;E7_score_desc;source_accession_asc
v5.4.8z2,A0A6M3G876,A0A6M3G876__V52_B0_34a81f01b404aa0a901c__compound5,V52_B0_34a81f01b404aa0a901c,ordinary_candidate,not_forced,not_hard_coded,none,no_gold_standard_bonus,not_Q9T0Z9,126,0.534470,0.525000,0.400000,other_or_genus_only_Yersinia,0.650000,Yersinia_phage_non_enterocolitica_or_unknown_host,true,0.477349,0.561676,0.936126,0.000000,0.000000,0.758292,0.758292,636,0.758292,Yersinia phage vB_YepM_ZN18,Yersinia,Yersinia,,G_pre1_TARGET_ENGINEERING_COMPOSITE_GENERATED,read_only_unmodified,read_only_unmodified,read_only_unmodified,read_only_unmodified,composite_desc;target_context_desc;target_organism_desc;phage_origin_desc;docking_desc;solubility_no_chaperone_desc;E7_score_desc;source_accession_asc
v5.4.8z2,S5M7B3,S5M7B3__V52_B0_366c252119bd11814145__compound5,V52_B0_366c252119bd11814145,ordinary_candidate,not_forced,not_hard_coded,none,no_gold_standard_bonus,not_Q9T0Z9,127,0.533819,0.525000,0.400000,other_or_genus_only_Yersinia,0.650000,Yersinia_phage_non_enterocolitica_or_unknown_host,true,0.453235,0.570833,0.951388,0.000000,0.000000,0.805101,0.805101,191,0.805101,Yersinia phage PST,Yersinia,Yersinia,,G_pre1_TARGET_ENGINEERING_COMPOSITE_GENERATED,read_only_unmodified,read_only_unmodified,read_only_unmodified,read_only_unmodified,composite_desc;target_context_desc;target_organism_desc;phage_origin_desc;docking_desc;solubility_no_chaperone_desc;E7_score_desc;source_accession_asc
v5.4.8z2,A0A449C608,A0A449C608__V52_B0_6242bc1c8759f6ed7547__compound5,V52_B0_6242bc1c8759f6ed7547,ordinary_candidate,not_forced,not_hard_coded,none,no_gold_standard_bonus,not_Q9T0Z9,128,0.533714,0.525000,0.400000,other_or_genus_only_Yersinia,0.650000,Yersinia_phage_non_enterocolitica_or_unknown_host,true,0.468281,0.555612,0.926020,0.000000,0.000000,0.803707,0.803707,206,0.803707,Yersinia phage fPS-2,Yersinia,Yersinia,,G_pre1_TARGET_ENGINEERING_COMPOSITE_GENERATED,read_only_unmodified,read_only_unmodified,read_only_unmodified,read_only_unmodified,composite_desc;target_context_desc;target_organism_desc;phage_origin_desc;docking_desc;solubility_no_chaperone_desc;E7_score_desc;source_accession_asc
v5.4.8z2,A0A7D3QML5,A0A7D3QML5__V52_B0_71805b3db4f6728d290f__compound5,V52_B0_71805b3db4f6728d290f,ordinary_candidate,not_forced,not_hard_coded,none,no_gold_standard_bonus,not_Q9T0Z9,129,0.533683,0.525000,0.400000,other_or_genus_only_Yersinia,0.650000,Yersinia_phage_non_enterocolitica_or_unknown_host,true,0.537688,0.490232,0.817053,0.000000,0.000000,0.786983,0.786983,399,0.786983,Yersinia phage vB_YpM_50,Yersinia,Yersinia,,G_pre1_TARGET_ENGINEERING_COMPOSITE_GENERATED,read_only_unmodified,read_only_unmodified,read_only_unmodified,read_only_unmodified,composite_desc;target_context_desc;target_organism_desc;phage_origin_desc;docking_desc;solubility_no_chaperone_desc;E7_score_desc;source_accession_asc
v5.4.8z2,A0AAX4Q195,A0AAX4Q195__V52_B0_c84da32dd3fa1847abd5__compound5,V52_B0_c84da32dd3fa1847abd5,ordinary_candidate,not_forced,not_hard_coded,none,no_gold_standard_bonus,not_Q9T0Z9,130,0.533097,0.525000,0.400000,other_or_genus_only_Yersinia,0.650000,Yersinia_phage_non_enterocolitica_or_unknown_host,true,0.445888,0.577251,0.962085,0.000000,0.000000,0.794384,0.794384,304,0.794384,Yersinia phage vB_YpM_MHG39,Yersinia,Yersinia,,G_pre1_TARGET_ENGINEERING_COMPOSITE_GENERATED,read_only_unmodified,read_only_unmodified,read_only_unmodified,read_only_unmodified,composite_desc;target_context_desc;target_organism_desc;phage_origin_desc;docking_desc;solubility_no_chaperone_desc;E7_score_desc;source_accession_asc
v5.4.8z2,A0A0B4ZZM3,A0A0B4ZZM3__V52_B0_71df1a9ba3d0c89e030a__compound5,V52_B0_71df1a9ba3d0c89e030a,ordinary_candidate,not_forced,not_hard_coded,none,no_gold_standard_bonus,not_Q9T0Z9,131,0.532897,0.525000,0.400000,other_or_genus_only_Yersinia,0.650000,Yersinia_phage_non_enterocolitica_or_unknown_host,true,0.472447,0.559421,0.932368,0.000000,0.000000,0.755459,0.755459,653,0.755459,Yersinia phage vB_YenM_TG1,Yersinia,Yersinia,,G_pre1_TARGET_ENGINEERING_COMPOSITE_GENERATED,read_only_unmodified,read_only_unmodified,read_only_unmodified,read_only_unmodified,composite_desc;target_context_desc;target_organism_desc;phage_origin_desc;docking_desc;solubility_no_chaperone_desc;E7_score_desc;source_accession_asc
v5.4.8z2,A0A449C619,A0A449C619__V52_B0_9c57173a1907548fa0c0__compound5,V52_B0_9c57173a1907548fa0c0,ordinary_candidate,not_forced,not_hard_coded,none,no_gold_standard_bonus,not_Q9T0Z9,132,0.532666,0.525000,0.400000,other_or_genus_only_Yersinia,0.650000,Yersinia_phage_non_enterocolitica_or_unknown_host,true,0.435042,0.578082,0.963470,0.000000,0.000000,0.825814,0.825814,53,0.825814,Yersinia phage fPS-2,Yersinia,Yersinia,,G_pre1_TARGET_ENGINEERING_COMPOSITE_GENERATED,read_only_unmodified,read_only_unmodified,read_only_unmodified,read_only_unmodified,composite_desc;target_context_desc;target_organism_desc;phage_origin_desc;docking_desc;solubility_no_chaperone_desc;E7_score_desc;source_accession_asc
v5.4.8z2,I7LH90,I7LH90__V52_B0_59613d090e8fdff0fc1e__compound5,V52_B0_59613d090e8fdff0fc1e,ordinary_candidate,not_forced,not_hard_coded,none,no_gold_standard_bonus,not_Q9T0Z9,133,0.532644,0.525000,0.400000,other_or_genus_only_Yersinia,0.650000,Yersinia_phage_non_enterocolitica_or_unknown_host,true,0.483725,0.533621,0.889368,0.000000,0.000000,0.808506,0.808506,151,0.808506,Yersinia phage phiR1-RT,Yersinia,Yersinia,,G_pre1_TARGET_ENGINEERING_COMPOSITE_GENERATED,read_only_unmodified,read_only_unmodified,read_only_unmodified,read_only_unmodified,composite_desc;target_context_desc;target_organism_desc;phage_origin_desc;docking_desc;solubility_no_chaperone_desc;E7_score_desc;source_accession_asc
v5.4.8z2,A0AAE9FKC7,A0AAE9FKC7__V52_B0_5a7e66d6221c53d17311__compound5,V52_B0_5a7e66d6221c53d17311,ordinary_candidate,not_forced,not_hard_coded,none,no_gold_standard_bonus,not_Q9T0Z9,134,0.532401,0.525000,0.400000,other_or_genus_only_Yersinia,0.650000,Yersinia_phage_non_enterocolitica_or_unknown_host,true,0.429622,0.587204,0.978673,0.000000,0.000000,0.805712,0.805712,183,0.805712,Yersinia phage vB_YenM_42.18,Yersinia,Yersinia,,G_pre1_TARGET_ENGINEERING_COMPOSITE_GENERATED,read_only_unmodified,read_only_unmodified,read_only_unmodified,read_only_unmodified,composite_desc;target_context_desc;target_organism_desc;phage_origin_desc;docking_desc;solubility_no_chaperone_desc;E7_score_desc;source_accession_asc
v5.4.8z2,A1JNF1,A1JNF1__V52_B0_cebe14c60b64ee8eef32__compound5,V52_B0_cebe14c60b64ee8eef32,ordinary_candidate,not_forced,not_hard_coded,none,no_gold_standard_bonus,not_Q9T0Z9,135,0.531330,0.425000,0.750000,Yersinia_enterocolitica_non_O3_or_unknown_serotype,0.100000,other_unknown_non_phage_or_missing_origin,true,0.688100,0.586046,0.976744,0.000000,0.000000,0.855007,0.855007,1,0.855007,Yersinia enterocolitica serotype O:8 / biotype 1B (strain NCTC 13174 / 8081),Yersinia,Yersinia,,G_pre1_TARGET_ENGINEERING_COMPOSITE_GENERATED,read_only_unmodified,read_only_unmodified,read_only_unmodified,read_only_unmodified,composite_desc;target_context_desc;target_organism_desc;phage_origin_desc;docking_desc;solubility_no_chaperone_desc;E7_score_desc;source_accession_asc
v5.4.8z2,A0A7D3QJ92,A0A7D3QJ92__V52_B0_bd274f1d883b9f75a18d__compound5,V52_B0_bd274f1d883b9f75a18d,ordinary_candidate,not_forced,not_hard_coded,none,no_gold_standard_bonus,not_Q9T0Z9,136,0.530840,0.525000,0.400000,other_or_genus_only_Yersinia,0.650000,Yersinia_phage_non_enterocolitica_or_unknown_host,true,0.528942,0.487748,0.812914,0.000000,0.000000,0.775032,0.775032,510,0.775032,Yersinia phage vB_YpM_22,Yersinia,Yersinia,,G_pre1_TARGET_ENGINEERING_COMPOSITE_GENERATED,read_only_unmodified,read_only_unmodified,read_only_unmodified,read_only_unmodified,composite_desc;target_context_desc;target_organism_desc;phage_origin_desc;docking_desc;solubility_no_chaperone_desc;E7_score_desc;source_accession_asc
v5.4.8z2,A0A6M3G874,A0A6M3G874__V52_B0_0e63f16c44e7bc202262__compound5,V52_B0_0e63f16c44e7bc202262,ordinary_candidate,not_forced,not_hard_coded,none,no_gold_standard_bonus,not_Q9T0Z9,137,0.530496,0.525000,0.400000,other_or_genus_only_Yersinia,0.650000,Yersinia_phage_non_enterocolitica_or_unknown_host,true,0.440253,0.575831,0.959718,0.000000,0.000000,0.770583,0.770583,546,0.770583,Yersinia phage vB_YepM_ZN18,Yersinia,Yersinia,,G_pre1_TARGET_ENGINEERING_COMPOSITE_GENERATED,read_only_unmodified,read_only_unmodified,read_only_unmodified,read_only_unmodified,composite_desc;target_context_desc;target_organism_desc;phage_origin_desc;docking_desc;solubility_no_chaperone_desc;E7_score_desc;source_accession_asc
v5.4.8z2,S5ML49,S5ML49__V52_B0_ca34514f42dd34407dc4__compound5,V52_B0_ca34514f42dd34407dc4,ordinary_candidate,not_forced,not_hard_coded,none,no_gold_standard_bonus,not_Q9T0Z9,138,0.530145,0.525000,0.400000,other_or_genus_only_Yersinia,0.650000,Yersinia_phage_non_enterocolitica_or_unknown_host,true,0.437332,0.573729,0.956215,0.000000,0.000000,0.783647,0.783647,440,0.783647,Yersinia phage PST,Yersinia,Yersinia,,G_pre1_TARGET_ENGINEERING_COMPOSITE_GENERATED,read_only_unmodified,read_only_unmodified,read_only_unmodified,read_only_unmodified,composite_desc;target_context_desc;target_organism_desc;phage_origin_desc;docking_desc;solubility_no_chaperone_desc;E7_score_desc;source_accession_asc
v5.4.8z2,A0A449C567,A0A449C567__V52_B0_96b7255e28a85826bb3b__compound5,V52_B0_96b7255e28a85826bb3b,ordinary_candidate,not_forced,not_hard_coded,none,no_gold_standard_bonus,not_Q9T0Z9,139,0.529901,0.525000,0.400000,other_or_genus_only_Yersinia,0.650000,Yersinia_phage_non_enterocolitica_or_unknown_host,true,0.437399,0.575831,0.959718,0.000000,0.000000,0.770108,0.770108,553,0.770108,Yersinia phage fPS-65,Yersinia,Yersinia,,G_pre1_TARGET_ENGINEERING_COMPOSITE_GENERATED,read_only_unmodified,read_only_unmodified,read_only_unmodified,read_only_unmodified,composite_desc;target_context_desc;target_organism_desc;phage_origin_desc;docking_desc;solubility_no_chaperone_desc;E7_score_desc;source_accession_asc
v5.4.8z2,A0AAE6YNJ4,A0AAE6YNJ4__V52_B0_3e97127fe00664c580b1__compound5,V52_B0_3e97127fe00664c580b1,ordinary_candidate,not_forced,not_hard_coded,none,no_gold_standard_bonus,not_Q9T0Z9,140,0.529851,0.525000,0.400000,other_or_genus_only_Yersinia,0.650000,Yersinia_phage_non_enterocolitica_or_unknown_host,true,0.524394,0.485265,0.808775,0.000000,0.000000,0.783388,0.783388,444,0.783388,Yersinia phage P37,Yersinia,Yersinia,,G_pre1_TARGET_ENGINEERING_COMPOSITE_GENERATED,read_only_unmodified,read_only_unmodified,read_only_unmodified,read_only_unmodified,composite_desc;target_context_desc;target_organism_desc;phage_origin_desc;docking_desc;solubility_no_chaperone_desc;E7_score_desc;source_accession_asc
v5.4.8z2,A0A6M3G8B9,A0A6M3G8B9__V52_B0_26a9f4a0413d63b76602__compound5,V52_B0_26a9f4a0413d63b76602,ordinary_candidate,not_forced,not_hard_coded,none,no_gold_standard_bonus,not_Q9T0Z9,141,0.529787,0.525000,0.400000,other_or_genus_only_Yersinia,0.650000,Yersinia_phage_non_enterocolitica_or_unknown_host,true,0.449627,0.553472,0.922453,0.000000,0.000000,0.808337,0.808337,155,0.808337,Yersinia phage vB_YepM_ZN18,Yersinia,Yersinia,,G_pre1_TARGET_ENGINEERING_COMPOSITE_GENERATED,read_only_unmodified,read_only_unmodified,read_only_unmodified,read_only_unmodified,composite_desc;target_context_desc;target_organism_desc;phage_origin_desc;docking_desc;solubility_no_chaperone_desc;E7_score_desc;source_accession_asc
v5.4.8z2,A0A3B8DYI1,A0A3B8DYI1__V52_B0_639b9c12ff43d59e81bd__compound5,V52_B0_639b9c12ff43d59e81bd,ordinary_candidate,not_forced,not_hard_coded,none,no_gold_standard_bonus,not_Q9T0Z9,142,0.529710,0.525000,0.400000,other_or_genus_only_Yersinia,0.650000,Yersinia_phage_non_enterocolitica_or_unknown_host,true,0.490065,0.520755,0.867925,0.000000,0.000000,0.775923,0.775923,502,0.775923,Yersinia phage PYPS2T,Yersinia,Yersinia,Receptor-recognizing protein gp38,G_pre1_TARGET_ENGINEERING_COMPOSITE_GENERATED,read_only_unmodified,read_only_unmodified,read_only_unmodified,read_only_unmodified,composite_desc;target_context_desc;target_organism_desc;phage_origin_desc;docking_desc;solubility_no_chaperone_desc;E7_score_desc;source_accession_asc
v5.4.8z2,I7K3U3,I7K3U3__V52_B0_55ef2ba281a61a22a345__compound5,V52_B0_55ef2ba281a61a22a345,ordinary_candidate,not_forced,not_hard_coded,none,no_gold_standard_bonus,not_Q9T0Z9,143,0.529549,0.525000,0.400000,other_or_genus_only_Yersinia,0.650000,Yersinia_phage_non_enterocolitica_or_unknown_host,true,0.489836,0.515909,0.859848,0.000000,0.000000,0.793003,0.793003,323,0.793003,Yersinia phage phiD1,Yersinia,Yersinia,,G_pre1_TARGET_ENGINEERING_COMPOSITE_GENERATED,read_only_unmodified,read_only_unmodified,read_only_unmodified,read_only_unmodified,composite_desc;target_context_desc;target_organism_desc;phage_origin_desc;docking_desc;solubility_no_chaperone_desc;E7_score_desc;source_accession_asc
v5.4.8z2,I7KRG5,I7KRG5__V52_B0_41a802387dbd1fb13a71__compound5,V52_B0_41a802387dbd1fb13a71,ordinary_candidate,not_forced,not_hard_coded,none,no_gold_standard_bonus,not_Q9T0Z9,144,0.529117,0.525000,0.400000,other_or_genus_only_Yersinia,0.650000,Yersinia_phage_non_enterocolitica_or_unknown_host,true,0.448645,0.557143,0.928571,0.000000,0.000000,0.784193,0.784193,430,0.784193,Yersinia phage phiR1-RT,Yersinia,Yersinia,Tail fiber assembly protein,G_pre1_TARGET_ENGINEERING_COMPOSITE_GENERATED,read_only_unmodified,read_only_unmodified,read_only_unmodified,read_only_unmodified,composite_desc;target_context_desc;target_organism_desc;phage_origin_desc;docking_desc;solubility_no_chaperone_desc;E7_score_desc;source_accession_asc
v5.4.8z2,A0A1V0DXW6,A0A1V0DXW6__V52_B0_b0c2879b9e7e43bfc8b9__compound5,V52_B0_b0c2879b9e7e43bfc8b9,ordinary_candidate,not_forced,not_hard_coded,none,no_gold_standard_bonus,not_Q9T0Z9,145,0.529087,0.525000,0.400000,other_or_genus_only_Yersinia,0.650000,Yersinia_phage_non_enterocolitica_or_unknown_host,true,0.454218,0.553694,0.922823,0.000000,0.000000,0.775095,0.775095,508,0.775095,Yersinia phage fHe-Yen9-01,Yersinia,Yersinia,Baseplate hub subunit,G_pre1_TARGET_ENGINEERING_COMPOSITE_GENERATED,read_only_unmodified,read_only_unmodified,read_only_unmodified,read_only_unmodified,composite_desc;target_context_desc;target_organism_desc;phage_origin_desc;docking_desc;solubility_no_chaperone_desc;E7_score_desc;source_accession_asc
v5.4.8z2,I7K349,I7K349__V52_B0_5c167563ca3b6a38f684__compound5,V52_B0_5c167563ca3b6a38f684,ordinary_candidate,not_forced,not_hard_coded,none,no_gold_standard_bonus,not_Q9T0Z9,146,0.528777,0.525000,0.400000,other_or_genus_only_Yersinia,0.650000,Yersinia_phage_non_enterocolitica_or_unknown_host,true,0.497311,0.515942,0.859904,0.000000,0.000000,0.747526,0.747526,703,0.747526,Yersinia phage phiR1-RT,Yersinia,Yersinia,,G_pre1_TARGET_ENGINEERING_COMPOSITE_GENERATED,read_only_unmodified,read_only_unmodified,read_only_unmodified,read_only_unmodified,composite_desc;target_context_desc;target_organism_desc;phage_origin_desc;docking_desc;solubility_no_chaperone_desc;E7_score_desc;source_accession_asc
v5.4.8z2,A0A449C4X7,A0A449C4X7__V52_B0_5eac2fbd729cb581ea57__compound5,V52_B0_5eac2fbd729cb581ea57,ordinary_candidate,not_forced,not_hard_coded,none,no_gold_standard_bonus,not_Q9T0Z9,147,0.528572,0.525000,0.400000,other_or_genus_only_Yersinia,0.650000,Yersinia_phage_non_enterocolitica_or_unknown_host,true,0.432600,0.567092,0.945153,0.000000,0.000000,0.797681,0.797681,267,0.797681,Yersinia phage fPS-65,Yersinia,Yersinia,,G_pre1_TARGET_ENGINEERING_COMPOSITE_GENERATED,read_only_unmodified,read_only_unmodified,read_only_unmodified,read_only_unmodified,composite_desc;target_context_desc;target_organism_desc;phage_origin_desc;docking_desc;solubility_no_chaperone_desc;E7_score_desc;source_accession_asc
v5.4.8z2,S5M3D7,S5M3D7__V52_B0_48625de4833f69267a5d__compound5,V52_B0_48625de4833f69267a5d,ordinary_candidate,not_forced,not_hard_coded,none,no_gold_standard_bonus,not_Q9T0Z9,148,0.528339,0.525000,0.400000,other_or_genus_only_Yersinia,0.650000,Yersinia_phage_non_enterocolitica_or_unknown_host,true,0.478193,0.521591,0.869319,0.000000,0.000000,0.792641,0.792641,330,0.792641,Yersinia phage PST,Yersinia,Yersinia,,G_pre1_TARGET_ENGINEERING_COMPOSITE_GENERATED,read_only_unmodified,read_only_unmodified,read_only_unmodified,read_only_unmodified,composite_desc;target_context_desc;target_organism_desc;phage_origin_desc;docking_desc;solubility_no_chaperone_desc;E7_score_desc;source_accession_asc
v5.4.8z2,A0AAE9FSY2,A0AAE9FSY2__V52_B0_3b1fdfc08a94ad94d741__compound5,V52_B0_3b1fdfc08a94ad94d741,ordinary_candidate,not_forced,not_hard_coded,none,no_gold_standard_bonus,not_Q9T0Z9,149,0.527787,0.525000,0.400000,other_or_genus_only_Yersinia,0.650000,Yersinia_phage_non_enterocolitica_or_unknown_host,true,0.525234,0.472847,0.788079,0.000000,0.000000,0.788412,0.788412,377,0.788412,Yersinia phage vB_YenM_56.17,Yersinia,Yersinia,,G_pre1_TARGET_ENGINEERING_COMPOSITE_GENERATED,read_only_unmodified,read_only_unmodified,read_only_unmodified,read_only_unmodified,composite_desc;target_context_desc;target_organism_desc;phage_origin_desc;docking_desc;solubility_no_chaperone_desc;E7_score_desc;source_accession_asc
v5.4.8z2,A0A7U4GCC7,A0A7U4GCC7__V52_B0_b79dc889b1c8e5d99154__compound5,V52_B0_b79dc889b1c8e5d99154,ordinary_candidate,not_forced,not_hard_coded,none,no_gold_standard_bonus,not_Q9T0Z9,150,0.527703,0.425000,0.750000,Yersinia_enterocolitica_non_O3_or_unknown_serotype,0.100000,other_unknown_non_phage_or_missing_origin,true,0.720667,0.562162,0.936936,0.000000,0.000000,0.747754,0.747754,699,0.747754,Yersinia enterocolitica LC20,Yersinia,Yersinia,,G_pre1_TARGET_ENGINEERING_COMPOSITE_GENERATED,read_only_unmodified,read_only_unmodified,read_only_unmodified,read_only_unmodified,composite_desc;target_context_desc;target_organism_desc;phage_origin_desc;docking_desc;solubility_no_chaperone_desc;E7_score_desc;source_accession_asc
v5.4.8z2,S5M7E4,S5M7E4__V52_B0_b3f93830815e871f047e__compound5,V52_B0_b3f93830815e871f047e,ordinary_candidate,not_forced,not_hard_coded,none,no_gold_standard_bonus,not_Q9T0Z9,151,0.527578,0.525000,0.400000,other_or_genus_only_Yersinia,0.650000,Yersinia_phage_non_enterocolitica_or_unknown_host,true,0.424142,0.577711,0.962851,0.000000,0.000000,0.769156,0.769156,559,0.769156,Yersinia phage PST,Yersinia,Yersinia,,G_pre1_TARGET_ENGINEERING_COMPOSITE_GENERATED,read_only_unmodified,read_only_unmodified,read_only_unmodified,read_only_unmodified,composite_desc;target_context_desc;target_organism_desc;phage_origin_desc;docking_desc;solubility_no_chaperone_desc;E7_score_desc;source_accession_asc
v5.4.8z2,A0A449C3W7,A0A449C3W7__V52_B0_b8def508add5af32f62a__compound5,V52_B0_b8def508add5af32f62a,ordinary_candidate,not_forced,not_hard_coded,none,no_gold_standard_bonus,not_Q9T0Z9,152,0.527416,0.525000,0.400000,other_or_genus_only_Yersinia,0.650000,Yersinia_phage_non_enterocolitica_or_unknown_host,true,0.441376,0.563736,0.939560,0.000000,0.000000,0.752868,0.752868,667,0.752868,Yersinia phage fPS-90,Yersinia,Yersinia,,G_pre1_TARGET_ENGINEERING_COMPOSITE_GENERATED,read_only_unmodified,read_only_unmodified,read_only_unmodified,read_only_unmodified,composite_desc;target_context_desc;target_organism_desc;phage_origin_desc;docking_desc;solubility_no_chaperone_desc;E7_score_desc;source_accession_asc
v5.4.8z2,A0A449C5Z9,A0A449C5Z9__V52_B0_1c619b53c422335dc46d__compound5,V52_B0_1c619b53c422335dc46d,ordinary_candidate,not_forced,not_hard_coded,none,no_gold_standard_bonus,not_Q9T0Z9,153,0.526956,0.525000,0.400000,other_or_genus_only_Yersinia,0.650000,Yersinia_phage_non_enterocolitica_or_unknown_host,true,0.446727,0.549671,0.916118,0.000000,0.000000,0.778530,0.778530,482,0.778530,Yersinia phage fPS-2,Yersinia,Yersinia,,G_pre1_TARGET_ENGINEERING_COMPOSITE_GENERATED,read_only_unmodified,read_only_unmodified,read_only_unmodified,read_only_unmodified,composite_desc;target_context_desc;target_organism_desc;phage_origin_desc;docking_desc;solubility_no_chaperone_desc;E7_score_desc;source_accession_asc
v5.4.8z2,S5ML17,S5ML17__V52_B0_ff65c7afb829fbc2085e__compound5,V52_B0_ff65c7afb829fbc2085e,ordinary_candidate,not_forced,not_hard_coded,none,no_gold_standard_bonus,not_Q9T0Z9,154,0.526756,0.525000,0.400000,other_or_genus_only_Yersinia,0.650000,Yersinia_phage_non_enterocolitica_or_unknown_host,true,0.400347,0.584246,0.973744,0.000000,0.000000,0.821744,0.821744,69,0.821744,Yersinia phage PST,Yersinia,Yersinia,,G_pre1_TARGET_ENGINEERING_COMPOSITE_GENERATED,read_only_unmodified,read_only_unmodified,read_only_unmodified,read_only_unmodified,composite_desc;target_context_desc;target_organism_desc;phage_origin_desc;docking_desc;solubility_no_chaperone_desc;E7_score_desc;source_accession_asc
v5.4.8z2,A0AAE9FRD5,A0AAE9FRD5__V52_B0_e4d3f5e13fb6d271814a__compound5,V52_B0_e4d3f5e13fb6d271814a,ordinary_candidate,not_forced,not_hard_coded,none,no_gold_standard_bonus,not_Q9T0Z9,155,0.525785,0.525000,0.400000,other_or_genus_only_Yersinia,0.650000,Yersinia_phage_non_enterocolitica_or_unknown_host,true,0.491939,0.493549,0.822581,0.000000,0.000000,0.798743,0.798743,254,0.798743,Yersinia phage vB_YenM_42.18,Yersinia,Yersinia,,G_pre1_TARGET_ENGINEERING_COMPOSITE_GENERATED,read_only_unmodified,read_only_unmodified,read_only_unmodified,read_only_unmodified,composite_desc;target_context_desc;target_organism_desc;phage_origin_desc;docking_desc;solubility_no_chaperone_desc;E7_score_desc;source_accession_asc
v5.4.8z2,A0A2C9CZQ3,A0A2C9CZQ3__V52_B0_2f471b8093445b7dc80f__compound5,V52_B0_2f471b8093445b7dc80f,ordinary_candidate,not_forced,not_hard_coded,none,no_gold_standard_bonus,not_Q9T0Z9,156,0.525670,0.525000,0.400000,other_or_genus_only_Yersinia,0.650000,Yersinia_phage_non_enterocolitica_or_unknown_host,true,0.430266,0.553846,0.923077,0.000000,0.000000,0.801946,0.801946,220,0.801946,Yersinia phage fHe-Yen9-04,Yersinia,Yersinia,Phage protein,G_pre1_TARGET_ENGINEERING_COMPOSITE_GENERATED,read_only_unmodified,read_only_unmodified,read_only_unmodified,read_only_unmodified,composite_desc;target_context_desc;target_organism_desc;phage_origin_desc;docking_desc;solubility_no_chaperone_desc;E7_score_desc;source_accession_asc
v5.4.8z2,A0AA86IYU9,A0AA86IYU9__V52_B0_fa5cc21728dcff287b27__compound5,V52_B0_fa5cc21728dcff287b27,ordinary_candidate,not_forced,not_hard_coded,none,no_gold_standard_bonus,not_Q9T0Z9,157,0.525529,0.525000,0.400000,other_or_genus_only_Yersinia,0.650000,Yersinia_phage_non_enterocolitica_or_unknown_host,true,0.416459,0.564344,0.940574,0.000000,0.000000,0.812365,0.812365,121,0.812365,Yersinia phage vB_Yru_GN1,Yersinia,Yersinia,,G_pre1_TARGET_ENGINEERING_COMPOSITE_GENERATED,read_only_unmodified,read_only_unmodified,read_only_unmodified,read_only_unmodified,composite_desc;target_context_desc;target_organism_desc;phage_origin_desc;docking_desc;solubility_no_chaperone_desc;E7_score_desc;source_accession_asc
v5.4.8z2,A0A2C9CYF4,A0A2C9CYF4__V52_B0_7588ec9ca7e2ccced718__compound5,V52_B0_7588ec9ca7e2ccced718,ordinary_candidate,not_forced,not_hard_coded,none,no_gold_standard_bonus,not_Q9T0Z9,158,0.525222,0.525000,0.400000,other_or_genus_only_Yersinia,0.650000,Yersinia_phage_non_enterocolitica_or_unknown_host,true,0.464588,0.531958,0.886597,0.000000,0.000000,0.743253,0.743253,726,0.743253,Yersinia phage fHe-Yen9-03,Yersinia,Yersinia,,G_pre1_TARGET_ENGINEERING_COMPOSITE_GENERATED,read_only_unmodified,read_only_unmodified,read_only_unmodified,read_only_unmodified,composite_desc;target_context_desc;target_organism_desc;phage_origin_desc;docking_desc;solubility_no_chaperone_desc;E7_score_desc;source_accession_asc
v5.4.8z2,A0A3B8E1I5,A0A3B8E1I5__V52_B0_e79c3fb8e16f40dbb1d4__compound5,V52_B0_e79c3fb8e16f40dbb1d4,ordinary_candidate,not_forced,not_hard_coded,none,no_gold_standard_bonus,not_Q9T0Z9,159,0.524946,0.525000,0.400000,other_or_genus_only_Yersinia,0.650000,Yersinia_phage_non_enterocolitica_or_unknown_host,true,0.508964,0.503411,0.839018,0.000000,0.000000,0.674419,0.674419,819,0.674419,Yersinia phage PYPS2T,Yersinia,Yersinia,Baseplate wedge protein gp10,G_pre1_TARGET_ENGINEERING_COMPOSITE_GENERATED,read_only_unmodified,read_only_unmodified,read_only_unmodified,read_only_unmodified,composite_desc;target_context_desc;target_organism_desc;phage_origin_desc;docking_desc;solubility_no_chaperone_desc;E7_score_desc;source_accession_asc
v5.4.8z2,A0A7U4GG50,A0A7U4GG50__V52_B0_fd922b3e64ed981fddad__compound5,V52_B0_fd922b3e64ed981fddad,ordinary_candidate,not_forced,not_hard_coded,none,no_gold_standard_bonus,not_Q9T0Z9,160,0.524850,0.425000,0.750000,Yersinia_enterocolitica_non_O3_or_unknown_serotype,0.100000,other_unknown_non_phage_or_missing_origin,true,0.735079,0.525940,0.876566,0.000000,0.000000,0.777921,0.777921,487,0.777921,Yersinia enterocolitica LC20,Yersinia,Yersinia,,G_pre1_TARGET_ENGINEERING_COMPOSITE_GENERATED,read_only_unmodified,read_only_unmodified,read_only_unmodified,read_only_unmodified,composite_desc;target_context_desc;target_organism_desc;phage_origin_desc;docking_desc;solubility_no_chaperone_desc;E7_score_desc;source_accession_asc
v5.4.8z2,I7J3Y3,I7J3Y3__V52_B0_e1beae6441f7d80c314a__compound5,V52_B0_e1beae6441f7d80c314a,ordinary_candidate,not_forced,not_hard_coded,none,no_gold_standard_bonus,not_Q9T0Z9,161,0.524711,0.525000,0.400000,other_or_genus_only_Yersinia,0.650000,Yersinia_phage_non_enterocolitica_or_unknown_host,true,0.438454,0.540625,0.901041,0.000000,0.000000,0.802906,0.802906,210,0.802906,Yersinia phage phiR1-RT,Yersinia,Yersinia,,G_pre1_TARGET_ENGINEERING_COMPOSITE_GENERATED,read_only_unmodified,read_only_unmodified,read_only_unmodified,read_only_unmodified,composite_desc;target_context_desc;target_organism_desc;phage_origin_desc;docking_desc;solubility_no_chaperone_desc;E7_score_desc;source_accession_asc
v5.4.8z2,I7KRT2,I7KRT2__V52_B0_e2292fa3d95fafe206b0__compound5,V52_B0_e2292fa3d95fafe206b0,ordinary_candidate,not_forced,not_hard_coded,none,no_gold_standard_bonus,not_Q9T0Z9,162,0.524466,0.525000,0.400000,other_or_genus_only_Yersinia,0.650000,Yersinia_phage_non_enterocolitica_or_unknown_host,true,0.455019,0.549052,0.915086,0.000000,0.000000,0.698040,0.698040,806,0.698040,Yersinia phage phiD1,Yersinia,Yersinia,,G_pre1_TARGET_ENGINEERING_COMPOSITE_GENERATED,read_only_unmodified,read_only_unmodified,read_only_unmodified,read_only_unmodified,composite_desc;target_context_desc;target_organism_desc;phage_origin_desc;docking_desc;solubility_no_chaperone_desc;E7_score_desc;source_accession_asc
v5.4.8z2,A0A7D3QKS7,A0A7D3QKS7__V52_B0_ba32a2697f656be343e2__compound5,V52_B0_ba32a2697f656be343e2,ordinary_candidate,not_forced,not_hard_coded,none,no_gold_standard_bonus,not_Q9T0Z9,163,0.523825,0.525000,0.400000,other_or_genus_only_Yersinia,0.650000,Yersinia_phage_non_enterocolitica_or_unknown_host,true,0.464858,0.510000,0.850000,0.000000,0.000000,0.802068,0.802068,219,0.802068,Yersinia phage vB_YpM_22,Yersinia,Yersinia,Tail fiber assembly protein,G_pre1_TARGET_ENGINEERING_COMPOSITE_GENERATED,read_only_unmodified,read_only_unmodified,read_only_unmodified,read_only_unmodified,composite_desc;target_context_desc;target_organism_desc;phage_origin_desc;docking_desc;solubility_no_chaperone_desc;E7_score_desc;source_accession_asc
v5.4.8z2,A0A1V0DXV4,A0A1V0DXV4__V52_B0_0d9f28aa86cb6ddc8f07__compound5,V52_B0_0d9f28aa86cb6ddc8f07,ordinary_candidate,not_forced,not_hard_coded,none,no_gold_standard_bonus,not_Q9T0Z9,164,0.523567,0.525000,0.400000,other_or_genus_only_Yersinia,0.650000,Yersinia_phage_non_enterocolitica_or_unknown_host,true,0.468583,0.519565,0.865942,0.000000,0.000000,0.743744,0.743744,723,0.743744,Yersinia phage fHe-Yen9-01,Yersinia,Yersinia,Baseplate hub subunit,G_pre1_TARGET_ENGINEERING_COMPOSITE_GENERATED,read_only_unmodified,read_only_unmodified,read_only_unmodified,read_only_unmodified,composite_desc;target_context_desc;target_organism_desc;phage_origin_desc;docking_desc;solubility_no_chaperone_desc;E7_score_desc;source_accession_asc
v5.4.8z2,A0A7U4GDH6,A0A7U4GDH6__V52_B0_b41a0f6ce9f360e31595__compound5,V52_B0_b41a0f6ce9f360e31595,ordinary_candidate,not_forced,not_hard_coded,none,no_gold_standard_bonus,not_Q9T0Z9,165,0.523175,0.425000,0.750000,Yersinia_enterocolitica_non_O3_or_unknown_serotype,0.100000,other_unknown_non_phage_or_missing_origin,true,0.653853,0.582635,0.971059,0.000000,0.000000,0.842551,0.842551,11,0.842551,Yersinia enterocolitica LC20,Yersinia,Yersinia,,G_pre1_TARGET_ENGINEERING_COMPOSITE_GENERATED,read_only_unmodified,read_only_unmodified,read_only_unmodified,read_only_unmodified,composite_desc;target_context_desc;target_organism_desc;phage_origin_desc;docking_desc;solubility_no_chaperone_desc;E7_score_desc;source_accession_asc
v5.4.8z2,A0A0H3NQY6,A0A0H3NQY6__V52_B0_154d1e7872d33014a013__compound5,V52_B0_154d1e7872d33014a013,ordinary_candidate,not_forced,not_hard_coded,none,no_gold_standard_bonus,not_Q9T0Z9,166,0.523083,0.550000,1.000000,Yersinia_enterocolitica_O3_or_YeO3,0.100000,other_unknown_non_phage_or_missing_origin,true,0.369478,0.537097,0.895161,0.000000,0.000000,0.785365,0.785365,418,0.785365,Yersinia enterocolitica subsp. palearctica serotype O:3 (strain DSM 13030 / CIP 106945 / Y11),Yersinia,Yersinia,,G_pre1_TARGET_ENGINEERING_COMPOSITE_GENERATED,read_only_unmodified,read_only_unmodified,read_only_unmodified,read_only_unmodified,composite_desc;target_context_desc;target_organism_desc;phage_origin_desc;docking_desc;solubility_no_chaperone_desc;E7_score_desc;source_accession_asc
v5.4.8z2,A0A449C532,A0A449C532__V52_B0_6497d05fc9ecdee32808__compound5,V52_B0_6497d05fc9ecdee32808,ordinary_candidate,not_forced,not_hard_coded,none,no_gold_standard_bonus,not_Q9T0Z9,167,0.522623,0.525000,0.400000,other_or_genus_only_Yersinia,0.650000,Yersinia_phage_non_enterocolitica_or_unknown_host,true,0.442572,0.527272,0.878787,0.000000,0.000000,0.798086,0.798086,264,0.798086,Yersinia phage fPS-65,Yersinia,Yersinia,,G_pre1_TARGET_ENGINEERING_COMPOSITE_GENERATED,read_only_unmodified,read_only_unmodified,read_only_unmodified,read_only_unmodified,composite_desc;target_context_desc;target_organism_desc;phage_origin_desc;docking_desc;solubility_no_chaperone_desc;E7_score_desc;source_accession_asc
v5.4.8z2,A0AAE7TQG4,A0AAE7TQG4__V52_B0_1896dd6dc6e19f3a0498__compound5,V52_B0_1896dd6dc6e19f3a0498,ordinary_candidate,not_forced,not_hard_coded,none,no_gold_standard_bonus,not_Q9T0Z9,168,0.522106,0.525000,0.400000,other_or_genus_only_Yersinia,0.650000,Yersinia_phage_non_enterocolitica_or_unknown_host,true,0.407740,0.564204,0.940340,0.000000,0.000000,0.779337,0.779337,474,0.779337,Yersinia phage PYps23T,Yersinia,Yersinia,,G_pre1_TARGET_ENGINEERING_COMPOSITE_GENERATED,read_only_unmodified,read_only_unmodified,read_only_unmodified,read_only_unmodified,composite_desc;target_context_desc;target_organism_desc;phage_origin_desc;docking_desc;solubility_no_chaperone_desc;E7_score_desc;source_accession_asc
v5.4.8z2,A0A449C648,A0A449C648__V52_B0_b3e5aab6f8eb01edb314__compound5,V52_B0_b3e5aab6f8eb01edb314,ordinary_candidate,not_forced,not_hard_coded,none,no_gold_standard_bonus,not_Q9T0Z9,169,0.521927,0.525000,0.400000,other_or_genus_only_Yersinia,0.650000,Yersinia_phage_non_enterocolitica_or_unknown_host,true,0.388495,0.589904,0.983173,0.000000,0.000000,0.749935,0.749935,690,0.749935,Yersinia phage fPS-2,Yersinia,Yersinia,,G_pre1_TARGET_ENGINEERING_COMPOSITE_GENERATED,read_only_unmodified,read_only_unmodified,read_only_unmodified,read_only_unmodified,composite_desc;target_context_desc;target_organism_desc;phage_origin_desc;docking_desc;solubility_no_chaperone_desc;E7_score_desc;source_accession_asc
v5.4.8z2,I7LF14,I7LF14__V52_B0_376345b5b7b7c41be0f2__compound5,V52_B0_376345b5b7b7c41be0f2,ordinary_candidate,not_forced,not_hard_coded,none,no_gold_standard_bonus,not_Q9T0Z9,170,0.521844,0.525000,0.400000,other_or_genus_only_Yersinia,0.650000,Yersinia_phage_non_enterocolitica_or_unknown_host,true,0.397644,0.568229,0.947048,0.000000,0.000000,0.798380,0.798380,258,0.798380,Yersinia phage phiD1,Yersinia,Yersinia,,G_pre1_TARGET_ENGINEERING_COMPOSITE_GENERATED,read_only_unmodified,read_only_unmodified,read_only_unmodified,read_only_unmodified,composite_desc;target_context_desc;target_organism_desc;phage_origin_desc;docking_desc;solubility_no_chaperone_desc;E7_score_desc;source_accession_asc
v5.4.8z2,A0A3B8DL36,A0A3B8DL36__V52_B0_6c061549af13d517c0e6__compound5,V52_B0_6c061549af13d517c0e6,ordinary_candidate,not_forced,not_hard_coded,none,no_gold_standard_bonus,not_Q9T0Z9,171,0.521843,0.525000,0.400000,other_or_genus_only_Yersinia,0.650000,Yersinia_phage_non_enterocolitica_or_unknown_host,true,0.450492,0.515909,0.859848,0.000000,0.000000,0.796249,0.796249,287,0.796249,Yersinia phage PYPS2T,Yersinia,Yersinia,,G_pre1_TARGET_ENGINEERING_COMPOSITE_GENERATED,read_only_unmodified,read_only_unmodified,read_only_unmodified,read_only_unmodified,composite_desc;target_context_desc;target_organism_desc;phage_origin_desc;docking_desc;solubility_no_chaperone_desc;E7_score_desc;source_accession_asc
v5.4.8z2,A0AAE7TR04,A0AAE7TR04__V52_B0_352b013b379153126c29__compound5,V52_B0_352b013b379153126c29,ordinary_candidate,not_forced,not_hard_coded,none,no_gold_standard_bonus,not_Q9T0Z9,172,0.521478,0.525000,0.400000,other_or_genus_only_Yersinia,0.650000,Yersinia_phage_non_enterocolitica_or_unknown_host,true,0.393975,0.572727,0.954545,0.000000,0.000000,0.787744,0.787744,385,0.787744,Yersinia phage PYps16N,Yersinia,Yersinia,,G_pre1_TARGET_ENGINEERING_COMPOSITE_GENERATED,read_only_unmodified,read_only_unmodified,read_only_unmodified,read_only_unmodified,composite_desc;target_context_desc;target_organism_desc;phage_origin_desc;docking_desc;solubility_no_chaperone_desc;E7_score_desc;source_accession_asc
v5.4.8z2,A0AAE7PH03,A0AAE7PH03__V52_B0_ff407273bb6076de8e19__compound5,V52_B0_ff407273bb6076de8e19,ordinary_candidate,not_forced,not_hard_coded,none,no_gold_standard_bonus,not_Q9T0Z9,173,0.521421,0.525000,0.400000,other_or_genus_only_Yersinia,0.650000,Yersinia_phage_non_enterocolitica_or_unknown_host,true,0.446733,0.538282,0.897136,0.000000,0.000000,0.713357,0.713357,793,0.713357,Yersinia phage PYps23T,Yersinia,Yersinia,,G_pre1_TARGET_ENGINEERING_COMPOSITE_GENERATED,read_only_unmodified,read_only_unmodified,read_only_unmodified,read_only_unmodified,composite_desc;target_context_desc;target_organism_desc;phage_origin_desc;docking_desc;solubility_no_chaperone_desc;E7_score_desc;source_accession_asc
v5.4.8z2,A0AAE6YNV4,A0AAE6YNV4__V52_B0_ebbd7acd79fb14d09027__compound5,V52_B0_ebbd7acd79fb14d09027,ordinary_candidate,not_forced,not_hard_coded,none,no_gold_standard_bonus,not_Q9T0Z9,174,0.520785,0.525000,0.400000,other_or_genus_only_Yersinia,0.650000,Yersinia_phage_non_enterocolitica_or_unknown_host,true,0.433658,0.536434,0.894057,0.000000,0.000000,0.760338,0.760338,625,0.760338,Yersinia phage P37,Yersinia,Yersinia,,G_pre1_TARGET_ENGINEERING_COMPOSITE_GENERATED,read_only_unmodified,read_only_unmodified,read_only_unmodified,read_only_unmodified,composite_desc;target_context_desc;target_organism_desc;phage_origin_desc;docking_desc;solubility_no_chaperone_desc;E7_score_desc;source_accession_asc
v5.4.8z2,I6Q8T5,I6Q8T5__V52_B0_8059dc113d860979815c__compound5,V52_B0_8059dc113d860979815c,ordinary_candidate,not_forced,not_hard_coded,none,no_gold_standard_bonus,not_Q9T0Z9,175,0.520537,0.525000,0.400000,other_or_genus_only_Yersinia,0.650000,Yersinia_phage_non_enterocolitica_or_unknown_host,true,0.397905,0.583602,0.972670,0.000000,0.000000,0.709720,0.709720,797,0.709720,Yersinia phage YpP-Y,Yersinia,Yersinia,,G_pre1_TARGET_ENGINEERING_COMPOSITE_GENERATED,read_only_unmodified,read_only_unmodified,read_only_unmodified,read_only_unmodified,composite_desc;target_context_desc;target_organism_desc;phage_origin_desc;docking_desc;solubility_no_chaperone_desc;E7_score_desc;source_accession_asc
v5.4.8z2,A0A1V0DXR4,A0A1V0DXR4__V52_B0_116a77375813860129a7__compound5,V52_B0_116a77375813860129a7,ordinary_candidate,not_forced,not_hard_coded,none,no_gold_standard_bonus,not_Q9T0Z9,176,0.520516,0.525000,0.400000,other_or_genus_only_Yersinia,0.650000,Yersinia_phage_non_enterocolitica_or_unknown_host,true,0.418316,0.540625,0.901041,0.000000,0.000000,0.799550,0.799550,243,0.799550,Yersinia phage fHe-Yen9-01,Yersinia,Yersinia,Baseplate wedge subunit,G_pre1_TARGET_ENGINEERING_COMPOSITE_GENERATED,read_only_unmodified,read_only_unmodified,read_only_unmodified,read_only_unmodified,composite_desc;target_context_desc;target_organism_desc;phage_origin_desc;docking_desc;solubility_no_chaperone_desc;E7_score_desc;source_accession_asc
v5.4.8z2,F4N708,F4N708__V52_B0_07712a5f545d24e362b0__compound5,V52_B0_07712a5f545d24e362b0,ordinary_candidate,not_forced,not_hard_coded,none,no_gold_standard_bonus,not_Q9T0Z9,177,0.519959,0.425000,0.750000,Yersinia_enterocolitica_non_O3_or_unknown_serotype,0.100000,other_unknown_non_phage_or_missing_origin,true,0.712448,0.507143,0.845239,0.000000,0.000000,0.845807,0.845807,5,0.845807,Yersinia enterocolitica W22703,Yersinia,Yersinia,,G_pre1_TARGET_ENGINEERING_COMPOSITE_GENERATED,read_only_unmodified,read_only_unmodified,read_only_unmodified,read_only_unmodified,composite_desc;target_context_desc;target_organism_desc;phage_origin_desc;docking_desc;solubility_no_chaperone_desc;E7_score_desc;source_accession_asc
v5.4.8z2,A0A449C3X5,A0A449C3X5__V52_B0_1dba69d8fdbbe3433936__compound5,V52_B0_1dba69d8fdbbe3433936,ordinary_candidate,not_forced,not_hard_coded,none,no_gold_standard_bonus,not_Q9T0Z9,178,0.519835,0.525000,0.400000,other_or_genus_only_Yersinia,0.650000,Yersinia_phage_non_enterocolitica_or_unknown_host,true,0.437374,0.521591,0.869319,0.000000,0.000000,0.785838,0.785838,410,0.785838,Yersinia phage fPS-90,Yersinia,Yersinia,,G_pre1_TARGET_ENGINEERING_COMPOSITE_GENERATED,read_only_unmodified,read_only_unmodified,read_only_unmodified,read_only_unmodified,composite_desc;target_context_desc;target_organism_desc;phage_origin_desc;docking_desc;solubility_no_chaperone_desc;E7_score_desc;source_accession_asc
v5.4.8z2,A0AAE9JXJ1,A0AAE9JXJ1__V52_B0_69a7164176675ce52766__compound5,V52_B0_69a7164176675ce52766,ordinary_candidate,not_forced,not_hard_coded,none,no_gold_standard_bonus,not_Q9T0Z9,179,0.518935,0.525000,0.400000,other_or_genus_only_Yersinia,0.650000,Yersinia_phage_non_enterocolitica_or_unknown_host,true,0.444056,0.508928,0.848214,0.000000,0.000000,0.791767,0.791767,340,0.791767,Yersinia phage vB_YenM_56.17,Yersinia,Yersinia,,G_pre1_TARGET_ENGINEERING_COMPOSITE_GENERATED,read_only_unmodified,read_only_unmodified,read_only_unmodified,read_only_unmodified,composite_desc;target_context_desc;target_organism_desc;phage_origin_desc;docking_desc;solubility_no_chaperone_desc;E7_score_desc;source_accession_asc
v5.4.8z2,A0A449C469,A0A449C469__V52_B0_cef809f16efbc4513c92__compound5,V52_B0_cef809f16efbc4513c92,ordinary_candidate,not_forced,not_hard_coded,none,no_gold_standard_bonus,not_Q9T0Z9,180,0.518756,0.525000,0.400000,other_or_genus_only_Yersinia,0.650000,Yersinia_phage_non_enterocolitica_or_unknown_host,true,0.384381,0.579087,0.965145,0.000000,0.000000,0.746244,0.746244,710,0.746244,Yersinia phage fPS-90,Yersinia,Yersinia,,G_pre1_TARGET_ENGINEERING_COMPOSITE_GENERATED,read_only_unmodified,read_only_unmodified,read_only_unmodified,read_only_unmodified,composite_desc;target_context_desc;target_organism_desc;phage_origin_desc;docking_desc;solubility_no_chaperone_desc;E7_score_desc;source_accession_asc
v5.4.8z2,A0A449C5X9,A0A449C5X9__V52_B0_74524cfcbba44470b341__compound5,V52_B0_74524cfcbba44470b341,ordinary_candidate,not_forced,not_hard_coded,none,no_gold_standard_bonus,not_Q9T0Z9,181,0.518472,0.525000,0.400000,other_or_genus_only_Yersinia,0.650000,Yersinia_phage_non_enterocolitica_or_unknown_host,true,0.485578,0.495923,0.826539,0.000000,0.000000,0.668441,0.668441,821,0.668441,Yersinia phage fPS-2,Yersinia,Yersinia,Baseplate wedge protein gp10,G_pre1_TARGET_ENGINEERING_COMPOSITE_GENERATED,read_only_unmodified,read_only_unmodified,read_only_unmodified,read_only_unmodified,composite_desc;target_context_desc;target_organism_desc;phage_origin_desc;docking_desc;solubility_no_chaperone_desc;E7_score_desc;source_accession_asc
v5.4.8z2,A0A449C542,A0A449C542__V52_B0_60038ab1e4e5803b1d76__compound5,V52_B0_60038ab1e4e5803b1d76,ordinary_candidate,not_forced,not_hard_coded,none,no_gold_standard_bonus,not_Q9T0Z9,182,0.518406,0.525000,0.400000,other_or_genus_only_Yersinia,0.650000,Yersinia_phage_non_enterocolitica_or_unknown_host,true,0.400244,0.561676,0.936126,0.000000,0.000000,0.745441,0.745441,714,0.745441,Yersinia phage fPS-65,Yersinia,Yersinia,,G_pre1_TARGET_ENGINEERING_COMPOSITE_GENERATED,read_only_unmodified,read_only_unmodified,read_only_unmodified,read_only_unmodified,composite_desc;target_context_desc;target_organism_desc;phage_origin_desc;docking_desc;solubility_no_chaperone_desc;E7_score_desc;source_accession_asc
v5.4.8z2,A0A3B8DYS4,A0A3B8DYS4__V52_B0_7c5eb5bf022660e1da65__compound5,V52_B0_7c5eb5bf022660e1da65,ordinary_candidate,not_forced,not_hard_coded,none,no_gold_standard_bonus,not_Q9T0Z9,183,0.517930,0.525000,0.400000,other_or_genus_only_Yersinia,0.650000,Yersinia_phage_non_enterocolitica_or_unknown_host,true,0.513914,0.436184,0.726973,0.000000,0.000000,0.783203,0.783203,447,0.783203,Yersinia phage PYPS2T,Yersinia,Yersinia,,G_pre1_TARGET_ENGINEERING_COMPOSITE_GENERATED,read_only_unmodified,read_only_unmodified,read_only_unmodified,read_only_unmodified,composite_desc;target_context_desc;target_organism_desc;phage_origin_desc;docking_desc;solubility_no_chaperone_desc;E7_score_desc;source_accession_asc
v5.4.8z2,A0A449C597,A0A449C597__V52_B0_5f6e0e59971d3dde6d86__compound5,V52_B0_5f6e0e59971d3dde6d86,ordinary_candidate,not_forced,not_hard_coded,none,no_gold_standard_bonus,not_Q9T0Z9,184,0.517877,0.525000,0.400000,other_or_genus_only_Yersinia,0.650000,Yersinia_phage_non_enterocolitica_or_unknown_host,true,0.403146,0.549671,0.916118,0.000000,0.000000,0.771266,0.771266,541,0.771266,Yersinia phage fPS-65,Yersinia,Yersinia,,G_pre1_TARGET_ENGINEERING_COMPOSITE_GENERATED,read_only_unmodified,read_only_unmodified,read_only_unmodified,read_only_unmodified,composite_desc;target_context_desc;target_organism_desc;phage_origin_desc;docking_desc;solubility_no_chaperone_desc;E7_score_desc;source_accession_asc
v5.4.8z2,A0A0B5A4M1,A0A0B5A4M1__V52_B0_bb197d25dbe05ef3dc1c__compound5,V52_B0_bb197d25dbe05ef3dc1c,ordinary_candidate,not_forced,not_hard_coded,none,no_gold_standard_bonus,not_Q9T0Z9,185,0.517603,0.525000,0.400000,other_or_genus_only_Yersinia,0.650000,Yersinia_phage_non_enterocolitica_or_unknown_host,true,0.407102,0.537931,0.896552,0.000000,0.000000,0.796933,0.796933,277,0.796933,Yersinia phage vB_YenM_TG1,Yersinia,Yersinia,,G_pre1_TARGET_ENGINEERING_COMPOSITE_GENERATED,read_only_unmodified,read_only_unmodified,read_only_unmodified,read_only_unmodified,composite_desc;target_context_desc;target_organism_desc;phage_origin_desc;docking_desc;solubility_no_chaperone_desc;E7_score_desc;source_accession_asc
v5.4.8z2,A0A0B5A2T1,A0A0B5A2T1__V52_B0_4f36181970303ca51316__compound5,V52_B0_4f36181970303ca51316,ordinary_candidate,not_forced,not_hard_coded,none,no_gold_standard_bonus,not_Q9T0Z9,186,0.517408,0.525000,0.400000,other_or_genus_only_Yersinia,0.650000,Yersinia_phage_non_enterocolitica_or_unknown_host,true,0.427551,0.524551,0.874252,0.000000,0.000000,0.764761,0.764761,589,0.764761,Yersinia phage vB_YenM_TG1,Yersinia,Yersinia,,G_pre1_TARGET_ENGINEERING_COMPOSITE_GENERATED,read_only_unmodified,read_only_unmodified,read_only_unmodified,read_only_unmodified,composite_desc;target_context_desc;target_organism_desc;phage_origin_desc;docking_desc;solubility_no_chaperone_desc;E7_score_desc;source_accession_asc
v5.4.8z2,A0A7U4GDF9,A0A7U4GDF9__V52_B0_6736e9d4089ddebbcc8e__compound5,V52_B0_6736e9d4089ddebbcc8e,ordinary_candidate,not_forced,not_hard_coded,none,no_gold_standard_bonus,not_Q9T0Z9,187,0.516850,0.425000,0.750000,Yersinia_enterocolitica_non_O3_or_unknown_serotype,0.100000,other_unknown_non_phage_or_missing_origin,true,0.632572,0.574306,0.957176,0.000000,0.000000,0.834484,0.834484,25,0.834484,Yersinia enterocolitica LC20,Yersinia,Yersinia,,G_pre1_TARGET_ENGINEERING_COMPOSITE_GENERATED,read_only_unmodified,read_only_unmodified,read_only_unmodified,read_only_unmodified,composite_desc;target_context_desc;target_organism_desc;phage_origin_desc;docking_desc;solubility_no_chaperone_desc;E7_score_desc;source_accession_asc
v5.4.8z2,A0A3B8DYH7,A0A3B8DYH7__V52_B0_84458c036e58b5e16db5__compound5,V52_B0_84458c036e58b5e16db5,ordinary_candidate,not_forced,not_hard_coded,none,no_gold_standard_bonus,not_Q9T0Z9,188,0.516702,0.525000,0.400000,other_or_genus_only_Yersinia,0.650000,Yersinia_phage_non_enterocolitica_or_unknown_host,true,0.374895,0.575000,0.958333,0.000000,0.000000,0.759459,0.759459,629,0.759459,Yersinia phage PYPS2T,Yersinia,Yersinia,,G_pre1_TARGET_ENGINEERING_COMPOSITE_GENERATED,read_only_unmodified,read_only_unmodified,read_only_unmodified,read_only_unmodified,composite_desc;target_context_desc;target_organism_desc;phage_origin_desc;docking_desc;solubility_no_chaperone_desc;E7_score_desc;source_accession_asc
v5.4.8z2,A0A2D0PDX6,A0A2D0PDX6__V52_B0_3614d6b716421535dfe0__compound5,V52_B0_3614d6b716421535dfe0,ordinary_candidate,not_forced,not_hard_coded,none,no_gold_standard_bonus,not_Q9T0Z9,189,0.515930,0.525000,0.400000,other_or_genus_only_Yersinia,0.650000,Yersinia_phage_non_enterocolitica_or_unknown_host,true,0.395893,0.569711,0.949519,0.000000,0.000000,0.681180,0.681180,817,0.681180,Yersinia phage fPS-86,Yersinia,Yersinia,,G_pre1_TARGET_ENGINEERING_COMPOSITE_GENERATED,read_only_unmodified,read_only_unmodified,read_only_unmodified,read_only_unmodified,composite_desc;target_context_desc;target_organism_desc;phage_origin_desc;docking_desc;solubility_no_chaperone_desc;E7_score_desc;source_accession_asc
v5.4.8z2,S5M7K0,S5M7K0__V52_B0_b20b1ed08b738e6b086f__compound5,V52_B0_b20b1ed08b738e6b086f,ordinary_candidate,not_forced,not_hard_coded,none,no_gold_standard_bonus,not_Q9T0Z9,190,0.515625,0.525000,0.400000,other_or_genus_only_Yersinia,0.650000,Yersinia_phage_non_enterocolitica_or_unknown_host,true,0.381649,0.553472,0.922453,0.000000,0.000000,0.797007,0.797007,275,0.797007,Yersinia phage PST,Yersinia,Yersinia,,G_pre1_TARGET_ENGINEERING_COMPOSITE_GENERATED,read_only_unmodified,read_only_unmodified,read_only_unmodified,read_only_unmodified,composite_desc;target_context_desc;target_organism_desc;phage_origin_desc;docking_desc;solubility_no_chaperone_desc;E7_score_desc;source_accession_asc
v5.4.8z2,A0A7D3UL75,A0A7D3UL75__V52_B0_76b51bef4f9d8a6731cf__compound5,V52_B0_76b51bef4f9d8a6731cf,ordinary_candidate,not_forced,not_hard_coded,none,no_gold_standard_bonus,not_Q9T0Z9,191,0.515410,0.525000,0.400000,other_or_genus_only_Yersinia,0.650000,Yersinia_phage_non_enterocolitica_or_unknown_host,true,0.372097,0.563033,0.938389,0.000000,0.000000,0.792679,0.792679,329,0.792679,Yersinia phage vB_YpM_46,Yersinia,Yersinia,Phage baseplate assembly protein V,G_pre1_TARGET_ENGINEERING_COMPOSITE_GENERATED,read_only_unmodified,read_only_unmodified,read_only_unmodified,read_only_unmodified,composite_desc;target_context_desc;target_organism_desc;phage_origin_desc;docking_desc;solubility_no_chaperone_desc;E7_score_desc;source_accession_asc
v5.4.8z2,A0AAE7V5W0,A0AAE7V5W0__V52_B0_2f6afd77f3738c40b878__compound5,V52_B0_2f6afd77f3738c40b878,ordinary_candidate,not_forced,not_hard_coded,none,no_gold_standard_bonus,not_Q9T0Z9,192,0.515398,0.525000,0.400000,other_or_genus_only_Yersinia,0.650000,Yersinia_phage_non_enterocolitica_or_unknown_host,true,0.384989,0.552370,0.920617,0.000000,0.000000,0.783532,0.783532,442,0.783532,Yersinia phage HQ103,Yersinia,Yersinia,,G_pre1_TARGET_ENGINEERING_COMPOSITE_GENERATED,read_only_unmodified,read_only_unmodified,read_only_unmodified,read_only_unmodified,composite_desc;target_context_desc;target_organism_desc;phage_origin_desc;docking_desc;solubility_no_chaperone_desc;E7_score_desc;source_accession_asc
v5.4.8z2,A0A9P1PUV5,A0A9P1PUV5__V52_B0_d32689cc42ad69810e3c__compound5,V52_B0_d32689cc42ad69810e3c,ordinary_candidate,not_forced,not_hard_coded,none,no_gold_standard_bonus,not_Q9T0Z9,193,0.514869,0.425000,0.750000,Yersinia_enterocolitica_non_O3_or_unknown_serotype,0.100000,other_unknown_non_phage_or_missing_origin,true,0.666464,0.555296,0.925494,0.000000,0.000000,0.735343,0.735343,757,0.735343,Yersinia enterocolitica,Yersinia,Yersinia,,G_pre1_TARGET_ENGINEERING_COMPOSITE_GENERATED,read_only_unmodified,read_only_unmodified,read_only_unmodified,read_only_unmodified,composite_desc;target_context_desc;target_organism_desc;phage_origin_desc;docking_desc;solubility_no_chaperone_desc;E7_score_desc;source_accession_asc
v5.4.8z2,A0AAE7S224,A0AAE7S224__V52_B0_f1b0ed7705b09c081c0f__compound5,V52_B0_f1b0ed7705b09c081c0f,ordinary_candidate,not_forced,not_hard_coded,none,no_gold_standard_bonus,not_Q9T0Z9,194,0.514626,0.525000,0.400000,other_or_genus_only_Yersinia,0.650000,Yersinia_phage_non_enterocolitica_or_unknown_host,true,0.398704,0.531428,0.885714,0.000000,0.000000,0.796995,0.796995,276,0.796995,Yersinia phage HQ103,Yersinia,Yersinia,,G_pre1_TARGET_ENGINEERING_COMPOSITE_GENERATED,read_only_unmodified,read_only_unmodified,read_only_unmodified,read_only_unmodified,composite_desc;target_context_desc;target_organism_desc;phage_origin_desc;docking_desc;solubility_no_chaperone_desc;E7_score_desc;source_accession_asc
v5.4.8z2,A0ABP1YI01,A0ABP1YI01__V52_B0_6b68e8aa8644169ef26b__compound5,V52_B0_6b68e8aa8644169ef26b,ordinary_candidate,not_forced,not_hard_coded,none,no_gold_standard_bonus,not_Q9T0Z9,195,0.514535,0.425000,0.750000,Yersinia_enterocolitica_non_O3_or_unknown_serotype,0.100000,other_unknown_non_phage_or_missing_origin,true,0.650978,0.559630,0.932717,0.000000,0.000000,0.773263,0.773263,517,0.773263,Yersinia enterocolitica,Yersinia,Yersinia,,G_pre1_TARGET_ENGINEERING_COMPOSITE_GENERATED,read_only_unmodified,read_only_unmodified,read_only_unmodified,read_only_unmodified,composite_desc;target_context_desc;target_organism_desc;phage_origin_desc;docking_desc;solubility_no_chaperone_desc;E7_score_desc;source_accession_asc
v5.4.8z2,A0A449C541,A0A449C541__V52_B0_9b29713c4dcea19c4311__compound5,V52_B0_9b29713c4dcea19c4311,ordinary_candidate,not_forced,not_hard_coded,none,no_gold_standard_bonus,not_Q9T0Z9,196,0.513276,0.525000,0.400000,other_or_genus_only_Yersinia,0.650000,Yersinia_phage_non_enterocolitica_or_unknown_host,true,0.341972,0.578082,0.963470,0.000000,0.000000,0.810302,0.810302,137,0.810302,Yersinia phage fPS-65,Yersinia,Yersinia,,G_pre1_TARGET_ENGINEERING_COMPOSITE_GENERATED,read_only_unmodified,read_only_unmodified,read_only_unmodified,read_only_unmodified,composite_desc;target_context_desc;target_organism_desc;phage_origin_desc;docking_desc;solubility_no_chaperone_desc;E7_score_desc;source_accession_asc
v5.4.8z2,A0A2C9CYV8,A0A2C9CYV8__V52_B0_fffd46cc9e0e1dc3603c__compound5,V52_B0_fffd46cc9e0e1dc3603c,ordinary_candidate,not_forced,not_hard_coded,none,no_gold_standard_bonus,not_Q9T0Z9,197,0.513064,0.525000,0.400000,other_or_genus_only_Yersinia,0.650000,Yersinia_phage_non_enterocolitica_or_unknown_host,true,0.369758,0.553846,0.923077,0.000000,0.000000,0.791861,0.791861,339,0.791861,Yersinia phage fHe-Yen9-03,Yersinia,Yersinia,Phage protein,G_pre1_TARGET_ENGINEERING_COMPOSITE_GENERATED,read_only_unmodified,read_only_unmodified,read_only_unmodified,read_only_unmodified,composite_desc;target_context_desc;target_organism_desc;phage_origin_desc;docking_desc;solubility_no_chaperone_desc;E7_score_desc;source_accession_asc
v5.4.8z2,A0A0B4ZZK4,A0A0B4ZZK4__V52_B0_c4542bf39f6480a2d8ee__compound5,V52_B0_c4542bf39f6480a2d8ee,ordinary_candidate,not_forced,not_hard_coded,none,no_gold_standard_bonus,not_Q9T0Z9,198,0.513016,0.525000,0.400000,other_or_genus_only_Yersinia,0.650000,Yersinia_phage_non_enterocolitica_or_unknown_host,true,0.353971,0.565178,0.941964,0.000000,0.000000,0.808718,0.808718,150,0.808718,Yersinia phage vB_YenM_TG1,Yersinia,Yersinia,,G_pre1_TARGET_ENGINEERING_COMPOSITE_GENERATED,read_only_unmodified,read_only_unmodified,read_only_unmodified,read_only_unmodified,composite_desc;target_context_desc;target_organism_desc;phage_origin_desc;docking_desc;solubility_no_chaperone_desc;E7_score_desc;source_accession_asc
v5.4.8z2,A0ABP1YEP8,A0ABP1YEP8__V52_B0_d9b7e6f4835923f888a9__compound5,V52_B0_d9b7e6f4835923f888a9,ordinary_candidate,not_forced,not_hard_coded,none,no_gold_standard_bonus,not_Q9T0Z9,199,0.512639,0.425000,0.750000,Yersinia_enterocolitica_non_O3_or_unknown_serotype,0.100000,other_unknown_non_phage_or_missing_origin,true,0.657029,0.541741,0.902902,0.000000,0.000000,0.782701,0.782701,453,0.782701,Yersinia enterocolitica,Yersinia,Yersinia,,G_pre1_TARGET_ENGINEERING_COMPOSITE_GENERATED,read_only_unmodified,read_only_unmodified,read_only_unmodified,read_only_unmodified,composite_desc;target_context_desc;target_organism_desc;phage_origin_desc;docking_desc;solubility_no_chaperone_desc;E7_score_desc;source_accession_asc
v5.4.8z2,A0AAE9FQP6,A0AAE9FQP6__V52_B0_5ce636046e844a272a3d__compound5,V52_B0_5ce636046e844a272a3d,ordinary_candidate,not_forced,not_hard_coded,none,no_gold_standard_bonus,not_Q9T0Z9,200,0.512231,0.525000,0.400000,other_or_genus_only_Yersinia,0.650000,Yersinia_phage_non_enterocolitica_or_unknown_host,true,0.411874,0.508928,0.848214,0.000000,0.000000,0.786404,0.786404,406,0.786404,Yersinia phage vB_YenM_201.16,Yersinia,Yersinia,,G_pre1_TARGET_ENGINEERING_COMPOSITE_GENERATED,read_only_unmodified,read_only_unmodified,read_only_unmodified,read_only_unmodified,composite_desc;target_context_desc;target_organism_desc;phage_origin_desc;docking_desc;solubility_no_chaperone_desc;E7_score_desc;source_accession_asc
v5.4.8z2,A0AAE7V7A7,A0AAE7V7A7__V52_B0_b98e4ff472cdc4b672a3__compound5,V52_B0_b98e4ff472cdc4b672a3,ordinary_candidate,not_forced,not_hard_coded,none,no_gold_standard_bonus,not_Q9T0Z9,201,0.511788,0.525000,0.400000,other_or_genus_only_Yersinia,0.650000,Yersinia_phage_non_enterocolitica_or_unknown_host,true,0.356070,0.560870,0.934783,0.000000,0.000000,0.793002,0.793002,324,0.793002,Yersinia phage HQ103,Yersinia,Yersinia,,G_pre1_TARGET_ENGINEERING_COMPOSITE_GENERATED,read_only_unmodified,read_only_unmodified,read_only_unmodified,read_only_unmodified,composite_desc;target_context_desc;target_organism_desc;phage_origin_desc;docking_desc;solubility_no_chaperone_desc;E7_score_desc;source_accession_asc
v5.4.8z2,A0AA86J4Z9,A0AA86J4Z9__V52_B0_6cbf5935c6c7baeced87__compound5,V52_B0_6cbf5935c6c7baeced87,ordinary_candidate,not_forced,not_hard_coded,none,no_gold_standard_bonus,not_Q9T0Z9,202,0.511711,0.525000,0.400000,other_or_genus_only_Yersinia,0.650000,Yersinia_phage_non_enterocolitica_or_unknown_host,true,0.483363,0.435338,0.725564,0.000000,0.000000,0.784413,0.784413,427,0.784413,Yersinia phage vB_Yru_GN1,Yersinia,Yersinia,,G_pre1_TARGET_ENGINEERING_COMPOSITE_GENERATED,read_only_unmodified,read_only_unmodified,read_only_unmodified,read_only_unmodified,composite_desc;target_context_desc;target_organism_desc;phage_origin_desc;docking_desc;solubility_no_chaperone_desc;E7_score_desc;source_accession_asc
v5.4.8z2,A0AAX4M766,A0AAX4M766__V52_B0_0f714cbf57af59b709fb__compound5,V52_B0_0f714cbf57af59b709fb,ordinary_candidate,not_forced,not_hard_coded,none,no_gold_standard_bonus,not_Q9T0Z9,203,0.511169,0.525000,0.400000,other_or_genus_only_Yersinia,0.650000,Yersinia_phage_non_enterocolitica_or_unknown_host,true,0.379577,0.546787,0.911311,0.000000,0.000000,0.742926,0.742926,729,0.742926,Yersinia phage vB_YpM_MHG38,Yersinia,Yersinia,,G_pre1_TARGET_ENGINEERING_COMPOSITE_GENERATED,read_only_unmodified,read_only_unmodified,read_only_unmodified,read_only_unmodified,composite_desc;target_context_desc;target_organism_desc;phage_origin_desc;docking_desc;solubility_no_chaperone_desc;E7_score_desc;source_accession_asc
v5.4.8z2,A0AAX4M771,A0AAX4M771__V52_B0_d36e38d5d0d297c3ea7a__compound5,V52_B0_d36e38d5d0d297c3ea7a,ordinary_candidate,not_forced,not_hard_coded,none,no_gold_standard_bonus,not_Q9T0Z9,204,0.511108,0.525000,0.400000,other_or_genus_only_Yersinia,0.650000,Yersinia_phage_non_enterocolitica_or_unknown_host,true,0.408676,0.506796,0.844660,0.000000,0.000000,0.785278,0.785278,419,0.785278,Yersinia phage vB_YpM_MHG38,Yersinia,Yersinia,,G_pre1_TARGET_ENGINEERING_COMPOSITE_GENERATED,read_only_unmodified,read_only_unmodified,read_only_unmodified,read_only_unmodified,composite_desc;target_context_desc;target_organism_desc;phage_origin_desc;docking_desc;solubility_no_chaperone_desc;E7_score_desc;source_accession_asc
v5.4.8z2,A0A0B4ZXG6,A0A0B4ZXG6__V52_B0_692dc80ca4b26023d383__compound5,V52_B0_692dc80ca4b26023d383,ordinary_candidate,not_forced,not_hard_coded,none,no_gold_standard_bonus,not_Q9T0Z9,205,0.510424,0.525000,0.400000,other_or_genus_only_Yersinia,0.650000,Yersinia_phage_non_enterocolitica_or_unknown_host,true,0.453722,0.459375,0.765625,0.000000,0.000000,0.781084,0.781084,463,0.781084,Yersinia phage vB_YenM_TG1,Yersinia,Yersinia,,G_pre1_TARGET_ENGINEERING_COMPOSITE_GENERATED,read_only_unmodified,read_only_unmodified,read_only_unmodified,read_only_unmodified,composite_desc;target_context_desc;target_organism_desc;phage_origin_desc;docking_desc;solubility_no_chaperone_desc;E7_score_desc;source_accession_asc
v5.4.8z2,A0AAE9FPR6,A0AAE9FPR6__V52_B0_056df0a6a6a097972907__compound5,V52_B0_056df0a6a6a097972907,ordinary_candidate,not_forced,not_hard_coded,none,no_gold_standard_bonus,not_Q9T0Z9,206,0.510063,0.525000,0.400000,other_or_genus_only_Yersinia,0.650000,Yersinia_phage_non_enterocolitica_or_unknown_host,true,0.348075,0.560593,0.934322,0.000000,0.000000,0.791592,0.791592,349,0.791592,Yersinia phage vB_YenM_42.18,Yersinia,Yersinia,,G_pre1_TARGET_ENGINEERING_COMPOSITE_GENERATED,read_only_unmodified,read_only_unmodified,read_only_unmodified,read_only_unmodified,composite_desc;target_context_desc;target_organism_desc;phage_origin_desc;docking_desc;solubility_no_chaperone_desc;E7_score_desc;source_accession_asc
v5.4.8z2,A1JK73,A1JK73__V52_B0_c5bfd1d3df98de34af3e__compound5,V52_B0_c5bfd1d3df98de34af3e,ordinary_candidate,not_forced,not_hard_coded,none,no_gold_standard_bonus,not_Q9T0Z9,207,0.508606,0.425000,0.750000,Yersinia_enterocolitica_non_O3_or_unknown_serotype,0.100000,other_unknown_non_phage_or_missing_origin,true,0.646304,0.534518,0.890863,0.000000,0.000000,0.773842,0.773842,515,0.773842,Yersinia enterocolitica serotype O:8 / biotype 1B (strain NCTC 13174 / 8081),Yersinia,Yersinia,,G_pre1_TARGET_ENGINEERING_COMPOSITE_GENERATED,read_only_unmodified,read_only_unmodified,read_only_unmodified,read_only_unmodified,composite_desc;target_context_desc;target_organism_desc;phage_origin_desc;docking_desc;solubility_no_chaperone_desc;E7_score_desc;source_accession_asc
v5.4.8z2,A0AA86J574,A0AA86J574__V52_B0_b5864537386f2c399f1b__compound5,V52_B0_b5864537386f2c399f1b,ordinary_candidate,not_forced,not_hard_coded,none,no_gold_standard_bonus,not_Q9T0Z9,208,0.508458,0.525000,0.400000,other_or_genus_only_Yersinia,0.650000,Yersinia_phage_non_enterocolitica_or_unknown_host,true,0.340090,0.562048,0.936747,0.000000,0.000000,0.785600,0.785600,412,0.785600,Yersinia phage vB_Yru_GN1,Yersinia,Yersinia,,G_pre1_TARGET_ENGINEERING_COMPOSITE_GENERATED,read_only_unmodified,read_only_unmodified,read_only_unmodified,read_only_unmodified,composite_desc;target_context_desc;target_organism_desc;phage_origin_desc;docking_desc;solubility_no_chaperone_desc;E7_score_desc;source_accession_asc
v5.4.8z2,I7KRB0,I7KRB0__V52_B0_038b279721d112200984__compound5,V52_B0_038b279721d112200984,ordinary_candidate,not_forced,not_hard_coded,none,no_gold_standard_bonus,not_Q9T0Z9,209,0.507909,0.525000,0.400000,other_or_genus_only_Yersinia,0.650000,Yersinia_phage_non_enterocolitica_or_unknown_host,true,0.441651,0.459375,0.765625,0.000000,0.000000,0.779072,0.779072,477,0.779072,Yersinia phage phiR1-RT,Yersinia,Yersinia,,G_pre1_TARGET_ENGINEERING_COMPOSITE_GENERATED,read_only_unmodified,read_only_unmodified,read_only_unmodified,read_only_unmodified,composite_desc;target_context_desc;target_organism_desc;phage_origin_desc;docking_desc;solubility_no_chaperone_desc;E7_score_desc;source_accession_asc
v5.4.8z2,A0AAE6YPB5,A0AAE6YPB5__V52_B0_9daafdd9235d2f3f147a__compound5,V52_B0_9daafdd9235d2f3f147a,ordinary_candidate,not_forced,not_hard_coded,none,no_gold_standard_bonus,not_Q9T0Z9,210,0.507712,0.525000,0.400000,other_or_genus_only_Yersinia,0.650000,Yersinia_phage_non_enterocolitica_or_unknown_host,true,0.329812,0.567391,0.945652,0.000000,0.000000,0.790437,0.790437,356,0.790437,Yersinia phage P37,Yersinia,Yersinia,,G_pre1_TARGET_ENGINEERING_COMPOSITE_GENERATED,read_only_unmodified,read_only_unmodified,read_only_unmodified,read_only_unmodified,composite_desc;target_context_desc;target_organism_desc;phage_origin_desc;docking_desc;solubility_no_chaperone_desc;E7_score_desc;source_accession_asc
v5.4.8z2,A0A6M3G945,A0A6M3G945__V52_B0_7b21af3802f98647afec__compound5,V52_B0_7b21af3802f98647afec,ordinary_candidate,not_forced,not_hard_coded,none,no_gold_standard_bonus,not_Q9T0Z9,211,0.507499,0.525000,0.400000,other_or_genus_only_Yersinia,0.650000,Yersinia_phage_non_enterocolitica_or_unknown_host,true,0.383997,0.515909,0.859848,0.000000,0.000000,0.775363,0.775363,506,0.775363,Yersinia phage vB_YepM_ZN18,Yersinia,Yersinia,,G_pre1_TARGET_ENGINEERING_COMPOSITE_GENERATED,read_only_unmodified,read_only_unmodified,read_only_unmodified,read_only_unmodified,composite_desc;target_context_desc;target_organism_desc;phage_origin_desc;docking_desc;solubility_no_chaperone_desc;E7_score_desc;source_accession_asc
v5.4.8z2,S5MRE0,S5MRE0__V52_B0_0aec3e63a5a0248b3af2__compound5,V52_B0_0aec3e63a5a0248b3af2,ordinary_candidate,not_forced,not_hard_coded,none,no_gold_standard_bonus,not_Q9T0Z9,212,0.507286,0.525000,0.400000,other_or_genus_only_Yersinia,0.650000,Yersinia_phage_non_enterocolitica_or_unknown_host,true,0.329324,0.579087,0.965145,0.000000,0.000000,0.737068,0.737068,751,0.737068,Yersinia phage PST,Yersinia,Yersinia,,G_pre1_TARGET_ENGINEERING_COMPOSITE_GENERATED,read_only_unmodified,read_only_unmodified,read_only_unmodified,read_only_unmodified,composite_desc;target_context_desc;target_organism_desc;phage_origin_desc;docking_desc;solubility_no_chaperone_desc;E7_score_desc;source_accession_asc
v5.4.8z2,A0AAE9FV72,A0AAE9FV72__V52_B0_aa5ae5328fa198c81ae8__compound5,V52_B0_aa5ae5328fa198c81ae8,ordinary_candidate,not_forced,not_hard_coded,none,no_gold_standard_bonus,not_Q9T0Z9,213,0.506936,0.525000,0.400000,other_or_genus_only_Yersinia,0.650000,Yersinia_phage_non_enterocolitica_or_unknown_host,true,0.381667,0.512069,0.853449,0.000000,0.000000,0.788777,0.788777,372,0.788777,Yersinia phage vB_YenM_201.16,Yersinia,Yersinia,,G_pre1_TARGET_ENGINEERING_COMPOSITE_GENERATED,read_only_unmodified,read_only_unmodified,read_only_unmodified,read_only_unmodified,composite_desc;target_context_desc;target_organism_desc;phage_origin_desc;docking_desc;solubility_no_chaperone_desc;E7_score_desc;source_accession_asc
v5.4.8z2,A0A3B8E5R1,A0A3B8E5R1__V52_B0_2257579db59ac64fc72f__compound5,V52_B0_2257579db59ac64fc72f,ordinary_candidate,not_forced,not_hard_coded,none,no_gold_standard_bonus,not_Q9T0Z9,214,0.506665,0.525000,0.400000,other_or_genus_only_Yersinia,0.650000,Yersinia_phage_non_enterocolitica_or_unknown_host,true,0.322643,0.582692,0.971153,0.000000,0.000000,0.736956,0.736956,752,0.736956,Yersinia phage PYPS2T,Yersinia,Yersinia,,G_pre1_TARGET_ENGINEERING_COMPOSITE_GENERATED,read_only_unmodified,read_only_unmodified,read_only_unmodified,read_only_unmodified,composite_desc;target_context_desc;target_organism_desc;phage_origin_desc;docking_desc;solubility_no_chaperone_desc;E7_score_desc;source_accession_asc
v5.4.8z2,A0AAE9FSV4,A0AAE9FSV4__V52_B0_28ee1a4c89cc592e5aff__compound5,V52_B0_28ee1a4c89cc592e5aff,ordinary_candidate,not_forced,not_hard_coded,none,no_gold_standard_bonus,not_Q9T0Z9,215,0.506527,0.525000,0.400000,other_or_genus_only_Yersinia,0.650000,Yersinia_phage_non_enterocolitica_or_unknown_host,true,0.319179,0.570259,0.950431,0.000000,0.000000,0.797794,0.797794,266,0.797794,Yersinia phage vB_YenM_56.17,Yersinia,Yersinia,,G_pre1_TARGET_ENGINEERING_COMPOSITE_GENERATED,read_only_unmodified,read_only_unmodified,read_only_unmodified,read_only_unmodified,composite_desc;target_context_desc;target_organism_desc;phage_origin_desc;docking_desc;solubility_no_chaperone_desc;E7_score_desc;source_accession_asc
v5.4.8z2,A0ABP1XZ23,A0ABP1XZ23__V52_B0_42ff661298c7ad6043c2__compound5,V52_B0_42ff661298c7ad6043c2,ordinary_candidate,not_forced,not_hard_coded,none,no_gold_standard_bonus,not_Q9T0Z9,216,0.506451,0.425000,0.750000,Yersinia_enterocolitica_non_O3_or_unknown_serotype,0.100000,other_unknown_non_phage_or_missing_origin,true,0.633123,0.534146,0.890244,0.000000,0.000000,0.784940,0.784940,422,0.784940,Yersinia enterocolitica,Yersinia,Yersinia,,G_pre1_TARGET_ENGINEERING_COMPOSITE_GENERATED,read_only_unmodified,read_only_unmodified,read_only_unmodified,read_only_unmodified,composite_desc;target_context_desc;target_organism_desc;phage_origin_desc;docking_desc;solubility_no_chaperone_desc;E7_score_desc;source_accession_asc
v5.4.8z2,I7LEG3,I7LEG3__V52_B0_abcef21aee9d22360104__compound5,V52_B0_abcef21aee9d22360104,ordinary_candidate,not_forced,not_hard_coded,none,no_gold_standard_bonus,not_Q9T0Z9,217,0.506166,0.525000,0.400000,other_or_genus_only_Yersinia,0.650000,Yersinia_phage_non_enterocolitica_or_unknown_host,true,0.454929,0.437109,0.728515,0.000000,0.000000,0.780165,0.780165,470,0.780165,Yersinia phage phiR2-01,Yersinia,Yersinia,,G_pre1_TARGET_ENGINEERING_COMPOSITE_GENERATED,read_only_unmodified,read_only_unmodified,read_only_unmodified,read_only_unmodified,composite_desc;target_context_desc;target_organism_desc;phage_origin_desc;docking_desc;solubility_no_chaperone_desc;E7_score_desc;source_accession_asc
v5.4.8z2,A0A9P1UYK8,A0A9P1UYK8__V52_B0_f3151652b5ff92499244__compound5,V52_B0_f3151652b5ff92499244,ordinary_candidate,not_forced,not_hard_coded,none,no_gold_standard_bonus,not_Q9T0Z9,218,0.505745,0.425000,0.750000,Yersinia_enterocolitica_non_O3_or_unknown_serotype,0.100000,other_unknown_non_phage_or_missing_origin,true,0.614394,0.552717,0.921195,0.000000,0.000000,0.771454,0.771454,540,0.771454,Yersinia enterocolitica,Yersinia,Yersinia,,G_pre1_TARGET_ENGINEERING_COMPOSITE_GENERATED,read_only_unmodified,read_only_unmodified,read_only_unmodified,read_only_unmodified,composite_desc;target_context_desc;target_organism_desc;phage_origin_desc;docking_desc;solubility_no_chaperone_desc;E7_score_desc;source_accession_asc
v5.4.8z2,A0ABM9SIE6,A0ABM9SIE6__V52_B0_9a1c911ab03d2b31ef6c__compound5,V52_B0_9a1c911ab03d2b31ef6c,ordinary_candidate,not_forced,not_hard_coded,none,no_gold_standard_bonus,not_Q9T0Z9,219,0.505562,0.425000,0.750000,Yersinia_enterocolitica_non_O3_or_unknown_serotype,0.100000,other_unknown_non_phage_or_missing_origin,true,0.572095,0.580095,0.966825,0.000000,0.000000,0.827483,0.827483,46,0.827483,Yersinia enterocolitica,Yersinia,Yersinia,,G_pre1_TARGET_ENGINEERING_COMPOSITE_GENERATED,read_only_unmodified,read_only_unmodified,read_only_unmodified,read_only_unmodified,composite_desc;target_context_desc;target_organism_desc;phage_origin_desc;docking_desc;solubility_no_chaperone_desc;E7_score_desc;source_accession_asc
v5.4.8z2,A0A449C473,A0A449C473__V52_B0_33916ba60d790b8541da__compound5,V52_B0_33916ba60d790b8541da,ordinary_candidate,not_forced,not_hard_coded,none,no_gold_standard_bonus,not_Q9T0Z9,220,0.505216,0.525000,0.400000,other_or_genus_only_Yersinia,0.650000,Yersinia_phage_non_enterocolitica_or_unknown_host,true,0.342377,0.549671,0.916118,0.000000,0.000000,0.761138,0.761138,621,0.761138,Yersinia phage fPS-90,Yersinia,Yersinia,,G_pre1_TARGET_ENGINEERING_COMPOSITE_GENERATED,read_only_unmodified,read_only_unmodified,read_only_unmodified,read_only_unmodified,composite_desc;target_context_desc;target_organism_desc;phage_origin_desc;docking_desc;solubility_no_chaperone_desc;E7_score_desc;source_accession_asc
v5.4.8z2,A0A7U4GE85,A0A7U4GE85__V52_B0_e0114cb0dc2f233645c2__compound5,V52_B0_e0114cb0dc2f233645c2,ordinary_candidate,not_forced,not_hard_coded,none,no_gold_standard_bonus,not_Q9T0Z9,221,0.505059,0.425000,0.750000,Yersinia_enterocolitica_non_O3_or_unknown_serotype,0.100000,other_unknown_non_phage_or_missing_origin,true,0.613080,0.552244,0.920406,0.000000,0.000000,0.764895,0.764895,588,0.764895,Yersinia enterocolitica LC20,Yersinia,Yersinia,DNA circulation N-terminal domain-containing protein,G_pre1_TARGET_ENGINEERING_COMPOSITE_GENERATED,read_only_unmodified,read_only_unmodified,read_only_unmodified,read_only_unmodified,composite_desc;target_context_desc;target_organism_desc;phage_origin_desc;docking_desc;solubility_no_chaperone_desc;E7_score_desc;source_accession_asc
v5.4.8z2,A0A7D3V4S6,A0A7D3V4S6__V52_B0_c19e32c68e102474f28c__compound5,V52_B0_c19e32c68e102474f28c,ordinary_candidate,not_forced,not_hard_coded,none,no_gold_standard_bonus,not_Q9T0Z9,222,0.504989,0.525000,0.400000,other_or_genus_only_Yersinia,0.650000,Yersinia_phage_non_enterocolitica_or_unknown_host,true,0.333026,0.552370,0.920617,0.000000,0.000000,0.783205,0.783205,446,0.783205,Yersinia phage vB_YpM_50,Yersinia,Yersinia,Phage baseplate assembly protein V,G_pre1_TARGET_ENGINEERING_COMPOSITE_GENERATED,read_only_unmodified,read_only_unmodified,read_only_unmodified,read_only_unmodified,composite_desc;target_context_desc;target_organism_desc;phage_origin_desc;docking_desc;solubility_no_chaperone_desc;E7_score_desc;source_accession_asc
v5.4.8z2,A0A2D0PDR4,A0A2D0PDR4__V52_B0_27ce09dde2c3577639ff__compound5,V52_B0_27ce09dde2c3577639ff,ordinary_candidate,not_forced,not_hard_coded,none,no_gold_standard_bonus,not_Q9T0Z9,223,0.504706,0.525000,0.400000,other_or_genus_only_Yersinia,0.650000,Yersinia_phage_non_enterocolitica_or_unknown_host,true,0.344979,0.566827,0.944712,0.000000,0.000000,0.671893,0.671893,820,0.671893,Yersinia phage fPS-89,Yersinia,Yersinia,,G_pre1_TARGET_ENGINEERING_COMPOSITE_GENERATED,read_only_unmodified,read_only_unmodified,read_only_unmodified,read_only_unmodified,composite_desc;target_context_desc;target_organism_desc;phage_origin_desc;docking_desc;solubility_no_chaperone_desc;E7_score_desc;source_accession_asc
v5.4.8z2,A0A7T9XT11,A0A7T9XT11__V52_B0_4810970b60d8cb919a51__compound5,V52_B0_4810970b60d8cb919a51,ordinary_candidate,not_forced,not_hard_coded,none,no_gold_standard_bonus,not_Q9T0Z9,224,0.504372,0.425000,0.750000,Yersinia_enterocolitica_non_O3_or_unknown_serotype,0.100000,other_unknown_non_phage_or_missing_origin,true,0.627214,0.532895,0.888158,0.000000,0.000000,0.772006,0.772006,530,0.772006,Yersinia enterocolitica,Yersinia,Yersinia,,G_pre1_TARGET_ENGINEERING_COMPOSITE_GENERATED,read_only_unmodified,read_only_unmodified,read_only_unmodified,read_only_unmodified,composite_desc;target_context_desc;target_organism_desc;phage_origin_desc;docking_desc;solubility_no_chaperone_desc;E7_score_desc;source_accession_asc
v5.4.8z2,A0AAE9JYN2,A0AAE9JYN2__V52_B0_9e82bb2de856a5fa5a5e__compound5,V52_B0_9e82bb2de856a5fa5a5e,ordinary_candidate,not_forced,not_hard_coded,none,no_gold_standard_bonus,not_Q9T0Z9,225,0.503852,0.525000,0.400000,other_or_genus_only_Yersinia,0.650000,Yersinia_phage_non_enterocolitica_or_unknown_host,true,0.306340,0.570259,0.950431,0.000000,0.000000,0.795655,0.795655,294,0.795655,Yersinia phage vB_YenM_201.16,Yersinia,Yersinia,,G_pre1_TARGET_ENGINEERING_COMPOSITE_GENERATED,read_only_unmodified,read_only_unmodified,read_only_unmodified,read_only_unmodified,composite_desc;target_context_desc;target_organism_desc;phage_origin_desc;docking_desc;solubility_no_chaperone_desc;E7_score_desc;source_accession_asc
v5.4.8z2,A1JNA9,A1JNA9__V52_B0_7b50eb6cd8ac403cf786__compound5,V52_B0_7b50eb6cd8ac403cf786,ordinary_candidate,not_forced,not_hard_coded,none,no_gold_standard_bonus,not_Q9T0Z9,226,0.503453,0.425000,0.750000,Yersinia_enterocolitica_non_O3_or_unknown_serotype,0.100000,other_unknown_non_phage_or_missing_origin,true,0.583928,0.564228,0.940380,0.000000,0.000000,0.801437,0.801437,226,0.801437,Yersinia enterocolitica serotype O:8 / biotype 1B (strain NCTC 13174 / 8081),Yersinia,Yersinia,,G_pre1_TARGET_ENGINEERING_COMPOSITE_GENERATED,read_only_unmodified,read_only_unmodified,read_only_unmodified,read_only_unmodified,composite_desc;target_context_desc;target_organism_desc;phage_origin_desc;docking_desc;solubility_no_chaperone_desc;E7_score_desc;source_accession_asc
v5.4.8z2,A0AAE9JW72,A0AAE9JW72__V52_B0_a5db887d1046e3354118__compound5,V52_B0_a5db887d1046e3354118,ordinary_candidate,not_forced,not_hard_coded,none,no_gold_standard_bonus,not_Q9T0Z9,227,0.503322,0.525000,0.400000,other_or_genus_only_Yersinia,0.650000,Yersinia_phage_non_enterocolitica_or_unknown_host,true,0.357944,0.521831,0.869719,0.000000,0.000000,0.772339,0.772339,525,0.772339,Yersinia phage vB_YenM_201.16,Yersinia,Yersinia,,G_pre1_TARGET_ENGINEERING_COMPOSITE_GENERATED,read_only_unmodified,read_only_unmodified,read_only_unmodified,read_only_unmodified,composite_desc;target_context_desc;target_organism_desc;phage_origin_desc;docking_desc;solubility_no_chaperone_desc;E7_score_desc;source_accession_asc
v5.4.8z2,A0A9P1PT53,A0A9P1PT53__V52_B0_12e680723945c4993f73__compound5,V52_B0_12e680723945c4993f73,ordinary_candidate,not_forced,not_hard_coded,none,no_gold_standard_bonus,not_Q9T0Z9,228,0.502787,0.425000,0.750000,Yersinia_enterocolitica_non_O3_or_unknown_serotype,0.100000,other_unknown_non_phage_or_missing_origin,true,0.605372,0.549549,0.915915,0.000000,0.000000,0.761064,0.761064,622,0.761064,Yersinia enterocolitica,Yersinia,Yersinia,,G_pre1_TARGET_ENGINEERING_COMPOSITE_GENERATED,read_only_unmodified,read_only_unmodified,read_only_unmodified,read_only_unmodified,composite_desc;target_context_desc;target_organism_desc;phage_origin_desc;docking_desc;solubility_no_chaperone_desc;E7_score_desc;source_accession_asc
v5.4.8z2,I7LEN8,I7LEN8__V52_B0_ad37cf969afb2105448d__compound5,V52_B0_ad37cf969afb2105448d,ordinary_candidate,not_forced,not_hard_coded,none,no_gold_standard_bonus,not_Q9T0Z9,229,0.502486,0.525000,0.400000,other_or_genus_only_Yersinia,0.650000,Yersinia_phage_non_enterocolitica_or_unknown_host,true,0.302606,0.580723,0.967871,0.000000,0.000000,0.741403,0.741403,734,0.741403,Yersinia phage phiR1-RT,Yersinia,Yersinia,,G_pre1_TARGET_ENGINEERING_COMPOSITE_GENERATED,read_only_unmodified,read_only_unmodified,read_only_unmodified,read_only_unmodified,composite_desc;target_context_desc;target_organism_desc;phage_origin_desc;docking_desc;solubility_no_chaperone_desc;E7_score_desc;source_accession_asc
v5.4.8z2,Q858V3,Q858V3__V52_B0_0ae8820516d43dbb2f61__compound5,V52_B0_0ae8820516d43dbb2f61,ordinary_candidate,not_forced,not_hard_coded,none,no_gold_standard_bonus,not_Q9T0Z9,230,0.502191,0.525000,0.400000,other_or_genus_only_Yersinia,0.650000,Yersinia_phage_non_enterocolitica_or_unknown_host,true,0.365417,0.505714,0.842857,0.000000,0.000000,0.784304,0.784304,429,0.784304,Yersinia phage L-413C,Yersinia,Yersinia,,G_pre1_TARGET_ENGINEERING_COMPOSITE_GENERATED,read_only_unmodified,read_only_unmodified,read_only_unmodified,read_only_unmodified,composite_desc;target_context_desc;target_organism_desc;phage_origin_desc;docking_desc;solubility_no_chaperone_desc;E7_score_desc;source_accession_asc
v5.4.8z2,A0ABP1YG46,A0ABP1YG46__V52_B0_8eff17f65899d3600a3c__compound5,V52_B0_8eff17f65899d3600a3c,ordinary_candidate,not_forced,not_hard_coded,none,no_gold_standard_bonus,not_Q9T0Z9,231,0.501838,0.425000,0.750000,Yersinia_enterocolitica_non_O3_or_unknown_serotype,0.100000,other_unknown_non_phage_or_missing_origin,true,0.595138,0.551260,0.918767,0.000000,0.000000,0.776174,0.776174,499,0.776174,Yersinia enterocolitica,Yersinia,Yersinia,,G_pre1_TARGET_ENGINEERING_COMPOSITE_GENERATED,read_only_unmodified,read_only_unmodified,read_only_unmodified,read_only_unmodified,composite_desc;target_context_desc;target_organism_desc;phage_origin_desc;docking_desc;solubility_no_chaperone_desc;E7_score_desc;source_accession_asc
v5.4.8z2,A0A0H3NU55,A0A0H3NU55__V52_B0_ae017f59e6eb537294bf__compound5,V52_B0_ae017f59e6eb537294bf,ordinary_candidate,not_forced,not_hard_coded,none,no_gold_standard_bonus,not_Q9T0Z9,232,0.500641,0.550000,1.000000,Yersinia_enterocolitica_O3_or_YeO3,0.100000,other_unknown_non_phage_or_missing_origin,true,0.267749,0.529310,0.882184,0.000000,0.000000,0.774580,0.774580,512,0.774580,Yersinia enterocolitica subsp. palearctica serotype O:3 (strain DSM 13030 / CIP 106945 / Y11),Yersinia,Yersinia,,G_pre1_TARGET_ENGINEERING_COMPOSITE_GENERATED,read_only_unmodified,read_only_unmodified,read_only_unmodified,read_only_unmodified,composite_desc;target_context_desc;target_organism_desc;phage_origin_desc;docking_desc;solubility_no_chaperone_desc;E7_score_desc;source_accession_asc
v5.4.8z2,A0A449C3Q7,A0A449C3Q7__V52_B0_fb53cccfb49ae06dc737__compound5,V52_B0_fb53cccfb49ae06dc737,ordinary_candidate,not_forced,not_hard_coded,none,no_gold_standard_bonus,not_Q9T0Z9,233,0.500589,0.525000,0.400000,other_or_genus_only_Yersinia,0.650000,Yersinia_phage_non_enterocolitica_or_unknown_host,true,0.430679,0.436184,0.726973,0.000000,0.000000,0.769331,0.769331,558,0.769331,Yersinia phage fPS-90,Yersinia,Yersinia,,G_pre1_TARGET_ENGINEERING_COMPOSITE_GENERATED,read_only_unmodified,read_only_unmodified,read_only_unmodified,read_only_unmodified,composite_desc;target_context_desc;target_organism_desc;phage_origin_desc;docking_desc;solubility_no_chaperone_desc;E7_score_desc;source_accession_asc
v5.4.8z2,A0A449C610,A0A449C610__V52_B0_a23746e0aea48bcc0aa2__compound5,V52_B0_a23746e0aea48bcc0aa2,ordinary_candidate,not_forced,not_hard_coded,none,no_gold_standard_bonus,not_Q9T0Z9,234,0.500528,0.525000,0.400000,other_or_genus_only_Yersinia,0.650000,Yersinia_phage_non_enterocolitica_or_unknown_host,true,0.344701,0.521591,0.869319,0.000000,0.000000,0.770392,0.770392,549,0.770392,Yersinia phage fPS-2,Yersinia,Yersinia,,G_pre1_TARGET_ENGINEERING_COMPOSITE_GENERATED,read_only_unmodified,read_only_unmodified,read_only_unmodified,read_only_unmodified,composite_desc;target_context_desc;target_organism_desc;phage_origin_desc;docking_desc;solubility_no_chaperone_desc;E7_score_desc;source_accession_asc
v5.4.8z2,A0ABP1YH51,A0ABP1YH51__V52_B0_a96403e123313496ec3c__compound5,V52_B0_a96403e123313496ec3c,ordinary_candidate,not_forced,not_hard_coded,none,no_gold_standard_bonus,not_Q9T0Z9,235,0.500372,0.425000,0.750000,Yersinia_enterocolitica_non_O3_or_unknown_serotype,0.100000,other_unknown_non_phage_or_missing_origin,true,0.610509,0.531646,0.886077,0.000000,0.000000,0.763810,0.763810,603,0.763810,Yersinia enterocolitica,Yersinia,Yersinia,,G_pre1_TARGET_ENGINEERING_COMPOSITE_GENERATED,read_only_unmodified,read_only_unmodified,read_only_unmodified,read_only_unmodified,composite_desc;target_context_desc;target_organism_desc;phage_origin_desc;docking_desc;solubility_no_chaperone_desc;E7_score_desc;source_accession_asc
v5.4.8z2,A0A2D0PE26,A0A2D0PE26__V52_B0_8affd3b77797b4c62f8d__compound5,V52_B0_8affd3b77797b4c62f8d,ordinary_candidate,not_forced,not_hard_coded,none,no_gold_standard_bonus,not_Q9T0Z9,236,0.500274,0.525000,0.400000,other_or_genus_only_Yersinia,0.650000,Yersinia_phage_non_enterocolitica_or_unknown_host,true,0.319002,0.566827,0.944712,0.000000,0.000000,0.687171,0.687171,813,0.687171,Yersinia phage fPS-50,Yersinia,Yersinia,,G_pre1_TARGET_ENGINEERING_COMPOSITE_GENERATED,read_only_unmodified,read_only_unmodified,read_only_unmodified,read_only_unmodified,composite_desc;target_context_desc;target_organism_desc;phage_origin_desc;docking_desc;solubility_no_chaperone_desc;E7_score_desc;source_accession_asc
v5.4.8z2,A0A0H5HBD5,A0A0H5HBD5__V52_B0_700ac17b49ed80ca8cca__compound5,V52_B0_700ac17b49ed80ca8cca,ordinary_candidate,not_forced,not_hard_coded,none,no_gold_standard_bonus,not_Q9T0Z9,237,0.499945,0.425000,0.750000,Yersinia_enterocolitica_non_O3_or_unknown_serotype,0.100000,other_unknown_non_phage_or_missing_origin,true,0.558221,0.563794,0.939656,0.000000,0.000000,0.835839,0.835839,21,0.835839,Yersinia enterocolitica,Yersinia,Yersinia,,G_pre1_TARGET_ENGINEERING_COMPOSITE_GENERATED,read_only_unmodified,read_only_unmodified,read_only_unmodified,read_only_unmodified,composite_desc;target_context_desc;target_organism_desc;phage_origin_desc;docking_desc;solubility_no_chaperone_desc;E7_score_desc;source_accession_asc
v5.4.8z2,A0ABM9S2F3,A0ABM9S2F3__V52_B0_4ce3cdf758872487e5c2__compound5,V52_B0_4ce3cdf758872487e5c2,ordinary_candidate,not_forced,not_hard_coded,none,no_gold_standard_bonus,not_Q9T0Z9,238,0.499888,0.425000,0.750000,Yersinia_enterocolitica_non_O3_or_unknown_serotype,0.100000,other_unknown_non_phage_or_missing_origin,true,0.581580,0.554851,0.924751,0.000000,0.000000,0.777035,0.777035,494,0.777035,Yersinia enterocolitica,Yersinia,Yersinia,,G_pre1_TARGET_ENGINEERING_COMPOSITE_GENERATED,read_only_unmodified,read_only_unmodified,read_only_unmodified,read_only_unmodified,composite_desc;target_context_desc;target_organism_desc;phage_origin_desc;docking_desc;solubility_no_chaperone_desc;E7_score_desc;source_accession_asc
v5.4.8z2,A0ABM9S2J3,A0ABM9S2J3__V52_B0_155837ebbbe652ffc92c__compound5,V52_B0_155837ebbbe652ffc92c,ordinary_candidate,not_forced,not_hard_coded,none,no_gold_standard_bonus,not_Q9T0Z9,239,0.499863,0.425000,0.750000,Yersinia_enterocolitica_non_O3_or_unknown_serotype,0.100000,other_unknown_non_phage_or_missing_origin,true,0.578918,0.561222,0.935370,0.000000,0.000000,0.761695,0.761695,613,0.761695,Yersinia enterocolitica,Yersinia,Yersinia,,G_pre1_TARGET_ENGINEERING_COMPOSITE_GENERATED,read_only_unmodified,read_only_unmodified,read_only_unmodified,read_only_unmodified,composite_desc;target_context_desc;target_organism_desc;phage_origin_desc;docking_desc;solubility_no_chaperone_desc;E7_score_desc;source_accession_asc
v5.4.8z2,A0A6M3G872,A0A6M3G872__V52_B0_723ec996cdfe3458b507__compound5,V52_B0_723ec996cdfe3458b507,ordinary_candidate,not_forced,not_hard_coded,none,no_gold_standard_bonus,not_Q9T0Z9,240,0.499533,0.525000,0.400000,other_or_genus_only_Yersinia,0.650000,Yersinia_phage_non_enterocolitica_or_unknown_host,true,0.315097,0.549671,0.916118,0.000000,0.000000,0.756591,0.756591,646,0.756591,Yersinia phage vB_YepM_ZN18,Yersinia,Yersinia,,G_pre1_TARGET_ENGINEERING_COMPOSITE_GENERATED,read_only_unmodified,read_only_unmodified,read_only_unmodified,read_only_unmodified,composite_desc;target_context_desc;target_organism_desc;phage_origin_desc;docking_desc;solubility_no_chaperone_desc;E7_score_desc;source_accession_asc
v5.4.8z2,A0A0H5GK99,A0A0H5GK99__V52_B0_363059af02315ecc0924__compound5,V52_B0_363059af02315ecc0924,ordinary_candidate,not_forced,not_hard_coded,none,no_gold_standard_bonus,not_Q9T0Z9,241,0.499244,0.425000,0.750000,Yersinia_enterocolitica_non_O3_or_unknown_serotype,0.100000,other_unknown_non_phage_or_missing_origin,true,0.618844,0.515546,0.859243,0.000000,0.000000,0.772328,0.772328,526,0.772328,Yersinia enterocolitica,Yersinia,Yersinia,,G_pre1_TARGET_ENGINEERING_COMPOSITE_GENERATED,read_only_unmodified,read_only_unmodified,read_only_unmodified,read_only_unmodified,composite_desc;target_context_desc;target_organism_desc;phage_origin_desc;docking_desc;solubility_no_chaperone_desc;E7_score_desc;source_accession_asc
v5.4.8z2,A0A0H3NQF5,A0A0H3NQF5__V52_B0_6b06fb30b9c1f7512b2f__compound5,V52_B0_6b06fb30b9c1f7512b2f,ordinary_candidate,not_forced,not_hard_coded,none,no_gold_standard_bonus,not_Q9T0Z9,242,0.498712,0.550000,1.000000,Yersinia_enterocolitica_O3_or_YeO3,0.100000,other_unknown_non_phage_or_missing_origin,true,0.240787,0.546552,0.910920,0.000000,0.000000,0.774876,0.774876,511,0.774876,Yersinia enterocolitica subsp. palearctica serotype O:3 (strain DSM 13030 / CIP 106945 / Y11),Yersinia,Yersinia,,G_pre1_TARGET_ENGINEERING_COMPOSITE_GENERATED,read_only_unmodified,read_only_unmodified,read_only_unmodified,read_only_unmodified,composite_desc;target_context_desc;target_organism_desc;phage_origin_desc;docking_desc;solubility_no_chaperone_desc;E7_score_desc;source_accession_asc
v5.4.8z2,A0AAE9FL40,A0AAE9FL40__V52_B0_6bed329357b461e6eef8__compound5,V52_B0_6bed329357b461e6eef8,ordinary_candidate,not_forced,not_hard_coded,none,no_gold_standard_bonus,not_Q9T0Z9,243,0.496944,0.525000,0.400000,other_or_genus_only_Yersinia,0.650000,Yersinia_phage_non_enterocolitica_or_unknown_host,true,0.372088,0.477814,0.796357,0.000000,0.000000,0.764267,0.764267,596,0.764267,Yersinia phage vB_YenM_42.18,Yersinia,Yersinia,,G_pre1_TARGET_ENGINEERING_COMPOSITE_GENERATED,read_only_unmodified,read_only_unmodified,read_only_unmodified,read_only_unmodified,composite_desc;target_context_desc;target_organism_desc;phage_origin_desc;docking_desc;solubility_no_chaperone_desc;E7_score_desc;source_accession_asc
v5.4.8z2,A0A2H1UJ90,A0A2H1UJ90__V52_B0_f81c32b4e659bc4a5a67__compound5,V52_B0_f81c32b4e659bc4a5a67,ordinary_candidate,not_forced,not_hard_coded,none,no_gold_standard_bonus,not_Q9T0Z9,244,0.496800,0.525000,0.400000,other_or_genus_only_Yersinia,0.650000,Yersinia_phage_non_enterocolitica_or_unknown_host,true,0.307032,0.566827,0.944712,0.000000,0.000000,0.665568,0.665568,823,0.665568,Yersinia phage fPS-53,Yersinia,Yersinia,,G_pre1_TARGET_ENGINEERING_COMPOSITE_GENERATED,read_only_unmodified,read_only_unmodified,read_only_unmodified,read_only_unmodified,composite_desc;target_context_desc;target_organism_desc;phage_origin_desc;docking_desc;solubility_no_chaperone_desc;E7_score_desc;source_accession_asc
v5.4.8z2,A0A6M3G8P6,A0A6M3G8P6__V52_B0_192aed6a7264cfa3a432__compound5,V52_B0_192aed6a7264cfa3a432,ordinary_candidate,not_forced,not_hard_coded,none,no_gold_standard_bonus,not_Q9T0Z9,245,0.496633,0.525000,0.400000,other_or_genus_only_Yersinia,0.650000,Yersinia_phage_non_enterocolitica_or_unknown_host,true,0.411690,0.436184,0.726973,0.000000,0.000000,0.766166,0.766166,580,0.766166,Yersinia phage vB_YepM_ZN18,Yersinia,Yersinia,,G_pre1_TARGET_ENGINEERING_COMPOSITE_GENERATED,read_only_unmodified,read_only_unmodified,read_only_unmodified,read_only_unmodified,composite_desc;target_context_desc;target_organism_desc;phage_origin_desc;docking_desc;solubility_no_chaperone_desc;E7_score_desc;source_accession_asc
v5.4.8z2,A0A0B5A2L0,A0A0B5A2L0__V52_B0_ff1127d77401432a6892__compound5,V52_B0_ff1127d77401432a6892,ordinary_candidate,not_forced,not_hard_coded,none,no_gold_standard_bonus,not_Q9T0Z9,246,0.496488,0.525000,0.400000,other_or_genus_only_Yersinia,0.650000,Yersinia_phage_non_enterocolitica_or_unknown_host,true,0.298974,0.544531,0.907552,0.000000,0.000000,0.780745,0.780745,466,0.780745,Yersinia phage vB_YenM_TG1,Yersinia,Yersinia,,G_pre1_TARGET_ENGINEERING_COMPOSITE_GENERATED,read_only_unmodified,read_only_unmodified,read_only_unmodified,read_only_unmodified,composite_desc;target_context_desc;target_organism_desc;phage_origin_desc;docking_desc;solubility_no_chaperone_desc;E7_score_desc;source_accession_asc
v5.4.8z2,A0A449C6B2,A0A449C6B2__V52_B0_dadbf86a650c9bad126b__compound5,V52_B0_dadbf86a650c9bad126b,ordinary_candidate,not_forced,not_hard_coded,none,no_gold_standard_bonus,not_Q9T0Z9,247,0.495705,0.525000,0.400000,other_or_genus_only_Yersinia,0.650000,Yersinia_phage_non_enterocolitica_or_unknown_host,true,0.267228,0.571789,0.952982,0.000000,0.000000,0.783025,0.783025,449,0.783025,Yersinia phage fPS-2,Yersinia,Yersinia,,G_pre1_TARGET_ENGINEERING_COMPOSITE_GENERATED,read_only_unmodified,read_only_unmodified,read_only_unmodified,read_only_unmodified,composite_desc;target_context_desc;target_organism_desc;phage_origin_desc;docking_desc;solubility_no_chaperone_desc;E7_score_desc;source_accession_asc
v5.4.8z2,A0A0H5H8V4,A0A0H5H8V4__V52_B0_c8c1ca2e70aca91a5a9f__compound5,V52_B0_c8c1ca2e70aca91a5a9f,ordinary_candidate,not_forced,not_hard_coded,none,no_gold_standard_bonus,not_Q9T0Z9,248,0.494883,0.425000,0.750000,Yersinia_enterocolitica_non_O3_or_unknown_serotype,0.100000,other_unknown_non_phage_or_missing_origin,true,0.536686,0.561526,0.935876,0.000000,0.000000,0.829822,0.829822,39,0.829822,Yersinia enterocolitica,Yersinia,Yersinia,,G_pre1_TARGET_ENGINEERING_COMPOSITE_GENERATED,read_only_unmodified,read_only_unmodified,read_only_unmodified,read_only_unmodified,composite_desc;target_context_desc;target_organism_desc;phage_origin_desc;docking_desc;solubility_no_chaperone_desc;E7_score_desc;source_accession_asc
v5.4.8z2,F4N731,F4N731__V52_B0_155fd59eb7c7ce98cc8a__compound5,V52_B0_155fd59eb7c7ce98cc8a,ordinary_candidate,not_forced,not_hard_coded,none,no_gold_standard_bonus,not_Q9T0Z9,249,0.494357,0.425000,0.750000,Yersinia_enterocolitica_non_O3_or_unknown_serotype,0.100000,other_unknown_non_phage_or_missing_origin,true,0.608371,0.492715,0.821192,0.000000,0.000000,0.807787,0.807787,159,0.807787,Yersinia enterocolitica W22703,Yersinia,Yersinia,,G_pre1_TARGET_ENGINEERING_COMPOSITE_GENERATED,read_only_unmodified,read_only_unmodified,read_only_unmodified,read_only_unmodified,composite_desc;target_context_desc;target_organism_desc;phage_origin_desc;docking_desc;solubility_no_chaperone_desc;E7_score_desc;source_accession_asc
v5.4.8z2,A0A7U4K299,A0A7U4K299__V52_B0_d6c124b4f22b09abf092__compound5,V52_B0_d6c124b4f22b09abf092,ordinary_candidate,not_forced,not_hard_coded,none,no_gold_standard_bonus,not_Q9T0Z9,250,0.494170,0.425000,0.750000,Yersinia_enterocolitica_non_O3_or_unknown_serotype,0.100000,other_unknown_non_phage_or_missing_origin,true,0.521251,0.571277,0.952128,0.000000,0.000000,0.838292,0.838292,18,0.838292,Yersinia enterocolitica LC20,Yersinia,Yersinia,,G_pre1_TARGET_ENGINEERING_COMPOSITE_GENERATED,read_only_unmodified,read_only_unmodified,read_only_unmodified,read_only_unmodified,composite_desc;target_context_desc;target_organism_desc;phage_origin_desc;docking_desc;solubility_no_chaperone_desc;E7_score_desc;source_accession_asc
v5.4.8z2,A0A9P1PUI1,A0A9P1PUI1__V52_B0_c78be06ca42b2f64f09e__compound5,V52_B0_c78be06ca42b2f64f09e,ordinary_candidate,not_forced,not_hard_coded,none,no_gold_standard_bonus,not_Q9T0Z9,251,0.493773,0.425000,0.750000,Yersinia_enterocolitica_non_O3_or_unknown_serotype,0.100000,other_unknown_non_phage_or_missing_origin,true,0.507304,0.583769,0.972948,0.000000,0.000000,0.836169,0.836169,20,0.836169,Yersinia enterocolitica,Yersinia,Yersinia,,G_pre1_TARGET_ENGINEERING_COMPOSITE_GENERATED,read_only_unmodified,read_only_unmodified,read_only_unmodified,read_only_unmodified,composite_desc;target_context_desc;target_organism_desc;phage_origin_desc;docking_desc;solubility_no_chaperone_desc;E7_score_desc;source_accession_asc
v5.4.8z2,A0ABM9S1Y8,A0ABM9S1Y8__V52_B0_71ab53f4568b440c3ec0__compound5,V52_B0_71ab53f4568b440c3ec0,ordinary_candidate,not_forced,not_hard_coded,none,no_gold_standard_bonus,not_Q9T0Z9,252,0.493220,0.425000,0.750000,Yersinia_enterocolitica_non_O3_or_unknown_serotype,0.100000,other_unknown_non_phage_or_missing_origin,true,0.505187,0.583244,0.972074,0.000000,0.000000,0.835671,0.835671,22,0.835671,Yersinia enterocolitica,Yersinia,Yersinia,,G_pre1_TARGET_ENGINEERING_COMPOSITE_GENERATED,read_only_unmodified,read_only_unmodified,read_only_unmodified,read_only_unmodified,composite_desc;target_context_desc;target_organism_desc;phage_origin_desc;docking_desc;solubility_no_chaperone_desc;E7_score_desc;source_accession_asc
v5.4.8z2,A0AAD2Z2V4,A0AAD2Z2V4__V52_B0_c0096e46ddb0441d97a2__compound5,V52_B0_c0096e46ddb0441d97a2,ordinary_candidate,not_forced,not_hard_coded,none,no_gold_standard_bonus,not_Q9T0Z9,253,0.492962,0.425000,0.750000,Yersinia_enterocolitica_non_O3_or_unknown_serotype,0.100000,other_unknown_non_phage_or_missing_origin,true,0.587744,0.503155,0.838592,0.000000,0.000000,0.820647,0.820647,75,0.820647,Yersinia enterocolitica,Yersinia,Yersinia,,G_pre1_TARGET_ENGINEERING_COMPOSITE_GENERATED,read_only_unmodified,read_only_unmodified,read_only_unmodified,read_only_unmodified,composite_desc;target_context_desc;target_organism_desc;phage_origin_desc;docking_desc;solubility_no_chaperone_desc;E7_score_desc;source_accession_asc
v5.4.8z2,A0AAD2Z484,A0AAD2Z484__V52_B0_040e1546ed1c135f9515__compound5,V52_B0_040e1546ed1c135f9515,ordinary_candidate,not_forced,not_hard_coded,none,no_gold_standard_bonus,not_Q9T0Z9,254,0.489587,0.425000,0.750000,Yersinia_enterocolitica_non_O3_or_unknown_serotype,0.100000,other_unknown_non_phage_or_missing_origin,true,0.562707,0.528968,0.881614,0.000000,0.000000,0.750034,0.750034,688,0.750034,Yersinia enterocolitica,Yersinia,Yersinia,,G_pre1_TARGET_ENGINEERING_COMPOSITE_GENERATED,read_only_unmodified,read_only_unmodified,read_only_unmodified,read_only_unmodified,composite_desc;target_context_desc;target_organism_desc;phage_origin_desc;docking_desc;solubility_no_chaperone_desc;E7_score_desc;source_accession_asc
v5.4.8z2,A0ABM9SIR4,A0ABM9SIR4__V52_B0_eedb25ee55de22ba30be__compound5,V52_B0_eedb25ee55de22ba30be,ordinary_candidate,not_forced,not_hard_coded,none,no_gold_standard_bonus,not_Q9T0Z9,255,0.489487,0.425000,0.750000,Yersinia_enterocolitica_non_O3_or_unknown_serotype,0.100000,other_unknown_non_phage_or_missing_origin,true,0.584998,0.492715,0.821192,0.000000,0.000000,0.803891,0.803891,203,0.803891,Yersinia enterocolitica,Yersinia,Yersinia,,G_pre1_TARGET_ENGINEERING_COMPOSITE_GENERATED,read_only_unmodified,read_only_unmodified,read_only_unmodified,read_only_unmodified,composite_desc;target_context_desc;target_organism_desc;phage_origin_desc;docking_desc;solubility_no_chaperone_desc;E7_score_desc;source_accession_asc
v5.4.8z2,A0A9P1PVU6,A0A9P1PVU6__V52_B0_1e8f61e7c26fb967cfec__compound5,V52_B0_1e8f61e7c26fb967cfec,ordinary_candidate,not_forced,not_hard_coded,none,no_gold_standard_bonus,not_Q9T0Z9,256,0.489471,0.425000,0.750000,Yersinia_enterocolitica_non_O3_or_unknown_serotype,0.100000,other_unknown_non_phage_or_missing_origin,true,0.484012,0.586765,0.977941,0.000000,0.000000,0.831322,0.831322,31,0.831322,Yersinia enterocolitica,Yersinia,Yersinia,,G_pre1_TARGET_ENGINEERING_COMPOSITE_GENERATED,read_only_unmodified,read_only_unmodified,read_only_unmodified,read_only_unmodified,composite_desc;target_context_desc;target_organism_desc;phage_origin_desc;docking_desc;solubility_no_chaperone_desc;E7_score_desc;source_accession_asc
v5.4.8z2,A0ABP1Y817,A0ABP1Y817__V52_B0_bd989424b821b761935c__compound5,V52_B0_bd989424b821b761935c,ordinary_candidate,not_forced,not_hard_coded,none,no_gold_standard_bonus,not_Q9T0Z9,257,0.488909,0.425000,0.750000,Yersinia_enterocolitica_non_O3_or_unknown_serotype,0.100000,other_unknown_non_phage_or_missing_origin,true,0.505863,0.573109,0.955182,0.000000,0.000000,0.787298,0.787298,391,0.787298,Yersinia enterocolitica,Yersinia,Yersinia,,G_pre1_TARGET_ENGINEERING_COMPOSITE_GENERATED,read_only_unmodified,read_only_unmodified,read_only_unmodified,read_only_unmodified,composite_desc;target_context_desc;target_organism_desc;phage_origin_desc;docking_desc;solubility_no_chaperone_desc;E7_score_desc;source_accession_asc
v5.4.8z2,A0A449C4V3,A0A449C4V3__V52_B0_e1b535d3a19674cfed3a__compound5,V52_B0_e1b535d3a19674cfed3a,ordinary_candidate,not_forced,not_hard_coded,none,no_gold_standard_bonus,not_Q9T0Z9,258,0.488647,0.525000,0.400000,other_or_genus_only_Yersinia,0.650000,Yersinia_phage_non_enterocolitica_or_unknown_host,true,0.373355,0.436184,0.726973,0.000000,0.000000,0.759777,0.759777,628,0.759777,Yersinia phage fPS-65,Yersinia,Yersinia,,G_pre1_TARGET_ENGINEERING_COMPOSITE_GENERATED,read_only_unmodified,read_only_unmodified,read_only_unmodified,read_only_unmodified,composite_desc;target_context_desc;target_organism_desc;phage_origin_desc;docking_desc;solubility_no_chaperone_desc;E7_score_desc;source_accession_asc
v5.4.8z2,F4N725,F4N725__V52_B0_fb84891fb023650e4fea__compound5,V52_B0_fb84891fb023650e4fea,ordinary_candidate,not_forced,not_hard_coded,none,no_gold_standard_bonus,not_Q9T0Z9,259,0.488255,0.425000,0.750000,Yersinia_enterocolitica_non_O3_or_unknown_serotype,0.100000,other_unknown_non_phage_or_missing_origin,true,0.522597,0.546552,0.910920,0.000000,0.000000,0.813511,0.813511,114,0.813511,Yersinia enterocolitica W22703,Yersinia,Yersinia,,G_pre1_TARGET_ENGINEERING_COMPOSITE_GENERATED,read_only_unmodified,read_only_unmodified,read_only_unmodified,read_only_unmodified,composite_desc;target_context_desc;target_organism_desc;phage_origin_desc;docking_desc;solubility_no_chaperone_desc;E7_score_desc;source_accession_asc
v5.4.8z2,A0A7U4GDF4,A0A7U4GDF4__V52_B0_4e0939717651d21af04b__compound5,V52_B0_4e0939717651d21af04b,ordinary_candidate,not_forced,not_hard_coded,none,no_gold_standard_bonus,not_Q9T0Z9,260,0.487408,0.425000,0.750000,Yersinia_enterocolitica_non_O3_or_unknown_serotype,0.100000,other_unknown_non_phage_or_missing_origin,true,0.537965,0.540935,0.901558,0.000000,0.000000,0.757568,0.757568,640,0.757568,Yersinia enterocolitica LC20,Yersinia,Yersinia,,G_pre1_TARGET_ENGINEERING_COMPOSITE_GENERATED,read_only_unmodified,read_only_unmodified,read_only_unmodified,read_only_unmodified,composite_desc;target_context_desc;target_organism_desc;phage_origin_desc;docking_desc;solubility_no_chaperone_desc;E7_score_desc;source_accession_asc
v5.4.8z2,A0A3G8F0J9,A0A3G8F0J9__V52_B0_7179b47a76e41c85304d__compound5,V52_B0_7179b47a76e41c85304d,ordinary_candidate,not_forced,not_hard_coded,none,no_gold_standard_bonus,not_Q9T0Z9,261,0.486959,0.525000,0.400000,other_or_genus_only_Yersinia,0.650000,Yersinia_phage_non_enterocolitica_or_unknown_host,true,0.295636,0.520800,0.868000,0.000000,0.000000,0.698433,0.698433,805,0.698433,Yersinia phage PYPS50,Yersinia,Yersinia,,G_pre1_TARGET_ENGINEERING_COMPOSITE_GENERATED,read_only_unmodified,read_only_unmodified,read_only_unmodified,read_only_unmodified,composite_desc;target_context_desc;target_organism_desc;phage_origin_desc;docking_desc;solubility_no_chaperone_desc;E7_score_desc;source_accession_asc
v5.4.8z2,A0A2H1UJE7,A0A2H1UJE7__V52_B0_94718f3812c6840b7480__compound5,V52_B0_94718f3812c6840b7480,ordinary_candidate,not_forced,not_hard_coded,none,no_gold_standard_bonus,not_Q9T0Z9,262,0.486876,0.525000,0.400000,other_or_genus_only_Yersinia,0.650000,Yersinia_phage_non_enterocolitica_or_unknown_host,true,0.253478,0.567242,0.945403,0.000000,0.000000,0.679634,0.679634,818,0.679634,Yersinia phage fPS-54-ocr,Yersinia,Yersinia,,G_pre1_TARGET_ENGINEERING_COMPOSITE_GENERATED,read_only_unmodified,read_only_unmodified,read_only_unmodified,read_only_unmodified,composite_desc;target_context_desc;target_organism_desc;phage_origin_desc;docking_desc;solubility_no_chaperone_desc;E7_score_desc;source_accession_asc
v5.4.8z2,A0AAD2V1D7,A0AAD2V1D7__V52_B0_79a0bfc2f1b514e16bd0__compound5,V52_B0_79a0bfc2f1b514e16bd0,ordinary_candidate,not_forced,not_hard_coded,none,no_gold_standard_bonus,not_Q9T0Z9,263,0.486818,0.425000,0.750000,Yersinia_enterocolitica_non_O3_or_unknown_serotype,0.100000,other_unknown_non_phage_or_missing_origin,true,0.547189,0.543035,0.905058,0.000000,0.000000,0.700456,0.700456,802,0.700456,Yersinia enterocolitica,Yersinia,Yersinia,,G_pre1_TARGET_ENGINEERING_COMPOSITE_GENERATED,read_only_unmodified,read_only_unmodified,read_only_unmodified,read_only_unmodified,composite_desc;target_context_desc;target_organism_desc;phage_origin_desc;docking_desc;solubility_no_chaperone_desc;E7_score_desc;source_accession_asc
v5.4.8z2,A0A0H5H5S4,A0A0H5H5S4__V52_B0_d16b4493a0ec6c3ff0c2__compound5,V52_B0_d16b4493a0ec6c3ff0c2,ordinary_candidate,not_forced,not_hard_coded,none,no_gold_standard_bonus,not_Q9T0Z9,264,0.485525,0.425000,0.750000,Yersinia_enterocolitica_non_O3_or_unknown_serotype,0.100000,other_unknown_non_phage_or_missing_origin,true,0.495644,0.557328,0.928880,0.000000,0.000000,0.823613,0.823613,58,0.823613,Yersinia enterocolitica,Yersinia,Yersinia,,G_pre1_TARGET_ENGINEERING_COMPOSITE_GENERATED,read_only_unmodified,read_only_unmodified,read_only_unmodified,read_only_unmodified,composite_desc;target_context_desc;target_organism_desc;phage_origin_desc;docking_desc;solubility_no_chaperone_desc;E7_score_desc;source_accession_asc
v5.4.8z2,A0A7U0AV15,A0A7U0AV15__V52_B0_c7294bc7ba913e62684a__compound5,V52_B0_c7294bc7ba913e62684a,ordinary_candidate,not_forced,not_hard_coded,none,no_gold_standard_bonus,not_Q9T0Z9,265,0.484725,0.425000,0.750000,Yersinia_enterocolitica_non_O3_or_unknown_serotype,0.100000,other_unknown_non_phage_or_missing_origin,true,0.480432,0.576541,0.960901,0.000000,0.000000,0.791611,0.791611,346,0.791611,Yersinia enterocolitica,Yersinia,Yersinia,,G_pre1_TARGET_ENGINEERING_COMPOSITE_GENERATED,read_only_unmodified,read_only_unmodified,read_only_unmodified,read_only_unmodified,composite_desc;target_context_desc;target_organism_desc;phage_origin_desc;docking_desc;solubility_no_chaperone_desc;E7_score_desc;source_accession_asc
v5.4.8z2,A0A0H5HAG0,A0A0H5HAG0__V52_B0_2e4a666a8d8d6eb70dc6__compound5,V52_B0_2e4a666a8d8d6eb70dc6,ordinary_candidate,not_forced,not_hard_coded,none,no_gold_standard_bonus,not_Q9T0Z9,266,0.483608,0.425000,0.750000,Yersinia_enterocolitica_non_O3_or_unknown_serotype,0.100000,other_unknown_non_phage_or_missing_origin,true,0.519302,0.528873,0.881455,0.000000,0.000000,0.804456,0.804456,197,0.804456,Yersinia enterocolitica,Yersinia,Yersinia,,G_pre1_TARGET_ENGINEERING_COMPOSITE_GENERATED,read_only_unmodified,read_only_unmodified,read_only_unmodified,read_only_unmodified,composite_desc;target_context_desc;target_organism_desc;phage_origin_desc;docking_desc;solubility_no_chaperone_desc;E7_score_desc;source_accession_asc
v5.4.8z2,F2Q846,F2Q846__V52_B0_c169410f7f58a4dc5247__compound5,V52_B0_c169410f7f58a4dc5247,ordinary_candidate,not_forced,not_hard_coded,none,no_gold_standard_bonus,not_Q9T0Z9,267,0.483504,0.425000,0.750000,Yersinia_enterocolitica_non_O3_or_unknown_serotype,0.100000,other_unknown_non_phage_or_missing_origin,true,0.535666,0.546710,0.911184,0.000000,0.000000,0.665570,0.665570,822,0.665570,Yersinia enterocolitica,Yersinia,Yersinia,,G_pre1_TARGET_ENGINEERING_COMPOSITE_GENERATED,read_only_unmodified,read_only_unmodified,read_only_unmodified,read_only_unmodified,composite_desc;target_context_desc;target_organism_desc;phage_origin_desc;docking_desc;solubility_no_chaperone_desc;E7_score_desc;source_accession_asc
v5.4.8z2,A0AAD2Z5G5,A0AAD2Z5G5__V52_B0_61b11ab49c4dc4e27173__compound5,V52_B0_61b11ab49c4dc4e27173,ordinary_candidate,not_forced,not_hard_coded,none,no_gold_standard_bonus,not_Q9T0Z9,268,0.482656,0.425000,0.750000,Yersinia_enterocolitica_non_O3_or_unknown_serotype,0.100000,other_unknown_non_phage_or_missing_origin,true,0.515064,0.525000,0.875000,0.000000,0.000000,0.817870,0.817870,93,0.817870,Yersinia enterocolitica,Yersinia,Yersinia,,G_pre1_TARGET_ENGINEERING_COMPOSITE_GENERATED,read_only_unmodified,read_only_unmodified,read_only_unmodified,read_only_unmodified,composite_desc;target_context_desc;target_organism_desc;phage_origin_desc;docking_desc;solubility_no_chaperone_desc;E7_score_desc;source_accession_asc
v5.4.8z2,A0AAT9S9R9,A0AAT9S9R9__V52_B0_6d275d2ae5fe95ba9123__compound5,V52_B0_6d275d2ae5fe95ba9123,ordinary_candidate,not_forced,not_hard_coded,none,no_gold_standard_bonus,not_Q9T0Z9,269,0.482592,0.525000,0.400000,other_or_genus_only_Yersinia,0.650000,Yersinia_phage_non_enterocolitica_or_unknown_host,true,0.326045,0.453192,0.755320,0.000000,0.000000,0.759884,0.759884,627,0.759884,Yersinia phage vB_YenP_WW2,Yersinia,Yersinia,,G_pre1_TARGET_ENGINEERING_COMPOSITE_GENERATED,read_only_unmodified,read_only_unmodified,read_only_unmodified,read_only_unmodified,composite_desc;target_context_desc;target_organism_desc;phage_origin_desc;docking_desc;solubility_no_chaperone_desc;E7_score_desc;source_accession_asc
v5.4.8z2,A0A2D0PDA0,A0A2D0PDA0__V52_B0_3a97da2b3830823e33e0__compound5,V52_B0_3a97da2b3830823e33e0,ordinary_candidate,not_forced,not_hard_coded,none,no_gold_standard_bonus,not_Q9T0Z9,270,0.482212,0.525000,0.400000,other_or_genus_only_Yersinia,0.650000,Yersinia_phage_non_enterocolitica_or_unknown_host,true,0.234047,0.569711,0.949519,0.000000,0.000000,0.654205,0.654205,824,0.654205,Yersinia phage fPS-26,Yersinia,Yersinia,,G_pre1_TARGET_ENGINEERING_COMPOSITE_GENERATED,read_only_unmodified,read_only_unmodified,read_only_unmodified,read_only_unmodified,composite_desc;target_context_desc;target_organism_desc;phage_origin_desc;docking_desc;solubility_no_chaperone_desc;E7_score_desc;source_accession_asc
v5.4.8z2,A0AAD2UW33,A0AAD2UW33__V52_B0_2a10bae98316a04c3029__compound5,V52_B0_2a10bae98316a04c3029,ordinary_candidate,not_forced,not_hard_coded,none,no_gold_standard_bonus,not_Q9T0Z9,271,0.481512,0.425000,0.750000,Yersinia_enterocolitica_non_O3_or_unknown_serotype,0.100000,other_unknown_non_phage_or_missing_origin,true,0.470190,0.575983,0.959971,0.000000,0.000000,0.770550,0.770550,547,0.770550,Yersinia enterocolitica,Yersinia,Yersinia,,G_pre1_TARGET_ENGINEERING_COMPOSITE_GENERATED,read_only_unmodified,read_only_unmodified,read_only_unmodified,read_only_unmodified,composite_desc;target_context_desc;target_organism_desc;phage_origin_desc;docking_desc;solubility_no_chaperone_desc;E7_score_desc;source_accession_asc
v5.4.8z2,A0A0H5G2H5,A0A0H5G2H5__V52_B0_5950c06b883b9700febc__compound5,V52_B0_5950c06b883b9700febc,ordinary_candidate,not_forced,not_hard_coded,none,no_gold_standard_bonus,not_Q9T0Z9,272,0.481090,0.425000,0.750000,Yersinia_enterocolitica_non_O3_or_unknown_serotype,0.100000,other_unknown_non_phage_or_missing_origin,true,0.480143,0.555586,0.925977,0.000000,0.000000,0.803879,0.803879,204,0.803879,Yersinia enterocolitica,Yersinia,Yersinia,,G_pre1_TARGET_ENGINEERING_COMPOSITE_GENERATED,read_only_unmodified,read_only_unmodified,read_only_unmodified,read_only_unmodified,composite_desc;target_context_desc;target_organism_desc;phage_origin_desc;docking_desc;solubility_no_chaperone_desc;E7_score_desc;source_accession_asc
v5.4.8z2,A0A7T9XU34,A0A7T9XU34__V52_B0_8c3915c06e9e38f484c7__compound5,V52_B0_8c3915c06e9e38f484c7,ordinary_candidate,not_forced,not_hard_coded,none,no_gold_standard_bonus,not_Q9T0Z9,273,0.481050,0.425000,0.750000,Yersinia_enterocolitica_non_O3_or_unknown_serotype,0.100000,other_unknown_non_phage_or_missing_origin,true,0.512094,0.547675,0.912791,0.000000,0.000000,0.706925,0.706925,800,0.706925,Yersinia enterocolitica,Yersinia,Yersinia,,G_pre1_TARGET_ENGINEERING_COMPOSITE_GENERATED,read_only_unmodified,read_only_unmodified,read_only_unmodified,read_only_unmodified,composite_desc;target_context_desc;target_organism_desc;phage_origin_desc;docking_desc;solubility_no_chaperone_desc;E7_score_desc;source_accession_asc
v5.4.8z2,A0A0T7P7W8,A0A0T7P7W8__V52_B0_84d677dcec411a8f4faa__compound5,V52_B0_84d677dcec411a8f4faa,ordinary_candidate,not_forced,not_hard_coded,none,no_gold_standard_bonus,not_Q9T0Z9,274,0.481037,0.425000,0.750000,Yersinia_enterocolitica_non_O3_or_unknown_serotype,0.100000,other_unknown_non_phage_or_missing_origin,true,0.492928,0.556960,0.928267,0.000000,0.000000,0.746180,0.746180,711,0.746180,Yersinia enterocolitica,Yersinia,Yersinia,,G_pre1_TARGET_ENGINEERING_COMPOSITE_GENERATED,read_only_unmodified,read_only_unmodified,read_only_unmodified,read_only_unmodified,composite_desc;target_context_desc;target_organism_desc;phage_origin_desc;docking_desc;solubility_no_chaperone_desc;E7_score_desc;source_accession_asc
v5.4.8z2,A1JK75,A1JK75__V52_B0_b627107ecaac5e68c8c4__compound5,V52_B0_b627107ecaac5e68c8c4,ordinary_candidate,not_forced,not_hard_coded,none,no_gold_standard_bonus,not_Q9T0Z9,275,0.480786,0.425000,0.750000,Yersinia_enterocolitica_non_O3_or_unknown_serotype,0.100000,other_unknown_non_phage_or_missing_origin,true,0.508433,0.548347,0.913911,0.000000,0.000000,0.713610,0.713610,792,0.713610,Yersinia enterocolitica serotype O:8 / biotype 1B (strain NCTC 13174 / 8081),Yersinia,Yersinia,,G_pre1_TARGET_ENGINEERING_COMPOSITE_GENERATED,read_only_unmodified,read_only_unmodified,read_only_unmodified,read_only_unmodified,composite_desc;target_context_desc;target_organism_desc;phage_origin_desc;docking_desc;solubility_no_chaperone_desc;E7_score_desc;source_accession_asc
v5.4.8z2,A0ABP1Y7A6,A0ABP1Y7A6__V52_B0_3f685d8448e10d9c6ce7__compound5,V52_B0_3f685d8448e10d9c6ce7,ordinary_candidate,not_forced,not_hard_coded,none,no_gold_standard_bonus,not_Q9T0Z9,276,0.479709,0.425000,0.750000,Yersinia_enterocolitica_non_O3_or_unknown_serotype,0.100000,other_unknown_non_phage_or_missing_origin,true,0.508678,0.538889,0.898149,0.000000,0.000000,0.728916,0.728916,769,0.728916,Yersinia enterocolitica,Yersinia,Yersinia,,G_pre1_TARGET_ENGINEERING_COMPOSITE_GENERATED,read_only_unmodified,read_only_unmodified,read_only_unmodified,read_only_unmodified,composite_desc;target_context_desc;target_organism_desc;phage_origin_desc;docking_desc;solubility_no_chaperone_desc;E7_score_desc;source_accession_asc
v5.4.8z2,A0ABM9S4S5,A0ABM9S4S5__V52_B0_8ac960aa291ab06378bf__compound5,V52_B0_8ac960aa291ab06378bf,ordinary_candidate,not_forced,not_hard_coded,none,no_gold_standard_bonus,not_Q9T0Z9,277,0.479381,0.425000,0.750000,Yersinia_enterocolitica_non_O3_or_unknown_serotype,0.100000,other_unknown_non_phage_or_missing_origin,true,0.500877,0.534868,0.891447,0.000000,0.000000,0.769636,0.769636,557,0.769636,Yersinia enterocolitica,Yersinia,Yersinia,,G_pre1_TARGET_ENGINEERING_COMPOSITE_GENERATED,read_only_unmodified,read_only_unmodified,read_only_unmodified,read_only_unmodified,composite_desc;target_context_desc;target_organism_desc;phage_origin_desc;docking_desc;solubility_no_chaperone_desc;E7_score_desc;source_accession_asc
v5.4.8z2,A0A7T9XU28,A0A7T9XU28__V52_B0_caec1e5c6742346f3acd__compound5,V52_B0_caec1e5c6742346f3acd,ordinary_candidate,not_forced,not_hard_coded,none,no_gold_standard_bonus,not_Q9T0Z9,278,0.479307,0.425000,0.750000,Yersinia_enterocolitica_non_O3_or_unknown_serotype,0.100000,other_unknown_non_phage_or_missing_origin,true,0.513903,0.514789,0.857982,0.000000,0.000000,0.796376,0.796376,285,0.796376,Yersinia enterocolitica,Yersinia,Yersinia,,G_pre1_TARGET_ENGINEERING_COMPOSITE_GENERATED,read_only_unmodified,read_only_unmodified,read_only_unmodified,read_only_unmodified,composite_desc;target_context_desc;target_organism_desc;phage_origin_desc;docking_desc;solubility_no_chaperone_desc;E7_score_desc;source_accession_asc
v5.4.8z2,A0A7U4GEA5,A0A7U4GEA5__V52_B0_5253ce4029484767a3a0__compound5,V52_B0_5253ce4029484767a3a0,ordinary_candidate,not_forced,not_hard_coded,none,no_gold_standard_bonus,not_Q9T0Z9,279,0.478699,0.425000,0.750000,Yersinia_enterocolitica_non_O3_or_unknown_serotype,0.100000,other_unknown_non_phage_or_missing_origin,true,0.512482,0.526984,0.878307,0.000000,0.000000,0.741112,0.741112,736,0.741112,Yersinia enterocolitica LC20,Yersinia,Yersinia,,G_pre1_TARGET_ENGINEERING_COMPOSITE_GENERATED,read_only_unmodified,read_only_unmodified,read_only_unmodified,read_only_unmodified,composite_desc;target_context_desc;target_organism_desc;phage_origin_desc;docking_desc;solubility_no_chaperone_desc;E7_score_desc;source_accession_asc
v5.4.8z2,A0A7U0ASF4,A0A7U0ASF4__V52_B0_4606cdb6606b42182810__compound5,V52_B0_4606cdb6606b42182810,ordinary_candidate,not_forced,not_hard_coded,none,no_gold_standard_bonus,not_Q9T0Z9,280,0.478691,0.425000,0.750000,Yersinia_enterocolitica_non_O3_or_unknown_serotype,0.100000,other_unknown_non_phage_or_missing_origin,true,0.519671,0.503503,0.839172,0.000000,0.000000,0.806131,0.806131,174,0.806131,Yersinia enterocolitica,Yersinia,Yersinia,,G_pre1_TARGET_ENGINEERING_COMPOSITE_GENERATED,read_only_unmodified,read_only_unmodified,read_only_unmodified,read_only_unmodified,composite_desc;target_context_desc;target_organism_desc;phage_origin_desc;docking_desc;solubility_no_chaperone_desc;E7_score_desc;source_accession_asc
v5.4.8z2,A1JMQ3,A1JMQ3__V52_B0_35623c7cc331165d9923__compound5,V52_B0_35623c7cc331165d9923,ordinary_candidate,not_forced,not_hard_coded,none,no_gold_standard_bonus,not_Q9T0Z9,281,0.478182,0.425000,0.750000,Yersinia_enterocolitica_non_O3_or_unknown_serotype,0.100000,other_unknown_non_phage_or_missing_origin,true,0.500372,0.525000,0.875000,0.000000,0.000000,0.787153,0.787153,395,0.787153,Yersinia enterocolitica serotype O:8 / biotype 1B (strain NCTC 13174 / 8081),Yersinia,Yersinia,,G_pre1_TARGET_ENGINEERING_COMPOSITE_GENERATED,read_only_unmodified,read_only_unmodified,read_only_unmodified,read_only_unmodified,composite_desc;target_context_desc;target_organism_desc;phage_origin_desc;docking_desc;solubility_no_chaperone_desc;E7_score_desc;source_accession_asc
v5.4.8z2,A0ABP1Y442,A0ABP1Y442__V52_B0_62c5835b031059477d1c__compound5,V52_B0_62c5835b031059477d1c,ordinary_candidate,not_forced,not_hard_coded,none,no_gold_standard_bonus,not_Q9T0Z9,282,0.477926,0.425000,0.750000,Yersinia_enterocolitica_non_O3_or_unknown_serotype,0.100000,other_unknown_non_phage_or_missing_origin,true,0.493539,0.541821,0.903035,0.000000,0.000000,0.742076,0.742076,730,0.742076,Yersinia enterocolitica,Yersinia,Yersinia,,G_pre1_TARGET_ENGINEERING_COMPOSITE_GENERATED,read_only_unmodified,read_only_unmodified,read_only_unmodified,read_only_unmodified,composite_desc;target_context_desc;target_organism_desc;phage_origin_desc;docking_desc;solubility_no_chaperone_desc;E7_score_desc;source_accession_asc
v5.4.8z2,A0A0T7PAJ5,A0A0T7PAJ5__V52_B0_e789088317ebcbcbcc3e__compound5,V52_B0_e789088317ebcbcbcc3e,ordinary_candidate,not_forced,not_hard_coded,none,no_gold_standard_bonus,not_Q9T0Z9,283,0.477410,0.425000,0.750000,Yersinia_enterocolitica_non_O3_or_unknown_serotype,0.100000,other_unknown_non_phage_or_missing_origin,true,0.517573,0.501923,0.836539,0.000000,0.000000,0.795211,0.795211,298,0.795211,Yersinia enterocolitica,Yersinia,Yersinia,,G_pre1_TARGET_ENGINEERING_COMPOSITE_GENERATED,read_only_unmodified,read_only_unmodified,read_only_unmodified,read_only_unmodified,composite_desc;target_context_desc;target_organism_desc;phage_origin_desc;docking_desc;solubility_no_chaperone_desc;E7_score_desc;source_accession_asc
v5.4.8z2,A0A9P1V089,A0A9P1V089__V52_B0_d24d80a11220414f1506__compound5,V52_B0_d24d80a11220414f1506,ordinary_candidate,not_forced,not_hard_coded,none,no_gold_standard_bonus,not_Q9T0Z9,284,0.475935,0.425000,0.750000,Yersinia_enterocolitica_non_O3_or_unknown_serotype,0.100000,other_unknown_non_phage_or_missing_origin,true,0.489483,0.534518,0.890863,0.000000,0.000000,0.747705,0.747705,700,0.747705,Yersinia enterocolitica,Yersinia,Yersinia,,G_pre1_TARGET_ENGINEERING_COMPOSITE_GENERATED,read_only_unmodified,read_only_unmodified,read_only_unmodified,read_only_unmodified,composite_desc;target_context_desc;target_organism_desc;phage_origin_desc;docking_desc;solubility_no_chaperone_desc;E7_score_desc;source_accession_asc
v5.4.8z2,A0A0H5EYN4,A0A0H5EYN4__V52_B0_845608cc7edcbcea626f__compound5,V52_B0_845608cc7edcbcea626f,ordinary_candidate,not_forced,not_hard_coded,none,no_gold_standard_bonus,not_Q9T0Z9,285,0.472940,0.425000,0.750000,Yersinia_enterocolitica_non_O3_or_unknown_serotype,0.100000,other_unknown_non_phage_or_missing_origin,true,0.471989,0.532895,0.888158,0.000000,0.000000,0.764273,0.764273,595,0.764273,Yersinia enterocolitica,Yersinia,Yersinia,,G_pre1_TARGET_ENGINEERING_COMPOSITE_GENERATED,read_only_unmodified,read_only_unmodified,read_only_unmodified,read_only_unmodified,composite_desc;target_context_desc;target_organism_desc;phage_origin_desc;docking_desc;solubility_no_chaperone_desc;E7_score_desc;source_accession_asc
v5.4.8z2,A0A0H5GK90,A0A0H5GK90__V52_B0_376c9e3382e6d4eb1d3d__compound5,V52_B0_376c9e3382e6d4eb1d3d,ordinary_candidate,not_forced,not_hard_coded,none,no_gold_standard_bonus,not_Q9T0Z9,286,0.472875,0.425000,0.750000,Yersinia_enterocolitica_non_O3_or_unknown_serotype,0.100000,other_unknown_non_phage_or_missing_origin,true,0.444803,0.557618,0.929363,0.000000,0.000000,0.772818,0.772818,521,0.772818,Yersinia enterocolitica,Yersinia,Yersinia,,G_pre1_TARGET_ENGINEERING_COMPOSITE_GENERATED,read_only_unmodified,read_only_unmodified,read_only_unmodified,read_only_unmodified,composite_desc;target_context_desc;target_organism_desc;phage_origin_desc;docking_desc;solubility_no_chaperone_desc;E7_score_desc;source_accession_asc
v5.4.8z2,A0A9P1PUD9,A0A9P1PUD9__V52_B0_e4bbb402151024294a95__compound5,V52_B0_e4bbb402151024294a95,ordinary_candidate,not_forced,not_hard_coded,none,no_gold_standard_bonus,not_Q9T0Z9,287,0.472414,0.425000,0.750000,Yersinia_enterocolitica_non_O3_or_unknown_serotype,0.100000,other_unknown_non_phage_or_missing_origin,true,0.456901,0.536480,0.894133,0.000000,0.000000,0.799764,0.799764,241,0.799764,Yersinia enterocolitica,Yersinia,Yersinia,,G_pre1_TARGET_ENGINEERING_COMPOSITE_GENERATED,read_only_unmodified,read_only_unmodified,read_only_unmodified,read_only_unmodified,composite_desc;target_context_desc;target_organism_desc;phage_origin_desc;docking_desc;solubility_no_chaperone_desc;E7_score_desc;source_accession_asc
v5.4.8z2,A0A7U4K0Q6,A0A7U4K0Q6__V52_B0_6a1061eede6accb748a0__compound5,V52_B0_6a1061eede6accb748a0,ordinary_candidate,not_forced,not_hard_coded,none,no_gold_standard_bonus,not_Q9T0Z9,288,0.472150,0.425000,0.750000,Yersinia_enterocolitica_non_O3_or_unknown_serotype,0.100000,other_unknown_non_phage_or_missing_origin,true,0.463418,0.540756,0.901260,0.000000,0.000000,0.751303,0.751303,677,0.751303,Yersinia enterocolitica LC20,Yersinia,Yersinia,,G_pre1_TARGET_ENGINEERING_COMPOSITE_GENERATED,read_only_unmodified,read_only_unmodified,read_only_unmodified,read_only_unmodified,composite_desc;target_context_desc;target_organism_desc;phage_origin_desc;docking_desc;solubility_no_chaperone_desc;E7_score_desc;source_accession_asc
v5.4.8z2,A0A0H5H5L7,A0A0H5H5L7__V52_B0_d3442b666f5cb27bcfa0__compound5,V52_B0_d3442b666f5cb27bcfa0,ordinary_candidate,not_forced,not_hard_coded,none,no_gold_standard_bonus,not_Q9T0Z9,289,0.472065,0.425000,0.750000,Yersinia_enterocolitica_non_O3_or_unknown_serotype,0.100000,other_unknown_non_phage_or_missing_origin,true,0.446122,0.553995,0.923325,0.000000,0.000000,0.765823,0.765823,584,0.765823,Yersinia enterocolitica,Yersinia,Yersinia,,G_pre1_TARGET_ENGINEERING_COMPOSITE_GENERATED,read_only_unmodified,read_only_unmodified,read_only_unmodified,read_only_unmodified,composite_desc;target_context_desc;target_organism_desc;phage_origin_desc;docking_desc;solubility_no_chaperone_desc;E7_score_desc;source_accession_asc
v5.4.8z2,S5M3A2,S5M3A2__V52_B0_0cec44c0af3a67efdc3e__compound5,V52_B0_0cec44c0af3a67efdc3e,ordinary_candidate,not_forced,not_hard_coded,none,no_gold_standard_bonus,not_Q9T0Z9,290,0.471144,0.525000,0.400000,other_or_genus_only_Yersinia,0.650000,Yersinia_phage_non_enterocolitica_or_unknown_host,true,0.304035,0.421875,0.703125,0.000000,0.000000,0.744249,0.744249,721,0.744249,Yersinia phage PST,Yersinia,Yersinia,,G_pre1_TARGET_ENGINEERING_COMPOSITE_GENERATED,read_only_unmodified,read_only_unmodified,read_only_unmodified,read_only_unmodified,composite_desc;target_context_desc;target_organism_desc;phage_origin_desc;docking_desc;solubility_no_chaperone_desc;E7_score_desc;source_accession_asc
v5.4.8z2,A0A9P1PW91,A0A9P1PW91__V52_B0_f433067400c35864e128__compound5,V52_B0_f433067400c35864e128,ordinary_candidate,not_forced,not_hard_coded,none,no_gold_standard_bonus,not_Q9T0Z9,291,0.471103,0.425000,0.750000,Yersinia_enterocolitica_non_O3_or_unknown_serotype,0.100000,other_unknown_non_phage_or_missing_origin,true,0.401334,0.583019,0.971698,0.000000,0.000000,0.809639,0.809639,144,0.809639,Yersinia enterocolitica,Yersinia,Yersinia,,G_pre1_TARGET_ENGINEERING_COMPOSITE_GENERATED,read_only_unmodified,read_only_unmodified,read_only_unmodified,read_only_unmodified,composite_desc;target_context_desc;target_organism_desc;phage_origin_desc;docking_desc;solubility_no_chaperone_desc;E7_score_desc;source_accession_asc
v5.4.8z2,A0ABM9SIJ1,A0ABM9SIJ1__V52_B0_67c92ca7c2079c074e98__compound5,V52_B0_67c92ca7c2079c074e98,ordinary_candidate,not_forced,not_hard_coded,none,no_gold_standard_bonus,not_Q9T0Z9,292,0.471001,0.425000,0.750000,Yersinia_enterocolitica_non_O3_or_unknown_serotype,0.100000,other_unknown_non_phage_or_missing_origin,true,0.444152,0.541526,0.902543,0.000000,0.000000,0.802309,0.802309,217,0.802309,Yersinia enterocolitica,Yersinia,Yersinia,,G_pre1_TARGET_ENGINEERING_COMPOSITE_GENERATED,read_only_unmodified,read_only_unmodified,read_only_unmodified,read_only_unmodified,composite_desc;target_context_desc;target_organism_desc;phage_origin_desc;docking_desc;solubility_no_chaperone_desc;E7_score_desc;source_accession_asc
v5.4.8z2,A0A7U0AT10,A0A7U0AT10__V52_B0_a4fb4684a10c75583fc7__compound5,V52_B0_a4fb4684a10c75583fc7,ordinary_candidate,not_forced,not_hard_coded,none,no_gold_standard_bonus,not_Q9T0Z9,293,0.470822,0.425000,0.750000,Yersinia_enterocolitica_non_O3_or_unknown_serotype,0.100000,other_unknown_non_phage_or_missing_origin,true,0.447397,0.553553,0.922589,0.000000,0.000000,0.737645,0.737645,748,0.737645,Yersinia enterocolitica,Yersinia,Yersinia,,G_pre1_TARGET_ENGINEERING_COMPOSITE_GENERATED,read_only_unmodified,read_only_unmodified,read_only_unmodified,read_only_unmodified,composite_desc;target_context_desc;target_organism_desc;phage_origin_desc;docking_desc;solubility_no_chaperone_desc;E7_score_desc;source_accession_asc
v5.4.8z2,A0A7U0AVA4,A0A7U0AVA4__V52_B0_352c69fc7a46568b4868__compound5,V52_B0_352c69fc7a46568b4868,ordinary_candidate,not_forced,not_hard_coded,none,no_gold_standard_bonus,not_Q9T0Z9,294,0.470806,0.425000,0.750000,Yersinia_enterocolitica_non_O3_or_unknown_serotype,0.100000,other_unknown_non_phage_or_missing_origin,true,0.505527,0.482782,0.804636,0.000000,0.000000,0.787887,0.787887,383,0.787887,Yersinia enterocolitica,Yersinia,Yersinia,,G_pre1_TARGET_ENGINEERING_COMPOSITE_GENERATED,read_only_unmodified,read_only_unmodified,read_only_unmodified,read_only_unmodified,composite_desc;target_context_desc;target_organism_desc;phage_origin_desc;docking_desc;solubility_no_chaperone_desc;E7_score_desc;source_accession_asc
v5.4.8z2,A0A9P1PWI0,A0A9P1PWI0__V52_B0_6dbfcc58bf6677275d88__compound5,V52_B0_6dbfcc58bf6677275d88,ordinary_candidate,not_forced,not_hard_coded,none,no_gold_standard_bonus,not_Q9T0Z9,295,0.470735,0.425000,0.750000,Yersinia_enterocolitica_non_O3_or_unknown_serotype,0.100000,other_unknown_non_phage_or_missing_origin,true,0.528132,0.460431,0.767385,0.000000,0.000000,0.785446,0.785446,414,0.785446,Yersinia enterocolitica,Yersinia,Yersinia,,G_pre1_TARGET_ENGINEERING_COMPOSITE_GENERATED,read_only_unmodified,read_only_unmodified,read_only_unmodified,read_only_unmodified,composite_desc;target_context_desc;target_organism_desc;phage_origin_desc;docking_desc;solubility_no_chaperone_desc;E7_score_desc;source_accession_asc
v5.4.8z2,A1JND9,A1JND9__V52_B0_577359b6f0720f73515a__compound5,V52_B0_577359b6f0720f73515a,ordinary_candidate,not_forced,not_hard_coded,none,no_gold_standard_bonus,not_Q9T0Z9,296,0.469689,0.425000,0.750000,Yersinia_enterocolitica_non_O3_or_unknown_serotype,0.100000,other_unknown_non_phage_or_missing_origin,true,0.434730,0.543383,0.905638,0.000000,0.000000,0.806319,0.806319,172,0.806319,Yersinia enterocolitica serotype O:8 / biotype 1B (strain NCTC 13174 / 8081),Yersinia,Yersinia,,G_pre1_TARGET_ENGINEERING_COMPOSITE_GENERATED,read_only_unmodified,read_only_unmodified,read_only_unmodified,read_only_unmodified,composite_desc;target_context_desc;target_organism_desc;phage_origin_desc;docking_desc;solubility_no_chaperone_desc;E7_score_desc;source_accession_asc
v5.4.8z2,A0A0T7PAK2,A0A0T7PAK2__V52_B0_6dd804b34a118933ab68__compound5,V52_B0_6dd804b34a118933ab68,ordinary_candidate,not_forced,not_hard_coded,none,no_gold_standard_bonus,not_Q9T0Z9,297,0.469247,0.425000,0.750000,Yersinia_enterocolitica_non_O3_or_unknown_serotype,0.100000,other_unknown_non_phage_or_missing_origin,true,0.471745,0.505263,0.842105,0.000000,0.000000,0.801900,0.801900,221,0.801900,Yersinia enterocolitica,Yersinia,Yersinia,,G_pre1_TARGET_ENGINEERING_COMPOSITE_GENERATED,read_only_unmodified,read_only_unmodified,read_only_unmodified,read_only_unmodified,composite_desc;target_context_desc;target_organism_desc;phage_origin_desc;docking_desc;solubility_no_chaperone_desc;E7_score_desc;source_accession_asc
v5.4.8z2,A0A7U0AWS6,A0A7U0AWS6__V52_B0_0c1f9301f632898d1a77__compound5,V52_B0_0c1f9301f632898d1a77,ordinary_candidate,not_forced,not_hard_coded,none,no_gold_standard_bonus,not_Q9T0Z9,298,0.467953,0.425000,0.750000,Yersinia_enterocolitica_non_O3_or_unknown_serotype,0.100000,other_unknown_non_phage_or_missing_origin,true,0.435641,0.543455,0.905759,0.000000,0.000000,0.767684,0.767684,570,0.767684,Yersinia enterocolitica,Yersinia,Yersinia,,G_pre1_TARGET_ENGINEERING_COMPOSITE_GENERATED,read_only_unmodified,read_only_unmodified,read_only_unmodified,read_only_unmodified,composite_desc;target_context_desc;target_organism_desc;phage_origin_desc;docking_desc;solubility_no_chaperone_desc;E7_score_desc;source_accession_asc
v5.4.8z2,A0ABP1YED8,A0ABP1YED8__V52_B0_debb0c53da97c3af14bd__compound5,V52_B0_debb0c53da97c3af14bd,ordinary_candidate,not_forced,not_hard_coded,none,no_gold_standard_bonus,not_Q9T0Z9,299,0.467747,0.425000,0.750000,Yersinia_enterocolitica_non_O3_or_unknown_serotype,0.100000,other_unknown_non_phage_or_missing_origin,true,0.475456,0.506000,0.843333,0.000000,0.000000,0.754112,0.754112,661,0.754112,Yersinia enterocolitica,Yersinia,Yersinia,,G_pre1_TARGET_ENGINEERING_COMPOSITE_GENERATED,read_only_unmodified,read_only_unmodified,read_only_unmodified,read_only_unmodified,composite_desc;target_context_desc;target_organism_desc;phage_origin_desc;docking_desc;solubility_no_chaperone_desc;E7_score_desc;source_accession_asc
v5.4.8z2,A0A9P1V3L8,A0A9P1V3L8__V52_B0_461a3f28d4d5fea8b011__compound5,V52_B0_461a3f28d4d5fea8b011,ordinary_candidate,not_forced,not_hard_coded,none,no_gold_standard_bonus,not_Q9T0Z9,300,0.466992,0.425000,0.750000,Yersinia_enterocolitica_non_O3_or_unknown_serotype,0.100000,other_unknown_non_phage_or_missing_origin,true,0.412211,0.552709,0.921182,0.000000,0.000000,0.805157,0.805157,188,0.805157,Yersinia enterocolitica,Yersinia,Yersinia,,G_pre1_TARGET_ENGINEERING_COMPOSITE_GENERATED,read_only_unmodified,read_only_unmodified,read_only_unmodified,read_only_unmodified,composite_desc;target_context_desc;target_organism_desc;phage_origin_desc;docking_desc;solubility_no_chaperone_desc;E7_score_desc;source_accession_asc
v5.4.8z2,A0A9P1PV32,A0A9P1PV32__V52_B0_350efda3676afb119323__compound5,V52_B0_350efda3676afb119323,ordinary_candidate,not_forced,not_hard_coded,none,no_gold_standard_bonus,not_Q9T0Z9,301,0.465101,0.425000,0.750000,Yersinia_enterocolitica_non_O3_or_unknown_serotype,0.100000,other_unknown_non_phage_or_missing_origin,true,0.488770,0.470063,0.783439,0.000000,0.000000,0.791692,0.791692,343,0.791692,Yersinia enterocolitica,Yersinia,Yersinia,,G_pre1_TARGET_ENGINEERING_COMPOSITE_GENERATED,read_only_unmodified,read_only_unmodified,read_only_unmodified,read_only_unmodified,composite_desc;target_context_desc;target_organism_desc;phage_origin_desc;docking_desc;solubility_no_chaperone_desc;E7_score_desc;source_accession_asc
v5.4.8z2,A0A449C694,A0A449C694__V52_B0_c0e98fbe2f95ec49b42b__compound5,V52_B0_c0e98fbe2f95ec49b42b,ordinary_candidate,not_forced,not_hard_coded,none,no_gold_standard_bonus,not_Q9T0Z9,302,0.463744,0.525000,0.400000,other_or_genus_only_Yersinia,0.650000,Yersinia_phage_non_enterocolitica_or_unknown_host,true,0.268515,0.421875,0.703125,0.000000,0.000000,0.738329,0.738329,745,0.738329,Yersinia phage fPS-2,Yersinia,Yersinia,,G_pre1_TARGET_ENGINEERING_COMPOSITE_GENERATED,read_only_unmodified,read_only_unmodified,read_only_unmodified,read_only_unmodified,composite_desc;target_context_desc;target_organism_desc;phage_origin_desc;docking_desc;solubility_no_chaperone_desc;E7_score_desc;source_accession_asc
v5.4.8z2,A0A7U4K153,A0A7U4K153__V52_B0_426da2e62e786a878571__compound5,V52_B0_426da2e62e786a878571,ordinary_candidate,not_forced,not_hard_coded,none,no_gold_standard_bonus,not_Q9T0Z9,303,0.463029,0.575000,0.750000,Yersinia_enterocolitica_non_O3_or_unknown_serotype,0.400000,Yersinia_enterocolitica_bacterial_genome_phage_like,true,0.099753,0.453571,0.755952,0.000000,0.000000,0.722274,0.722274,782,0.722274,Yersinia enterocolitica LC20,Yersinia,Yersinia,Tail fiber assembly protein,G_pre1_TARGET_ENGINEERING_COMPOSITE_GENERATED,read_only_unmodified,read_only_unmodified,read_only_unmodified,read_only_unmodified,composite_desc;target_context_desc;target_organism_desc;phage_origin_desc;docking_desc;solubility_no_chaperone_desc;E7_score_desc;source_accession_asc
v5.4.8z2,A0A2H1X986,A0A2H1X986__V52_B0_71099a1fa14fdc6c17d0__compound5,V52_B0_71099a1fa14fdc6c17d0,ordinary_candidate,not_forced,not_hard_coded,none,no_gold_standard_bonus,not_Q9T0Z9,304,0.462491,0.525000,0.400000,other_or_genus_only_Yersinia,0.650000,Yersinia_phage_non_enterocolitica_or_unknown_host,true,0.143828,0.565385,0.942308,0.000000,0.000000,0.637967,0.637967,826,0.637967,Yersinia phage fPS-10,Yersinia,Yersinia,,G_pre1_TARGET_ENGINEERING_COMPOSITE_GENERATED,read_only_unmodified,read_only_unmodified,read_only_unmodified,read_only_unmodified,composite_desc;target_context_desc;target_organism_desc;phage_origin_desc;docking_desc;solubility_no_chaperone_desc;E7_score_desc;source_accession_asc
v5.4.8z2,A0A0H5H701,A0A0H5H701__V52_B0_c16c2ada84594d0070c2__compound5,V52_B0_c16c2ada84594d0070c2,ordinary_candidate,not_forced,not_hard_coded,none,no_gold_standard_bonus,not_Q9T0Z9,305,0.461647,0.425000,0.750000,Yersinia_enterocolitica_non_O3_or_unknown_serotype,0.100000,other_unknown_non_phage_or_missing_origin,true,0.442503,0.498214,0.830357,0.000000,0.000000,0.795068,0.795068,299,0.795068,Yersinia enterocolitica,Yersinia,Yersinia,,G_pre1_TARGET_ENGINEERING_COMPOSITE_GENERATED,read_only_unmodified,read_only_unmodified,read_only_unmodified,read_only_unmodified,composite_desc;target_context_desc;target_organism_desc;phage_origin_desc;docking_desc;solubility_no_chaperone_desc;E7_score_desc;source_accession_asc
v5.4.8z2,A0ABP1YGH5,A0ABP1YGH5__V52_B0_c255cebf1a8101040ab0__compound5,V52_B0_c255cebf1a8101040ab0,ordinary_candidate,not_forced,not_hard_coded,none,no_gold_standard_bonus,not_Q9T0Z9,306,0.461440,0.425000,0.750000,Yersinia_enterocolitica_non_O3_or_unknown_serotype,0.100000,other_unknown_non_phage_or_missing_origin,true,0.419455,0.536905,0.894841,0.000000,0.000000,0.728363,0.728363,770,0.728363,Yersinia enterocolitica,Yersinia,Yersinia,,G_pre1_TARGET_ENGINEERING_COMPOSITE_GENERATED,read_only_unmodified,read_only_unmodified,read_only_unmodified,read_only_unmodified,composite_desc;target_context_desc;target_organism_desc;phage_origin_desc;docking_desc;solubility_no_chaperone_desc;E7_score_desc;source_accession_asc
v5.4.8z2,A0A9P1UYL2,A0A9P1UYL2__V52_B0_cf02453dd815bc4c5eb3__compound5,V52_B0_cf02453dd815bc4c5eb3,ordinary_candidate,not_forced,not_hard_coded,none,no_gold_standard_bonus,not_Q9T0Z9,307,0.460682,0.425000,0.750000,Yersinia_enterocolitica_non_O3_or_unknown_serotype,0.100000,other_unknown_non_phage_or_missing_origin,true,0.419169,0.517616,0.862694,0.000000,0.000000,0.791503,0.791503,350,0.791503,Yersinia enterocolitica,Yersinia,Yersinia,,G_pre1_TARGET_ENGINEERING_COMPOSITE_GENERATED,read_only_unmodified,read_only_unmodified,read_only_unmodified,read_only_unmodified,composite_desc;target_context_desc;target_organism_desc;phage_origin_desc;docking_desc;solubility_no_chaperone_desc;E7_score_desc;source_accession_asc
v5.4.8z2,A0AAD2Z3Y9,A0AAD2Z3Y9__V52_B0_aafb771be18c7f73600a__compound5,V52_B0_aafb771be18c7f73600a,ordinary_candidate,not_forced,not_hard_coded,none,no_gold_standard_bonus,not_Q9T0Z9,308,0.460362,0.425000,0.750000,Yersinia_enterocolitica_non_O3_or_unknown_serotype,0.100000,other_unknown_non_phage_or_missing_origin,true,0.507153,0.430000,0.716667,0.000000,0.000000,0.783627,0.783627,441,0.783627,Yersinia enterocolitica,Yersinia,Yersinia,,G_pre1_TARGET_ENGINEERING_COMPOSITE_GENERATED,read_only_unmodified,read_only_unmodified,read_only_unmodified,read_only_unmodified,composite_desc;target_context_desc;target_organism_desc;phage_origin_desc;docking_desc;solubility_no_chaperone_desc;E7_score_desc;source_accession_asc
v5.4.8z2,A0A0H5HA66,A0A0H5HA66__V52_B0_2b963aadfdd30170c2af__compound5,V52_B0_2b963aadfdd30170c2af,ordinary_candidate,not_forced,not_hard_coded,none,no_gold_standard_bonus,not_Q9T0Z9,309,0.460304,0.425000,0.750000,Yersinia_enterocolitica_non_O3_or_unknown_serotype,0.100000,other_unknown_non_phage_or_missing_origin,true,0.396558,0.547286,0.912144,0.000000,0.000000,0.755699,0.755699,650,0.755699,Yersinia enterocolitica,Yersinia,Yersinia,,G_pre1_TARGET_ENGINEERING_COMPOSITE_GENERATED,read_only_unmodified,read_only_unmodified,read_only_unmodified,read_only_unmodified,composite_desc;target_context_desc;target_organism_desc;phage_origin_desc;docking_desc;solubility_no_chaperone_desc;E7_score_desc;source_accession_asc
v5.4.8z2,A0A0T9PR46,A0A0T9PR46__V52_B0_c4419cc8aae1d6c34896__compound5,V52_B0_c4419cc8aae1d6c34896,ordinary_candidate,not_forced,not_hard_coded,none,no_gold_standard_bonus,not_Q9T0Z9,310,0.459735,0.250000,0.400000,other_or_genus_only_Yersinia,0.100000,other_unknown_non_phage_or_missing_origin,true,0.867160,0.542857,0.904762,0.000000,0.000000,0.804634,0.804634,195,0.804634,Yersinia pekkanenii,Yersinia,Yersinia,,G_pre1_TARGET_ENGINEERING_COMPOSITE_GENERATED,read_only_unmodified,read_only_unmodified,read_only_unmodified,read_only_unmodified,composite_desc;target_context_desc;target_organism_desc;phage_origin_desc;docking_desc;solubility_no_chaperone_desc;E7_score_desc;source_accession_asc
v5.4.8z2,A0ABM9S4S8,A0ABM9S4S8__V52_B0_d86a809927f18ae47de6__compound5,V52_B0_d86a809927f18ae47de6,ordinary_candidate,not_forced,not_hard_coded,none,no_gold_standard_bonus,not_Q9T0Z9,311,0.458854,0.425000,0.750000,Yersinia_enterocolitica_non_O3_or_unknown_serotype,0.100000,other_unknown_non_phage_or_missing_origin,true,0.471809,0.460509,0.767515,0.000000,0.000000,0.772812,0.772812,522,0.772812,Yersinia enterocolitica,Yersinia,Yersinia,,G_pre1_TARGET_ENGINEERING_COMPOSITE_GENERATED,read_only_unmodified,read_only_unmodified,read_only_unmodified,read_only_unmodified,composite_desc;target_context_desc;target_organism_desc;phage_origin_desc;docking_desc;solubility_no_chaperone_desc;E7_score_desc;source_accession_asc
v5.4.8z2,A0A9P1PT68,A0A9P1PT68__V52_B0_d6dce6c936a15cdaf91c__compound5,V52_B0_d6dce6c936a15cdaf91c,ordinary_candidate,not_forced,not_hard_coded,none,no_gold_standard_bonus,not_Q9T0Z9,312,0.458363,0.425000,0.750000,Yersinia_enterocolitica_non_O3_or_unknown_serotype,0.100000,other_unknown_non_phage_or_missing_origin,true,0.412030,0.530515,0.884191,0.000000,0.000000,0.722082,0.722082,783,0.722082,Yersinia enterocolitica,Yersinia,Yersinia,,G_pre1_TARGET_ENGINEERING_COMPOSITE_GENERATED,read_only_unmodified,read_only_unmodified,read_only_unmodified,read_only_unmodified,composite_desc;target_context_desc;target_organism_desc;phage_origin_desc;docking_desc;solubility_no_chaperone_desc;E7_score_desc;source_accession_asc
v5.4.8z2,A0A9P1V1H6,A0A9P1V1H6__V52_B0_a5e6bade1ab09f221b90__compound5,V52_B0_a5e6bade1ab09f221b90,ordinary_candidate,not_forced,not_hard_coded,none,no_gold_standard_bonus,not_Q9T0Z9,313,0.453939,0.425000,0.750000,Yersinia_enterocolitica_non_O3_or_unknown_serotype,0.100000,other_unknown_non_phage_or_missing_origin,true,0.434053,0.476250,0.793750,0.000000,0.000000,0.762559,0.762559,611,0.762559,Yersinia enterocolitica,Yersinia,Yersinia,,G_pre1_TARGET_ENGINEERING_COMPOSITE_GENERATED,read_only_unmodified,read_only_unmodified,read_only_unmodified,read_only_unmodified,composite_desc;target_context_desc;target_organism_desc;phage_origin_desc;docking_desc;solubility_no_chaperone_desc;E7_score_desc;source_accession_asc
v5.4.8z2,A0A857F0P1,A0A857F0P1__V52_B0_c66cfe53e22dbe7b5d59__compound5,V52_B0_c66cfe53e22dbe7b5d59,ordinary_candidate,not_forced,not_hard_coded,none,no_gold_standard_bonus,not_Q9T0Z9,314,0.451948,0.250000,0.400000,other_or_genus_only_Yersinia,0.100000,other_unknown_non_phage_or_missing_origin,true,0.810493,0.555038,0.925064,0.000000,0.000000,0.826841,0.826841,50,0.826841,Yersinia canariae,Yersinia,Yersinia,,G_pre1_TARGET_ENGINEERING_COMPOSITE_GENERATED,read_only_unmodified,read_only_unmodified,read_only_unmodified,read_only_unmodified,composite_desc;target_context_desc;target_organism_desc;phage_origin_desc;docking_desc;solubility_no_chaperone_desc;E7_score_desc;source_accession_asc
v5.4.8z2,F4N727,F4N727__V52_B0_ef78c709a3dfc3fb47dc__compound5,V52_B0_ef78c709a3dfc3fb47dc,ordinary_candidate,not_forced,not_hard_coded,none,no_gold_standard_bonus,not_Q9T0Z9,315,0.450100,0.425000,0.750000,Yersinia_enterocolitica_non_O3_or_unknown_serotype,0.100000,other_unknown_non_phage_or_missing_origin,true,0.337146,0.555061,0.925101,0.000000,0.000000,0.758169,0.758169,637,0.758169,Yersinia enterocolitica W22703,Yersinia,Yersinia,,G_pre1_TARGET_ENGINEERING_COMPOSITE_GENERATED,read_only_unmodified,read_only_unmodified,read_only_unmodified,read_only_unmodified,composite_desc;target_context_desc;target_organism_desc;phage_origin_desc;docking_desc;solubility_no_chaperone_desc;E7_score_desc;source_accession_asc
v5.4.8z2,A0AB73QMA1,A0AB73QMA1__V52_B0_1a373caaec79ed93d2fc__compound5,V52_B0_1a373caaec79ed93d2fc,ordinary_candidate,not_forced,not_hard_coded,none,no_gold_standard_bonus,not_Q9T0Z9,316,0.448617,0.250000,0.400000,other_or_genus_only_Yersinia,0.100000,other_unknown_non_phage_or_missing_origin,true,0.780628,0.566260,0.943767,0.000000,0.000000,0.834785,0.834785,23,0.834785,Yersinia kristensenii,Yersinia,Yersinia,Phage late control D family protein,G_pre1_TARGET_ENGINEERING_COMPOSITE_GENERATED,read_only_unmodified,read_only_unmodified,read_only_unmodified,read_only_unmodified,composite_desc;target_context_desc;target_organism_desc;phage_origin_desc;docking_desc;solubility_no_chaperone_desc;E7_score_desc;source_accession_asc
v5.4.8z2,A0AAD2Z8P4,A0AAD2Z8P4__V52_B0_3e7b65c318931a030dd8__compound5,V52_B0_3e7b65c318931a030dd8,ordinary_candidate,not_forced,not_hard_coded,none,no_gold_standard_bonus,not_Q9T0Z9,317,0.447322,0.425000,0.750000,Yersinia_enterocolitica_non_O3_or_unknown_serotype,0.100000,other_unknown_non_phage_or_missing_origin,true,0.392655,0.479795,0.799658,0.000000,0.000000,0.781644,0.781644,459,0.781644,Yersinia enterocolitica,Yersinia,Yersinia,,G_pre1_TARGET_ENGINEERING_COMPOSITE_GENERATED,read_only_unmodified,read_only_unmodified,read_only_unmodified,read_only_unmodified,composite_desc;target_context_desc;target_organism_desc;phage_origin_desc;docking_desc;solubility_no_chaperone_desc;E7_score_desc;source_accession_asc
v5.4.8z2,A0A0H5LRI9,A0A0H5LRI9__V52_B0_57b341b9ed0d78df0dee__compound5,V52_B0_57b341b9ed0d78df0dee,ordinary_candidate,not_forced,not_hard_coded,none,no_gold_standard_bonus,not_Q9T0Z9,318,0.445236,0.250000,0.400000,other_or_genus_only_Yersinia,0.100000,other_unknown_non_phage_or_missing_origin,true,0.758769,0.573271,0.955452,0.000000,0.000000,0.826553,0.826553,52,0.826553,Yersinia intermedia,Yersinia,Yersinia,,G_pre1_TARGET_ENGINEERING_COMPOSITE_GENERATED,read_only_unmodified,read_only_unmodified,read_only_unmodified,read_only_unmodified,composite_desc;target_context_desc;target_organism_desc;phage_origin_desc;docking_desc;solubility_no_chaperone_desc;E7_score_desc;source_accession_asc
v5.4.8z2,A0A0B4ZZ77,A0A0B4ZZ77__V52_B0_7416754bf196433d5f8e__compound5,V52_B0_7416754bf196433d5f8e,ordinary_candidate,not_forced,not_hard_coded,none,no_gold_standard_bonus,not_Q9T0Z9,319,0.444115,0.525000,0.400000,other_or_genus_only_Yersinia,0.650000,Yersinia_phage_non_enterocolitica_or_unknown_host,true,0.148686,0.446053,0.743421,0.000000,0.000000,0.728341,0.728341,771,0.728341,Yersinia phage vB_YenM_TG1,Yersinia,Yersinia,,G_pre1_TARGET_ENGINEERING_COMPOSITE_GENERATED,read_only_unmodified,read_only_unmodified,read_only_unmodified,read_only_unmodified,composite_desc;target_context_desc;target_organism_desc;phage_origin_desc;docking_desc;solubility_no_chaperone_desc;E7_score_desc;source_accession_asc
v5.4.8z2,A0AAD2UW21,A0AAD2UW21__V52_B0_1c346bd37a9598b3e4ed__compound5,V52_B0_1c346bd37a9598b3e4ed,ordinary_candidate,not_forced,not_hard_coded,none,no_gold_standard_bonus,not_Q9T0Z9,320,0.441884,0.425000,0.750000,Yersinia_enterocolitica_non_O3_or_unknown_serotype,0.100000,other_unknown_non_phage_or_missing_origin,true,0.287357,0.555406,0.925676,0.000000,0.000000,0.791633,0.791633,345,0.791633,Yersinia enterocolitica,Yersinia,Yersinia,,G_pre1_TARGET_ENGINEERING_COMPOSITE_GENERATED,read_only_unmodified,read_only_unmodified,read_only_unmodified,read_only_unmodified,composite_desc;target_context_desc;target_organism_desc;phage_origin_desc;docking_desc;solubility_no_chaperone_desc;E7_score_desc;source_accession_asc
v5.4.8z2,A0A0H5H5S7,A0A0H5H5S7__V52_B0_5ec898bb3c4137588bc0__compound5,V52_B0_5ec898bb3c4137588bc0,ordinary_candidate,not_forced,not_hard_coded,none,no_gold_standard_bonus,not_Q9T0Z9,321,0.440792,0.425000,0.750000,Yersinia_enterocolitica_non_O3_or_unknown_serotype,0.100000,other_unknown_non_phage_or_missing_origin,true,0.313786,0.528873,0.881455,0.000000,0.000000,0.770204,0.770204,551,0.770204,Yersinia enterocolitica,Yersinia,Yersinia,,G_pre1_TARGET_ENGINEERING_COMPOSITE_GENERATED,read_only_unmodified,read_only_unmodified,read_only_unmodified,read_only_unmodified,composite_desc;target_context_desc;target_organism_desc;phage_origin_desc;docking_desc;solubility_no_chaperone_desc;E7_score_desc;source_accession_asc
v5.4.8z2,A0A0T9Q3J3,A0A0T9Q3J3__V52_B0_edcb775eafe12996a0c6__compound5,V52_B0_edcb775eafe12996a0c6,ordinary_candidate,not_forced,not_hard_coded,none,no_gold_standard_bonus,not_Q9T0Z9,322,0.437663,0.250000,0.400000,other_or_genus_only_Yersinia,0.100000,other_unknown_non_phage_or_missing_origin,true,0.754867,0.549038,0.915064,0.000000,0.000000,0.787636,0.787636,387,0.787636,Yersinia pekkanenii,Yersinia,Yersinia,,G_pre1_TARGET_ENGINEERING_COMPOSITE_GENERATED,read_only_unmodified,read_only_unmodified,read_only_unmodified,read_only_unmodified,composite_desc;target_context_desc;target_organism_desc;phage_origin_desc;docking_desc;solubility_no_chaperone_desc;E7_score_desc;source_accession_asc
v5.4.8z2,A0A0T9PX62,A0A0T9PX62__V52_B0_55387f8312b52ecb89cc__compound5,V52_B0_55387f8312b52ecb89cc,ordinary_candidate,not_forced,not_hard_coded,none,no_gold_standard_bonus,not_Q9T0Z9,323,0.437311,0.250000,0.400000,other_or_genus_only_Yersinia,0.100000,other_unknown_non_phage_or_missing_origin,true,0.754823,0.547436,0.912393,0.000000,0.000000,0.787183,0.787183,394,0.787183,Yersinia similis,Yersinia,Yersinia,,G_pre1_TARGET_ENGINEERING_COMPOSITE_GENERATED,read_only_unmodified,read_only_unmodified,read_only_unmodified,read_only_unmodified,composite_desc;target_context_desc;target_organism_desc;phage_origin_desc;docking_desc;solubility_no_chaperone_desc;E7_score_desc;source_accession_asc
v5.4.8z2,A0AAW7K9U6,A0AAW7K9U6__V52_B0_4411190f3edf96431872__compound5,V52_B0_4411190f3edf96431872,ordinary_candidate,not_forced,not_hard_coded,none,no_gold_standard_bonus,not_Q9T0Z9,324,0.436697,0.250000,0.400000,other_or_genus_only_Yersinia,0.100000,other_unknown_non_phage_or_missing_origin,true,0.729823,0.574361,0.957269,0.000000,0.000000,0.767211,0.767211,575,0.767211,Yersinia nurmii,Yersinia,Yersinia,,G_pre1_TARGET_ENGINEERING_COMPOSITE_GENERATED,read_only_unmodified,read_only_unmodified,read_only_unmodified,read_only_unmodified,composite_desc;target_context_desc;target_organism_desc;phage_origin_desc;docking_desc;solubility_no_chaperone_desc;E7_score_desc;source_accession_asc
v5.4.8z2,A0A0H3B5E1,A0A0H3B5E1__V52_B0_8b28a953a982e7cd3b0c__compound5,V52_B0_8b28a953a982e7cd3b0c,ordinary_candidate,not_forced,not_hard_coded,none,no_gold_standard_bonus,not_Q9T0Z9,325,0.436121,0.250000,0.400000,other_or_genus_only_Yersinia,0.100000,other_unknown_non_phage_or_missing_origin,true,0.772132,0.518407,0.864011,0.000000,0.000000,0.810272,0.810272,138,0.810272,Yersinia pseudotuberculosis serotype O:3 (strain YPIII),Yersinia,Yersinia,,G_pre1_TARGET_ENGINEERING_COMPOSITE_GENERATED,read_only_unmodified,read_only_unmodified,read_only_unmodified,read_only_unmodified,composite_desc;target_context_desc;target_organism_desc;phage_origin_desc;docking_desc;solubility_no_chaperone_desc;E7_score_desc;source_accession_asc
v5.4.8z2,A0A0T9QCI9,A0A0T9QCI9__V52_B0_7d5b89c8d7300a427ef7__compound5,V52_B0_7d5b89c8d7300a427ef7,ordinary_candidate,not_forced,not_hard_coded,none,no_gold_standard_bonus,not_Q9T0Z9,326,0.435480,0.250000,0.400000,other_or_genus_only_Yersinia,0.100000,other_unknown_non_phage_or_missing_origin,true,0.737228,0.548641,0.914402,0.000000,0.000000,0.816121,0.816121,103,0.816121,Yersinia thracica,Yersinia,Yersinia,,G_pre1_TARGET_ENGINEERING_COMPOSITE_GENERATED,read_only_unmodified,read_only_unmodified,read_only_unmodified,read_only_unmodified,composite_desc;target_context_desc;target_organism_desc;phage_origin_desc;docking_desc;solubility_no_chaperone_desc;E7_score_desc;source_accession_asc
v5.4.8z2,A0ABX5QXK4,A0ABX5QXK4__V52_B0_71adcd5f5ff86542060e__compound5,V52_B0_71adcd5f5ff86542060e,ordinary_candidate,not_forced,not_hard_coded,none,no_gold_standard_bonus,not_Q9T0Z9,327,0.434274,0.250000,0.400000,other_or_genus_only_Yersinia,0.100000,other_unknown_non_phage_or_missing_origin,true,0.738374,0.547309,0.912181,0.000000,0.000000,0.792740,0.792740,327,0.792740,Yersinia hibernica,Yersinia,Yersinia,,G_pre1_TARGET_ENGINEERING_COMPOSITE_GENERATED,read_only_unmodified,read_only_unmodified,read_only_unmodified,read_only_unmodified,composite_desc;target_context_desc;target_organism_desc;phage_origin_desc;docking_desc;solubility_no_chaperone_desc;E7_score_desc;source_accession_asc
v5.4.8z2,A0A0T9RET2,A0A0T9RET2__V52_B0_a32ad4c40540ed3555a8__compound5,V52_B0_a32ad4c40540ed3555a8,ordinary_candidate,not_forced,not_hard_coded,none,no_gold_standard_bonus,not_Q9T0Z9,328,0.434009,0.250000,0.400000,other_or_genus_only_Yersinia,0.100000,other_unknown_non_phage_or_missing_origin,true,0.783134,0.526480,0.877466,0.000000,0.000000,0.691718,0.691718,809,0.691718,Yersinia pekkanenii,Yersinia,Yersinia,,G_pre1_TARGET_ENGINEERING_COMPOSITE_GENERATED,read_only_unmodified,read_only_unmodified,read_only_unmodified,read_only_unmodified,composite_desc;target_context_desc;target_organism_desc;phage_origin_desc;docking_desc;solubility_no_chaperone_desc;E7_score_desc;source_accession_asc
v5.4.8z2,A0AAD2Z3C0,A0AAD2Z3C0__V52_B0_d095f686ea64f1e7ffac__compound5,V52_B0_d095f686ea64f1e7ffac,ordinary_candidate,not_forced,not_hard_coded,none,no_gold_standard_bonus,not_Q9T0Z9,329,0.432584,0.425000,0.750000,Yersinia_enterocolitica_non_O3_or_unknown_serotype,0.100000,other_unknown_non_phage_or_missing_origin,true,0.375004,0.428846,0.714744,0.000000,0.000000,0.761282,0.761282,619,0.761282,Yersinia enterocolitica,Yersinia,Yersinia,,G_pre1_TARGET_ENGINEERING_COMPOSITE_GENERATED,read_only_unmodified,read_only_unmodified,read_only_unmodified,read_only_unmodified,composite_desc;target_context_desc;target_organism_desc;phage_origin_desc;docking_desc;solubility_no_chaperone_desc;E7_score_desc;source_accession_asc
v5.4.8z2,A0ABM9Y807,A0ABM9Y807__V52_B0_a710b079a50da4e4c73e__compound5,V52_B0_a710b079a50da4e4c73e,ordinary_candidate,not_forced,not_hard_coded,none,no_gold_standard_bonus,not_Q9T0Z9,330,0.431836,0.250000,0.400000,other_or_genus_only_Yersinia,0.100000,other_unknown_non_phage_or_missing_origin,true,0.720977,0.548196,0.913660,0.000000,0.000000,0.810021,0.810021,141,0.810021,Yersinia mollaretii (strain ATCC 43969 / DSM 18520 / CIP 103324 / CNY 7263 / WAIP 204),Yersinia,Yersinia,,G_pre1_TARGET_ENGINEERING_COMPOSITE_GENERATED,read_only_unmodified,read_only_unmodified,read_only_unmodified,read_only_unmodified,composite_desc;target_context_desc;target_organism_desc;phage_origin_desc;docking_desc;solubility_no_chaperone_desc;E7_score_desc;source_accession_asc
v5.4.8z2,A0AAV3BI89,A0AAV3BI89__V52_B0_622cb564914a96558d49__compound5,V52_B0_622cb564914a96558d49,ordinary_candidate,not_forced,not_hard_coded,none,no_gold_standard_bonus,not_Q9T0Z9,331,0.431539,0.250000,0.400000,other_or_genus_only_Yersinia,0.100000,other_unknown_non_phage_or_missing_origin,true,0.727043,0.549038,0.915064,0.000000,0.000000,0.776462,0.776462,498,0.776462,Yersinia pestis biovar Orientalis str. IP275,Yersinia,Yersinia,,G_pre1_TARGET_ENGINEERING_COMPOSITE_GENERATED,read_only_unmodified,read_only_unmodified,read_only_unmodified,read_only_unmodified,composite_desc;target_context_desc;target_organism_desc;phage_origin_desc;docking_desc;solubility_no_chaperone_desc;E7_score_desc;source_accession_asc
v5.4.8z2,A0ABM9SSL7,A0ABM9SSL7__V52_B0_d21cf2e841d2e41fa679__compound5,V52_B0_d21cf2e841d2e41fa679,ordinary_candidate,not_forced,not_hard_coded,none,no_gold_standard_bonus,not_Q9T0Z9,332,0.428809,0.250000,0.400000,other_or_genus_only_Yersinia,0.100000,other_unknown_non_phage_or_missing_origin,true,0.721213,0.539240,0.898734,0.000000,0.000000,0.784370,0.784370,428,0.784370,Yersinia aldovae,Yersinia,Yersinia,,G_pre1_TARGET_ENGINEERING_COMPOSITE_GENERATED,read_only_unmodified,read_only_unmodified,read_only_unmodified,read_only_unmodified,composite_desc;target_context_desc;target_organism_desc;phage_origin_desc;docking_desc;solubility_no_chaperone_desc;E7_score_desc;source_accession_asc
v5.4.8z2,A0ABM9TCZ7,A0ABM9TCZ7__V52_B0_e48203a61d48d12fd748__compound5,V52_B0_e48203a61d48d12fd748,ordinary_candidate,not_forced,not_hard_coded,none,no_gold_standard_bonus,not_Q9T0Z9,333,0.428595,0.250000,0.400000,other_or_genus_only_Yersinia,0.100000,other_unknown_non_phage_or_missing_origin,true,0.674590,0.579487,0.965812,0.000000,0.000000,0.805590,0.805590,184,0.805590,Yersinia wautersii,Yersinia,Yersinia,,G_pre1_TARGET_ENGINEERING_COMPOSITE_GENERATED,read_only_unmodified,read_only_unmodified,read_only_unmodified,read_only_unmodified,composite_desc;target_context_desc;target_organism_desc;phage_origin_desc;docking_desc;solubility_no_chaperone_desc;E7_score_desc;source_accession_asc
v5.4.8z2,A0A0H3B6N5,A0A0H3B6N5__V52_B0_50ff4d501bc7e52f251c__compound5,V52_B0_50ff4d501bc7e52f251c,ordinary_candidate,not_forced,not_hard_coded,none,no_gold_standard_bonus,not_Q9T0Z9,334,0.428213,0.250000,0.400000,other_or_genus_only_Yersinia,0.100000,other_unknown_non_phage_or_missing_origin,true,0.711230,0.543961,0.906602,0.000000,0.000000,0.793495,0.793495,314,0.793495,Yersinia pseudotuberculosis serotype O:3 (strain YPIII),Yersinia,Yersinia,,G_pre1_TARGET_ENGINEERING_COMPOSITE_GENERATED,read_only_unmodified,read_only_unmodified,read_only_unmodified,read_only_unmodified,composite_desc;target_context_desc;target_organism_desc;phage_origin_desc;docking_desc;solubility_no_chaperone_desc;E7_score_desc;source_accession_asc
v5.4.8z2,A0AA36LLT8,A0AA36LLT8__V52_B0_2d31f4ee9d67cf6da703__compound5,V52_B0_2d31f4ee9d67cf6da703,ordinary_candidate,not_forced,not_hard_coded,none,no_gold_standard_bonus,not_Q9T0Z9,335,0.427940,0.250000,0.400000,other_or_genus_only_Yersinia,0.100000,other_unknown_non_phage_or_missing_origin,true,0.698308,0.552062,0.920104,0.000000,0.000000,0.807317,0.807317,165,0.807317,Yersinia mollaretii,Yersinia,Yersinia,,G_pre1_TARGET_ENGINEERING_COMPOSITE_GENERATED,read_only_unmodified,read_only_unmodified,read_only_unmodified,read_only_unmodified,composite_desc;target_context_desc;target_organism_desc;phage_origin_desc;docking_desc;solubility_no_chaperone_desc;E7_score_desc;source_accession_asc
v5.4.8z2,A0A0T9UVK0,A0A0T9UVK0__V52_B0_48d3f1a8edd6e7f75ad7__compound5,V52_B0_48d3f1a8edd6e7f75ad7,ordinary_candidate,not_forced,not_hard_coded,none,no_gold_standard_bonus,not_Q9T0Z9,336,0.427528,0.250000,0.400000,other_or_genus_only_Yersinia,0.100000,other_unknown_non_phage_or_missing_origin,true,0.752142,0.490232,0.817053,0.000000,0.000000,0.831059,0.831059,34,0.831059,Yersinia aldovae,Yersinia,Yersinia,,G_pre1_TARGET_ENGINEERING_COMPOSITE_GENERATED,read_only_unmodified,read_only_unmodified,read_only_unmodified,read_only_unmodified,composite_desc;target_context_desc;target_organism_desc;phage_origin_desc;docking_desc;solubility_no_chaperone_desc;E7_score_desc;source_accession_asc
v5.4.8z2,A0A0T9KM81,A0A0T9KM81__V52_B0_7a81155a7a0c2ebf47c0__compound5,V52_B0_7a81155a7a0c2ebf47c0,ordinary_candidate,not_forced,not_hard_coded,none,no_gold_standard_bonus,not_Q9T0Z9,337,0.427500,0.250000,0.400000,other_or_genus_only_Yersinia,0.100000,other_unknown_non_phage_or_missing_origin,true,0.739263,0.502649,0.837748,0.000000,0.000000,0.832361,0.832361,30,0.832361,Yersinia kristensenii,Yersinia,Yersinia,,G_pre1_TARGET_ENGINEERING_COMPOSITE_GENERATED,read_only_unmodified,read_only_unmodified,read_only_unmodified,read_only_unmodified,composite_desc;target_context_desc;target_organism_desc;phage_origin_desc;docking_desc;solubility_no_chaperone_desc;E7_score_desc;source_accession_asc
v5.4.8z2,A0ABM9Y805,A0ABM9Y805__V52_B0_7191281bc78abaeb5b65__compound5,V52_B0_7191281bc78abaeb5b65,ordinary_candidate,not_forced,not_hard_coded,none,no_gold_standard_bonus,not_Q9T0Z9,338,0.426627,0.250000,0.400000,other_or_genus_only_Yersinia,0.100000,other_unknown_non_phage_or_missing_origin,true,0.691492,0.545516,0.909193,0.000000,0.000000,0.834510,0.834510,24,0.834510,Yersinia mollaretii (strain ATCC 43969 / DSM 18520 / CIP 103324 / CNY 7263 / WAIP 204),Yersinia,Yersinia,,G_pre1_TARGET_ENGINEERING_COMPOSITE_GENERATED,read_only_unmodified,read_only_unmodified,read_only_unmodified,read_only_unmodified,composite_desc;target_context_desc;target_organism_desc;phage_origin_desc;docking_desc;solubility_no_chaperone_desc;E7_score_desc;source_accession_asc
v5.4.8z2,A0AB73PI84,A0AB73PI84__V52_B0_20c6d013579b148125e6__compound5,V52_B0_20c6d013579b148125e6,ordinary_candidate,not_forced,not_hard_coded,none,no_gold_standard_bonus,not_Q9T0Z9,339,0.425783,0.250000,0.400000,other_or_genus_only_Yersinia,0.100000,other_unknown_non_phage_or_missing_origin,true,0.665247,0.577734,0.962890,0.000000,0.000000,0.793742,0.793742,310,0.793742,Yersinia kristensenii,Yersinia,Yersinia,,G_pre1_TARGET_ENGINEERING_COMPOSITE_GENERATED,read_only_unmodified,read_only_unmodified,read_only_unmodified,read_only_unmodified,composite_desc;target_context_desc;target_organism_desc;phage_origin_desc;docking_desc;solubility_no_chaperone_desc;E7_score_desc;source_accession_asc
v5.4.8z2,A0A0E1NTH1,A0A0E1NTH1__V52_B0_64409d2d4e35a31e6e12__compound5,V52_B0_64409d2d4e35a31e6e12,ordinary_candidate,not_forced,not_hard_coded,none,no_gold_standard_bonus,not_Q9T0Z9,340,0.425604,0.250000,0.400000,other_or_genus_only_Yersinia,0.100000,other_unknown_non_phage_or_missing_origin,true,0.698553,0.549038,0.915064,0.000000,0.000000,0.771714,0.771714,536,0.771714,Yersinia pestis bv. Antiqua (strain Antiqua),Yersinia,Yersinia,,G_pre1_TARGET_ENGINEERING_COMPOSITE_GENERATED,read_only_unmodified,read_only_unmodified,read_only_unmodified,read_only_unmodified,composite_desc;target_context_desc;target_organism_desc;phage_origin_desc;docking_desc;solubility_no_chaperone_desc;E7_score_desc;source_accession_asc
v5.4.8z2,A0ABW9EXB2,A0ABW9EXB2__V52_B0_d5aed8b3ff6b1c0d0f46__compound5,V52_B0_d5aed8b3ff6b1c0d0f46,ordinary_candidate,not_forced,not_hard_coded,none,no_gold_standard_bonus,not_Q9T0Z9,341,0.425465,0.250000,0.400000,other_or_genus_only_Yersinia,0.100000,other_unknown_non_phage_or_missing_origin,true,0.686447,0.558654,0.931090,0.000000,0.000000,0.778903,0.778903,479,0.778903,Yersinia proxima,Yersinia,Yersinia,,G_pre1_TARGET_ENGINEERING_COMPOSITE_GENERATED,read_only_unmodified,read_only_unmodified,read_only_unmodified,read_only_unmodified,composite_desc;target_context_desc;target_organism_desc;phage_origin_desc;docking_desc;solubility_no_chaperone_desc;E7_score_desc;source_accession_asc
v5.4.8z2,A0AB72ZKZ2,A0AB72ZKZ2__V52_B0_3ea1fc575133e2eaa169__compound5,V52_B0_3ea1fc575133e2eaa169,ordinary_candidate,not_forced,not_hard_coded,none,no_gold_standard_bonus,not_Q9T0Z9,342,0.424921,0.250000,0.400000,other_or_genus_only_Yersinia,0.100000,other_unknown_non_phage_or_missing_origin,true,0.695276,0.549038,0.915064,0.000000,0.000000,0.771168,0.771168,543,0.771168,Yersinia pestis PY-08,Yersinia,Yersinia,,G_pre1_TARGET_ENGINEERING_COMPOSITE_GENERATED,read_only_unmodified,read_only_unmodified,read_only_unmodified,read_only_unmodified,composite_desc;target_context_desc;target_organism_desc;phage_origin_desc;docking_desc;solubility_no_chaperone_desc;E7_score_desc;source_accession_asc
v5.4.8z2,A0A0T9KX64,A0A0T9KX64__V52_B0_c5eb7bb81af88279b962__compound5,V52_B0_c5eb7bb81af88279b962,ordinary_candidate,not_forced,not_hard_coded,none,no_gold_standard_bonus,not_Q9T0Z9,343,0.424167,0.250000,0.400000,other_or_genus_only_Yersinia,0.100000,other_unknown_non_phage_or_missing_origin,true,0.662048,0.578299,0.963832,0.000000,0.000000,0.771960,0.771960,531,0.771960,Yersinia kristensenii,Yersinia,Yersinia,,G_pre1_TARGET_ENGINEERING_COMPOSITE_GENERATED,read_only_unmodified,read_only_unmodified,read_only_unmodified,read_only_unmodified,composite_desc;target_context_desc;target_organism_desc;phage_origin_desc;docking_desc;solubility_no_chaperone_desc;E7_score_desc;source_accession_asc
v5.4.8z2,Q66BM0,Q66BM0__V52_B0_0cc66775155771599336__compound5,V52_B0_0cc66775155771599336,ordinary_candidate,not_forced,not_hard_coded,none,no_gold_standard_bonus,not_Q9T0Z9,344,0.423770,0.250000,0.400000,other_or_genus_only_Yersinia,0.100000,other_unknown_non_phage_or_missing_origin,true,0.664378,0.557042,0.928404,0.000000,0.000000,0.839728,0.839728,15,0.839728,Yersinia pseudotuberculosis serotype I (strain IP32953),Yersinia,Yersinia,,G_pre1_TARGET_ENGINEERING_COMPOSITE_GENERATED,read_only_unmodified,read_only_unmodified,read_only_unmodified,read_only_unmodified,composite_desc;target_context_desc;target_organism_desc;phage_origin_desc;docking_desc;solubility_no_chaperone_desc;E7_score_desc;source_accession_asc
v5.4.8z2,A0AAI8ZUU9,A0AAI8ZUU9__V52_B0_44bb6b76bc78f946ceea__compound5,V52_B0_44bb6b76bc78f946ceea,ordinary_candidate,not_forced,not_hard_coded,none,no_gold_standard_bonus,not_Q9T0Z9,345,0.423715,0.250000,0.400000,other_or_genus_only_Yersinia,0.100000,other_unknown_non_phage_or_missing_origin,true,0.659245,0.568907,0.948179,0.000000,0.000000,0.811695,0.811695,128,0.811695,Yersinia frederiksenii,Yersinia,Yersinia,,G_pre1_TARGET_ENGINEERING_COMPOSITE_GENERATED,read_only_unmodified,read_only_unmodified,read_only_unmodified,read_only_unmodified,composite_desc;target_context_desc;target_organism_desc;phage_origin_desc;docking_desc;solubility_no_chaperone_desc;E7_score_desc;source_accession_asc
v5.4.8z2,A0ABM6UUX5,A0ABM6UUX5__V52_B0_e11b0e2e8fdc1701b3c2__compound5,V52_B0_e11b0e2e8fdc1701b3c2,ordinary_candidate,not_forced,not_hard_coded,none,no_gold_standard_bonus,not_Q9T0Z9,346,0.423528,0.250000,0.400000,other_or_genus_only_Yersinia,0.100000,other_unknown_non_phage_or_missing_origin,true,0.674446,0.553571,0.922618,0.000000,0.000000,0.808498,0.808498,153,0.808498,Yersinia massiliensis,Yersinia,Yersinia,Phage tail collar domain-containing protein,G_pre1_TARGET_ENGINEERING_COMPOSITE_GENERATED,read_only_unmodified,read_only_unmodified,read_only_unmodified,read_only_unmodified,composite_desc;target_context_desc;target_organism_desc;phage_origin_desc;docking_desc;solubility_no_chaperone_desc;E7_score_desc;source_accession_asc
v5.4.8z2,A0ABP2EH72,A0ABP2EH72__V52_B0_7e6cb1be9e515a5ee41d__compound5,V52_B0_7e6cb1be9e515a5ee41d,ordinary_candidate,not_forced,not_hard_coded,none,no_gold_standard_bonus,not_Q9T0Z9,347,0.423425,0.250000,0.400000,other_or_genus_only_Yersinia,0.100000,other_unknown_non_phage_or_missing_origin,true,0.684403,0.570186,0.950310,0.000000,0.000000,0.700148,0.700148,804,0.700148,Yersinia mollaretii (strain ATCC 43969 / DSM 18520 / CIP 103324 / CNY 7263 / WAIP 204),Yersinia,Yersinia,Type VI secretion system tip protein VgrG,G_pre1_TARGET_ENGINEERING_COMPOSITE_GENERATED,read_only_unmodified,read_only_unmodified,read_only_unmodified,read_only_unmodified,composite_desc;target_context_desc;target_organism_desc;phage_origin_desc;docking_desc;solubility_no_chaperone_desc;E7_score_desc;source_accession_asc
v5.4.8z2,A0A0A8VKM3,A0A0A8VKM3__V52_B0_22b2ec7921a3970071f4__compound5,V52_B0_22b2ec7921a3970071f4,ordinary_candidate,not_forced,not_hard_coded,none,no_gold_standard_bonus,not_Q9T0Z9,348,0.423045,0.250000,0.400000,other_or_genus_only_Yersinia,0.100000,other_unknown_non_phage_or_missing_origin,true,0.665447,0.568977,0.948295,0.000000,0.000000,0.773205,0.773205,518,0.773205,Yersinia ruckeri,Yersinia,Yersinia,,G_pre1_TARGET_ENGINEERING_COMPOSITE_GENERATED,read_only_unmodified,read_only_unmodified,read_only_unmodified,read_only_unmodified,composite_desc;target_context_desc;target_organism_desc;phage_origin_desc;docking_desc;solubility_no_chaperone_desc;E7_score_desc;source_accession_asc
v5.4.8z2,A0AA36LPU1,A0AA36LPU1__V52_B0_8305b923d47ec09b1617__compound5,V52_B0_8305b923d47ec09b1617,ordinary_candidate,not_forced,not_hard_coded,none,no_gold_standard_bonus,not_Q9T0Z9,349,0.422967,0.250000,0.400000,other_or_genus_only_Yersinia,0.100000,other_unknown_non_phage_or_missing_origin,true,0.694276,0.533501,0.889169,0.000000,0.000000,0.798221,0.798221,260,0.798221,Yersinia mollaretii,Yersinia,Yersinia,,G_pre1_TARGET_ENGINEERING_COMPOSITE_GENERATED,read_only_unmodified,read_only_unmodified,read_only_unmodified,read_only_unmodified,composite_desc;target_context_desc;target_organism_desc;phage_origin_desc;docking_desc;solubility_no_chaperone_desc;E7_score_desc;source_accession_asc
v5.4.8z2,A0A0T9LS41,A0A0T9LS41__V52_B0_eb36c88957fa1b8b5146__compound5,V52_B0_eb36c88957fa1b8b5146,ordinary_candidate,not_forced,not_hard_coded,none,no_gold_standard_bonus,not_Q9T0Z9,350,0.422318,0.250000,0.400000,other_or_genus_only_Yersinia,0.100000,other_unknown_non_phage_or_missing_origin,true,0.703647,0.522527,0.870879,0.000000,0.000000,0.791669,0.791669,344,0.791669,Yersinia intermedia,Yersinia,Yersinia,,G_pre1_TARGET_ENGINEERING_COMPOSITE_GENERATED,read_only_unmodified,read_only_unmodified,read_only_unmodified,read_only_unmodified,composite_desc;target_context_desc;target_organism_desc;phage_origin_desc;docking_desc;solubility_no_chaperone_desc;E7_score_desc;source_accession_asc
v5.4.8z2,A0A0H3B6E3,A0A0H3B6E3__V52_B0_74ac4ac00a60054beb8e__compound5,V52_B0_74ac4ac00a60054beb8e,ordinary_candidate,not_forced,not_hard_coded,none,no_gold_standard_bonus,not_Q9T0Z9,351,0.421966,0.250000,0.400000,other_or_genus_only_Yersinia,0.100000,other_unknown_non_phage_or_missing_origin,true,0.654215,0.575214,0.958690,0.000000,0.000000,0.771595,0.771595,537,0.771595,Yersinia pseudotuberculosis serotype O:3 (strain YPIII),Yersinia,Yersinia,,G_pre1_TARGET_ENGINEERING_COMPOSITE_GENERATED,read_only_unmodified,read_only_unmodified,read_only_unmodified,read_only_unmodified,composite_desc;target_context_desc;target_organism_desc;phage_origin_desc;docking_desc;solubility_no_chaperone_desc;E7_score_desc;source_accession_asc
v5.4.8z2,A0AB72ZMY1,A0AB72ZMY1__V52_B0_b1ba3a423abe546c8928__compound5,V52_B0_b1ba3a423abe546c8928,ordinary_candidate,not_forced,not_hard_coded,none,no_gold_standard_bonus,not_Q9T0Z9,352,0.421159,0.250000,0.400000,other_or_genus_only_Yersinia,0.100000,other_unknown_non_phage_or_missing_origin,true,0.630373,0.593919,0.989865,0.000000,0.000000,0.776004,0.776004,501,0.776004,Yersinia pestis PY-08,Yersinia,Yersinia,Rhs element Vgr protein,G_pre1_TARGET_ENGINEERING_COMPOSITE_GENERATED,read_only_unmodified,read_only_unmodified,read_only_unmodified,read_only_unmodified,composite_desc;target_context_desc;target_organism_desc;phage_origin_desc;docking_desc;solubility_no_chaperone_desc;E7_score_desc;source_accession_asc
v5.4.8z2,A0A0T9MH64,A0A0T9MH64__V52_B0_5b3110279b295ea45c17__compound5,V52_B0_5b3110279b295ea45c17,ordinary_candidate,not_forced,not_hard_coded,none,no_gold_standard_bonus,not_Q9T0Z9,353,0.420777,0.250000,0.400000,other_or_genus_only_Yersinia,0.100000,other_unknown_non_phage_or_missing_origin,true,0.641782,0.563794,0.939656,0.000000,0.000000,0.843230,0.843230,7,0.843230,Yersinia intermedia,Yersinia,Yersinia,,G_pre1_TARGET_ENGINEERING_COMPOSITE_GENERATED,read_only_unmodified,read_only_unmodified,read_only_unmodified,read_only_unmodified,composite_desc;target_context_desc;target_organism_desc;phage_origin_desc;docking_desc;solubility_no_chaperone_desc;E7_score_desc;source_accession_asc
v5.4.8z2,A0A2G4U2G2,A0A2G4U2G2__V52_B0_389fe650d8052b28d6ea__compound5,V52_B0_389fe650d8052b28d6ea,ordinary_candidate,not_forced,not_hard_coded,none,no_gold_standard_bonus,not_Q9T0Z9,354,0.420393,0.250000,0.400000,other_or_genus_only_Yersinia,0.100000,other_unknown_non_phage_or_missing_origin,true,0.688035,0.534921,0.891535,0.000000,0.000000,0.766039,0.766039,582,0.766039,Yersinia bercovieri,Yersinia,Yersinia,,G_pre1_TARGET_ENGINEERING_COMPOSITE_GENERATED,read_only_unmodified,read_only_unmodified,read_only_unmodified,read_only_unmodified,composite_desc;target_context_desc;target_organism_desc;phage_origin_desc;docking_desc;solubility_no_chaperone_desc;E7_score_desc;source_accession_asc
v5.4.8z2,A0ABX5R0C5,A0ABX5R0C5__V52_B0_ed9ad955fa106844445a__compound5,V52_B0_ed9ad955fa106844445a,ordinary_candidate,not_forced,not_hard_coded,none,no_gold_standard_bonus,not_Q9T0Z9,355,0.420296,0.250000,0.400000,other_or_genus_only_Yersinia,0.100000,other_unknown_non_phage_or_missing_origin,true,0.629936,0.585631,0.976052,0.000000,0.000000,0.793645,0.793645,312,0.793645,Yersinia hibernica,Yersinia,Yersinia,,G_pre1_TARGET_ENGINEERING_COMPOSITE_GENERATED,read_only_unmodified,read_only_unmodified,read_only_unmodified,read_only_unmodified,composite_desc;target_context_desc;target_organism_desc;phage_origin_desc;docking_desc;solubility_no_chaperone_desc;E7_score_desc;source_accession_asc
v5.4.8z2,A0ABM9XWV8,A0ABM9XWV8__V52_B0_6bf6933b7a5f827b9824__compound5,V52_B0_6bf6933b7a5f827b9824,ordinary_candidate,not_forced,not_hard_coded,none,no_gold_standard_bonus,not_Q9T0Z9,356,0.419834,0.250000,0.400000,other_or_genus_only_Yersinia,0.100000,other_unknown_non_phage_or_missing_origin,true,0.621046,0.590260,0.983766,0.000000,0.000000,0.801456,0.801456,225,0.801456,Yersinia bercovieri ATCC 43970,Yersinia,Yersinia,Phage tail collar domain-containing protein,G_pre1_TARGET_ENGINEERING_COMPOSITE_GENERATED,read_only_unmodified,read_only_unmodified,read_only_unmodified,read_only_unmodified,composite_desc;target_context_desc;target_organism_desc;phage_origin_desc;docking_desc;solubility_no_chaperone_desc;E7_score_desc;source_accession_asc
v5.4.8z2,A0ABM7AH44,A0ABM7AH44__V52_B0_8f875241b7489dd2f05b__compound5,V52_B0_8f875241b7489dd2f05b,ordinary_candidate,not_forced,not_hard_coded,none,no_gold_standard_bonus,not_Q9T0Z9,357,0.419820,0.250000,0.400000,other_or_genus_only_Yersinia,0.100000,other_unknown_non_phage_or_missing_origin,true,0.670395,0.536111,0.893518,0.000000,0.000000,0.820374,0.820374,79,0.820374,Yersinia pseudotuberculosis,Yersinia,Yersinia,,G_pre1_TARGET_ENGINEERING_COMPOSITE_GENERATED,read_only_unmodified,read_only_unmodified,read_only_unmodified,read_only_unmodified,composite_desc;target_context_desc;target_organism_desc;phage_origin_desc;docking_desc;solubility_no_chaperone_desc;E7_score_desc;source_accession_asc
v5.4.8z2,A0A380PQB1,A0A380PQB1__V52_B0_606cfe8075e59f7de5c7__compound5,V52_B0_606cfe8075e59f7de5c7,ordinary_candidate,not_forced,not_hard_coded,none,no_gold_standard_bonus,not_Q9T0Z9,358,0.419625,0.250000,0.400000,other_or_genus_only_Yersinia,0.100000,other_unknown_non_phage_or_missing_origin,true,0.655089,0.557233,0.928722,0.000000,0.000000,0.793217,0.793217,318,0.793217,Yersinia frederiksenii,Yersinia,Yersinia,,G_pre1_TARGET_ENGINEERING_COMPOSITE_GENERATED,read_only_unmodified,read_only_unmodified,read_only_unmodified,read_only_unmodified,composite_desc;target_context_desc;target_organism_desc;phage_origin_desc;docking_desc;solubility_no_chaperone_desc;E7_score_desc;source_accession_asc
v5.4.8z2,A0ABY5UJG2,A0ABY5UJG2__V52_B0_342c7b149ddd77f29e31__compound5,V52_B0_342c7b149ddd77f29e31,ordinary_candidate,not_forced,not_hard_coded,none,no_gold_standard_bonus,not_Q9T0Z9,359,0.419267,0.250000,0.400000,other_or_genus_only_Yersinia,0.100000,other_unknown_non_phage_or_missing_origin,true,0.698001,0.518422,0.864036,0.000000,0.000000,0.769653,0.769653,556,0.769653,Yersinia alsatica,Yersinia,Yersinia,,G_pre1_TARGET_ENGINEERING_COMPOSITE_GENERATED,read_only_unmodified,read_only_unmodified,read_only_unmodified,read_only_unmodified,composite_desc;target_context_desc;target_organism_desc;phage_origin_desc;docking_desc;solubility_no_chaperone_desc;E7_score_desc;source_accession_asc
v5.4.8z2,A0A0H3B4K0,A0A0H3B4K0__V52_B0_c4f3ea7d9dc20f51a97b__compound5,V52_B0_c4f3ea7d9dc20f51a97b,ordinary_candidate,not_forced,not_hard_coded,none,no_gold_standard_bonus,not_Q9T0Z9,360,0.419142,0.250000,0.400000,other_or_genus_only_Yersinia,0.100000,other_unknown_non_phage_or_missing_origin,true,0.618493,0.580095,0.966825,0.000000,0.000000,0.838484,0.838484,17,0.838484,Yersinia pseudotuberculosis serotype O:3 (strain YPIII),Yersinia,Yersinia,,G_pre1_TARGET_ENGINEERING_COMPOSITE_GENERATED,read_only_unmodified,read_only_unmodified,read_only_unmodified,read_only_unmodified,composite_desc;target_context_desc;target_organism_desc;phage_origin_desc;docking_desc;solubility_no_chaperone_desc;E7_score_desc;source_accession_asc
v5.4.8z2,A0AA36LNC6,A0AA36LNC6__V52_B0_1bc4fd8f9bdbe276ead7__compound5,V52_B0_1bc4fd8f9bdbe276ead7,ordinary_candidate,not_forced,not_hard_coded,none,no_gold_standard_bonus,not_Q9T0Z9,361,0.418983,0.250000,0.400000,other_or_genus_only_Yersinia,0.100000,other_unknown_non_phage_or_missing_origin,true,0.673589,0.540873,0.901455,0.000000,0.000000,0.771821,0.771821,534,0.771821,Yersinia mollaretii,Yersinia,Yersinia,,G_pre1_TARGET_ENGINEERING_COMPOSITE_GENERATED,read_only_unmodified,read_only_unmodified,read_only_unmodified,read_only_unmodified,composite_desc;target_context_desc;target_organism_desc;phage_origin_desc;docking_desc;solubility_no_chaperone_desc;E7_score_desc;source_accession_asc
v5.4.8z2,A0A0T9TRC6,A0A0T9TRC6__V52_B0_249c9ee63a943d41e6b9__compound5,V52_B0_249c9ee63a943d41e6b9,ordinary_candidate,not_forced,not_hard_coded,none,no_gold_standard_bonus,not_Q9T0Z9,362,0.418810,0.250000,0.400000,other_or_genus_only_Yersinia,0.100000,other_unknown_non_phage_or_missing_origin,true,0.657671,0.548196,0.913660,0.000000,0.000000,0.802738,0.802738,212,0.802738,Yersinia aldovae,Yersinia,Yersinia,,G_pre1_TARGET_ENGINEERING_COMPOSITE_GENERATED,read_only_unmodified,read_only_unmodified,read_only_unmodified,read_only_unmodified,composite_desc;target_context_desc;target_organism_desc;phage_origin_desc;docking_desc;solubility_no_chaperone_desc;E7_score_desc;source_accession_asc
v5.4.8z2,A0A0H3B3D7,A0A0H3B3D7__V52_B0_5d4dcf2b530938be8ffb__compound5,V52_B0_5d4dcf2b530938be8ffb,ordinary_candidate,not_forced,not_hard_coded,none,no_gold_standard_bonus,not_Q9T0Z9,363,0.418365,0.250000,0.400000,other_or_genus_only_Yersinia,0.100000,other_unknown_non_phage_or_missing_origin,true,0.672094,0.532829,0.888049,0.000000,0.000000,0.797606,0.797606,269,0.797606,Yersinia pseudotuberculosis serotype O:3 (strain YPIII),Yersinia,Yersinia,,G_pre1_TARGET_ENGINEERING_COMPOSITE_GENERATED,read_only_unmodified,read_only_unmodified,read_only_unmodified,read_only_unmodified,composite_desc;target_context_desc;target_organism_desc;phage_origin_desc;docking_desc;solubility_no_chaperone_desc;E7_score_desc;source_accession_asc
v5.4.8z2,A0A380PNY7,A0A380PNY7__V52_B0_480b5f66a3b02719be1d__compound5,V52_B0_480b5f66a3b02719be1d,ordinary_candidate,not_forced,not_hard_coded,none,no_gold_standard_bonus,not_Q9T0Z9,364,0.417724,0.250000,0.400000,other_or_genus_only_Yersinia,0.100000,other_unknown_non_phage_or_missing_origin,true,0.680169,0.514844,0.858073,0.000000,0.000000,0.824429,0.824429,55,0.824429,Yersinia frederiksenii,Yersinia,Yersinia,,G_pre1_TARGET_ENGINEERING_COMPOSITE_GENERATED,read_only_unmodified,read_only_unmodified,read_only_unmodified,read_only_unmodified,composite_desc;target_context_desc;target_organism_desc;phage_origin_desc;docking_desc;solubility_no_chaperone_desc;E7_score_desc;source_accession_asc
v5.4.8z2,A0ABM6UP52,A0ABM6UP52__V52_B0_e382426bbe3565956eea__compound5,V52_B0_e382426bbe3565956eea,ordinary_candidate,not_forced,not_hard_coded,none,no_gold_standard_bonus,not_Q9T0Z9,365,0.417613,0.250000,0.400000,other_or_genus_only_Yersinia,0.100000,other_unknown_non_phage_or_missing_origin,true,0.639201,0.568381,0.947301,0.000000,0.000000,0.771933,0.771933,532,0.771933,Yersinia massiliensis,Yersinia,Yersinia,,G_pre1_TARGET_ENGINEERING_COMPOSITE_GENERATED,read_only_unmodified,read_only_unmodified,read_only_unmodified,read_only_unmodified,composite_desc;target_context_desc;target_organism_desc;phage_origin_desc;docking_desc;solubility_no_chaperone_desc;E7_score_desc;source_accession_asc
v5.4.8z2,A0A380PNE2,A0A380PNE2__V52_B0_95eba71952a7437cb506__compound5,V52_B0_95eba71952a7437cb506,ordinary_candidate,not_forced,not_hard_coded,none,no_gold_standard_bonus,not_Q9T0Z9,366,0.417606,0.250000,0.400000,other_or_genus_only_Yersinia,0.100000,other_unknown_non_phage_or_missing_origin,true,0.662871,0.542506,0.904177,0.000000,0.000000,0.780619,0.780619,467,0.780619,Yersinia frederiksenii,Yersinia,Yersinia,,G_pre1_TARGET_ENGINEERING_COMPOSITE_GENERATED,read_only_unmodified,read_only_unmodified,read_only_unmodified,read_only_unmodified,composite_desc;target_context_desc;target_organism_desc;phage_origin_desc;docking_desc;solubility_no_chaperone_desc;E7_score_desc;source_accession_asc
v5.4.8z2,A0ABM9TDA6,A0ABM9TDA6__V52_B0_55fdd90e835193802796__compound5,V52_B0_55fdd90e835193802796,ordinary_candidate,not_forced,not_hard_coded,none,no_gold_standard_bonus,not_Q9T0Z9,367,0.417494,0.250000,0.400000,other_or_genus_only_Yersinia,0.100000,other_unknown_non_phage_or_missing_origin,true,0.639444,0.549614,0.916024,0.000000,0.000000,0.843640,0.843640,6,0.843640,Yersinia wautersii,Yersinia,Yersinia,,G_pre1_TARGET_ENGINEERING_COMPOSITE_GENERATED,read_only_unmodified,read_only_unmodified,read_only_unmodified,read_only_unmodified,composite_desc;target_context_desc;target_organism_desc;phage_origin_desc;docking_desc;solubility_no_chaperone_desc;E7_score_desc;source_accession_asc
v5.4.8z2,A0ABM9TCS0,A0ABM9TCS0__V52_B0_e8c7a9dec686b040fb2e__compound5,V52_B0_e8c7a9dec686b040fb2e,ordinary_candidate,not_forced,not_hard_coded,none,no_gold_standard_bonus,not_Q9T0Z9,368,0.417424,0.250000,0.400000,other_or_genus_only_Yersinia,0.100000,other_unknown_non_phage_or_missing_origin,true,0.654429,0.552244,0.920406,0.000000,0.000000,0.771786,0.771786,535,0.771786,Yersinia wautersii,Yersinia,Yersinia,,G_pre1_TARGET_ENGINEERING_COMPOSITE_GENERATED,read_only_unmodified,read_only_unmodified,read_only_unmodified,read_only_unmodified,composite_desc;target_context_desc;target_organism_desc;phage_origin_desc;docking_desc;solubility_no_chaperone_desc;E7_score_desc;source_accession_asc
v5.4.8z2,A0A0H5M9D5,A0A0H5M9D5__V52_B0_057d92a39b1b57c6b9e4__compound5,V52_B0_057d92a39b1b57c6b9e4,ordinary_candidate,not_forced,not_hard_coded,none,no_gold_standard_bonus,not_Q9T0Z9,369,0.416959,0.250000,0.400000,other_or_genus_only_Yersinia,0.100000,other_unknown_non_phage_or_missing_origin,true,0.639745,0.562844,0.938074,0.000000,0.000000,0.778819,0.778819,480,0.778819,Yersinia intermedia,Yersinia,Yersinia,,G_pre1_TARGET_ENGINEERING_COMPOSITE_GENERATED,read_only_unmodified,read_only_unmodified,read_only_unmodified,read_only_unmodified,composite_desc;target_context_desc;target_organism_desc;phage_origin_desc;docking_desc;solubility_no_chaperone_desc;E7_score_desc;source_accession_asc
v5.4.8z2,A0A085U5Z0,A0A085U5Z0__V52_B0_185d6c3c172d8b8f1666__compound5,V52_B0_185d6c3c172d8b8f1666,ordinary_candidate,not_forced,not_hard_coded,none,no_gold_standard_bonus,not_Q9T0Z9,370,0.416760,0.250000,0.400000,other_or_genus_only_Yersinia,0.100000,other_unknown_non_phage_or_missing_origin,true,0.651930,0.548174,0.913624,0.000000,0.000000,0.784782,0.784782,426,0.784782,Yersinia ruckeri,Yersinia,Yersinia,,G_pre1_TARGET_ENGINEERING_COMPOSITE_GENERATED,read_only_unmodified,read_only_unmodified,read_only_unmodified,read_only_unmodified,composite_desc;target_context_desc;target_organism_desc;phage_origin_desc;docking_desc;solubility_no_chaperone_desc;E7_score_desc;source_accession_asc
v5.4.8z2,A0AAV3B8C3,A0AAV3B8C3__V52_B0_b19c7885166dd23424b9__compound5,V52_B0_b19c7885166dd23424b9,ordinary_candidate,not_forced,not_hard_coded,none,no_gold_standard_bonus,not_Q9T0Z9,371,0.416571,0.250000,0.400000,other_or_genus_only_Yersinia,0.100000,other_unknown_non_phage_or_missing_origin,true,0.627578,0.579851,0.966418,0.000000,0.000000,0.751695,0.751695,675,0.751695,Yersinia pestis biovar Orientalis str. IP275,Yersinia,Yersinia,,G_pre1_TARGET_ENGINEERING_COMPOSITE_GENERATED,read_only_unmodified,read_only_unmodified,read_only_unmodified,read_only_unmodified,composite_desc;target_context_desc;target_organism_desc;phage_origin_desc;docking_desc;solubility_no_chaperone_desc;E7_score_desc;source_accession_asc
v5.4.8z2,A0A0T9QDU9,A0A0T9QDU9__V52_B0_dcccc1649b48db9603f4__compound5,V52_B0_dcccc1649b48db9603f4,ordinary_candidate,not_forced,not_hard_coded,none,no_gold_standard_bonus,not_Q9T0Z9,372,0.416177,0.250000,0.400000,other_or_genus_only_Yersinia,0.100000,other_unknown_non_phage_or_missing_origin,true,0.645276,0.556513,0.927521,0.000000,0.000000,0.766381,0.766381,578,0.766381,Yersinia thracica,Yersinia,Yersinia,,G_pre1_TARGET_ENGINEERING_COMPOSITE_GENERATED,read_only_unmodified,read_only_unmodified,read_only_unmodified,read_only_unmodified,composite_desc;target_context_desc;target_organism_desc;phage_origin_desc;docking_desc;solubility_no_chaperone_desc;E7_score_desc;source_accession_asc
v5.4.8z2,A1JQS5,A1JQS5__V52_B0_a12b083e5e244421103b__compound5,V52_B0_a12b083e5e244421103b,ordinary_candidate,not_forced,not_hard_coded,none,no_gold_standard_bonus,not_Q9T0Z9,373,0.416164,0.425000,0.750000,Yersinia_enterocolitica_non_O3_or_unknown_serotype,0.100000,other_unknown_non_phage_or_missing_origin,true,0.252408,0.470723,0.784539,0.000000,0.000000,0.755749,0.755749,649,0.755749,Yersinia enterocolitica serotype O:8 / biotype 1B (strain NCTC 13174 / 8081),Yersinia,Yersinia,,G_pre1_TARGET_ENGINEERING_COMPOSITE_GENERATED,read_only_unmodified,read_only_unmodified,read_only_unmodified,read_only_unmodified,composite_desc;target_context_desc;target_organism_desc;phage_origin_desc;docking_desc;solubility_no_chaperone_desc;E7_score_desc;source_accession_asc
v5.4.8z2,A0ABW9EYQ1,A0ABW9EYQ1__V52_B0_f7631124ba35d6593299__compound5,V52_B0_f7631124ba35d6593299,ordinary_candidate,not_forced,not_hard_coded,none,no_gold_standard_bonus,not_Q9T0Z9,374,0.416021,0.250000,0.400000,other_or_genus_only_Yersinia,0.100000,other_unknown_non_phage_or_missing_origin,true,0.632430,0.562109,0.936849,0.000000,0.000000,0.792265,0.792265,335,0.792265,Yersinia proxima,Yersinia,Yersinia,,G_pre1_TARGET_ENGINEERING_COMPOSITE_GENERATED,read_only_unmodified,read_only_unmodified,read_only_unmodified,read_only_unmodified,composite_desc;target_context_desc;target_organism_desc;phage_origin_desc;docking_desc;solubility_no_chaperone_desc;E7_score_desc;source_accession_asc
v5.4.8z2,A0AAX2I043,A0AAX2I043__V52_B0_d2b804971aeef9a6ccd3__compound5,V52_B0_d2b804971aeef9a6ccd3,ordinary_candidate,not_forced,not_hard_coded,none,no_gold_standard_bonus,not_Q9T0Z9,375,0.414547,0.250000,0.400000,other_or_genus_only_Yersinia,0.100000,other_unknown_non_phage_or_missing_origin,true,0.618604,0.575214,0.958690,0.000000,0.000000,0.765660,0.765660,586,0.765660,Yersinia pestis,Yersinia,Yersinia,,G_pre1_TARGET_ENGINEERING_COMPOSITE_GENERATED,read_only_unmodified,read_only_unmodified,read_only_unmodified,read_only_unmodified,composite_desc;target_context_desc;target_organism_desc;phage_origin_desc;docking_desc;solubility_no_chaperone_desc;E7_score_desc;source_accession_asc
v5.4.8z2,A0A208ZSG0,A0A208ZSG0__V52_B0_35972f0fdfdb8aa2e452__compound5,V52_B0_35972f0fdfdb8aa2e452,ordinary_candidate,not_forced,not_hard_coded,none,no_gold_standard_bonus,not_Q9T0Z9,376,0.414236,0.250000,0.400000,other_or_genus_only_Yersinia,0.100000,other_unknown_non_phage_or_missing_origin,true,0.648538,0.527819,0.879699,0.000000,0.000000,0.829298,0.829298,40,0.829298,Yersinia intermedia,Yersinia,Yersinia,,G_pre1_TARGET_ENGINEERING_COMPOSITE_GENERATED,read_only_unmodified,read_only_unmodified,read_only_unmodified,read_only_unmodified,composite_desc;target_context_desc;target_organism_desc;phage_origin_desc;docking_desc;solubility_no_chaperone_desc;E7_score_desc;source_accession_asc
v5.4.8z2,A0AA90Y526,A0AA90Y526__V52_B0_a5044d4339470bba516a__compound5,V52_B0_a5044d4339470bba516a,ordinary_candidate,not_forced,not_hard_coded,none,no_gold_standard_bonus,not_Q9T0Z9,377,0.413912,0.250000,0.400000,other_or_genus_only_Yersinia,0.100000,other_unknown_non_phage_or_missing_origin,true,0.638261,0.548174,0.913624,0.000000,0.000000,0.782504,0.782504,454,0.782504,Yersinia massiliensis,Yersinia,Yersinia,,G_pre1_TARGET_ENGINEERING_COMPOSITE_GENERATED,read_only_unmodified,read_only_unmodified,read_only_unmodified,read_only_unmodified,composite_desc;target_context_desc;target_organism_desc;phage_origin_desc;docking_desc;solubility_no_chaperone_desc;E7_score_desc;source_accession_asc
v5.4.8z2,A0A380QTF7,A0A380QTF7__V52_B0_1747c9cf27129bceead8__compound5,V52_B0_1747c9cf27129bceead8,ordinary_candidate,not_forced,not_hard_coded,none,no_gold_standard_bonus,not_Q9T0Z9,378,0.413756,0.250000,0.400000,other_or_genus_only_Yersinia,0.100000,other_unknown_non_phage_or_missing_origin,true,0.654228,0.539189,0.898649,0.000000,0.000000,0.751460,0.751460,676,0.751460,Yersinia ruckeri,Yersinia,Yersinia,,G_pre1_TARGET_ENGINEERING_COMPOSITE_GENERATED,read_only_unmodified,read_only_unmodified,read_only_unmodified,read_only_unmodified,composite_desc;target_context_desc;target_organism_desc;phage_origin_desc;docking_desc;solubility_no_chaperone_desc;E7_score_desc;source_accession_asc
v5.4.8z2,A0A085U317,A0A085U317__V52_B0_4012c03e5706586bcc30__compound5,V52_B0_4012c03e5706586bcc30,ordinary_candidate,not_forced,not_hard_coded,none,no_gold_standard_bonus,not_Q9T0Z9,379,0.413292,0.250000,0.400000,other_or_genus_only_Yersinia,0.100000,other_unknown_non_phage_or_missing_origin,true,0.661906,0.538383,0.897305,0.000000,0.000000,0.714689,0.714689,791,0.714689,Yersinia ruckeri,Yersinia,Yersinia,,G_pre1_TARGET_ENGINEERING_COMPOSITE_GENERATED,read_only_unmodified,read_only_unmodified,read_only_unmodified,read_only_unmodified,composite_desc;target_context_desc;target_organism_desc;phage_origin_desc;docking_desc;solubility_no_chaperone_desc;E7_score_desc;source_accession_asc
v5.4.8z2,A0A2U2GXH7,A0A2U2GXH7__V52_B0_80717562946a456a9143__compound5,V52_B0_80717562946a456a9143,ordinary_candidate,not_forced,not_hard_coded,none,no_gold_standard_bonus,not_Q9T0Z9,380,0.412969,0.250000,0.400000,other_or_genus_only_Yersinia,0.100000,other_unknown_non_phage_or_missing_origin,true,0.637904,0.549038,0.915064,0.000000,0.000000,0.761606,0.761606,615,0.761606,Yersinia pestis,Yersinia,Yersinia,,G_pre1_TARGET_ENGINEERING_COMPOSITE_GENERATED,read_only_unmodified,read_only_unmodified,read_only_unmodified,read_only_unmodified,composite_desc;target_context_desc;target_organism_desc;phage_origin_desc;docking_desc;solubility_no_chaperone_desc;E7_score_desc;source_accession_asc
v5.4.8z2,A0ABR4W9H6,A0ABR4W9H6__V52_B0_7ba392450a29405df648__compound5,V52_B0_7ba392450a29405df648,ordinary_candidate,not_forced,not_hard_coded,none,no_gold_standard_bonus,not_Q9T0Z9,381,0.412908,0.250000,0.400000,other_or_genus_only_Yersinia,0.100000,other_unknown_non_phage_or_missing_origin,true,0.640321,0.542506,0.904177,0.000000,0.000000,0.776861,0.776861,496,0.776861,Yersinia frederiksenii ATCC 33641,Yersinia,Yersinia,,G_pre1_TARGET_ENGINEERING_COMPOSITE_GENERATED,read_only_unmodified,read_only_unmodified,read_only_unmodified,read_only_unmodified,composite_desc;target_context_desc;target_organism_desc;phage_origin_desc;docking_desc;solubility_no_chaperone_desc;E7_score_desc;source_accession_asc
v5.4.8z2,A0AB72ZDV0,A0AB72ZDV0__V52_B0_223478b304744a7a663e__compound5,V52_B0_223478b304744a7a663e,ordinary_candidate,not_forced,not_hard_coded,none,no_gold_standard_bonus,not_Q9T0Z9,382,0.412701,0.250000,0.400000,other_or_genus_only_Yersinia,0.100000,other_unknown_non_phage_or_missing_origin,true,0.603394,0.562322,0.937204,0.000000,0.000000,0.841162,0.841162,12,0.841162,Yersinia pestis PY-08,Yersinia,Yersinia,,G_pre1_TARGET_ENGINEERING_COMPOSITE_GENERATED,read_only_unmodified,read_only_unmodified,read_only_unmodified,read_only_unmodified,composite_desc;target_context_desc;target_organism_desc;phage_origin_desc;docking_desc;solubility_no_chaperone_desc;E7_score_desc;source_accession_asc
v5.4.8z2,A0ABR4VWS1,A0ABR4VWS1__V52_B0_76b86c72aed9189d0446__compound5,V52_B0_76b86c72aed9189d0446,ordinary_candidate,not_forced,not_hard_coded,none,no_gold_standard_bonus,not_Q9T0Z9,383,0.412646,0.250000,0.400000,other_or_genus_only_Yersinia,0.100000,other_unknown_non_phage_or_missing_origin,true,0.581854,0.590759,0.984598,0.000000,0.000000,0.812464,0.812464,120,0.812464,Yersinia frederiksenii ATCC 33641,Yersinia,Yersinia,,G_pre1_TARGET_ENGINEERING_COMPOSITE_GENERATED,read_only_unmodified,read_only_unmodified,read_only_unmodified,read_only_unmodified,composite_desc;target_context_desc;target_organism_desc;phage_origin_desc;docking_desc;solubility_no_chaperone_desc;E7_score_desc;source_accession_asc
v5.4.8z2,A0AB73Q5K2,A0AB73Q5K2__V52_B0_a1c7f0dab038b406708c__compound5,V52_B0_a1c7f0dab038b406708c,ordinary_candidate,not_forced,not_hard_coded,none,no_gold_standard_bonus,not_Q9T0Z9,384,0.412544,0.250000,0.400000,other_or_genus_only_Yersinia,0.100000,other_unknown_non_phage_or_missing_origin,true,0.695520,0.475331,0.792218,0.000000,0.000000,0.817482,0.817482,95,0.817482,Yersinia kristensenii,Yersinia,Yersinia,,G_pre1_TARGET_ENGINEERING_COMPOSITE_GENERATED,read_only_unmodified,read_only_unmodified,read_only_unmodified,read_only_unmodified,composite_desc;target_context_desc;target_organism_desc;phage_origin_desc;docking_desc;solubility_no_chaperone_desc;E7_score_desc;source_accession_asc
v5.4.8z2,A0A0T9UHA7,A0A0T9UHA7__V52_B0_a8821d8046b90b6dda13__compound5,V52_B0_a8821d8046b90b6dda13,ordinary_candidate,not_forced,not_hard_coded,none,no_gold_standard_bonus,not_Q9T0Z9,385,0.412456,0.250000,0.400000,other_or_genus_only_Yersinia,0.100000,other_unknown_non_phage_or_missing_origin,true,0.635519,0.547436,0.912394,0.000000,0.000000,0.767299,0.767299,574,0.767299,Yersinia aleksiciae,Yersinia,Yersinia,,G_pre1_TARGET_ENGINEERING_COMPOSITE_GENERATED,read_only_unmodified,read_only_unmodified,read_only_unmodified,read_only_unmodified,composite_desc;target_context_desc;target_organism_desc;phage_origin_desc;docking_desc;solubility_no_chaperone_desc;E7_score_desc;source_accession_asc
v5.4.8z2,A0A0U1R2N4,A0A0U1R2N4__V52_B0_00277224776766a9c954__compound5,V52_B0_00277224776766a9c954,ordinary_candidate,not_forced,not_hard_coded,none,no_gold_standard_bonus,not_Q9T0Z9,386,0.412186,0.250000,0.400000,other_or_genus_only_Yersinia,0.100000,other_unknown_non_phage_or_missing_origin,true,0.646666,0.528709,0.881181,0.000000,0.000000,0.792223,0.792223,337,0.792223,Yersinia pseudotuberculosis serotype O:1b (strain IP 31758),Yersinia,Yersinia,,G_pre1_TARGET_ENGINEERING_COMPOSITE_GENERATED,read_only_unmodified,read_only_unmodified,read_only_unmodified,read_only_unmodified,composite_desc;target_context_desc;target_organism_desc;phage_origin_desc;docking_desc;solubility_no_chaperone_desc;E7_score_desc;source_accession_asc
v5.4.8z2,A0A380PNP9,A0A380PNP9__V52_B0_32621436c87f6766c113__compound5,V52_B0_32621436c87f6766c113,ordinary_candidate,not_forced,not_hard_coded,none,no_gold_standard_bonus,not_Q9T0Z9,387,0.412121,0.250000,0.400000,other_or_genus_only_Yersinia,0.100000,other_unknown_non_phage_or_missing_origin,true,0.579336,0.590759,0.984598,0.000000,0.000000,0.812045,0.812045,124,0.812045,Yersinia frederiksenii,Yersinia,Yersinia,,G_pre1_TARGET_ENGINEERING_COMPOSITE_GENERATED,read_only_unmodified,read_only_unmodified,read_only_unmodified,read_only_unmodified,composite_desc;target_context_desc;target_organism_desc;phage_origin_desc;docking_desc;solubility_no_chaperone_desc;E7_score_desc;source_accession_asc
v5.4.8z2,A0A0T9QV26,A0A0T9QV26__V52_B0_3794eaaa1de6b3c9c9c9__compound5,V52_B0_3794eaaa1de6b3c9c9c9,ordinary_candidate,not_forced,not_hard_coded,none,no_gold_standard_bonus,not_Q9T0Z9,388,0.412074,0.250000,0.400000,other_or_genus_only_Yersinia,0.100000,other_unknown_non_phage_or_missing_origin,true,0.653382,0.542938,0.904897,0.000000,0.000000,0.706200,0.706200,801,0.706200,Yersinia similis,Yersinia,Yersinia,,G_pre1_TARGET_ENGINEERING_COMPOSITE_GENERATED,read_only_unmodified,read_only_unmodified,read_only_unmodified,read_only_unmodified,composite_desc;target_context_desc;target_organism_desc;phage_origin_desc;docking_desc;solubility_no_chaperone_desc;E7_score_desc;source_accession_asc
v5.4.8z2,A0ABM9XUV6,A0ABM9XUV6__V52_B0_2090b32d9254054843f5__compound5,V52_B0_2090b32d9254054843f5,ordinary_candidate,not_forced,not_hard_coded,none,no_gold_standard_bonus,not_Q9T0Z9,389,0.411565,0.250000,0.400000,other_or_genus_only_Yersinia,0.100000,other_unknown_non_phage_or_missing_origin,true,0.628063,0.550532,0.917553,0.000000,0.000000,0.766916,0.766916,576,0.766916,Yersinia bercovieri ATCC 43970,Yersinia,Yersinia,DNA circulation N-terminal domain-containing protein,G_pre1_TARGET_ENGINEERING_COMPOSITE_GENERATED,read_only_unmodified,read_only_unmodified,read_only_unmodified,read_only_unmodified,composite_desc;target_context_desc;target_organism_desc;phage_origin_desc;docking_desc;solubility_no_chaperone_desc;E7_score_desc;source_accession_asc
v5.4.8z2,A0A0T9PYB4,A0A0T9PYB4__V52_B0_0d4b3b654f0bb5e90985__compound5,V52_B0_0d4b3b654f0bb5e90985,ordinary_candidate,not_forced,not_hard_coded,none,no_gold_standard_bonus,not_Q9T0Z9,390,0.411365,0.250000,0.400000,other_or_genus_only_Yersinia,0.100000,other_unknown_non_phage_or_missing_origin,true,0.598245,0.561088,0.935146,0.000000,0.000000,0.839961,0.839961,14,0.839961,Yersinia similis,Yersinia,Yersinia,,G_pre1_TARGET_ENGINEERING_COMPOSITE_GENERATED,read_only_unmodified,read_only_unmodified,read_only_unmodified,read_only_unmodified,composite_desc;target_context_desc;target_organism_desc;phage_origin_desc;docking_desc;solubility_no_chaperone_desc;E7_score_desc;source_accession_asc
v5.4.8z2,A0ABM6BHQ6,A0ABM6BHQ6__V52_B0_c12840bb7f7520d44097__compound5,V52_B0_c12840bb7f7520d44097,ordinary_candidate,not_forced,not_hard_coded,none,no_gold_standard_bonus,not_Q9T0Z9,391,0.410698,0.250000,0.400000,other_or_genus_only_Yersinia,0.100000,other_unknown_non_phage_or_missing_origin,true,0.604540,0.570576,0.950960,0.000000,0.000000,0.763498,0.763498,605,0.763498,Yersinia entomophaga,Yersinia,Yersinia,DNA circulation N-terminal domain-containing protein,G_pre1_TARGET_ENGINEERING_COMPOSITE_GENERATED,read_only_unmodified,read_only_unmodified,read_only_unmodified,read_only_unmodified,composite_desc;target_context_desc;target_organism_desc;phage_origin_desc;docking_desc;solubility_no_chaperone_desc;E7_score_desc;source_accession_asc
v5.4.8z2,A0A0H3B678,A0A0H3B678__V52_B0_e57c2a5efdcdbe96b9f4__compound5,V52_B0_e57c2a5efdcdbe96b9f4,ordinary_candidate,not_forced,not_hard_coded,none,no_gold_standard_bonus,not_Q9T0Z9,392,0.410664,0.250000,0.400000,other_or_genus_only_Yersinia,0.100000,other_unknown_non_phage_or_missing_origin,true,0.651952,0.525000,0.875000,0.000000,0.000000,0.755472,0.755472,652,0.755472,Yersinia pseudotuberculosis serotype O:3 (strain YPIII),Yersinia,Yersinia,,G_pre1_TARGET_ENGINEERING_COMPOSITE_GENERATED,read_only_unmodified,read_only_unmodified,read_only_unmodified,read_only_unmodified,composite_desc;target_context_desc;target_organism_desc;phage_origin_desc;docking_desc;solubility_no_chaperone_desc;E7_score_desc;source_accession_asc
v5.4.8z2,A0A0U1QVC6,A0A0U1QVC6__V52_B0_3331160a7e476bb5883f__compound5,V52_B0_3331160a7e476bb5883f,ordinary_candidate,not_forced,not_hard_coded,none,no_gold_standard_bonus,not_Q9T0Z9,393,0.410585,0.250000,0.400000,other_or_genus_only_Yersinia,0.100000,other_unknown_non_phage_or_missing_origin,true,0.607230,0.552510,0.920850,0.000000,0.000000,0.822736,0.822736,63,0.822736,Yersinia pseudotuberculosis serotype O:1b (strain IP 31758),Yersinia,Yersinia,,G_pre1_TARGET_ENGINEERING_COMPOSITE_GENERATED,read_only_unmodified,read_only_unmodified,read_only_unmodified,read_only_unmodified,composite_desc;target_context_desc;target_organism_desc;phage_origin_desc;docking_desc;solubility_no_chaperone_desc;E7_score_desc;source_accession_asc
v5.4.8z2,A0AA90XZS1,A0AA90XZS1__V52_B0_2278afd7aa1545b862ab__compound5,V52_B0_2278afd7aa1545b862ab,ordinary_candidate,not_forced,not_hard_coded,none,no_gold_standard_bonus,not_Q9T0Z9,394,0.410372,0.250000,0.400000,other_or_genus_only_Yersinia,0.100000,other_unknown_non_phage_or_missing_origin,true,0.614904,0.551162,0.918604,0.000000,0.000000,0.793166,0.793166,320,0.793166,Yersinia massiliensis,Yersinia,Yersinia,,G_pre1_TARGET_ENGINEERING_COMPOSITE_GENERATED,read_only_unmodified,read_only_unmodified,read_only_unmodified,read_only_unmodified,composite_desc;target_context_desc;target_organism_desc;phage_origin_desc;docking_desc;solubility_no_chaperone_desc;E7_score_desc;source_accession_asc
v5.4.8z2,A0A0H3B1B9,A0A0H3B1B9__V52_B0_72456a1a13ed49c14daf__compound5,V52_B0_72456a1a13ed49c14daf,ordinary_candidate,not_forced,not_hard_coded,none,no_gold_standard_bonus,not_Q9T0Z9,395,0.410155,0.250000,0.400000,other_or_genus_only_Yersinia,0.100000,other_unknown_non_phage_or_missing_origin,true,0.656182,0.532003,0.886672,0.000000,0.000000,0.700361,0.700361,803,0.700361,Yersinia pseudotuberculosis serotype O:3 (strain YPIII),Yersinia,Yersinia,,G_pre1_TARGET_ENGINEERING_COMPOSITE_GENERATED,read_only_unmodified,read_only_unmodified,read_only_unmodified,read_only_unmodified,composite_desc;target_context_desc;target_organism_desc;phage_origin_desc;docking_desc;solubility_no_chaperone_desc;E7_score_desc;source_accession_asc
v5.4.8z2,A0AB73Q656,A0AB73Q656__V52_B0_eadf02374db32f32b816__compound5,V52_B0_eadf02374db32f32b816,ordinary_candidate,not_forced,not_hard_coded,none,no_gold_standard_bonus,not_Q9T0Z9,396,0.409821,0.250000,0.400000,other_or_genus_only_Yersinia,0.100000,other_unknown_non_phage_or_missing_origin,true,0.616995,0.539848,0.899746,0.000000,0.000000,0.819048,0.819048,86,0.819048,Yersinia kristensenii,Yersinia,Yersinia,,G_pre1_TARGET_ENGINEERING_COMPOSITE_GENERATED,read_only_unmodified,read_only_unmodified,read_only_unmodified,read_only_unmodified,composite_desc;target_context_desc;target_organism_desc;phage_origin_desc;docking_desc;solubility_no_chaperone_desc;E7_score_desc;source_accession_asc
v5.4.8z2,A0A209A9L1,A0A209A9L1__V52_B0_f4681c5c5ced0028c007__compound5,V52_B0_f4681c5c5ced0028c007,ordinary_candidate,not_forced,not_hard_coded,none,no_gold_standard_bonus,not_Q9T0Z9,397,0.409703,0.250000,0.400000,other_or_genus_only_Yersinia,0.100000,other_unknown_non_phage_or_missing_origin,true,0.634402,0.535653,0.892755,0.000000,0.000000,0.763840,0.763840,602,0.763840,Yersinia intermedia,Yersinia,Yersinia,,G_pre1_TARGET_ENGINEERING_COMPOSITE_GENERATED,read_only_unmodified,read_only_unmodified,read_only_unmodified,read_only_unmodified,composite_desc;target_context_desc;target_organism_desc;phage_origin_desc;docking_desc;solubility_no_chaperone_desc;E7_score_desc;source_accession_asc
v5.4.8z2,A0ABM5UHV5,A0ABM5UHV5__V52_B0_e57bbf3a3ccdb6608f17__compound5,V52_B0_e57bbf3a3ccdb6608f17,ordinary_candidate,not_forced,not_hard_coded,none,no_gold_standard_bonus,not_Q9T0Z9,398,0.409590,0.250000,0.400000,other_or_genus_only_Yersinia,0.100000,other_unknown_non_phage_or_missing_origin,true,0.576785,0.585898,0.976496,0.000000,0.000000,0.791070,0.791070,353,0.791070,Yersinia aleksiciae,Yersinia,Yersinia,,G_pre1_TARGET_ENGINEERING_COMPOSITE_GENERATED,read_only_unmodified,read_only_unmodified,read_only_unmodified,read_only_unmodified,composite_desc;target_context_desc;target_organism_desc;phage_origin_desc;docking_desc;solubility_no_chaperone_desc;E7_score_desc;source_accession_asc
v5.4.8z2,A0AB72ZL33,A0AB72ZL33__V52_B0_ffbe119c2ff66e49ca41__compound5,V52_B0_ffbe119c2ff66e49ca41,ordinary_candidate,not_forced,not_hard_coded,none,no_gold_standard_bonus,not_Q9T0Z9,399,0.409542,0.250000,0.400000,other_or_genus_only_Yersinia,0.100000,other_unknown_non_phage_or_missing_origin,true,0.594582,0.575214,0.958690,0.000000,0.000000,0.761656,0.761656,614,0.761656,Yersinia pestis PY-08,Yersinia,Yersinia,,G_pre1_TARGET_ENGINEERING_COMPOSITE_GENERATED,read_only_unmodified,read_only_unmodified,read_only_unmodified,read_only_unmodified,composite_desc;target_context_desc;target_organism_desc;phage_origin_desc;docking_desc;solubility_no_chaperone_desc;E7_score_desc;source_accession_asc
v5.4.8z2,A0A2G4TYK3,A0A2G4TYK3__V52_B0_e957ea2fd7baedec4571__compound5,V52_B0_e957ea2fd7baedec4571,ordinary_candidate,not_forced,not_hard_coded,none,no_gold_standard_bonus,not_Q9T0Z9,400,0.409420,0.250000,0.400000,other_or_genus_only_Yersinia,0.100000,other_unknown_non_phage_or_missing_origin,true,0.618293,0.560965,0.934941,0.000000,0.000000,0.721372,0.721372,784,0.721372,Yersinia bercovieri,Yersinia,Yersinia,,G_pre1_TARGET_ENGINEERING_COMPOSITE_GENERATED,read_only_unmodified,read_only_unmodified,read_only_unmodified,read_only_unmodified,composite_desc;target_context_desc;target_organism_desc;phage_origin_desc;docking_desc;solubility_no_chaperone_desc;E7_score_desc;source_accession_asc
v5.4.8z2,A0ABR4W5R8,A0ABR4W5R8__V52_B0_221e2034ab084f7399db__compound5,V52_B0_221e2034ab084f7399db,ordinary_candidate,not_forced,not_hard_coded,none,no_gold_standard_bonus,not_Q9T0Z9,401,0.409349,0.250000,0.400000,other_or_genus_only_Yersinia,0.100000,other_unknown_non_phage_or_missing_origin,true,0.605638,0.565493,0.942488,0.000000,0.000000,0.752465,0.752465,671,0.752465,Yersinia frederiksenii ATCC 33641,Yersinia,Yersinia,,G_pre1_TARGET_ENGINEERING_COMPOSITE_GENERATED,read_only_unmodified,read_only_unmodified,read_only_unmodified,read_only_unmodified,composite_desc;target_context_desc;target_organism_desc;phage_origin_desc;docking_desc;solubility_no_chaperone_desc;E7_score_desc;source_accession_asc
v5.4.8z2,A0A0A8VDN9,A0A0A8VDN9__V52_B0_4e964046f8324c39613a__compound5,V52_B0_4e964046f8324c39613a,ordinary_candidate,not_forced,not_hard_coded,none,no_gold_standard_bonus,not_Q9T0Z9,402,0.409254,0.250000,0.400000,other_or_genus_only_Yersinia,0.100000,other_unknown_non_phage_or_missing_origin,true,0.680515,0.471429,0.785715,0.000000,0.000000,0.827296,0.827296,47,0.827296,Yersinia ruckeri,Yersinia,Yersinia,,G_pre1_TARGET_ENGINEERING_COMPOSITE_GENERATED,read_only_unmodified,read_only_unmodified,read_only_unmodified,read_only_unmodified,composite_desc;target_context_desc;target_organism_desc;phage_origin_desc;docking_desc;solubility_no_chaperone_desc;E7_score_desc;source_accession_asc
v5.4.8z2,A0AAI8ZVG7,A0AAI8ZVG7__V52_B0_4d2d04ce53131ea527bd__compound5,V52_B0_4d2d04ce53131ea527bd,ordinary_candidate,not_forced,not_hard_coded,none,no_gold_standard_bonus,not_Q9T0Z9,403,0.409108,0.250000,0.400000,other_or_genus_only_Yersinia,0.100000,other_unknown_non_phage_or_missing_origin,true,0.582802,0.564473,0.940789,0.000000,0.000000,0.843066,0.843066,8,0.843066,Yersinia frederiksenii,Yersinia,Yersinia,,G_pre1_TARGET_ENGINEERING_COMPOSITE_GENERATED,read_only_unmodified,read_only_unmodified,read_only_unmodified,read_only_unmodified,composite_desc;target_context_desc;target_organism_desc;phage_origin_desc;docking_desc;solubility_no_chaperone_desc;E7_score_desc;source_accession_asc
v5.4.8z2,A0A0H5MHG7,A0A0H5MHG7__V52_B0_c6aa8a0bb22467205161__compound5,V52_B0_c6aa8a0bb22467205161,ordinary_candidate,not_forced,not_hard_coded,none,no_gold_standard_bonus,not_Q9T0Z9,404,0.408611,0.250000,0.400000,other_or_genus_only_Yersinia,0.100000,other_unknown_non_phage_or_missing_origin,true,0.620466,0.563199,0.938665,0.000000,0.000000,0.687551,0.687551,811,0.687551,Yersinia intermedia,Yersinia,Yersinia,,G_pre1_TARGET_ENGINEERING_COMPOSITE_GENERATED,read_only_unmodified,read_only_unmodified,read_only_unmodified,read_only_unmodified,composite_desc;target_context_desc;target_organism_desc;phage_origin_desc;docking_desc;solubility_no_chaperone_desc;E7_score_desc;source_accession_asc
v5.4.8z2,A0AAX2I0L3,A0AAX2I0L3__V52_B0_ed788467b3736dcbc8cd__compound5,V52_B0_ed788467b3736dcbc8cd,ordinary_candidate,not_forced,not_hard_coded,none,no_gold_standard_bonus,not_Q9T0Z9,405,0.408596,0.250000,0.400000,other_or_genus_only_Yersinia,0.100000,other_unknown_non_phage_or_missing_origin,true,0.597682,0.552510,0.920850,0.000000,0.000000,0.821144,0.821144,72,0.821144,Yersinia pestis,Yersinia,Yersinia,,G_pre1_TARGET_ENGINEERING_COMPOSITE_GENERATED,read_only_unmodified,read_only_unmodified,read_only_unmodified,read_only_unmodified,composite_desc;target_context_desc;target_organism_desc;phage_origin_desc;docking_desc;solubility_no_chaperone_desc;E7_score_desc;source_accession_asc
v5.4.8z2,A0AA36PIC1,A0AA36PIC1__V52_B0_9c330d9ec7220edbecc0__compound5,V52_B0_9c330d9ec7220edbecc0,ordinary_candidate,not_forced,not_hard_coded,none,no_gold_standard_bonus,not_Q9T0Z9,406,0.408425,0.250000,0.400000,other_or_genus_only_Yersinia,0.100000,other_unknown_non_phage_or_missing_origin,true,0.602759,0.543293,0.905488,0.000000,0.000000,0.834299,0.834299,26,0.834299,Yersinia mollaretii,Yersinia,Yersinia,,G_pre1_TARGET_ENGINEERING_COMPOSITE_GENERATED,read_only_unmodified,read_only_unmodified,read_only_unmodified,read_only_unmodified,composite_desc;target_context_desc;target_organism_desc;phage_origin_desc;docking_desc;solubility_no_chaperone_desc;E7_score_desc;source_accession_asc
v5.4.8z2,A0AAV3BAT5,A0AAV3BAT5__V52_B0_62c4469024b1ed7f7363__compound5,V52_B0_62c4469024b1ed7f7363,ordinary_candidate,not_forced,not_hard_coded,none,no_gold_standard_bonus,not_Q9T0Z9,407,0.408210,0.250000,0.400000,other_or_genus_only_Yersinia,0.100000,other_unknown_non_phage_or_missing_origin,true,0.590720,0.563924,0.939874,0.000000,0.000000,0.795622,0.795622,295,0.795622,Yersinia pestis biovar Orientalis str. IP275,Yersinia,Yersinia,,G_pre1_TARGET_ENGINEERING_COMPOSITE_GENERATED,read_only_unmodified,read_only_unmodified,read_only_unmodified,read_only_unmodified,composite_desc;target_context_desc;target_organism_desc;phage_origin_desc;docking_desc;solubility_no_chaperone_desc;E7_score_desc;source_accession_asc
v5.4.8z2,A0ABM6UW81,A0ABM6UW81__V52_B0_f0410e915ba1041bcedd__compound5,V52_B0_f0410e915ba1041bcedd,ordinary_candidate,not_forced,not_hard_coded,none,no_gold_standard_bonus,not_Q9T0Z9,408,0.407722,0.250000,0.400000,other_or_genus_only_Yersinia,0.100000,other_unknown_non_phage_or_missing_origin,true,0.607861,0.552244,0.920406,0.000000,0.000000,0.764025,0.764025,598,0.764025,Yersinia massiliensis,Yersinia,Yersinia,DNA circulation N-terminal domain-containing protein,G_pre1_TARGET_ENGINEERING_COMPOSITE_GENERATED,read_only_unmodified,read_only_unmodified,read_only_unmodified,read_only_unmodified,composite_desc;target_context_desc;target_organism_desc;phage_origin_desc;docking_desc;solubility_no_chaperone_desc;E7_score_desc;source_accession_asc
v5.4.8z2,A0ABX5R0V5,A0ABX5R0V5__V52_B0_4f924e27faca91896504__compound5,V52_B0_4f924e27faca91896504,ordinary_candidate,not_forced,not_hard_coded,none,no_gold_standard_bonus,not_Q9T0Z9,409,0.407373,0.250000,0.400000,other_or_genus_only_Yersinia,0.100000,other_unknown_non_phage_or_missing_origin,true,0.665596,0.480298,0.800497,0.000000,0.000000,0.813875,0.813875,111,0.813875,Yersinia hibernica,Yersinia,Yersinia,,G_pre1_TARGET_ENGINEERING_COMPOSITE_GENERATED,read_only_unmodified,read_only_unmodified,read_only_unmodified,read_only_unmodified,composite_desc;target_context_desc;target_organism_desc;phage_origin_desc;docking_desc;solubility_no_chaperone_desc;E7_score_desc;source_accession_asc
v5.4.8z2,A0A0T9MSU1,A0A0T9MSU1__V52_B0_c1257eb202b9a654396c__compound5,V52_B0_c1257eb202b9a654396c,ordinary_candidate,not_forced,not_hard_coded,none,no_gold_standard_bonus,not_Q9T0Z9,410,0.407296,0.250000,0.400000,other_or_genus_only_Yersinia,0.100000,other_unknown_non_phage_or_missing_origin,true,0.644849,0.533571,0.889285,0.000000,0.000000,0.682241,0.682241,816,0.682241,Yersinia intermedia,Yersinia,Yersinia,,G_pre1_TARGET_ENGINEERING_COMPOSITE_GENERATED,read_only_unmodified,read_only_unmodified,read_only_unmodified,read_only_unmodified,composite_desc;target_context_desc;target_organism_desc;phage_origin_desc;docking_desc;solubility_no_chaperone_desc;E7_score_desc;source_accession_asc
v5.4.8z2,A0ABP1Z8F7,A0ABP1Z8F7__V52_B0_7a4f0c8b56e3d0318b31__compound5,V52_B0_7a4f0c8b56e3d0318b31,ordinary_candidate,not_forced,not_hard_coded,none,no_gold_standard_bonus,not_Q9T0Z9,411,0.406648,0.250000,0.400000,other_or_genus_only_Yersinia,0.100000,other_unknown_non_phage_or_missing_origin,true,0.607170,0.536111,0.893518,0.000000,0.000000,0.809837,0.809837,143,0.809837,Yersinia wautersii,Yersinia,Yersinia,,G_pre1_TARGET_ENGINEERING_COMPOSITE_GENERATED,read_only_unmodified,read_only_unmodified,read_only_unmodified,read_only_unmodified,composite_desc;target_context_desc;target_organism_desc;phage_origin_desc;docking_desc;solubility_no_chaperone_desc;E7_score_desc;source_accession_asc
v5.4.8z2,A0AB73QHN9,A0AB73QHN9__V52_B0_38dc9615119c7b3a07a0__compound5,V52_B0_38dc9615119c7b3a07a0,ordinary_candidate,not_forced,not_hard_coded,none,no_gold_standard_bonus,not_Q9T0Z9,412,0.406601,0.250000,0.400000,other_or_genus_only_Yersinia,0.100000,other_unknown_non_phage_or_missing_origin,true,0.628748,0.512582,0.854304,0.000000,0.000000,0.816701,0.816701,100,0.816701,Yersinia kristensenii,Yersinia,Yersinia,,G_pre1_TARGET_ENGINEERING_COMPOSITE_GENERATED,read_only_unmodified,read_only_unmodified,read_only_unmodified,read_only_unmodified,composite_desc;target_context_desc;target_organism_desc;phage_origin_desc;docking_desc;solubility_no_chaperone_desc;E7_score_desc;source_accession_asc
v5.4.8z2,A0AB73NKW1,A0AB73NKW1__V52_B0_b175e36902036fe453d0__compound5,V52_B0_b175e36902036fe453d0,ordinary_candidate,not_forced,not_hard_coded,none,no_gold_standard_bonus,not_Q9T0Z9,413,0.406504,0.250000,0.400000,other_or_genus_only_Yersinia,0.100000,other_unknown_non_phage_or_missing_origin,true,0.617119,0.530921,0.884868,0.000000,0.000000,0.787913,0.787913,382,0.787913,Yersinia kristensenii,Yersinia,Yersinia,Gene D protein,G_pre1_TARGET_ENGINEERING_COMPOSITE_GENERATED,read_only_unmodified,read_only_unmodified,read_only_unmodified,read_only_unmodified,composite_desc;target_context_desc;target_organism_desc;phage_origin_desc;docking_desc;solubility_no_chaperone_desc;E7_score_desc;source_accession_asc
v5.4.8z2,A0AAV3B8C2,A0AAV3B8C2__V52_B0_f49ac52fcdf6380f5cb4__compound5,V52_B0_f49ac52fcdf6380f5cb4,ordinary_candidate,not_forced,not_hard_coded,none,no_gold_standard_bonus,not_Q9T0Z9,414,0.406497,0.250000,0.400000,other_or_genus_only_Yersinia,0.100000,other_unknown_non_phage_or_missing_origin,true,0.694375,0.448515,0.747525,0.000000,0.000000,0.808372,0.808372,154,0.808372,Yersinia pestis biovar Orientalis str. IP275,Yersinia,Yersinia,,G_pre1_TARGET_ENGINEERING_COMPOSITE_GENERATED,read_only_unmodified,read_only_unmodified,read_only_unmodified,read_only_unmodified,composite_desc;target_context_desc;target_organism_desc;phage_origin_desc;docking_desc;solubility_no_chaperone_desc;E7_score_desc;source_accession_asc
v5.4.8z2,A0AB73PP81,A0AB73PP81__V52_B0_09f32b30335ea9804805__compound5,V52_B0_09f32b30335ea9804805,ordinary_candidate,not_forced,not_hard_coded,none,no_gold_standard_bonus,not_Q9T0Z9,415,0.406341,0.250000,0.400000,other_or_genus_only_Yersinia,0.100000,other_unknown_non_phage_or_missing_origin,true,0.598152,0.557189,0.928649,0.000000,0.000000,0.755447,0.755447,654,0.755447,Yersinia kristensenii,Yersinia,Yersinia,DNA circulation N-terminal domain-containing protein,G_pre1_TARGET_ENGINEERING_COMPOSITE_GENERATED,read_only_unmodified,read_only_unmodified,read_only_unmodified,read_only_unmodified,composite_desc;target_context_desc;target_organism_desc;phage_origin_desc;docking_desc;solubility_no_chaperone_desc;E7_score_desc;source_accession_asc
v5.4.8z2,A0A0T9LN66,A0A0T9LN66__V52_B0_3fe66880ea2a16a9f653__compound5,V52_B0_3fe66880ea2a16a9f653,ordinary_candidate,not_forced,not_hard_coded,none,no_gold_standard_bonus,not_Q9T0Z9,416,0.406309,0.250000,0.400000,other_or_genus_only_Yersinia,0.100000,other_unknown_non_phage_or_missing_origin,true,0.553913,0.592837,0.988061,0.000000,0.000000,0.789185,0.789185,369,0.789185,Yersinia kristensenii,Yersinia,Yersinia,,G_pre1_TARGET_ENGINEERING_COMPOSITE_GENERATED,read_only_unmodified,read_only_unmodified,read_only_unmodified,read_only_unmodified,composite_desc;target_context_desc;target_organism_desc;phage_origin_desc;docking_desc;solubility_no_chaperone_desc;E7_score_desc;source_accession_asc
v5.4.8z2,A0ABM7AGN3,A0ABM7AGN3__V52_B0_0df272e59e4971e62d35__compound5,V52_B0_0df272e59e4971e62d35,ordinary_candidate,not_forced,not_hard_coded,none,no_gold_standard_bonus,not_Q9T0Z9,417,0.405833,0.250000,0.400000,other_or_genus_only_Yersinia,0.100000,other_unknown_non_phage_or_missing_origin,true,0.565245,0.574570,0.957616,0.000000,0.000000,0.807405,0.807405,164,0.807405,Yersinia pseudotuberculosis,Yersinia,Yersinia,,G_pre1_TARGET_ENGINEERING_COMPOSITE_GENERATED,read_only_unmodified,read_only_unmodified,read_only_unmodified,read_only_unmodified,composite_desc;target_context_desc;target_organism_desc;phage_origin_desc;docking_desc;solubility_no_chaperone_desc;E7_score_desc;source_accession_asc
v5.4.8z2,A0ABM5U8M7,A0ABM5U8M7__V52_B0_baac342fe8c934efff4f__compound5,V52_B0_baac342fe8c934efff4f,ordinary_candidate,not_forced,not_hard_coded,none,no_gold_standard_bonus,not_Q9T0Z9,418,0.405652,0.250000,0.400000,other_or_genus_only_Yersinia,0.100000,other_unknown_non_phage_or_missing_origin,true,0.596143,0.539901,0.899835,0.000000,0.000000,0.818856,0.818856,88,0.818856,Yersinia aleksiciae,Yersinia,Yersinia,,G_pre1_TARGET_ENGINEERING_COMPOSITE_GENERATED,read_only_unmodified,read_only_unmodified,read_only_unmodified,read_only_unmodified,composite_desc;target_context_desc;target_organism_desc;phage_origin_desc;docking_desc;solubility_no_chaperone_desc;E7_score_desc;source_accession_asc
v5.4.8z2,A0ABN4CNM4,A0ABN4CNM4__V52_B0_638922161cfaf2dce7df__compound5,V52_B0_638922161cfaf2dce7df,ordinary_candidate,not_forced,not_hard_coded,none,no_gold_standard_bonus,not_Q9T0Z9,419,0.405603,0.250000,0.400000,other_or_genus_only_Yersinia,0.100000,other_unknown_non_phage_or_missing_origin,true,0.654309,0.507466,0.845776,0.000000,0.000000,0.714965,0.714965,790,0.714965,Yersinia similis,Yersinia,Yersinia,Lambda-like tail fibre protein N-terminal domain-containing protein,G_pre1_TARGET_ENGINEERING_COMPOSITE_GENERATED,read_only_unmodified,read_only_unmodified,read_only_unmodified,read_only_unmodified,composite_desc;target_context_desc;target_organism_desc;phage_origin_desc;docking_desc;solubility_no_chaperone_desc;E7_score_desc;source_accession_asc
v5.4.8z2,A0A0T9RQ76,A0A0T9RQ76__V52_B0_890c1119263d7ab3dc22__compound5,V52_B0_890c1119263d7ab3dc22,ordinary_candidate,not_forced,not_hard_coded,none,no_gold_standard_bonus,not_Q9T0Z9,420,0.405461,0.250000,0.400000,other_or_genus_only_Yersinia,0.100000,other_unknown_non_phage_or_missing_origin,true,0.566947,0.586201,0.977002,0.000000,0.000000,0.746622,0.746622,707,0.746622,Yersinia similis,Yersinia,Yersinia,,G_pre1_TARGET_ENGINEERING_COMPOSITE_GENERATED,read_only_unmodified,read_only_unmodified,read_only_unmodified,read_only_unmodified,composite_desc;target_context_desc;target_organism_desc;phage_origin_desc;docking_desc;solubility_no_chaperone_desc;E7_score_desc;source_accession_asc
v5.4.8z2,A0ABX6FH78,A0ABX6FH78__V52_B0_8440a07ff3ba00b08017__compound5,V52_B0_8440a07ff3ba00b08017,ordinary_candidate,not_forced,not_hard_coded,none,no_gold_standard_bonus,not_Q9T0Z9,421,0.405307,0.250000,0.400000,other_or_genus_only_Yersinia,0.100000,other_unknown_non_phage_or_missing_origin,true,0.571655,0.560194,0.933657,0.000000,0.000000,0.828745,0.828745,42,0.828745,Yersinia intermedia,Yersinia,Yersinia,Putative tail fiber protein gp53-like C-terminal domain-containing protein,G_pre1_TARGET_ENGINEERING_COMPOSITE_GENERATED,read_only_unmodified,read_only_unmodified,read_only_unmodified,read_only_unmodified,composite_desc;target_context_desc;target_organism_desc;phage_origin_desc;docking_desc;solubility_no_chaperone_desc;E7_score_desc;source_accession_asc
v5.4.8z2,A0A380PNA2,A0A380PNA2__V52_B0_28a380619f88a3fb4b3f__compound5,V52_B0_28a380619f88a3fb4b3f,ordinary_candidate,not_forced,not_hard_coded,none,no_gold_standard_bonus,not_Q9T0Z9,422,0.404882,0.250000,0.400000,other_or_genus_only_Yersinia,0.100000,other_unknown_non_phage_or_missing_origin,true,0.584195,0.565493,0.942488,0.000000,0.000000,0.748892,0.748892,692,0.748892,Yersinia frederiksenii,Yersinia,Yersinia,,G_pre1_TARGET_ENGINEERING_COMPOSITE_GENERATED,read_only_unmodified,read_only_unmodified,read_only_unmodified,read_only_unmodified,composite_desc;target_context_desc;target_organism_desc;phage_origin_desc;docking_desc;solubility_no_chaperone_desc;E7_score_desc;source_accession_asc
v5.4.8z2,A0AA44I1R7,A0AA44I1R7__V52_B0_aebaa0ec0fdd08782e75__compound5,V52_B0_aebaa0ec0fdd08782e75,ordinary_candidate,not_forced,not_hard_coded,none,no_gold_standard_bonus,not_Q9T0Z9,423,0.404769,0.250000,0.400000,other_or_genus_only_Yersinia,0.100000,other_unknown_non_phage_or_missing_origin,true,0.596977,0.549038,0.915064,0.000000,0.000000,0.761321,0.761321,618,0.761321,Yersinia mollaretii,Yersinia,Yersinia,DNA circulation N-terminal domain-containing protein,G_pre1_TARGET_ENGINEERING_COMPOSITE_GENERATED,read_only_unmodified,read_only_unmodified,read_only_unmodified,read_only_unmodified,composite_desc;target_context_desc;target_organism_desc;phage_origin_desc;docking_desc;solubility_no_chaperone_desc;E7_score_desc;source_accession_asc
v5.4.8z2,A0ABP2DZT0,A0ABP2DZT0__V52_B0_a9ec5f1308e31a8ed1d1__compound5,V52_B0_a9ec5f1308e31a8ed1d1,ordinary_candidate,not_forced,not_hard_coded,none,no_gold_standard_bonus,not_Q9T0Z9,424,0.404223,0.250000,0.400000,other_or_genus_only_Yersinia,0.100000,other_unknown_non_phage_or_missing_origin,true,0.538616,0.583142,0.971903,0.000000,0.000000,0.847423,0.847423,4,0.847423,Yersinia bercovieri ATCC 43970,Yersinia,Yersinia,,G_pre1_TARGET_ENGINEERING_COMPOSITE_GENERATED,read_only_unmodified,read_only_unmodified,read_only_unmodified,read_only_unmodified,composite_desc;target_context_desc;target_organism_desc;phage_origin_desc;docking_desc;solubility_no_chaperone_desc;E7_score_desc;source_accession_asc
v5.4.8z2,A0ABY5UX71,A0ABY5UX71__V52_B0_18e9da99c6c1c68ec542__compound5,V52_B0_18e9da99c6c1c68ec542,ordinary_candidate,not_forced,not_hard_coded,none,no_gold_standard_bonus,not_Q9T0Z9,425,0.404066,0.250000,0.400000,other_or_genus_only_Yersinia,0.100000,other_unknown_non_phage_or_missing_origin,true,0.545446,0.590598,0.984330,0.000000,0.000000,0.787152,0.787152,396,0.787152,Yersinia alsatica,Yersinia,Yersinia,,G_pre1_TARGET_ENGINEERING_COMPOSITE_GENERATED,read_only_unmodified,read_only_unmodified,read_only_unmodified,read_only_unmodified,composite_desc;target_context_desc;target_organism_desc;phage_origin_desc;docking_desc;solubility_no_chaperone_desc;E7_score_desc;source_accession_asc
v5.4.8z2,A0AB73QFS4,A0AB73QFS4__V52_B0_b33e366bba3f843ce7df__compound5,V52_B0_b33e366bba3f843ce7df,ordinary_candidate,not_forced,not_hard_coded,none,no_gold_standard_bonus,not_Q9T0Z9,426,0.403876,0.250000,0.400000,other_or_genus_only_Yersinia,0.100000,other_unknown_non_phage_or_missing_origin,true,0.609561,0.517347,0.862245,0.000000,0.000000,0.819893,0.819893,80,0.819893,Yersinia kristensenii,Yersinia,Yersinia,Tail fiber assembly protein,G_pre1_TARGET_ENGINEERING_COMPOSITE_GENERATED,read_only_unmodified,read_only_unmodified,read_only_unmodified,read_only_unmodified,composite_desc;target_context_desc;target_organism_desc;phage_origin_desc;docking_desc;solubility_no_chaperone_desc;E7_score_desc;source_accession_asc
v5.4.8z2,A0A380PUT3,A0A380PUT3__V52_B0_b91df85cb509b1d4459b__compound5,V52_B0_b91df85cb509b1d4459b,ordinary_candidate,not_forced,not_hard_coded,none,no_gold_standard_bonus,not_Q9T0Z9,427,0.403779,0.250000,0.400000,other_or_genus_only_Yersinia,0.100000,other_unknown_non_phage_or_missing_origin,true,0.559235,0.573109,0.955182,0.000000,0.000000,0.796194,0.796194,288,0.796194,Yersinia frederiksenii,Yersinia,Yersinia,,G_pre1_TARGET_ENGINEERING_COMPOSITE_GENERATED,read_only_unmodified,read_only_unmodified,read_only_unmodified,read_only_unmodified,composite_desc;target_context_desc;target_organism_desc;phage_origin_desc;docking_desc;solubility_no_chaperone_desc;E7_score_desc;source_accession_asc
v5.4.8z2,A0A085U7Z9,A0A085U7Z9__V52_B0_48d9b06c9943c26517e0__compound5,V52_B0_48d9b06c9943c26517e0,ordinary_candidate,not_forced,not_hard_coded,none,no_gold_standard_bonus,not_Q9T0Z9,428,0.403699,0.250000,0.400000,other_or_genus_only_Yersinia,0.100000,other_unknown_non_phage_or_missing_origin,true,0.580397,0.546527,0.910879,0.000000,0.000000,0.816275,0.816275,101,0.816275,Yersinia ruckeri,Yersinia,Yersinia,,G_pre1_TARGET_ENGINEERING_COMPOSITE_GENERATED,read_only_unmodified,read_only_unmodified,read_only_unmodified,read_only_unmodified,composite_desc;target_context_desc;target_organism_desc;phage_origin_desc;docking_desc;solubility_no_chaperone_desc;E7_score_desc;source_accession_asc
v5.4.8z2,A0A208ZSG3,A0A208ZSG3__V52_B0_1831ca57735d44b5d2d8__compound5,V52_B0_1831ca57735d44b5d2d8,ordinary_candidate,not_forced,not_hard_coded,none,no_gold_standard_bonus,not_Q9T0Z9,429,0.403520,0.250000,0.400000,other_or_genus_only_Yersinia,0.100000,other_unknown_non_phage_or_missing_origin,true,0.619207,0.511539,0.852565,0.000000,0.000000,0.797419,0.797419,271,0.797419,Yersinia intermedia,Yersinia,Yersinia,,G_pre1_TARGET_ENGINEERING_COMPOSITE_GENERATED,read_only_unmodified,read_only_unmodified,read_only_unmodified,read_only_unmodified,composite_desc;target_context_desc;target_organism_desc;phage_origin_desc;docking_desc;solubility_no_chaperone_desc;E7_score_desc;source_accession_asc
v5.4.8z2,A0ABM9TGV0,A0ABM9TGV0__V52_B0_9aa5533b4276d74a4f8b__compound5,V52_B0_9aa5533b4276d74a4f8b,ordinary_candidate,not_forced,not_hard_coded,none,no_gold_standard_bonus,not_Q9T0Z9,430,0.403441,0.250000,0.400000,other_or_genus_only_Yersinia,0.100000,other_unknown_non_phage_or_missing_origin,true,0.574029,0.550000,0.916666,0.000000,0.000000,0.822714,0.822714,64,0.822714,Yersinia wautersii,Yersinia,Yersinia,,G_pre1_TARGET_ENGINEERING_COMPOSITE_GENERATED,read_only_unmodified,read_only_unmodified,read_only_unmodified,read_only_unmodified,composite_desc;target_context_desc;target_organism_desc;phage_origin_desc;docking_desc;solubility_no_chaperone_desc;E7_score_desc;source_accession_asc
v5.4.8z2,A0AA44CPT5,A0AA44CPT5__V52_B0_1ddda48fe4f2588f5fb6__compound5,V52_B0_1ddda48fe4f2588f5fb6,ordinary_candidate,not_forced,not_hard_coded,none,no_gold_standard_bonus,not_Q9T0Z9,431,0.403161,0.250000,0.400000,other_or_genus_only_Yersinia,0.100000,other_unknown_non_phage_or_missing_origin,true,0.609861,0.528968,0.881614,0.000000,0.000000,0.757893,0.757893,638,0.757893,Yersinia mollaretii,Yersinia,Yersinia,,G_pre1_TARGET_ENGINEERING_COMPOSITE_GENERATED,read_only_unmodified,read_only_unmodified,read_only_unmodified,read_only_unmodified,composite_desc;target_context_desc;target_organism_desc;phage_origin_desc;docking_desc;solubility_no_chaperone_desc;E7_score_desc;source_accession_asc
v5.4.8z2,A0A0T9KLV1,A0A0T9KLV1__V52_B0_6dd948b0866e14349316__compound5,V52_B0_6dd948b0866e14349316,ordinary_candidate,not_forced,not_hard_coded,none,no_gold_standard_bonus,not_Q9T0Z9,432,0.403068,0.250000,0.400000,other_or_genus_only_Yersinia,0.100000,other_unknown_non_phage_or_missing_origin,true,0.599778,0.523097,0.871828,0.000000,0.000000,0.819859,0.819859,81,0.819859,Yersinia kristensenii,Yersinia,Yersinia,,G_pre1_TARGET_ENGINEERING_COMPOSITE_GENERATED,read_only_unmodified,read_only_unmodified,read_only_unmodified,read_only_unmodified,composite_desc;target_context_desc;target_organism_desc;phage_origin_desc;docking_desc;solubility_no_chaperone_desc;E7_score_desc;source_accession_asc
v5.4.8z2,A0ABW9ETP4,A0ABW9ETP4__V52_B0_17cbb769a4e8745f9041__compound5,V52_B0_17cbb769a4e8745f9041,ordinary_candidate,not_forced,not_hard_coded,none,no_gold_standard_bonus,not_Q9T0Z9,433,0.403030,0.250000,0.400000,other_or_genus_only_Yersinia,0.100000,other_unknown_non_phage_or_missing_origin,true,0.614272,0.524060,0.873434,0.000000,0.000000,0.757265,0.757265,642,0.757265,Yersinia proxima,Yersinia,Yersinia,,G_pre1_TARGET_ENGINEERING_COMPOSITE_GENERATED,read_only_unmodified,read_only_unmodified,read_only_unmodified,read_only_unmodified,composite_desc;target_context_desc;target_organism_desc;phage_origin_desc;docking_desc;solubility_no_chaperone_desc;E7_score_desc;source_accession_asc
v5.4.8z2,A0A0E1NNL7,A0A0E1NNL7__V52_B0_7237b82bd6bce051716c__compound5,V52_B0_7237b82bd6bce051716c,ordinary_candidate,not_forced,not_hard_coded,none,no_gold_standard_bonus,not_Q9T0Z9,434,0.402858,0.250000,0.400000,other_or_genus_only_Yersinia,0.100000,other_unknown_non_phage_or_missing_origin,true,0.593679,0.544841,0.908069,0.000000,0.000000,0.753069,0.753069,666,0.753069,Yersinia pestis bv. Antiqua (strain Antiqua),Yersinia,Yersinia,,G_pre1_TARGET_ENGINEERING_COMPOSITE_GENERATED,read_only_unmodified,read_only_unmodified,read_only_unmodified,read_only_unmodified,composite_desc;target_context_desc;target_organism_desc;phage_origin_desc;docking_desc;solubility_no_chaperone_desc;E7_score_desc;source_accession_asc
v5.4.8z2,A0A0U1QWC7,A0A0U1QWC7__V52_B0_b7091a57ceb502e1a9fd__compound5,V52_B0_b7091a57ceb502e1a9fd,ordinary_candidate,not_forced,not_hard_coded,none,no_gold_standard_bonus,not_Q9T0Z9,435,0.402625,0.250000,0.400000,other_or_genus_only_Yersinia,0.100000,other_unknown_non_phage_or_missing_origin,true,0.576700,0.544267,0.907111,0.000000,0.000000,0.818625,0.818625,90,0.818625,Yersinia pseudotuberculosis serotype O:1b (strain IP 31758),Yersinia,Yersinia,Tail fiber assembly protein,G_pre1_TARGET_ENGINEERING_COMPOSITE_GENERATED,read_only_unmodified,read_only_unmodified,read_only_unmodified,read_only_unmodified,composite_desc;target_context_desc;target_organism_desc;phage_origin_desc;docking_desc;solubility_no_chaperone_desc;E7_score_desc;source_accession_asc
v5.4.8z2,A0ABM9STX9,A0ABM9STX9__V52_B0_b8028806c92f1ba4d550__compound5,V52_B0_b8028806c92f1ba4d550,ordinary_candidate,not_forced,not_hard_coded,none,no_gold_standard_bonus,not_Q9T0Z9,436,0.402522,0.250000,0.400000,other_or_genus_only_Yersinia,0.100000,other_unknown_non_phage_or_missing_origin,true,0.577160,0.540625,0.901041,0.000000,0.000000,0.829292,0.829292,41,0.829292,Yersinia aldovae,Yersinia,Yersinia,,G_pre1_TARGET_ENGINEERING_COMPOSITE_GENERATED,read_only_unmodified,read_only_unmodified,read_only_unmodified,read_only_unmodified,composite_desc;target_context_desc;target_organism_desc;phage_origin_desc;docking_desc;solubility_no_chaperone_desc;E7_score_desc;source_accession_asc
v5.4.8z2,A0A380QTH7,A0A380QTH7__V52_B0_89601c05bde4b2b62838__compound5,V52_B0_89601c05bde4b2b62838,ordinary_candidate,not_forced,not_hard_coded,none,no_gold_standard_bonus,not_Q9T0Z9,437,0.402499,0.250000,0.400000,other_or_genus_only_Yersinia,0.100000,other_unknown_non_phage_or_missing_origin,true,0.566326,0.569463,0.949105,0.000000,0.000000,0.756820,0.756820,645,0.756820,Yersinia ruckeri,Yersinia,Yersinia,,G_pre1_TARGET_ENGINEERING_COMPOSITE_GENERATED,read_only_unmodified,read_only_unmodified,read_only_unmodified,read_only_unmodified,composite_desc;target_context_desc;target_organism_desc;phage_origin_desc;docking_desc;solubility_no_chaperone_desc;E7_score_desc;source_accession_asc
v5.4.8z2,A0ABM6UUN8,A0ABM6UUN8__V52_B0_a13fc3c4703d68b08bdc__compound5,V52_B0_a13fc3c4703d68b08bdc,ordinary_candidate,not_forced,not_hard_coded,none,no_gold_standard_bonus,not_Q9T0Z9,438,0.401800,0.250000,0.400000,other_or_genus_only_Yersinia,0.100000,other_unknown_non_phage_or_missing_origin,true,0.595185,0.536905,0.894841,0.000000,0.000000,0.757651,0.757651,639,0.757651,Yersinia massiliensis,Yersinia,Yersinia,,G_pre1_TARGET_ENGINEERING_COMPOSITE_GENERATED,read_only_unmodified,read_only_unmodified,read_only_unmodified,read_only_unmodified,composite_desc;target_context_desc;target_organism_desc;phage_origin_desc;docking_desc;solubility_no_chaperone_desc;E7_score_desc;source_accession_asc
v5.4.8z2,A0A2G4U293,A0A2G4U293__V52_B0_f4a83ea5a34e4a34483a__compound5,V52_B0_f4a83ea5a34e4a34483a,ordinary_candidate,not_forced,not_hard_coded,none,no_gold_standard_bonus,not_Q9T0Z9,439,0.401709,0.250000,0.400000,other_or_genus_only_Yersinia,0.100000,other_unknown_non_phage_or_missing_origin,true,0.577352,0.553846,0.923077,0.000000,0.000000,0.759385,0.759385,630,0.759385,Yersinia bercovieri,Yersinia,Yersinia,DNA circulation N-terminal domain-containing protein,G_pre1_TARGET_ENGINEERING_COMPOSITE_GENERATED,read_only_unmodified,read_only_unmodified,read_only_unmodified,read_only_unmodified,composite_desc;target_context_desc;target_organism_desc;phage_origin_desc;docking_desc;solubility_no_chaperone_desc;E7_score_desc;source_accession_asc
v5.4.8z2,A0ABM5SR09,A0ABM5SR09__V52_B0_c0b6c02171bf5a47b0cb__compound5,V52_B0_c0b6c02171bf5a47b0cb,ordinary_candidate,not_forced,not_hard_coded,none,no_gold_standard_bonus,not_Q9T0Z9,440,0.401682,0.250000,0.400000,other_or_genus_only_Yersinia,0.100000,other_unknown_non_phage_or_missing_origin,true,0.551076,0.562946,0.938244,0.000000,0.000000,0.827550,0.827550,45,0.827550,Yersinia rochesterensis,Yersinia,Yersinia,,G_pre1_TARGET_ENGINEERING_COMPOSITE_GENERATED,read_only_unmodified,read_only_unmodified,read_only_unmodified,read_only_unmodified,composite_desc;target_context_desc;target_organism_desc;phage_origin_desc;docking_desc;solubility_no_chaperone_desc;E7_score_desc;source_accession_asc
v5.4.8z2,Q666T9,Q666T9__V52_B0_1141a14f8a44c0522d1f__compound5,V52_B0_1141a14f8a44c0522d1f,ordinary_candidate,not_forced,not_hard_coded,none,no_gold_standard_bonus,not_Q9T0Z9,441,0.401674,0.250000,0.400000,other_or_genus_only_Yersinia,0.100000,other_unknown_non_phage_or_missing_origin,true,0.617741,0.524294,0.873823,0.000000,0.000000,0.715342,0.715342,789,0.715342,Yersinia pseudotuberculosis serotype I (strain IP32953),Yersinia,Yersinia,Phage tail fibre protein N-terminal domain-containing protein,G_pre1_TARGET_ENGINEERING_COMPOSITE_GENERATED,read_only_unmodified,read_only_unmodified,read_only_unmodified,read_only_unmodified,composite_desc;target_context_desc;target_organism_desc;phage_origin_desc;docking_desc;solubility_no_chaperone_desc;E7_score_desc;source_accession_asc
v5.4.8z2,A0A0T9QEA5,A0A0T9QEA5__V52_B0_46c9ef41553ce795f3e5__compound5,V52_B0_46c9ef41553ce795f3e5,ordinary_candidate,not_forced,not_hard_coded,none,no_gold_standard_bonus,not_Q9T0Z9,442,0.401638,0.250000,0.400000,other_or_genus_only_Yersinia,0.100000,other_unknown_non_phage_or_missing_origin,true,0.635519,0.482782,0.804636,0.000000,0.000000,0.809552,0.809552,145,0.809552,Yersinia thracica,Yersinia,Yersinia,,G_pre1_TARGET_ENGINEERING_COMPOSITE_GENERATED,read_only_unmodified,read_only_unmodified,read_only_unmodified,read_only_unmodified,composite_desc;target_context_desc;target_organism_desc;phage_origin_desc;docking_desc;solubility_no_chaperone_desc;E7_score_desc;source_accession_asc
v5.4.8z2,A0AA44CIX0,A0AA44CIX0__V52_B0_55530be3cb196be1ba9b__compound5,V52_B0_55530be3cb196be1ba9b,ordinary_candidate,not_forced,not_hard_coded,none,no_gold_standard_bonus,not_Q9T0Z9,443,0.401313,0.250000,0.400000,other_or_genus_only_Yersinia,0.100000,other_unknown_non_phage_or_missing_origin,true,0.636511,0.480298,0.800497,0.000000,0.000000,0.809027,0.809027,146,0.809027,Yersinia mollaretii,Yersinia,Yersinia,,G_pre1_TARGET_ENGINEERING_COMPOSITE_GENERATED,read_only_unmodified,read_only_unmodified,read_only_unmodified,read_only_unmodified,composite_desc;target_context_desc;target_organism_desc;phage_origin_desc;docking_desc;solubility_no_chaperone_desc;E7_score_desc;source_accession_asc
v5.4.8z2,A0ABM7ANK9,A0ABM7ANK9__V52_B0_ead335fd360c11cc00e2__compound5,V52_B0_ead335fd360c11cc00e2,ordinary_candidate,not_forced,not_hard_coded,none,no_gold_standard_bonus,not_Q9T0Z9,444,0.401240,0.250000,0.400000,other_or_genus_only_Yersinia,0.100000,other_unknown_non_phage_or_missing_origin,true,0.554732,0.575214,0.958690,0.000000,0.000000,0.755015,0.755015,656,0.755015,Yersinia pseudotuberculosis,Yersinia,Yersinia,,G_pre1_TARGET_ENGINEERING_COMPOSITE_GENERATED,read_only_unmodified,read_only_unmodified,read_only_unmodified,read_only_unmodified,composite_desc;target_context_desc;target_organism_desc;phage_origin_desc;docking_desc;solubility_no_chaperone_desc;E7_score_desc;source_accession_asc
v5.4.8z2,A0ABR4VY47,A0ABR4VY47__V52_B0_9b3726964f56e2e9c5d4__compound5,V52_B0_9b3726964f56e2e9c5d4,ordinary_candidate,not_forced,not_hard_coded,none,no_gold_standard_bonus,not_Q9T0Z9,445,0.401236,0.250000,0.400000,other_or_genus_only_Yersinia,0.100000,other_unknown_non_phage_or_missing_origin,true,0.596919,0.528261,0.880435,0.000000,0.000000,0.774003,0.774003,513,0.774003,Yersinia frederiksenii ATCC 33641,Yersinia,Yersinia,,G_pre1_TARGET_ENGINEERING_COMPOSITE_GENERATED,read_only_unmodified,read_only_unmodified,read_only_unmodified,read_only_unmodified,composite_desc;target_context_desc;target_organism_desc;phage_origin_desc;docking_desc;solubility_no_chaperone_desc;E7_score_desc;source_accession_asc
v5.4.8z2,A0A0H2W1J5,A0A0H2W1J5__V52_B0_f40d83d26395dc668a1f__compound5,V52_B0_f40d83d26395dc668a1f,ordinary_candidate,not_forced,not_hard_coded,none,no_gold_standard_bonus,not_Q9T0Z9,446,0.400794,0.250000,0.400000,other_or_genus_only_Yersinia,0.100000,other_unknown_non_phage_or_missing_origin,true,0.560233,0.552510,0.920850,0.000000,0.000000,0.814903,0.814903,107,0.814903,Yersinia pestis,Yersinia,Yersinia,,G_pre1_TARGET_ENGINEERING_COMPOSITE_GENERATED,read_only_unmodified,read_only_unmodified,read_only_unmodified,read_only_unmodified,composite_desc;target_context_desc;target_organism_desc;phage_origin_desc;docking_desc;solubility_no_chaperone_desc;E7_score_desc;source_accession_asc
v5.4.8z2,A0AB73PZQ4,A0AB73PZQ4__V52_B0_366221580fe5e88840af__compound5,V52_B0_366221580fe5e88840af,ordinary_candidate,not_forced,not_hard_coded,none,no_gold_standard_bonus,not_Q9T0Z9,447,0.400691,0.250000,0.400000,other_or_genus_only_Yersinia,0.100000,other_unknown_non_phage_or_missing_origin,true,0.608026,0.505133,0.841888,0.000000,0.000000,0.811178,0.811178,131,0.811178,Yersinia kristensenii,Yersinia,Yersinia,,G_pre1_TARGET_ENGINEERING_COMPOSITE_GENERATED,read_only_unmodified,read_only_unmodified,read_only_unmodified,read_only_unmodified,composite_desc;target_context_desc;target_organism_desc;phage_origin_desc;docking_desc;solubility_no_chaperone_desc;E7_score_desc;source_accession_asc
v5.4.8z2,A0ABP1YSK3,A0ABP1YSK3__V52_B0_e443fcb4c14b34daee44__compound5,V52_B0_e443fcb4c14b34daee44,ordinary_candidate,not_forced,not_hard_coded,none,no_gold_standard_bonus,not_Q9T0Z9,448,0.400342,0.250000,0.400000,other_or_genus_only_Yersinia,0.100000,other_unknown_non_phage_or_missing_origin,true,0.597512,0.527820,0.879700,0.000000,0.000000,0.755516,0.755516,651,0.755516,Yersinia aldovae,Yersinia,Yersinia,,G_pre1_TARGET_ENGINEERING_COMPOSITE_GENERATED,read_only_unmodified,read_only_unmodified,read_only_unmodified,read_only_unmodified,composite_desc;target_context_desc;target_organism_desc;phage_origin_desc;docking_desc;solubility_no_chaperone_desc;E7_score_desc;source_accession_asc
v5.4.8z2,A0AAW7JSQ1,A0AAW7JSQ1__V52_B0_77dbbb5b74ed10d32e28__compound5,V52_B0_77dbbb5b74ed10d32e28,ordinary_candidate,not_forced,not_hard_coded,none,no_gold_standard_bonus,not_Q9T0Z9,449,0.400197,0.250000,0.400000,other_or_genus_only_Yersinia,0.100000,other_unknown_non_phage_or_missing_origin,true,0.563339,0.550000,0.916667,0.000000,0.000000,0.800589,0.800589,233,0.800589,Yersinia nurmii,Yersinia,Yersinia,,G_pre1_TARGET_ENGINEERING_COMPOSITE_GENERATED,read_only_unmodified,read_only_unmodified,read_only_unmodified,read_only_unmodified,composite_desc;target_context_desc;target_organism_desc;phage_origin_desc;docking_desc;solubility_no_chaperone_desc;E7_score_desc;source_accession_asc
v5.4.8z2,A0ABM9YBE2,A0ABM9YBE2__V52_B0_60bfe9defa0aa5bddc9c__compound5,V52_B0_60bfe9defa0aa5bddc9c,ordinary_candidate,not_forced,not_hard_coded,none,no_gold_standard_bonus,not_Q9T0Z9,450,0.400156,0.250000,0.400000,other_or_genus_only_Yersinia,0.100000,other_unknown_non_phage_or_missing_origin,true,0.540355,0.565909,0.943181,0.000000,0.000000,0.828057,0.828057,44,0.828057,Yersinia mollaretii (strain ATCC 43969 / DSM 18520 / CIP 103324 / CNY 7263 / WAIP 204),Yersinia,Yersinia,,G_pre1_TARGET_ENGINEERING_COMPOSITE_GENERATED,read_only_unmodified,read_only_unmodified,read_only_unmodified,read_only_unmodified,composite_desc;target_context_desc;target_organism_desc;phage_origin_desc;docking_desc;solubility_no_chaperone_desc;E7_score_desc;source_accession_asc
v5.4.8z2,A0ABM9TGR4,A0ABM9TGR4__V52_B0_1c2a0329f9aa0045d9d3__compound5,V52_B0_1c2a0329f9aa0045d9d3,ordinary_candidate,not_forced,not_hard_coded,none,no_gold_standard_bonus,not_Q9T0Z9,451,0.399959,0.250000,0.400000,other_or_genus_only_Yersinia,0.100000,other_unknown_non_phage_or_missing_origin,true,0.585990,0.548540,0.914234,0.000000,0.000000,0.711067,0.711067,795,0.711067,Yersinia wautersii,Yersinia,Yersinia,,G_pre1_TARGET_ENGINEERING_COMPOSITE_GENERATED,read_only_unmodified,read_only_unmodified,read_only_unmodified,read_only_unmodified,composite_desc;target_context_desc;target_organism_desc;phage_origin_desc;docking_desc;solubility_no_chaperone_desc;E7_score_desc;source_accession_asc
v5.4.8z2,A0ABY5UV58,A0ABY5UV58__V52_B0_3db39da15c38b3d341a6__compound5,V52_B0_3db39da15c38b3d341a6,ordinary_candidate,not_forced,not_hard_coded,none,no_gold_standard_bonus,not_Q9T0Z9,452,0.399714,0.250000,0.400000,other_or_genus_only_Yersinia,0.100000,other_unknown_non_phage_or_missing_origin,true,0.540360,0.562237,0.937062,0.000000,0.000000,0.833900,0.833900,27,0.833900,Yersinia alsatica,Yersinia,Yersinia,,G_pre1_TARGET_ENGINEERING_COMPOSITE_GENERATED,read_only_unmodified,read_only_unmodified,read_only_unmodified,read_only_unmodified,composite_desc;target_context_desc;target_organism_desc;phage_origin_desc;docking_desc;solubility_no_chaperone_desc;E7_score_desc;source_accession_asc
v5.4.8z2,A0ABP1ZGZ5,A0ABP1ZGZ5__V52_B0_f0ceacd051d8e80a3f55__compound5,V52_B0_f0ceacd051d8e80a3f55,ordinary_candidate,not_forced,not_hard_coded,none,no_gold_standard_bonus,not_Q9T0Z9,453,0.399475,0.250000,0.400000,other_or_genus_only_Yersinia,0.100000,other_unknown_non_phage_or_missing_origin,true,0.551241,0.550862,0.918104,0.000000,0.000000,0.831084,0.831084,32,0.831084,Yersinia wautersii,Yersinia,Yersinia,,G_pre1_TARGET_ENGINEERING_COMPOSITE_GENERATED,read_only_unmodified,read_only_unmodified,read_only_unmodified,read_only_unmodified,composite_desc;target_context_desc;target_organism_desc;phage_origin_desc;docking_desc;solubility_no_chaperone_desc;E7_score_desc;source_accession_asc
v5.4.8z2,A0A0H2YKF3,A0A0H2YKF3__V52_B0_b0256af32232ec2e50fa__compound5,V52_B0_b0256af32232ec2e50fa,ordinary_candidate,not_forced,not_hard_coded,none,no_gold_standard_bonus,not_Q9T0Z9,454,0.399370,0.250000,0.400000,other_or_genus_only_Yersinia,0.100000,other_unknown_non_phage_or_missing_origin,true,0.553397,0.552510,0.920850,0.000000,0.000000,0.813763,0.813763,112,0.813763,Yersinia pestis bv. Antiqua (strain Nepal516),Yersinia,Yersinia,,G_pre1_TARGET_ENGINEERING_COMPOSITE_GENERATED,read_only_unmodified,read_only_unmodified,read_only_unmodified,read_only_unmodified,composite_desc;target_context_desc;target_organism_desc;phage_origin_desc;docking_desc;solubility_no_chaperone_desc;E7_score_desc;source_accession_asc
v5.4.8z2,A0AA44CIM3,A0AA44CIM3__V52_B0_3e1ce7e60c55a094a9c5__compound5,V52_B0_3e1ce7e60c55a094a9c5,ordinary_candidate,not_forced,not_hard_coded,none,no_gold_standard_bonus,not_Q9T0Z9,455,0.399194,0.250000,0.400000,other_or_genus_only_Yersinia,0.100000,other_unknown_non_phage_or_missing_origin,true,0.555270,0.556991,0.928318,0.000000,0.000000,0.784846,0.784846,423,0.784846,Yersinia mollaretii,Yersinia,Yersinia,Putative tail fiber protein gp53-like C-terminal domain-containing protein,G_pre1_TARGET_ENGINEERING_COMPOSITE_GENERATED,read_only_unmodified,read_only_unmodified,read_only_unmodified,read_only_unmodified,composite_desc;target_context_desc;target_organism_desc;phage_origin_desc;docking_desc;solubility_no_chaperone_desc;E7_score_desc;source_accession_asc
v5.4.8z2,Q66BC8,Q66BC8__V52_B0_ef15a4a3f07f7d809026__compound5,V52_B0_ef15a4a3f07f7d809026,ordinary_candidate,not_forced,not_hard_coded,none,no_gold_standard_bonus,not_Q9T0Z9,456,0.399146,0.250000,0.400000,other_or_genus_only_Yersinia,0.100000,other_unknown_non_phage_or_missing_origin,true,0.533598,0.586847,0.978079,0.000000,0.000000,0.751129,0.751129,678,0.751129,Yersinia pseudotuberculosis serotype I (strain IP32953),Yersinia,Yersinia,Tail fiber protein,G_pre1_TARGET_ENGINEERING_COMPOSITE_GENERATED,read_only_unmodified,read_only_unmodified,read_only_unmodified,read_only_unmodified,composite_desc;target_context_desc;target_organism_desc;phage_origin_desc;docking_desc;solubility_no_chaperone_desc;E7_score_desc;source_accession_asc
v5.4.8z2,A0ABM9SZ95,A0ABM9SZ95__V52_B0_e3c4454ad10d53a4edaa__compound5,V52_B0_e3c4454ad10d53a4edaa,ordinary_candidate,not_forced,not_hard_coded,none,no_gold_standard_bonus,not_Q9T0Z9,457,0.399138,0.250000,0.400000,other_or_genus_only_Yersinia,0.100000,other_unknown_non_phage_or_missing_origin,true,0.516745,0.587204,0.978673,0.000000,0.000000,0.816965,0.816965,97,0.816965,Yersinia aldovae,Yersinia,Yersinia,,G_pre1_TARGET_ENGINEERING_COMPOSITE_GENERATED,read_only_unmodified,read_only_unmodified,read_only_unmodified,read_only_unmodified,composite_desc;target_context_desc;target_organism_desc;phage_origin_desc;docking_desc;solubility_no_chaperone_desc;E7_score_desc;source_accession_asc
v5.4.8z2,A0AA36LM82,A0AA36LM82__V52_B0_5b9d23bf213227a75fc9__compound5,V52_B0_5b9d23bf213227a75fc9,ordinary_candidate,not_forced,not_hard_coded,none,no_gold_standard_bonus,not_Q9T0Z9,458,0.399095,0.250000,0.400000,other_or_genus_only_Yersinia,0.100000,other_unknown_non_phage_or_missing_origin,true,0.541345,0.571349,0.952248,0.000000,0.000000,0.781122,0.781122,462,0.781122,Yersinia mollaretii,Yersinia,Yersinia,,G_pre1_TARGET_ENGINEERING_COMPOSITE_GENERATED,read_only_unmodified,read_only_unmodified,read_only_unmodified,read_only_unmodified,composite_desc;target_context_desc;target_organism_desc;phage_origin_desc;docking_desc;solubility_no_chaperone_desc;E7_score_desc;source_accession_asc
v5.4.8z2,A0AB73PEI7,A0AB73PEI7__V52_B0_cee207b6b76921502b4c__compound5,V52_B0_cee207b6b76921502b4c,ordinary_candidate,not_forced,not_hard_coded,none,no_gold_standard_bonus,not_Q9T0Z9,459,0.398911,0.250000,0.400000,other_or_genus_only_Yersinia,0.100000,other_unknown_non_phage_or_missing_origin,true,0.520603,0.580095,0.966825,0.000000,0.000000,0.825437,0.825437,54,0.825437,Yersinia kristensenii,Yersinia,Yersinia,,G_pre1_TARGET_ENGINEERING_COMPOSITE_GENERATED,read_only_unmodified,read_only_unmodified,read_only_unmodified,read_only_unmodified,composite_desc;target_context_desc;target_organism_desc;phage_origin_desc;docking_desc;solubility_no_chaperone_desc;E7_score_desc;source_accession_asc
v5.4.8z2,A0A380PP39,A0A380PP39__V52_B0_5cf07f3f2145c1743059__compound5,V52_B0_5cf07f3f2145c1743059,ordinary_candidate,not_forced,not_hard_coded,none,no_gold_standard_bonus,not_Q9T0Z9,460,0.398743,0.250000,0.400000,other_or_genus_only_Yersinia,0.100000,other_unknown_non_phage_or_missing_origin,true,0.580634,0.525000,0.875000,0.000000,0.000000,0.802328,0.802328,216,0.802328,Yersinia frederiksenii,Yersinia,Yersinia,,G_pre1_TARGET_ENGINEERING_COMPOSITE_GENERATED,read_only_unmodified,read_only_unmodified,read_only_unmodified,read_only_unmodified,composite_desc;target_context_desc;target_organism_desc;phage_origin_desc;docking_desc;solubility_no_chaperone_desc;E7_score_desc;source_accession_asc
v5.4.8z2,A0A0T9RKA1,A0A0T9RKA1__V52_B0_bbca6654a076eb9c5b3a__compound5,V52_B0_bbca6654a076eb9c5b3a,ordinary_candidate,not_forced,not_hard_coded,none,no_gold_standard_bonus,not_Q9T0Z9,461,0.398436,0.250000,0.400000,other_or_genus_only_Yersinia,0.100000,other_unknown_non_phage_or_missing_origin,true,0.581037,0.536905,0.894841,0.000000,0.000000,0.746960,0.746960,706,0.746960,Yersinia pekkanenii,Yersinia,Yersinia,,G_pre1_TARGET_ENGINEERING_COMPOSITE_GENERATED,read_only_unmodified,read_only_unmodified,read_only_unmodified,read_only_unmodified,composite_desc;target_context_desc;target_organism_desc;phage_origin_desc;docking_desc;solubility_no_chaperone_desc;E7_score_desc;source_accession_asc
v5.4.8z2,A0A0H3B6E0,A0A0H3B6E0__V52_B0_ad67e92e76e8f5e84c40__compound5,V52_B0_ad67e92e76e8f5e84c40,ordinary_candidate,not_forced,not_hard_coded,none,no_gold_standard_bonus,not_Q9T0Z9,462,0.398432,0.250000,0.400000,other_or_genus_only_Yersinia,0.100000,other_unknown_non_phage_or_missing_origin,true,0.552491,0.547059,0.911765,0.000000,0.000000,0.820431,0.820431,78,0.820431,Yersinia pseudotuberculosis serotype O:3 (strain YPIII),Yersinia,Yersinia,,G_pre1_TARGET_ENGINEERING_COMPOSITE_GENERATED,read_only_unmodified,read_only_unmodified,read_only_unmodified,read_only_unmodified,composite_desc;target_context_desc;target_organism_desc;phage_origin_desc;docking_desc;solubility_no_chaperone_desc;E7_score_desc;source_accession_asc
v5.4.8z2,A0ABM5U8N2,A0ABM5U8N2__V52_B0_1643d2e2c512c00c286e__compound5,V52_B0_1643d2e2c512c00c286e,ordinary_candidate,not_forced,not_hard_coded,none,no_gold_standard_bonus,not_Q9T0Z9,463,0.398355,0.250000,0.400000,other_or_genus_only_Yersinia,0.100000,other_unknown_non_phage_or_missing_origin,true,0.587342,0.525379,0.875632,0.000000,0.000000,0.766215,0.766215,579,0.766215,Yersinia aleksiciae,Yersinia,Yersinia,Variable tail fiber protein,G_pre1_TARGET_ENGINEERING_COMPOSITE_GENERATED,read_only_unmodified,read_only_unmodified,read_only_unmodified,read_only_unmodified,composite_desc;target_context_desc;target_organism_desc;phage_origin_desc;docking_desc;solubility_no_chaperone_desc;E7_score_desc;source_accession_asc
v5.4.8z2,A0ABW9EWX0,A0ABW9EWX0__V52_B0_bcc8caf932f52a0b22c1__compound5,V52_B0_bcc8caf932f52a0b22c1,ordinary_candidate,not_forced,not_hard_coded,none,no_gold_standard_bonus,not_Q9T0Z9,464,0.398120,0.250000,0.400000,other_or_genus_only_Yersinia,0.100000,other_unknown_non_phage_or_missing_origin,true,0.575437,0.535534,0.892557,0.000000,0.000000,0.768522,0.768522,565,0.768522,Yersinia proxima,Yersinia,Yersinia,,G_pre1_TARGET_ENGINEERING_COMPOSITE_GENERATED,read_only_unmodified,read_only_unmodified,read_only_unmodified,read_only_unmodified,composite_desc;target_context_desc;target_organism_desc;phage_origin_desc;docking_desc;solubility_no_chaperone_desc;E7_score_desc;source_accession_asc
v5.4.8z2,A0ABP1Y7W3,A0ABP1Y7W3__V52_B0_38e66c3d2f114a3c590d__compound5,V52_B0_38e66c3d2f114a3c590d,ordinary_candidate,not_forced,not_hard_coded,none,no_gold_standard_bonus,not_Q9T0Z9,465,0.398050,0.250000,0.400000,other_or_genus_only_Yersinia,0.100000,other_unknown_non_phage_or_missing_origin,true,0.536907,0.565705,0.942841,0.000000,0.000000,0.800546,0.800546,235,0.800546,Yersinia nurmii,Yersinia,Yersinia,,G_pre1_TARGET_ENGINEERING_COMPOSITE_GENERATED,read_only_unmodified,read_only_unmodified,read_only_unmodified,read_only_unmodified,composite_desc;target_context_desc;target_organism_desc;phage_origin_desc;docking_desc;solubility_no_chaperone_desc;E7_score_desc;source_accession_asc
v5.4.8z2,A0ABN4PWA2,A0ABN4PWA2__V52_B0_b4048ffaa5e69904ba8b__compound5,V52_B0_b4048ffaa5e69904ba8b,ordinary_candidate,not_forced,not_hard_coded,none,no_gold_standard_bonus,not_Q9T0Z9,466,0.397752,0.250000,0.400000,other_or_genus_only_Yersinia,0.100000,other_unknown_non_phage_or_missing_origin,true,0.583892,0.530161,0.883601,0.000000,0.000000,0.748831,0.748831,693,0.748831,Yersinia entomophaga,Yersinia,Yersinia,Phage tail fibre protein N-terminal domain-containing protein,G_pre1_TARGET_ENGINEERING_COMPOSITE_GENERATED,read_only_unmodified,read_only_unmodified,read_only_unmodified,read_only_unmodified,composite_desc;target_context_desc;target_organism_desc;phage_origin_desc;docking_desc;solubility_no_chaperone_desc;E7_score_desc;source_accession_asc
v5.4.8z2,A0ABM5UH14,A0ABM5UH14__V52_B0_58cafeff03e66a7f5295__compound5,V52_B0_58cafeff03e66a7f5295,ordinary_candidate,not_forced,not_hard_coded,none,no_gold_standard_bonus,not_Q9T0Z9,467,0.397693,0.250000,0.400000,other_or_genus_only_Yersinia,0.100000,other_unknown_non_phage_or_missing_origin,true,0.557220,0.548492,0.914153,0.000000,0.000000,0.781013,0.781013,464,0.781013,Yersinia aleksiciae,Yersinia,Yersinia,,G_pre1_TARGET_ENGINEERING_COMPOSITE_GENERATED,read_only_unmodified,read_only_unmodified,read_only_unmodified,read_only_unmodified,composite_desc;target_context_desc;target_organism_desc;phage_origin_desc;docking_desc;solubility_no_chaperone_desc;E7_score_desc;source_accession_asc
v5.4.8z2,A0A0T9KKA0,A0A0T9KKA0__V52_B0_1c5d8d98de121e5ab9c2__compound5,V52_B0_1c5d8d98de121e5ab9c2,ordinary_candidate,not_forced,not_hard_coded,none,no_gold_standard_bonus,not_Q9T0Z9,468,0.397649,0.250000,0.400000,other_or_genus_only_Yersinia,0.100000,other_unknown_non_phage_or_missing_origin,true,0.562773,0.542876,0.904793,0.000000,0.000000,0.780379,0.780379,469,0.780379,Yersinia kristensenii,Yersinia,Yersinia,,G_pre1_TARGET_ENGINEERING_COMPOSITE_GENERATED,read_only_unmodified,read_only_unmodified,read_only_unmodified,read_only_unmodified,composite_desc;target_context_desc;target_organism_desc;phage_origin_desc;docking_desc;solubility_no_chaperone_desc;E7_score_desc;source_accession_asc
v5.4.8z2,Q66CW5,Q66CW5__V52_B0_f7cb6b63a2a5c640b83a__compound5,V52_B0_f7cb6b63a2a5c640b83a,ordinary_candidate,not_forced,not_hard_coded,none,no_gold_standard_bonus,not_Q9T0Z9,469,0.397297,0.250000,0.400000,other_or_genus_only_Yersinia,0.100000,other_unknown_non_phage_or_missing_origin,true,0.571063,0.540873,0.901455,0.000000,0.000000,0.748197,0.748197,698,0.748197,Yersinia pseudotuberculosis serotype I (strain IP32953),Yersinia,Yersinia,,G_pre1_TARGET_ENGINEERING_COMPOSITE_GENERATED,read_only_unmodified,read_only_unmodified,read_only_unmodified,read_only_unmodified,composite_desc;target_context_desc;target_organism_desc;phage_origin_desc;docking_desc;solubility_no_chaperone_desc;E7_score_desc;source_accession_asc
v5.4.8z2,A0A380Q814,A0A380Q814__V52_B0_b8ffc4aeeb6e84633067__compound5,V52_B0_b8ffc4aeeb6e84633067,ordinary_candidate,not_forced,not_hard_coded,none,no_gold_standard_bonus,not_Q9T0Z9,470,0.397207,0.250000,0.400000,other_or_genus_only_Yersinia,0.100000,other_unknown_non_phage_or_missing_origin,true,0.508828,0.584360,0.973933,0.000000,0.000000,0.821392,0.821392,71,0.821392,Yersinia pseudotuberculosis,Yersinia,Yersinia,,G_pre1_TARGET_ENGINEERING_COMPOSITE_GENERATED,read_only_unmodified,read_only_unmodified,read_only_unmodified,read_only_unmodified,composite_desc;target_context_desc;target_organism_desc;phage_origin_desc;docking_desc;solubility_no_chaperone_desc;E7_score_desc;source_accession_asc
v5.4.8z2,A0A0E1NX19,A0A0E1NX19__V52_B0_d480ba8adcb6c35717e9__compound5,V52_B0_d480ba8adcb6c35717e9,ordinary_candidate,not_forced,not_hard_coded,none,no_gold_standard_bonus,not_Q9T0Z9,471,0.397132,0.250000,0.400000,other_or_genus_only_Yersinia,0.100000,other_unknown_non_phage_or_missing_origin,true,0.593830,0.500719,0.834532,0.000000,0.000000,0.814449,0.814449,110,0.814449,Yersinia pestis bv. Antiqua (strain Antiqua),Yersinia,Yersinia,,G_pre1_TARGET_ENGINEERING_COMPOSITE_GENERATED,read_only_unmodified,read_only_unmodified,read_only_unmodified,read_only_unmodified,composite_desc;target_context_desc;target_organism_desc;phage_origin_desc;docking_desc;solubility_no_chaperone_desc;E7_score_desc;source_accession_asc
v5.4.8z2,A0ABM9Y7R4,A0ABM9Y7R4__V52_B0_6655b160db778c198d38__compound5,V52_B0_6655b160db778c198d38,ordinary_candidate,not_forced,not_hard_coded,none,no_gold_standard_bonus,not_Q9T0Z9,472,0.396778,0.250000,0.400000,other_or_genus_only_Yersinia,0.100000,other_unknown_non_phage_or_missing_origin,true,0.515075,0.586790,0.977983,0.000000,0.000000,0.778091,0.778091,486,0.778091,Yersinia mollaretii (strain ATCC 43969 / DSM 18520 / CIP 103324 / CNY 7263 / WAIP 204),Yersinia,Yersinia,,G_pre1_TARGET_ENGINEERING_COMPOSITE_GENERATED,read_only_unmodified,read_only_unmodified,read_only_unmodified,read_only_unmodified,composite_desc;target_context_desc;target_organism_desc;phage_origin_desc;docking_desc;solubility_no_chaperone_desc;E7_score_desc;source_accession_asc
v5.4.8z2,A0ABN4PV81,A0ABN4PV81__V52_B0_adcf33afd748c030de03__compound5,V52_B0_adcf33afd748c030de03,ordinary_candidate,not_forced,not_hard_coded,none,no_gold_standard_bonus,not_Q9T0Z9,473,0.396710,0.250000,0.400000,other_or_genus_only_Yersinia,0.100000,other_unknown_non_phage_or_missing_origin,true,0.566091,0.525000,0.875000,0.000000,0.000000,0.819839,0.819839,82,0.819839,Yersinia entomophaga,Yersinia,Yersinia,Tail fiber assembly protein,G_pre1_TARGET_ENGINEERING_COMPOSITE_GENERATED,read_only_unmodified,read_only_unmodified,read_only_unmodified,read_only_unmodified,composite_desc;target_context_desc;target_organism_desc;phage_origin_desc;docking_desc;solubility_no_chaperone_desc;E7_score_desc;source_accession_asc
v5.4.8z2,A0ABM7ALJ4,A0ABM7ALJ4__V52_B0_25909160cdcc18107f5e__compound5,V52_B0_25909160cdcc18107f5e,ordinary_candidate,not_forced,not_hard_coded,none,no_gold_standard_bonus,not_Q9T0Z9,474,0.396653,0.250000,0.400000,other_or_genus_only_Yersinia,0.100000,other_unknown_non_phage_or_missing_origin,true,0.572107,0.528709,0.881181,0.000000,0.000000,0.779796,0.779796,473,0.779796,Yersinia pseudotuberculosis,Yersinia,Yersinia,,G_pre1_TARGET_ENGINEERING_COMPOSITE_GENERATED,read_only_unmodified,read_only_unmodified,read_only_unmodified,read_only_unmodified,composite_desc;target_context_desc;target_organism_desc;phage_origin_desc;docking_desc;solubility_no_chaperone_desc;E7_score_desc;source_accession_asc
v5.4.8z2,A0A857EWU7,A0A857EWU7__V52_B0_2538d7b683ed65215ca4__compound5,V52_B0_2538d7b683ed65215ca4,ordinary_candidate,not_forced,not_hard_coded,none,no_gold_standard_bonus,not_Q9T0Z9,475,0.396414,0.250000,0.400000,other_or_genus_only_Yersinia,0.100000,other_unknown_non_phage_or_missing_origin,true,0.560163,0.545833,0.909722,0.000000,0.000000,0.754295,0.754295,660,0.754295,Yersinia canariae,Yersinia,Yersinia,DNA circulation N-terminal domain-containing protein,G_pre1_TARGET_ENGINEERING_COMPOSITE_GENERATED,read_only_unmodified,read_only_unmodified,read_only_unmodified,read_only_unmodified,composite_desc;target_context_desc;target_organism_desc;phage_origin_desc;docking_desc;solubility_no_chaperone_desc;E7_score_desc;source_accession_asc
v5.4.8z2,A0A0T9UMM8,A0A0T9UMM8__V52_B0_b2bc48e28d92d34af989__compound5,V52_B0_b2bc48e28d92d34af989,ordinary_candidate,not_forced,not_hard_coded,none,no_gold_standard_bonus,not_Q9T0Z9,476,0.396348,0.250000,0.400000,other_or_genus_only_Yersinia,0.100000,other_unknown_non_phage_or_missing_origin,true,0.578914,0.544660,0.907767,0.000000,0.000000,0.682666,0.682666,815,0.682666,Yersinia aldovae,Yersinia,Yersinia,,G_pre1_TARGET_ENGINEERING_COMPOSITE_GENERATED,read_only_unmodified,read_only_unmodified,read_only_unmodified,read_only_unmodified,composite_desc;target_context_desc;target_organism_desc;phage_origin_desc;docking_desc;solubility_no_chaperone_desc;E7_score_desc;source_accession_asc
v5.4.8z2,A0A0A8VIE2,A0A0A8VIE2__V52_B0_348efcace362866790d0__compound5,V52_B0_348efcace362866790d0,ordinary_candidate,not_forced,not_hard_coded,none,no_gold_standard_bonus,not_Q9T0Z9,477,0.396337,0.250000,0.400000,other_or_genus_only_Yersinia,0.100000,other_unknown_non_phage_or_missing_origin,true,0.569018,0.519643,0.866071,0.000000,0.000000,0.822106,0.822106,67,0.822106,Yersinia ruckeri,Yersinia,Yersinia,,G_pre1_TARGET_ENGINEERING_COMPOSITE_GENERATED,read_only_unmodified,read_only_unmodified,read_only_unmodified,read_only_unmodified,composite_desc;target_context_desc;target_organism_desc;phage_origin_desc;docking_desc;solubility_no_chaperone_desc;E7_score_desc;source_accession_asc
v5.4.8z2,A0ABP1YWJ1,A0ABP1YWJ1__V52_B0_20b9f9625cff9c71f8f4__compound5,V52_B0_20b9f9625cff9c71f8f4,ordinary_candidate,not_forced,not_hard_coded,none,no_gold_standard_bonus,not_Q9T0Z9,478,0.395954,0.250000,0.400000,other_or_genus_only_Yersinia,0.100000,other_unknown_non_phage_or_missing_origin,true,0.597677,0.494595,0.824325,0.000000,0.000000,0.799990,0.799990,237,0.799990,Yersinia aldovae,Yersinia,Yersinia,,G_pre1_TARGET_ENGINEERING_COMPOSITE_GENERATED,read_only_unmodified,read_only_unmodified,read_only_unmodified,read_only_unmodified,composite_desc;target_context_desc;target_organism_desc;phage_origin_desc;docking_desc;solubility_no_chaperone_desc;E7_score_desc;source_accession_asc
v5.4.8z2,A0A0H3AWU3,A0A0H3AWU3__V52_B0_cc761d4c0c9de1b8dc05__compound5,V52_B0_cc761d4c0c9de1b8dc05,ordinary_candidate,not_forced,not_hard_coded,none,no_gold_standard_bonus,not_Q9T0Z9,479,0.395951,0.250000,0.400000,other_or_genus_only_Yersinia,0.100000,other_unknown_non_phage_or_missing_origin,true,0.563151,0.538810,0.898017,0.000000,0.000000,0.761175,0.761175,620,0.761175,Yersinia pseudotuberculosis serotype O:3 (strain YPIII),Yersinia,Yersinia,,G_pre1_TARGET_ENGINEERING_COMPOSITE_GENERATED,read_only_unmodified,read_only_unmodified,read_only_unmodified,read_only_unmodified,composite_desc;target_context_desc;target_organism_desc;phage_origin_desc;docking_desc;solubility_no_chaperone_desc;E7_score_desc;source_accession_asc
v5.4.8z2,A0AA90XTP7,A0AA90XTP7__V52_B0_8c5ee21e31c15f5907e3__compound5,V52_B0_8c5ee21e31c15f5907e3,ordinary_candidate,not_forced,not_hard_coded,none,no_gold_standard_bonus,not_Q9T0Z9,480,0.395927,0.250000,0.400000,other_or_genus_only_Yersinia,0.100000,other_unknown_non_phage_or_missing_origin,true,0.556182,0.547436,0.912393,0.000000,0.000000,0.754076,0.754076,662,0.754076,Yersinia massiliensis,Yersinia,Yersinia,DNA circulation N-terminal domain-containing protein,G_pre1_TARGET_ENGINEERING_COMPOSITE_GENERATED,read_only_unmodified,read_only_unmodified,read_only_unmodified,read_only_unmodified,composite_desc;target_context_desc;target_organism_desc;phage_origin_desc;docking_desc;solubility_no_chaperone_desc;E7_score_desc;source_accession_asc
v5.4.8z2,A0ABR4W506,A0ABR4W506__V52_B0_77ecf01140263b04e5b8__compound5,V52_B0_77ecf01140263b04e5b8,ordinary_candidate,not_forced,not_hard_coded,none,no_gold_standard_bonus,not_Q9T0Z9,481,0.395882,0.250000,0.400000,other_or_genus_only_Yersinia,0.100000,other_unknown_non_phage_or_missing_origin,true,0.517412,0.586517,0.977528,0.000000,0.000000,0.751934,0.751934,673,0.751934,Yersinia frederiksenii ATCC 33641,Yersinia,Yersinia,,G_pre1_TARGET_ENGINEERING_COMPOSITE_GENERATED,read_only_unmodified,read_only_unmodified,read_only_unmodified,read_only_unmodified,composite_desc;target_context_desc;target_organism_desc;phage_origin_desc;docking_desc;solubility_no_chaperone_desc;E7_score_desc;source_accession_asc
v5.4.8z2,A0A0T9KYN8,A0A0T9KYN8__V52_B0_eb0864360f5cd7d92c39__compound5,V52_B0_eb0864360f5cd7d92c39,ordinary_candidate,not_forced,not_hard_coded,none,no_gold_standard_bonus,not_Q9T0Z9,482,0.395829,0.250000,0.400000,other_or_genus_only_Yersinia,0.100000,other_unknown_non_phage_or_missing_origin,true,0.501967,0.581467,0.969112,0.000000,0.000000,0.832843,0.832843,29,0.832843,Yersinia kristensenii,Yersinia,Yersinia,,G_pre1_TARGET_ENGINEERING_COMPOSITE_GENERATED,read_only_unmodified,read_only_unmodified,read_only_unmodified,read_only_unmodified,composite_desc;target_context_desc;target_organism_desc;phage_origin_desc;docking_desc;solubility_no_chaperone_desc;E7_score_desc;source_accession_asc
v5.4.8z2,A0A0E1NTB1,A0A0E1NTB1__V52_B0_ba4794bd400648143d6a__compound5,V52_B0_ba4794bd400648143d6a,ordinary_candidate,not_forced,not_hard_coded,none,no_gold_standard_bonus,not_Q9T0Z9,483,0.395797,0.250000,0.400000,other_or_genus_only_Yersinia,0.100000,other_unknown_non_phage_or_missing_origin,true,0.528605,0.575214,0.958690,0.000000,0.000000,0.750660,0.750660,681,0.750660,Yersinia pestis bv. Antiqua (strain Antiqua),Yersinia,Yersinia,,G_pre1_TARGET_ENGINEERING_COMPOSITE_GENERATED,read_only_unmodified,read_only_unmodified,read_only_unmodified,read_only_unmodified,composite_desc;target_context_desc;target_organism_desc;phage_origin_desc;docking_desc;solubility_no_chaperone_desc;E7_score_desc;source_accession_asc
v5.4.8z2,A0AAW7JU40,A0AAW7JU40__V52_B0_6da7c54b988690c79366__compound5,V52_B0_6da7c54b988690c79366,ordinary_candidate,not_forced,not_hard_coded,none,no_gold_standard_bonus,not_Q9T0Z9,484,0.395712,0.250000,0.400000,other_or_genus_only_Yersinia,0.100000,other_unknown_non_phage_or_missing_origin,true,0.541736,0.544133,0.906888,0.000000,0.000000,0.820767,0.820767,74,0.820767,Yersinia nurmii,Yersinia,Yersinia,,G_pre1_TARGET_ENGINEERING_COMPOSITE_GENERATED,read_only_unmodified,read_only_unmodified,read_only_unmodified,read_only_unmodified,composite_desc;target_context_desc;target_organism_desc;phage_origin_desc;docking_desc;solubility_no_chaperone_desc;E7_score_desc;source_accession_asc
v5.4.8z2,A0ABM5U8P4,A0ABM5U8P4__V52_B0_2a6b31f83fcff153a909__compound5,V52_B0_2a6b31f83fcff153a909,ordinary_candidate,not_forced,not_hard_coded,none,no_gold_standard_bonus,not_Q9T0Z9,485,0.395264,0.250000,0.400000,other_or_genus_only_Yersinia,0.100000,other_unknown_non_phage_or_missing_origin,true,0.544808,0.547275,0.912125,0.000000,0.000000,0.786940,0.786940,400,0.786940,Yersinia aleksiciae,Yersinia,Yersinia,,G_pre1_TARGET_ENGINEERING_COMPOSITE_GENERATED,read_only_unmodified,read_only_unmodified,read_only_unmodified,read_only_unmodified,composite_desc;target_context_desc;target_organism_desc;phage_origin_desc;docking_desc;solubility_no_chaperone_desc;E7_score_desc;source_accession_asc
v5.4.8z2,A0ABM9TMK5,A0ABM9TMK5__V52_B0_eee677e78188ac101e98__compound5,V52_B0_eee677e78188ac101e98,ordinary_candidate,not_forced,not_hard_coded,none,no_gold_standard_bonus,not_Q9T0Z9,486,0.395018,0.250000,0.400000,other_or_genus_only_Yersinia,0.100000,other_unknown_non_phage_or_missing_origin,true,0.499051,0.583649,0.972748,0.000000,0.000000,0.819565,0.819565,84,0.819565,Yersinia wautersii,Yersinia,Yersinia,,G_pre1_TARGET_ENGINEERING_COMPOSITE_GENERATED,read_only_unmodified,read_only_unmodified,read_only_unmodified,read_only_unmodified,composite_desc;target_context_desc;target_organism_desc;phage_origin_desc;docking_desc;solubility_no_chaperone_desc;E7_score_desc;source_accession_asc
v5.4.8z2,A0AA36LQN9,A0AA36LQN9__V52_B0_a62262983be0ac1e5ff2__compound5,V52_B0_a62262983be0ac1e5ff2,ordinary_candidate,not_forced,not_hard_coded,none,no_gold_standard_bonus,not_Q9T0Z9,487,0.394863,0.250000,0.400000,other_or_genus_only_Yersinia,0.100000,other_unknown_non_phage_or_missing_origin,true,0.551918,0.543899,0.906498,0.000000,0.000000,0.763984,0.763984,600,0.763984,Yersinia mollaretii,Yersinia,Yersinia,,G_pre1_TARGET_ENGINEERING_COMPOSITE_GENERATED,read_only_unmodified,read_only_unmodified,read_only_unmodified,read_only_unmodified,composite_desc;target_context_desc;target_organism_desc;phage_origin_desc;docking_desc;solubility_no_chaperone_desc;E7_score_desc;source_accession_asc
v5.4.8z2,A0ABR4W522,A0ABR4W522__V52_B0_2707cdd0564380a548bc__compound5,V52_B0_2707cdd0564380a548bc,ordinary_candidate,not_forced,not_hard_coded,none,no_gold_standard_bonus,not_Q9T0Z9,488,0.394618,0.250000,0.400000,other_or_genus_only_Yersinia,0.100000,other_unknown_non_phage_or_missing_origin,true,0.533190,0.565236,0.942060,0.000000,0.000000,0.748653,0.748653,694,0.748653,Yersinia frederiksenii ATCC 33641,Yersinia,Yersinia,,G_pre1_TARGET_ENGINEERING_COMPOSITE_GENERATED,read_only_unmodified,read_only_unmodified,read_only_unmodified,read_only_unmodified,composite_desc;target_context_desc;target_organism_desc;phage_origin_desc;docking_desc;solubility_no_chaperone_desc;E7_score_desc;source_accession_asc
v5.4.8z2,A0AB73P4D7,A0AB73P4D7__V52_B0_af18adc9cad712b5292d__compound5,V52_B0_af18adc9cad712b5292d,ordinary_candidate,not_forced,not_hard_coded,none,no_gold_standard_bonus,not_Q9T0Z9,489,0.394589,0.250000,0.400000,other_or_genus_only_Yersinia,0.100000,other_unknown_non_phage_or_missing_origin,true,0.569897,0.527819,0.879699,0.000000,0.000000,0.750913,0.750913,680,0.750913,Yersinia kristensenii,Yersinia,Yersinia,,G_pre1_TARGET_ENGINEERING_COMPOSITE_GENERATED,read_only_unmodified,read_only_unmodified,read_only_unmodified,read_only_unmodified,composite_desc;target_context_desc;target_organism_desc;phage_origin_desc;docking_desc;solubility_no_chaperone_desc;E7_score_desc;source_accession_asc
v5.4.8z2,A0A380Q9X7,A0A380Q9X7__V52_B0_29c7e211f15dd95ee755__compound5,V52_B0_29c7e211f15dd95ee755,ordinary_candidate,not_forced,not_hard_coded,none,no_gold_standard_bonus,not_Q9T0Z9,490,0.394510,0.250000,0.400000,other_or_genus_only_Yersinia,0.100000,other_unknown_non_phage_or_missing_origin,true,0.532238,0.551315,0.918859,0.000000,0.000000,0.805984,0.805984,177,0.805984,Yersinia pseudotuberculosis,Yersinia,Yersinia,,G_pre1_TARGET_ENGINEERING_COMPOSITE_GENERATED,read_only_unmodified,read_only_unmodified,read_only_unmodified,read_only_unmodified,composite_desc;target_context_desc;target_organism_desc;phage_origin_desc;docking_desc;solubility_no_chaperone_desc;E7_score_desc;source_accession_asc
v5.4.8z2,A0AAW7K6S3,A0AAW7K6S3__V52_B0_ab91877b301a56665b51__compound5,V52_B0_ab91877b301a56665b51,ordinary_candidate,not_forced,not_hard_coded,none,no_gold_standard_bonus,not_Q9T0Z9,491,0.394465,0.250000,0.400000,other_or_genus_only_Yersinia,0.100000,other_unknown_non_phage_or_missing_origin,true,0.566313,0.514286,0.857143,0.000000,0.000000,0.816900,0.816900,98,0.816900,Yersinia nurmii,Yersinia,Yersinia,,G_pre1_TARGET_ENGINEERING_COMPOSITE_GENERATED,read_only_unmodified,read_only_unmodified,read_only_unmodified,read_only_unmodified,composite_desc;target_context_desc;target_organism_desc;phage_origin_desc;docking_desc;solubility_no_chaperone_desc;E7_score_desc;source_accession_asc
v5.4.8z2,A0A0T9PX89,A0A0T9PX89__V52_B0_0d0a7544468bafe78ac2__compound5,V52_B0_0d0a7544468bafe78ac2,ordinary_candidate,not_forced,not_hard_coded,none,no_gold_standard_bonus,not_Q9T0Z9,492,0.394156,0.250000,0.400000,other_or_genus_only_Yersinia,0.100000,other_unknown_non_phage_or_missing_origin,true,0.502700,0.585898,0.976496,0.000000,0.000000,0.778722,0.778722,481,0.778722,Yersinia similis,Yersinia,Yersinia,,G_pre1_TARGET_ENGINEERING_COMPOSITE_GENERATED,read_only_unmodified,read_only_unmodified,read_only_unmodified,read_only_unmodified,composite_desc;target_context_desc;target_organism_desc;phage_origin_desc;docking_desc;solubility_no_chaperone_desc;E7_score_desc;source_accession_asc
v5.4.8z2,A0A0T9LN06,A0A0T9LN06__V52_B0_4432f9cc5fd8a83363e9__compound5,V52_B0_4432f9cc5fd8a83363e9,ordinary_candidate,not_forced,not_hard_coded,none,no_gold_standard_bonus,not_Q9T0Z9,493,0.394146,0.250000,0.400000,other_or_genus_only_Yersinia,0.100000,other_unknown_non_phage_or_missing_origin,true,0.546220,0.548809,0.914682,0.000000,0.000000,0.752797,0.752797,668,0.752797,Yersinia kristensenii,Yersinia,Yersinia,,G_pre1_TARGET_ENGINEERING_COMPOSITE_GENERATED,read_only_unmodified,read_only_unmodified,read_only_unmodified,read_only_unmodified,composite_desc;target_context_desc;target_organism_desc;phage_origin_desc;docking_desc;solubility_no_chaperone_desc;E7_score_desc;source_accession_asc
v5.4.8z2,A0A0T9KYN4,A0A0T9KYN4__V52_B0_4da049b7c0ed20ddae5c__compound5,V52_B0_4da049b7c0ed20ddae5c,ordinary_candidate,not_forced,not_hard_coded,none,no_gold_standard_bonus,not_Q9T0Z9,494,0.394062,0.250000,0.400000,other_or_genus_only_Yersinia,0.100000,other_unknown_non_phage_or_missing_origin,true,0.576092,0.504061,0.840102,0.000000,0.000000,0.810624,0.810624,134,0.810624,Yersinia kristensenii,Yersinia,Yersinia,,G_pre1_TARGET_ENGINEERING_COMPOSITE_GENERATED,read_only_unmodified,read_only_unmodified,read_only_unmodified,read_only_unmodified,composite_desc;target_context_desc;target_organism_desc;phage_origin_desc;docking_desc;solubility_no_chaperone_desc;E7_score_desc;source_accession_asc
v5.4.8z2,A0ABM9TUX3,A0ABM9TUX3__V52_B0_f0fc611958fa889b03d6__compound5,V52_B0_f0fc611958fa889b03d6,ordinary_candidate,not_forced,not_hard_coded,none,no_gold_standard_bonus,not_Q9T0Z9,495,0.393752,0.250000,0.400000,other_or_genus_only_Yersinia,0.100000,other_unknown_non_phage_or_missing_origin,true,0.524350,0.568270,0.947116,0.000000,0.000000,0.754558,0.754558,657,0.754558,Yersinia pekkanenii,Yersinia,Yersinia,,G_pre1_TARGET_ENGINEERING_COMPOSITE_GENERATED,read_only_unmodified,read_only_unmodified,read_only_unmodified,read_only_unmodified,composite_desc;target_context_desc;target_organism_desc;phage_origin_desc;docking_desc;solubility_no_chaperone_desc;E7_score_desc;source_accession_asc
v5.4.8z2,A0AA44CIL6,A0AA44CIL6__V52_B0_87ad9ac6f2d6d8089525__compound5,V52_B0_87ad9ac6f2d6d8089525,ordinary_candidate,not_forced,not_hard_coded,none,no_gold_standard_bonus,not_Q9T0Z9,496,0.393745,0.250000,0.400000,other_or_genus_only_Yersinia,0.100000,other_unknown_non_phage_or_missing_origin,true,0.507382,0.581707,0.969512,0.000000,0.000000,0.768535,0.768535,564,0.768535,Yersinia mollaretii,Yersinia,Yersinia,,G_pre1_TARGET_ENGINEERING_COMPOSITE_GENERATED,read_only_unmodified,read_only_unmodified,read_only_unmodified,read_only_unmodified,composite_desc;target_context_desc;target_organism_desc;phage_origin_desc;docking_desc;solubility_no_chaperone_desc;E7_score_desc;source_accession_asc
v5.4.8z2,A0A0U1QX07,A0A0U1QX07__V52_B0_7d3bb71b08ca2e92a247__compound5,V52_B0_7d3bb71b08ca2e92a247,ordinary_candidate,not_forced,not_hard_coded,none,no_gold_standard_bonus,not_Q9T0Z9,497,0.393583,0.250000,0.400000,other_or_genus_only_Yersinia,0.100000,other_unknown_non_phage_or_missing_origin,true,0.544929,0.547436,0.912394,0.000000,0.000000,0.752201,0.752201,672,0.752201,Yersinia pseudotuberculosis serotype O:1b (strain IP 31758),Yersinia,Yersinia,,G_pre1_TARGET_ENGINEERING_COMPOSITE_GENERATED,read_only_unmodified,read_only_unmodified,read_only_unmodified,read_only_unmodified,composite_desc;target_context_desc;target_organism_desc;phage_origin_desc;docking_desc;solubility_no_chaperone_desc;E7_score_desc;source_accession_asc
v5.4.8z2,A0A380Q7B5,A0A380Q7B5__V52_B0_9716fecdae6dd624ea7b__compound5,V52_B0_9716fecdae6dd624ea7b,ordinary_candidate,not_forced,not_hard_coded,none,no_gold_standard_bonus,not_Q9T0Z9,498,0.393252,0.250000,0.400000,other_or_genus_only_Yersinia,0.100000,other_unknown_non_phage_or_missing_origin,true,0.544987,0.545833,0.909722,0.000000,0.000000,0.751765,0.751765,674,0.751765,Yersinia pseudotuberculosis,Yersinia,Yersinia,,G_pre1_TARGET_ENGINEERING_COMPOSITE_GENERATED,read_only_unmodified,read_only_unmodified,read_only_unmodified,read_only_unmodified,composite_desc;target_context_desc;target_organism_desc;phage_origin_desc;docking_desc;solubility_no_chaperone_desc;E7_score_desc;source_accession_asc
v5.4.8z2,A0A208ZGJ0,A0A208ZGJ0__V52_B0_81553e113a7ec9d49888__compound5,V52_B0_81553e113a7ec9d49888,ordinary_candidate,not_forced,not_hard_coded,none,no_gold_standard_bonus,not_Q9T0Z9,499,0.393205,0.250000,0.400000,other_or_genus_only_Yersinia,0.100000,other_unknown_non_phage_or_missing_origin,true,0.497401,0.575176,0.958627,0.000000,0.000000,0.823799,0.823799,56,0.823799,Yersinia intermedia,Yersinia,Yersinia,Phage tail collar domain-containing protein,G_pre1_TARGET_ENGINEERING_COMPOSITE_GENERATED,read_only_unmodified,read_only_unmodified,read_only_unmodified,read_only_unmodified,composite_desc;target_context_desc;target_organism_desc;phage_origin_desc;docking_desc;solubility_no_chaperone_desc;E7_score_desc;source_accession_asc
v5.4.8z2,A0A0T9LN23,A0A0T9LN23__V52_B0_0eb9d31a0b627b774d6b__compound5,V52_B0_0eb9d31a0b627b774d6b,ordinary_candidate,not_forced,not_hard_coded,none,no_gold_standard_bonus,not_Q9T0Z9,500,0.393088,0.250000,0.400000,other_or_genus_only_Yersinia,0.100000,other_unknown_non_phage_or_missing_origin,true,0.536193,0.555580,0.925966,0.000000,0.000000,0.744674,0.744674,719,0.744674,Yersinia kristensenii,Yersinia,Yersinia,,G_pre1_TARGET_ENGINEERING_COMPOSITE_GENERATED,read_only_unmodified,read_only_unmodified,read_only_unmodified,read_only_unmodified,composite_desc;target_context_desc;target_organism_desc;phage_origin_desc;docking_desc;solubility_no_chaperone_desc;E7_score_desc;source_accession_asc
v5.4.8z2,A0ABM6UP56,A0ABM6UP56__V52_B0_3f437aab3b6ee783b768__compound5,V52_B0_3f437aab3b6ee783b768,ordinary_candidate,not_forced,not_hard_coded,none,no_gold_standard_bonus,not_Q9T0Z9,501,0.393058,0.250000,0.400000,other_or_genus_only_Yersinia,0.100000,other_unknown_non_phage_or_missing_origin,true,0.542265,0.532394,0.887324,0.000000,0.000000,0.812530,0.812530,119,0.812530,Yersinia massiliensis,Yersinia,Yersinia,,G_pre1_TARGET_ENGINEERING_COMPOSITE_GENERATED,read_only_unmodified,read_only_unmodified,read_only_unmodified,read_only_unmodified,composite_desc;target_context_desc;target_organism_desc;phage_origin_desc;docking_desc;solubility_no_chaperone_desc;E7_score_desc;source_accession_asc
v5.4.8z2,A0A0T9QDA1,A0A0T9QDA1__V52_B0_1d7b0c196095651e2e68__compound5,V52_B0_1d7b0c196095651e2e68,ordinary_candidate,not_forced,not_hard_coded,none,no_gold_standard_bonus,not_Q9T0Z9,502,0.392913,0.250000,0.400000,other_or_genus_only_Yersinia,0.100000,other_unknown_non_phage_or_missing_origin,true,0.526218,0.545320,0.908867,0.000000,0.000000,0.822106,0.822106,68,0.822106,Yersinia thracica,Yersinia,Yersinia,,G_pre1_TARGET_ENGINEERING_COMPOSITE_GENERATED,read_only_unmodified,read_only_unmodified,read_only_unmodified,read_only_unmodified,composite_desc;target_context_desc;target_organism_desc;phage_origin_desc;docking_desc;solubility_no_chaperone_desc;E7_score_desc;source_accession_asc
v5.4.8z2,Q666U1,Q666U1__V52_B0_d189e5286ab9cae1e1b0__compound5,V52_B0_d189e5286ab9cae1e1b0,ordinary_candidate,not_forced,not_hard_coded,none,no_gold_standard_bonus,not_Q9T0Z9,503,0.392527,0.250000,0.400000,other_or_genus_only_Yersinia,0.100000,other_unknown_non_phage_or_missing_origin,true,0.586300,0.500254,0.833756,0.000000,0.000000,0.754323,0.754323,659,0.754323,Yersinia pseudotuberculosis serotype I (strain IP32953),Yersinia,Yersinia,,G_pre1_TARGET_ENGINEERING_COMPOSITE_GENERATED,read_only_unmodified,read_only_unmodified,read_only_unmodified,read_only_unmodified,composite_desc;target_context_desc;target_organism_desc;phage_origin_desc;docking_desc;solubility_no_chaperone_desc;E7_score_desc;source_accession_asc
v5.4.8z2,A0ABM7ANU6,A0ABM7ANU6__V52_B0_07e0a7192d082567ab3f__compound5,V52_B0_07e0a7192d082567ab3f,ordinary_candidate,not_forced,not_hard_coded,none,no_gold_standard_bonus,not_Q9T0Z9,504,0.392517,0.250000,0.400000,other_or_genus_only_Yersinia,0.100000,other_unknown_non_phage_or_missing_origin,true,0.548119,0.540873,0.901455,0.000000,0.000000,0.744373,0.744373,720,0.744373,Yersinia pseudotuberculosis,Yersinia,Yersinia,,G_pre1_TARGET_ENGINEERING_COMPOSITE_GENERATED,read_only_unmodified,read_only_unmodified,read_only_unmodified,read_only_unmodified,composite_desc;target_context_desc;target_organism_desc;phage_origin_desc;docking_desc;solubility_no_chaperone_desc;E7_score_desc;source_accession_asc
v5.4.8z2,A0AAV3BFB4,A0AAV3BFB4__V52_B0_d1c9d8249cc0ee4b4c18__compound5,V52_B0_d1c9d8249cc0ee4b4c18,ordinary_candidate,not_forced,not_hard_coded,none,no_gold_standard_bonus,not_Q9T0Z9,505,0.392409,0.250000,0.400000,other_or_genus_only_Yersinia,0.100000,other_unknown_non_phage_or_missing_origin,true,0.543524,0.544841,0.908069,0.000000,0.000000,0.744710,0.744710,718,0.744710,Yersinia pestis biovar Orientalis str. IP275,Yersinia,Yersinia,,G_pre1_TARGET_ENGINEERING_COMPOSITE_GENERATED,read_only_unmodified,read_only_unmodified,read_only_unmodified,read_only_unmodified,composite_desc;target_context_desc;target_organism_desc;phage_origin_desc;docking_desc;solubility_no_chaperone_desc;E7_score_desc;source_accession_asc
v5.4.8z2,A0AA44I1K4,A0AA44I1K4__V52_B0_9964761a112714d424fd__compound5,V52_B0_9964761a112714d424fd,ordinary_candidate,not_forced,not_hard_coded,none,no_gold_standard_bonus,not_Q9T0Z9,506,0.392109,0.250000,0.400000,other_or_genus_only_Yersinia,0.100000,other_unknown_non_phage_or_missing_origin,true,0.501652,0.577351,0.962251,0.000000,0.000000,0.776173,0.776173,500,0.776173,Yersinia mollaretii,Yersinia,Yersinia,,G_pre1_TARGET_ENGINEERING_COMPOSITE_GENERATED,read_only_unmodified,read_only_unmodified,read_only_unmodified,read_only_unmodified,composite_desc;target_context_desc;target_organism_desc;phage_origin_desc;docking_desc;solubility_no_chaperone_desc;E7_score_desc;source_accession_asc
v5.4.8z2,A0AB73Q1P8,A0AB73Q1P8__V52_B0_a92ee720ebe3d185c4d1__compound5,V52_B0_a92ee720ebe3d185c4d1,ordinary_candidate,not_forced,not_hard_coded,none,no_gold_standard_bonus,not_Q9T0Z9,507,0.392073,0.250000,0.400000,other_or_genus_only_Yersinia,0.100000,other_unknown_non_phage_or_missing_origin,true,0.519459,0.550000,0.916667,0.000000,0.000000,0.813619,0.813619,113,0.813619,Yersinia kristensenii,Yersinia,Yersinia,,G_pre1_TARGET_ENGINEERING_COMPOSITE_GENERATED,read_only_unmodified,read_only_unmodified,read_only_unmodified,read_only_unmodified,composite_desc;target_context_desc;target_organism_desc;phage_origin_desc;docking_desc;solubility_no_chaperone_desc;E7_score_desc;source_accession_asc
v5.4.8z2,A0A0H2YL52,A0A0H2YL52__V52_B0_ec10dc79f24585c79d01__compound5,V52_B0_ec10dc79f24585c79d01,ordinary_candidate,not_forced,not_hard_coded,none,no_gold_standard_bonus,not_Q9T0Z9,508,0.391932,0.250000,0.400000,other_or_genus_only_Yersinia,0.100000,other_unknown_non_phage_or_missing_origin,true,0.510056,0.575214,0.958690,0.000000,0.000000,0.747569,0.747569,701,0.747569,Yersinia pestis bv. Antiqua (strain Nepal516),Yersinia,Yersinia,,G_pre1_TARGET_ENGINEERING_COMPOSITE_GENERATED,read_only_unmodified,read_only_unmodified,read_only_unmodified,read_only_unmodified,composite_desc;target_context_desc;target_organism_desc;phage_origin_desc;docking_desc;solubility_no_chaperone_desc;E7_score_desc;source_accession_asc
v5.4.8z2,A0A0T9QE48,A0A0T9QE48__V52_B0_f1f4ab11516c15385b2d__compound5,V52_B0_f1f4ab11516c15385b2d,ordinary_candidate,not_forced,not_hard_coded,none,no_gold_standard_bonus,not_Q9T0Z9,509,0.391842,0.250000,0.400000,other_or_genus_only_Yersinia,0.100000,other_unknown_non_phage_or_missing_origin,true,0.525579,0.542958,0.904930,0.000000,0.000000,0.812683,0.812683,116,0.812683,Yersinia thracica,Yersinia,Yersinia,,G_pre1_TARGET_ENGINEERING_COMPOSITE_GENERATED,read_only_unmodified,read_only_unmodified,read_only_unmodified,read_only_unmodified,composite_desc;target_context_desc;target_organism_desc;phage_origin_desc;docking_desc;solubility_no_chaperone_desc;E7_score_desc;source_accession_asc
v5.4.8z2,Q66CW9,Q66CW9__V52_B0_be105295af5760777d5a__compound5,V52_B0_be105295af5760777d5a,ordinary_candidate,not_forced,not_hard_coded,none,no_gold_standard_bonus,not_Q9T0Z9,510,0.391825,0.250000,0.400000,other_or_genus_only_Yersinia,0.100000,other_unknown_non_phage_or_missing_origin,true,0.538135,0.545833,0.909722,0.000000,0.000000,0.750623,0.750623,682,0.750623,Yersinia pseudotuberculosis serotype I (strain IP32953),Yersinia,Yersinia,,G_pre1_TARGET_ENGINEERING_COMPOSITE_GENERATED,read_only_unmodified,read_only_unmodified,read_only_unmodified,read_only_unmodified,composite_desc;target_context_desc;target_organism_desc;phage_origin_desc;docking_desc;solubility_no_chaperone_desc;E7_score_desc;source_accession_asc
v5.4.8z2,A0ABM6UNY3,A0ABM6UNY3__V52_B0_279219ba883028d2fd42__compound5,V52_B0_279219ba883028d2fd42,ordinary_candidate,not_forced,not_hard_coded,none,no_gold_standard_bonus,not_Q9T0Z9,511,0.391747,0.250000,0.400000,other_or_genus_only_Yersinia,0.100000,other_unknown_non_phage_or_missing_origin,true,0.517547,0.558914,0.931524,0.000000,0.000000,0.779094,0.779094,476,0.779094,Yersinia massiliensis,Yersinia,Yersinia,Gene D protein,G_pre1_TARGET_ENGINEERING_COMPOSITE_GENERATED,read_only_unmodified,read_only_unmodified,read_only_unmodified,read_only_unmodified,composite_desc;target_context_desc;target_organism_desc;phage_origin_desc;docking_desc;solubility_no_chaperone_desc;E7_score_desc;source_accession_asc
v5.4.8z2,A0ABX5R0U9,A0ABX5R0U9__V52_B0_5faf006de2b257e81c78__compound5,V52_B0_5faf006de2b257e81c78,ordinary_candidate,not_forced,not_hard_coded,none,no_gold_standard_bonus,not_Q9T0Z9,512,0.391704,0.250000,0.400000,other_or_genus_only_Yersinia,0.100000,other_unknown_non_phage_or_missing_origin,true,0.525436,0.551028,0.918380,0.000000,0.000000,0.778218,0.778218,485,0.778218,Yersinia hibernica,Yersinia,Yersinia,,G_pre1_TARGET_ENGINEERING_COMPOSITE_GENERATED,read_only_unmodified,read_only_unmodified,read_only_unmodified,read_only_unmodified,composite_desc;target_context_desc;target_organism_desc;phage_origin_desc;docking_desc;solubility_no_chaperone_desc;E7_score_desc;source_accession_asc
v5.4.8z2,A0A0H3AYM7,A0A0H3AYM7__V52_B0_aa5d71a4ce41580ff535__compound5,V52_B0_aa5d71a4ce41580ff535,ordinary_candidate,not_forced,not_hard_coded,none,no_gold_standard_bonus,not_Q9T0Z9,513,0.391630,0.250000,0.400000,other_or_genus_only_Yersinia,0.100000,other_unknown_non_phage_or_missing_origin,true,0.531274,0.553553,0.922589,0.000000,0.000000,0.743291,0.743291,725,0.743291,Yersinia pseudotuberculosis serotype O:3 (strain YPIII),Yersinia,Yersinia,,G_pre1_TARGET_ENGINEERING_COMPOSITE_GENERATED,read_only_unmodified,read_only_unmodified,read_only_unmodified,read_only_unmodified,composite_desc;target_context_desc;target_organism_desc;phage_origin_desc;docking_desc;solubility_no_chaperone_desc;E7_score_desc;source_accession_asc
v5.4.8z2,A0A0T9UM98,A0A0T9UM98__V52_B0_33637dc97548cb5560ab__compound5,V52_B0_33637dc97548cb5560ab,ordinary_candidate,not_forced,not_hard_coded,none,no_gold_standard_bonus,not_Q9T0Z9,514,0.391608,0.250000,0.400000,other_or_genus_only_Yersinia,0.100000,other_unknown_non_phage_or_missing_origin,true,0.527957,0.546597,0.910995,0.000000,0.000000,0.783943,0.783943,435,0.783943,Yersinia aldovae,Yersinia,Yersinia,,G_pre1_TARGET_ENGINEERING_COMPOSITE_GENERATED,read_only_unmodified,read_only_unmodified,read_only_unmodified,read_only_unmodified,composite_desc;target_context_desc;target_organism_desc;phage_origin_desc;docking_desc;solubility_no_chaperone_desc;E7_score_desc;source_accession_asc
v5.4.8z2,A0ABR4W6F7,A0ABR4W6F7__V52_B0_7948218487359bd27809__compound5,V52_B0_7948218487359bd27809,ordinary_candidate,not_forced,not_hard_coded,none,no_gold_standard_bonus,not_Q9T0Z9,515,0.391509,0.250000,0.400000,other_or_genus_only_Yersinia,0.100000,other_unknown_non_phage_or_missing_origin,true,0.545910,0.525000,0.875000,0.000000,0.000000,0.796541,0.796541,282,0.796541,Yersinia frederiksenii ATCC 33641,Yersinia,Yersinia,,G_pre1_TARGET_ENGINEERING_COMPOSITE_GENERATED,read_only_unmodified,read_only_unmodified,read_only_unmodified,read_only_unmodified,composite_desc;target_context_desc;target_organism_desc;phage_origin_desc;docking_desc;solubility_no_chaperone_desc;E7_score_desc;source_accession_asc
v5.4.8z2,A0A0H2Y6N9,A0A0H2Y6N9__V52_B0_3614c6275bc686047362__compound5,V52_B0_3614c6275bc686047362,ordinary_candidate,not_forced,not_hard_coded,none,no_gold_standard_bonus,not_Q9T0Z9,516,0.391493,0.250000,0.400000,other_or_genus_only_Yersinia,0.100000,other_unknown_non_phage_or_missing_origin,true,0.515591,0.552510,0.920850,0.000000,0.000000,0.807462,0.807462,161,0.807462,Yersinia pestis bv. Antiqua (strain Antiqua),Yersinia,Yersinia,,G_pre1_TARGET_ENGINEERING_COMPOSITE_GENERATED,read_only_unmodified,read_only_unmodified,read_only_unmodified,read_only_unmodified,composite_desc;target_context_desc;target_organism_desc;phage_origin_desc;docking_desc;solubility_no_chaperone_desc;E7_score_desc;source_accession_asc
v5.4.8z2,A0AA44CKU4,A0AA44CKU4__V52_B0_47636d40c17e24bb2c37__compound5,V52_B0_47636d40c17e24bb2c37,ordinary_candidate,not_forced,not_hard_coded,none,no_gold_standard_bonus,not_Q9T0Z9,517,0.391423,0.250000,0.400000,other_or_genus_only_Yersinia,0.100000,other_unknown_non_phage_or_missing_origin,true,0.543904,0.523077,0.871795,0.000000,0.000000,0.810541,0.810541,136,0.810541,Yersinia mollaretii,Yersinia,Yersinia,,G_pre1_TARGET_ENGINEERING_COMPOSITE_GENERATED,read_only_unmodified,read_only_unmodified,read_only_unmodified,read_only_unmodified,composite_desc;target_context_desc;target_organism_desc;phage_origin_desc;docking_desc;solubility_no_chaperone_desc;E7_score_desc;source_accession_asc
v5.4.8z2,A0ABW9EXU6,A0ABW9EXU6__V52_B0_5e8cd1d797f1bf6996e4__compound5,V52_B0_5e8cd1d797f1bf6996e4,ordinary_candidate,not_forced,not_hard_coded,none,no_gold_standard_bonus,not_Q9T0Z9,518,0.391125,0.250000,0.400000,other_or_genus_only_Yersinia,0.100000,other_unknown_non_phage_or_missing_origin,true,0.539831,0.542857,0.904762,0.000000,0.000000,0.741746,0.741746,732,0.741746,Yersinia proxima,Yersinia,Yersinia,,G_pre1_TARGET_ENGINEERING_COMPOSITE_GENERATED,read_only_unmodified,read_only_unmodified,read_only_unmodified,read_only_unmodified,composite_desc;target_context_desc;target_organism_desc;phage_origin_desc;docking_desc;solubility_no_chaperone_desc;E7_score_desc;source_accession_asc
v5.4.8z2,A0A0H3B0A7,A0A0H3B0A7__V52_B0_c8f10b909032cfdd420b__compound5,V52_B0_c8f10b909032cfdd420b,ordinary_candidate,not_forced,not_hard_coded,none,no_gold_standard_bonus,not_Q9T0Z9,519,0.391120,0.250000,0.400000,other_or_genus_only_Yersinia,0.100000,other_unknown_non_phage_or_missing_origin,true,0.520918,0.556250,0.927083,0.000000,0.000000,0.763719,0.763719,604,0.763719,Yersinia pseudotuberculosis serotype O:3 (strain YPIII),Yersinia,Yersinia,,G_pre1_TARGET_ENGINEERING_COMPOSITE_GENERATED,read_only_unmodified,read_only_unmodified,read_only_unmodified,read_only_unmodified,composite_desc;target_context_desc;target_organism_desc;phage_origin_desc;docking_desc;solubility_no_chaperone_desc;E7_score_desc;source_accession_asc
v5.4.8z2,Q66BF1,Q66BF1__V52_B0_eb9323962aac8becff83__compound5,V52_B0_eb9323962aac8becff83,ordinary_candidate,not_forced,not_hard_coded,none,no_gold_standard_bonus,not_Q9T0Z9,520,0.390975,0.250000,0.400000,other_or_genus_only_Yersinia,0.100000,other_unknown_non_phage_or_missing_origin,true,0.518993,0.544480,0.907467,0.000000,0.000000,0.815603,0.815603,105,0.815603,Yersinia pseudotuberculosis serotype I (strain IP32953),Yersinia,Yersinia,,G_pre1_TARGET_ENGINEERING_COMPOSITE_GENERATED,read_only_unmodified,read_only_unmodified,read_only_unmodified,read_only_unmodified,composite_desc;target_context_desc;target_organism_desc;phage_origin_desc;docking_desc;solubility_no_chaperone_desc;E7_score_desc;source_accession_asc
v5.4.8z2,A0AB73NKK6,A0AB73NKK6__V52_B0_424d27434d5e74064fa3__compound5,V52_B0_424d27434d5e74064fa3,ordinary_candidate,not_forced,not_hard_coded,none,no_gold_standard_bonus,not_Q9T0Z9,521,0.390642,0.250000,0.400000,other_or_genus_only_Yersinia,0.100000,other_unknown_non_phage_or_missing_origin,true,0.464054,0.596512,0.994186,0.000000,0.000000,0.820573,0.820573,76,0.820573,Yersinia kristensenii,Yersinia,Yersinia,,G_pre1_TARGET_ENGINEERING_COMPOSITE_GENERATED,read_only_unmodified,read_only_unmodified,read_only_unmodified,read_only_unmodified,composite_desc;target_context_desc;target_organism_desc;phage_origin_desc;docking_desc;solubility_no_chaperone_desc;E7_score_desc;source_accession_asc
v5.4.8z2,A0ABM6UX29,A0ABM6UX29__V52_B0_ad88ff8d17e87b565535__compound5,V52_B0_ad88ff8d17e87b565535,ordinary_candidate,not_forced,not_hard_coded,none,no_gold_standard_bonus,not_Q9T0Z9,522,0.390619,0.250000,0.400000,other_or_genus_only_Yersinia,0.100000,other_unknown_non_phage_or_missing_origin,true,0.558066,0.511539,0.852565,0.000000,0.000000,0.783961,0.783961,434,0.783961,Yersinia massiliensis,Yersinia,Yersinia,,G_pre1_TARGET_ENGINEERING_COMPOSITE_GENERATED,read_only_unmodified,read_only_unmodified,read_only_unmodified,read_only_unmodified,composite_desc;target_context_desc;target_organism_desc;phage_origin_desc;docking_desc;solubility_no_chaperone_desc;E7_score_desc;source_accession_asc
v5.4.8z2,A0A380Q8N6,A0A380Q8N6__V52_B0_d18d39ecdfb5370a76a4__compound5,V52_B0_d18d39ecdfb5370a76a4,ordinary_candidate,not_forced,not_hard_coded,none,no_gold_standard_bonus,not_Q9T0Z9,523,0.390594,0.250000,0.400000,other_or_genus_only_Yersinia,0.100000,other_unknown_non_phage_or_missing_origin,true,0.486120,0.593111,0.988518,0.000000,0.000000,0.744956,0.744956,716,0.744956,Yersinia pseudotuberculosis,Yersinia,Yersinia,,G_pre1_TARGET_ENGINEERING_COMPOSITE_GENERATED,read_only_unmodified,read_only_unmodified,read_only_unmodified,read_only_unmodified,composite_desc;target_context_desc;target_organism_desc;phage_origin_desc;docking_desc;solubility_no_chaperone_desc;E7_score_desc;source_accession_asc
v5.4.8z2,A0ABX6FD19,A0ABX6FD19__V52_B0_c50a9c9db4454f6407d7__compound5,V52_B0_c50a9c9db4454f6407d7,ordinary_candidate,not_forced,not_hard_coded,none,no_gold_standard_bonus,not_Q9T0Z9,524,0.390456,0.250000,0.400000,other_or_genus_only_Yersinia,0.100000,other_unknown_non_phage_or_missing_origin,true,0.532413,0.543059,0.905099,0.000000,0.000000,0.757232,0.757232,643,0.757232,Yersinia intermedia,Yersinia,Yersinia,,G_pre1_TARGET_ENGINEERING_COMPOSITE_GENERATED,read_only_unmodified,read_only_unmodified,read_only_unmodified,read_only_unmodified,composite_desc;target_context_desc;target_organism_desc;phage_origin_desc;docking_desc;solubility_no_chaperone_desc;E7_score_desc;source_accession_asc
v5.4.8z2,A0A857EWT6,A0A857EWT6__V52_B0_2cb0cdafb1adc2e41853__compound5,V52_B0_2cb0cdafb1adc2e41853,ordinary_candidate,not_forced,not_hard_coded,none,no_gold_standard_bonus,not_Q9T0Z9,525,0.390155,0.250000,0.400000,other_or_genus_only_Yersinia,0.100000,other_unknown_non_phage_or_missing_origin,true,0.571841,0.507143,0.845239,0.000000,0.000000,0.737160,0.737160,750,0.737160,Yersinia canariae,Yersinia,Yersinia,,G_pre1_TARGET_ENGINEERING_COMPOSITE_GENERATED,read_only_unmodified,read_only_unmodified,read_only_unmodified,read_only_unmodified,composite_desc;target_context_desc;target_organism_desc;phage_origin_desc;docking_desc;solubility_no_chaperone_desc;E7_score_desc;source_accession_asc
v5.4.8z2,A0ABP1ZEA7,A0ABP1ZEA7__V52_B0_40effada2f1a687ecfd0__compound5,V52_B0_40effada2f1a687ecfd0,ordinary_candidate,not_forced,not_hard_coded,none,no_gold_standard_bonus,not_Q9T0Z9,526,0.390146,0.250000,0.400000,other_or_genus_only_Yersinia,0.100000,other_unknown_non_phage_or_missing_origin,true,0.595658,0.467881,0.779801,0.000000,0.000000,0.798769,0.798769,253,0.798769,Yersinia wautersii,Yersinia,Yersinia,,G_pre1_TARGET_ENGINEERING_COMPOSITE_GENERATED,read_only_unmodified,read_only_unmodified,read_only_unmodified,read_only_unmodified,composite_desc;target_context_desc;target_organism_desc;phage_origin_desc;docking_desc;solubility_no_chaperone_desc;E7_score_desc;source_accession_asc
v5.4.8z2,A0A380Q4G1,A0A380Q4G1__V52_B0_8b2e4991d9cbe323e316__compound5,V52_B0_8b2e4991d9cbe323e316,ordinary_candidate,not_forced,not_hard_coded,none,no_gold_standard_bonus,not_Q9T0Z9,527,0.389976,0.250000,0.400000,other_or_genus_only_Yersinia,0.100000,other_unknown_non_phage_or_missing_origin,true,0.496314,0.560714,0.934524,0.000000,0.000000,0.821398,0.821398,70,0.821398,Yersinia pseudotuberculosis,Yersinia,Yersinia,,G_pre1_TARGET_ENGINEERING_COMPOSITE_GENERATED,read_only_unmodified,read_only_unmodified,read_only_unmodified,read_only_unmodified,composite_desc;target_context_desc;target_organism_desc;phage_origin_desc;docking_desc;solubility_no_chaperone_desc;E7_score_desc;source_accession_asc
v5.4.8z2,A0ABN4FAB0,A0ABN4FAB0__V52_B0_d4468e8cdc0c311365d7__compound5,V52_B0_d4468e8cdc0c311365d7,ordinary_candidate,not_forced,not_hard_coded,none,no_gold_standard_bonus,not_Q9T0Z9,528,0.389794,0.250000,0.400000,other_or_genus_only_Yersinia,0.100000,other_unknown_non_phage_or_missing_origin,true,0.550625,0.510100,0.850166,0.000000,0.000000,0.802991,0.802991,208,0.802991,Yersinia rochesterensis,Yersinia,Yersinia,,G_pre1_TARGET_ENGINEERING_COMPOSITE_GENERATED,read_only_unmodified,read_only_unmodified,read_only_unmodified,read_only_unmodified,composite_desc;target_context_desc;target_organism_desc;phage_origin_desc;docking_desc;solubility_no_chaperone_desc;E7_score_desc;source_accession_asc
v5.4.8z2,Q66BC4,Q66BC4__V52_B0_2c654cc3dc60c0fcc2f4__compound5,V52_B0_2c654cc3dc60c0fcc2f4,ordinary_candidate,not_forced,not_hard_coded,none,no_gold_standard_bonus,not_Q9T0Z9,529,0.389717,0.250000,0.400000,other_or_genus_only_Yersinia,0.100000,other_unknown_non_phage_or_missing_origin,true,0.480172,0.577251,0.962085,0.000000,0.000000,0.814641,0.814641,109,0.814641,Yersinia pseudotuberculosis serotype I (strain IP32953),Yersinia,Yersinia,,G_pre1_TARGET_ENGINEERING_COMPOSITE_GENERATED,read_only_unmodified,read_only_unmodified,read_only_unmodified,read_only_unmodified,composite_desc;target_context_desc;target_organism_desc;phage_origin_desc;docking_desc;solubility_no_chaperone_desc;E7_score_desc;source_accession_asc
v5.4.8z2,A0ABY5UJR0,A0ABY5UJR0__V52_B0_06a0021f796d97fdbe29__compound5,V52_B0_06a0021f796d97fdbe29,ordinary_candidate,not_forced,not_hard_coded,none,no_gold_standard_bonus,not_Q9T0Z9,530,0.389659,0.250000,0.400000,other_or_genus_only_Yersinia,0.100000,other_unknown_non_phage_or_missing_origin,true,0.481737,0.574616,0.957693,0.000000,0.000000,0.817764,0.817764,94,0.817764,Yersinia alsatica,Yersinia,Yersinia,,G_pre1_TARGET_ENGINEERING_COMPOSITE_GENERATED,read_only_unmodified,read_only_unmodified,read_only_unmodified,read_only_unmodified,composite_desc;target_context_desc;target_organism_desc;phage_origin_desc;docking_desc;solubility_no_chaperone_desc;E7_score_desc;source_accession_asc
v5.4.8z2,A0A0T9LR98,A0A0T9LR98__V52_B0_d3919be95a6df830d237__compound5,V52_B0_d3919be95a6df830d237,ordinary_candidate,not_forced,not_hard_coded,none,no_gold_standard_bonus,not_Q9T0Z9,531,0.389532,0.250000,0.400000,other_or_genus_only_Yersinia,0.100000,other_unknown_non_phage_or_missing_origin,true,0.505564,0.552344,0.920573,0.000000,0.000000,0.809013,0.809013,147,0.809013,Yersinia intermedia,Yersinia,Yersinia,,G_pre1_TARGET_ENGINEERING_COMPOSITE_GENERATED,read_only_unmodified,read_only_unmodified,read_only_unmodified,read_only_unmodified,composite_desc;target_context_desc;target_organism_desc;phage_origin_desc;docking_desc;solubility_no_chaperone_desc;E7_score_desc;source_accession_asc
v5.4.8z2,A0ABX5QYD3,A0ABX5QYD3__V52_B0_20e4d6804083c66bed88__compound5,V52_B0_20e4d6804083c66bed88,ordinary_candidate,not_forced,not_hard_coded,none,no_gold_standard_bonus,not_Q9T0Z9,532,0.389224,0.250000,0.400000,other_or_genus_only_Yersinia,0.100000,other_unknown_non_phage_or_missing_origin,true,0.623679,0.437038,0.728396,0.000000,0.000000,0.791604,0.791604,347,0.791604,Yersinia hibernica,Yersinia,Yersinia,,G_pre1_TARGET_ENGINEERING_COMPOSITE_GENERATED,read_only_unmodified,read_only_unmodified,read_only_unmodified,read_only_unmodified,composite_desc;target_context_desc;target_organism_desc;phage_origin_desc;docking_desc;solubility_no_chaperone_desc;E7_score_desc;source_accession_asc
v5.4.8z2,A0AB73NQS2,A0AB73NQS2__V52_B0_ac2a5700b8e2c267a867__compound5,V52_B0_ac2a5700b8e2c267a867,ordinary_candidate,not_forced,not_hard_coded,none,no_gold_standard_bonus,not_Q9T0Z9,533,0.388891,0.250000,0.400000,other_or_genus_only_Yersinia,0.100000,other_unknown_non_phage_or_missing_origin,true,0.531423,0.535942,0.893236,0.000000,0.000000,0.758358,0.758358,635,0.758358,Yersinia kristensenii,Yersinia,Yersinia,Phage tail fibre protein N-terminal domain-containing protein,G_pre1_TARGET_ENGINEERING_COMPOSITE_GENERATED,read_only_unmodified,read_only_unmodified,read_only_unmodified,read_only_unmodified,composite_desc;target_context_desc;target_organism_desc;phage_origin_desc;docking_desc;solubility_no_chaperone_desc;E7_score_desc;source_accession_asc
v5.4.8z2,A0A0T9N2B7,A0A0T9N2B7__V52_B0_315402da524ed97d35cf__compound5,V52_B0_315402da524ed97d35cf,ordinary_candidate,not_forced,not_hard_coded,none,no_gold_standard_bonus,not_Q9T0Z9,534,0.388861,0.250000,0.400000,other_or_genus_only_Yersinia,0.100000,other_unknown_non_phage_or_missing_origin,true,0.508630,0.560714,0.934524,0.000000,0.000000,0.749839,0.749839,691,0.749839,Yersinia intermedia,Yersinia,Yersinia,,G_pre1_TARGET_ENGINEERING_COMPOSITE_GENERATED,read_only_unmodified,read_only_unmodified,read_only_unmodified,read_only_unmodified,composite_desc;target_context_desc;target_organism_desc;phage_origin_desc;docking_desc;solubility_no_chaperone_desc;E7_score_desc;source_accession_asc
v5.4.8z2,A0AAI8ZTY6,A0AAI8ZTY6__V52_B0_a073a7def2f73f0637e4__compound5,V52_B0_a073a7def2f73f0637e4,ordinary_candidate,not_forced,not_hard_coded,none,no_gold_standard_bonus,not_Q9T0Z9,535,0.388736,0.250000,0.400000,other_or_genus_only_Yersinia,0.100000,other_unknown_non_phage_or_missing_origin,true,0.485358,0.563298,0.938830,0.000000,0.000000,0.830093,0.830093,37,0.830093,Yersinia frederiksenii,Yersinia,Yersinia,,G_pre1_TARGET_ENGINEERING_COMPOSITE_GENERATED,read_only_unmodified,read_only_unmodified,read_only_unmodified,read_only_unmodified,composite_desc;target_context_desc;target_organism_desc;phage_origin_desc;docking_desc;solubility_no_chaperone_desc;E7_score_desc;source_accession_asc
v5.4.8z2,A0ABP1YVJ3,A0ABP1YVJ3__V52_B0_23a87b9cd2c88465a2de__compound5,V52_B0_23a87b9cd2c88465a2de,ordinary_candidate,not_forced,not_hard_coded,none,no_gold_standard_bonus,not_Q9T0Z9,536,0.388706,0.250000,0.400000,other_or_genus_only_Yersinia,0.100000,other_unknown_non_phage_or_missing_origin,true,0.493223,0.561685,0.936141,0.000000,0.000000,0.804486,0.804486,196,0.804486,Yersinia aldovae,Yersinia,Yersinia,,G_pre1_TARGET_ENGINEERING_COMPOSITE_GENERATED,read_only_unmodified,read_only_unmodified,read_only_unmodified,read_only_unmodified,composite_desc;target_context_desc;target_organism_desc;phage_origin_desc;docking_desc;solubility_no_chaperone_desc;E7_score_desc;source_accession_asc
v5.4.8z2,A0ABM6UTV9,A0ABM6UTV9__V52_B0_ec1afab0bed49348d897__compound5,V52_B0_ec1afab0bed49348d897,ordinary_candidate,not_forced,not_hard_coded,none,no_gold_standard_bonus,not_Q9T0Z9,537,0.388653,0.250000,0.400000,other_or_genus_only_Yersinia,0.100000,other_unknown_non_phage_or_missing_origin,true,0.519619,0.549038,0.915064,0.000000,0.000000,0.748428,0.748428,695,0.748428,Yersinia massiliensis,Yersinia,Yersinia,DNA circulation N-terminal domain-containing protein,G_pre1_TARGET_ENGINEERING_COMPOSITE_GENERATED,read_only_unmodified,read_only_unmodified,read_only_unmodified,read_only_unmodified,composite_desc;target_context_desc;target_organism_desc;phage_origin_desc;docking_desc;solubility_no_chaperone_desc;E7_score_desc;source_accession_asc
v5.4.8z2,A0A0T9Q3M1,A0A0T9Q3M1__V52_B0_e23865539fbc3d443641__compound5,V52_B0_e23865539fbc3d443641,ordinary_candidate,not_forced,not_hard_coded,none,no_gold_standard_bonus,not_Q9T0Z9,538,0.388600,0.250000,0.400000,other_or_genus_only_Yersinia,0.100000,other_unknown_non_phage_or_missing_origin,true,0.467013,0.596629,0.994382,0.000000,0.000000,0.767422,0.767422,572,0.767422,Yersinia pekkanenii,Yersinia,Yersinia,,G_pre1_TARGET_ENGINEERING_COMPOSITE_GENERATED,read_only_unmodified,read_only_unmodified,read_only_unmodified,read_only_unmodified,composite_desc;target_context_desc;target_organism_desc;phage_origin_desc;docking_desc;solubility_no_chaperone_desc;E7_score_desc;source_accession_asc
v5.4.8z2,A0A857F2M2,A0A857F2M2__V52_B0_dcb15a29773ae4bebe81__compound5,V52_B0_dcb15a29773ae4bebe81,ordinary_candidate,not_forced,not_hard_coded,none,no_gold_standard_bonus,not_Q9T0Z9,539,0.388534,0.250000,0.400000,other_or_genus_only_Yersinia,0.100000,other_unknown_non_phage_or_missing_origin,true,0.577720,0.477814,0.796357,0.000000,0.000000,0.798539,0.798539,256,0.798539,Yersinia canariae,Yersinia,Yersinia,,G_pre1_TARGET_ENGINEERING_COMPOSITE_GENERATED,read_only_unmodified,read_only_unmodified,read_only_unmodified,read_only_unmodified,composite_desc;target_context_desc;target_organism_desc;phage_origin_desc;docking_desc;solubility_no_chaperone_desc;E7_score_desc;source_accession_asc
v5.4.8z2,Q8D1M8,Q8D1M8__V52_B0_f77f616f81291473916b__compound5,V52_B0_f77f616f81291473916b,ordinary_candidate,not_forced,not_hard_coded,none,no_gold_standard_bonus,not_Q9T0Z9,540,0.388231,0.250000,0.400000,other_or_genus_only_Yersinia,0.100000,other_unknown_non_phage_or_missing_origin,true,0.481977,0.590357,0.983929,0.000000,0.000000,0.725282,0.725282,778,0.725282,Yersinia pestis,Yersinia,Yersinia,,G_pre1_TARGET_ENGINEERING_COMPOSITE_GENERATED,read_only_unmodified,read_only_unmodified,read_only_unmodified,read_only_unmodified,composite_desc;target_context_desc;target_organism_desc;phage_origin_desc;docking_desc;solubility_no_chaperone_desc;E7_score_desc;source_accession_asc
v5.4.8z2,A0A0T9PT88,A0A0T9PT88__V52_B0_374733c90a117eba5fd3__compound5,V52_B0_374733c90a117eba5fd3,ordinary_candidate,not_forced,not_hard_coded,none,no_gold_standard_bonus,not_Q9T0Z9,541,0.387931,0.250000,0.400000,other_or_genus_only_Yersinia,0.100000,other_unknown_non_phage_or_missing_origin,true,0.526432,0.540977,0.901629,0.000000,0.000000,0.738991,0.738991,741,0.738991,Yersinia similis,Yersinia,Yersinia,,G_pre1_TARGET_ENGINEERING_COMPOSITE_GENERATED,read_only_unmodified,read_only_unmodified,read_only_unmodified,read_only_unmodified,composite_desc;target_context_desc;target_organism_desc;phage_origin_desc;docking_desc;solubility_no_chaperone_desc;E7_score_desc;source_accession_asc
v5.4.8z2,A0A0T9KM71,A0A0T9KM71__V52_B0_d622054c64752e8c22d9__compound5,V52_B0_d622054c64752e8c22d9,ordinary_candidate,not_forced,not_hard_coded,none,no_gold_standard_bonus,not_Q9T0Z9,542,0.387858,0.250000,0.400000,other_or_genus_only_Yersinia,0.100000,other_unknown_non_phage_or_missing_origin,true,0.526814,0.525000,0.875000,0.000000,0.000000,0.799894,0.799894,239,0.799894,Yersinia kristensenii,Yersinia,Yersinia,,G_pre1_TARGET_ENGINEERING_COMPOSITE_GENERATED,read_only_unmodified,read_only_unmodified,read_only_unmodified,read_only_unmodified,composite_desc;target_context_desc;target_organism_desc;phage_origin_desc;docking_desc;solubility_no_chaperone_desc;E7_score_desc;source_accession_asc
v5.4.8z2,A0A0T9RK55,A0A0T9RK55__V52_B0_29263ea32eff21202c48__compound5,V52_B0_29263ea32eff21202c48,ordinary_candidate,not_forced,not_hard_coded,none,no_gold_standard_bonus,not_Q9T0Z9,543,0.387768,0.250000,0.400000,other_or_genus_only_Yersinia,0.100000,other_unknown_non_phage_or_missing_origin,true,0.507443,0.553361,0.922269,0.000000,0.000000,0.762142,0.762142,612,0.762142,Yersinia pekkanenii,Yersinia,Yersinia,,G_pre1_TARGET_ENGINEERING_COMPOSITE_GENERATED,read_only_unmodified,read_only_unmodified,read_only_unmodified,read_only_unmodified,composite_desc;target_context_desc;target_organism_desc;phage_origin_desc;docking_desc;solubility_no_chaperone_desc;E7_score_desc;source_accession_asc
v5.4.8z2,A0A5P8YE56,A0A5P8YE56__V52_B0_e1c79de5acfa90f8bce2__compound5,V52_B0_e1c79de5acfa90f8bce2,ordinary_candidate,not_forced,not_hard_coded,none,no_gold_standard_bonus,not_Q9T0Z9,544,0.387754,0.250000,0.400000,other_or_genus_only_Yersinia,0.100000,other_unknown_non_phage_or_missing_origin,true,0.521180,0.544841,0.908069,0.000000,0.000000,0.740986,0.740986,737,0.740986,Yersinia pestis,Yersinia,Yersinia,,G_pre1_TARGET_ENGINEERING_COMPOSITE_GENERATED,read_only_unmodified,read_only_unmodified,read_only_unmodified,read_only_unmodified,composite_desc;target_context_desc;target_organism_desc;phage_origin_desc;docking_desc;solubility_no_chaperone_desc;E7_score_desc;source_accession_asc
v5.4.8z2,A0A0T9QGW8,A0A0T9QGW8__V52_B0_8e4bc7ff25f965c5166b__compound5,V52_B0_8e4bc7ff25f965c5166b,ordinary_candidate,not_forced,not_hard_coded,none,no_gold_standard_bonus,not_Q9T0Z9,545,0.387719,0.250000,0.400000,other_or_genus_only_Yersinia,0.100000,other_unknown_non_phage_or_missing_origin,true,0.506200,0.585227,0.975379,0.000000,0.000000,0.638678,0.638678,825,0.638678,Yersinia pekkanenii,Yersinia,Yersinia,,G_pre1_TARGET_ENGINEERING_COMPOSITE_GENERATED,read_only_unmodified,read_only_unmodified,read_only_unmodified,read_only_unmodified,composite_desc;target_context_desc;target_organism_desc;phage_origin_desc;docking_desc;solubility_no_chaperone_desc;E7_score_desc;source_accession_asc
v5.4.8z2,A0ABP1ZLC4,A0ABP1ZLC4__V52_B0_c4d545e8d13f12fa1f6e__compound5,V52_B0_c4d545e8d13f12fa1f6e,ordinary_candidate,not_forced,not_hard_coded,none,no_gold_standard_bonus,not_Q9T0Z9,546,0.387718,0.250000,0.400000,other_or_genus_only_Yersinia,0.100000,other_unknown_non_phage_or_missing_origin,true,0.545759,0.505132,0.841887,0.000000,0.000000,0.800801,0.800801,230,0.800801,Yersinia wautersii,Yersinia,Yersinia,,G_pre1_TARGET_ENGINEERING_COMPOSITE_GENERATED,read_only_unmodified,read_only_unmodified,read_only_unmodified,read_only_unmodified,composite_desc;target_context_desc;target_organism_desc;phage_origin_desc;docking_desc;solubility_no_chaperone_desc;E7_score_desc;source_accession_asc
v5.4.8z2,A0A0T9QY81,A0A0T9QY81__V52_B0_54c01aa51ca604fbfb2e__compound5,V52_B0_54c01aa51ca604fbfb2e,ordinary_candidate,not_forced,not_hard_coded,none,no_gold_standard_bonus,not_Q9T0Z9,547,0.387428,0.250000,0.400000,other_or_genus_only_Yersinia,0.100000,other_unknown_non_phage_or_missing_origin,true,0.496841,0.550240,0.917067,0.000000,0.000000,0.810243,0.810243,139,0.810243,Yersinia pekkanenii,Yersinia,Yersinia,,G_pre1_TARGET_ENGINEERING_COMPOSITE_GENERATED,read_only_unmodified,read_only_unmodified,read_only_unmodified,read_only_unmodified,composite_desc;target_context_desc;target_organism_desc;phage_origin_desc;docking_desc;solubility_no_chaperone_desc;E7_score_desc;source_accession_asc
v5.4.8z2,A0ABR4W4S9,A0ABR4W4S9__V52_B0_bc59fea1b6f5ed9a83e0__compound5,V52_B0_bc59fea1b6f5ed9a83e0,ordinary_candidate,not_forced,not_hard_coded,none,no_gold_standard_bonus,not_Q9T0Z9,548,0.387398,0.250000,0.400000,other_or_genus_only_Yersinia,0.100000,other_unknown_non_phage_or_missing_origin,true,0.574576,0.475145,0.791908,0.000000,0.000000,0.799071,0.799071,247,0.799071,Yersinia frederiksenii ATCC 33641,Yersinia,Yersinia,,G_pre1_TARGET_ENGINEERING_COMPOSITE_GENERATED,read_only_unmodified,read_only_unmodified,read_only_unmodified,read_only_unmodified,composite_desc;target_context_desc;target_organism_desc;phage_origin_desc;docking_desc;solubility_no_chaperone_desc;E7_score_desc;source_accession_asc
v5.4.8z2,A0ABM5U8N9,A0ABM5U8N9__V52_B0_aa4026279f07b62735f1__compound5,V52_B0_aa4026279f07b62735f1,ordinary_candidate,not_forced,not_hard_coded,none,no_gold_standard_bonus,not_Q9T0Z9,549,0.387396,0.250000,0.400000,other_or_genus_only_Yersinia,0.100000,other_unknown_non_phage_or_missing_origin,true,0.538961,0.512195,0.853659,0.000000,0.000000,0.793296,0.793296,317,0.793296,Yersinia aleksiciae,Yersinia,Yersinia,Tyrosine-protein phosphatase domain-containing protein,G_pre1_TARGET_ENGINEERING_COMPOSITE_GENERATED,read_only_unmodified,read_only_unmodified,read_only_unmodified,read_only_unmodified,composite_desc;target_context_desc;target_organism_desc;phage_origin_desc;docking_desc;solubility_no_chaperone_desc;E7_score_desc;source_accession_asc
v5.4.8z2,A0AA36PLD9,A0AA36PLD9__V52_B0_9bad2947329bbbaa3d3b__compound5,V52_B0_9bad2947329bbbaa3d3b,ordinary_candidate,not_forced,not_hard_coded,none,no_gold_standard_bonus,not_Q9T0Z9,550,0.387053,0.250000,0.400000,other_or_genus_only_Yersinia,0.100000,other_unknown_non_phage_or_missing_origin,true,0.517837,0.528874,0.881456,0.000000,0.000000,0.804212,0.804212,201,0.804212,Yersinia mollaretii,Yersinia,Yersinia,,G_pre1_TARGET_ENGINEERING_COMPOSITE_GENERATED,read_only_unmodified,read_only_unmodified,read_only_unmodified,read_only_unmodified,composite_desc;target_context_desc;target_organism_desc;phage_origin_desc;docking_desc;solubility_no_chaperone_desc;E7_score_desc;source_accession_asc
v5.4.8z2,A0ABX6F3U1,A0ABX6F3U1__V52_B0_11dcbb48063bc875d1e0__compound5,V52_B0_11dcbb48063bc875d1e0,ordinary_candidate,not_forced,not_hard_coded,none,no_gold_standard_bonus,not_Q9T0Z9,551,0.386882,0.250000,0.400000,other_or_genus_only_Yersinia,0.100000,other_unknown_non_phage_or_missing_origin,true,0.534552,0.509005,0.848341,0.000000,0.000000,0.813407,0.813407,115,0.813407,Yersinia intermedia,Yersinia,Yersinia,,G_pre1_TARGET_ENGINEERING_COMPOSITE_GENERATED,read_only_unmodified,read_only_unmodified,read_only_unmodified,read_only_unmodified,composite_desc;target_context_desc;target_organism_desc;phage_origin_desc;docking_desc;solubility_no_chaperone_desc;E7_score_desc;source_accession_asc
v5.4.8z2,A0A0H2W3V2,A0A0H2W3V2__V52_B0_37baf92b36421a7c9b0e__compound5,V52_B0_37baf92b36421a7c9b0e,ordinary_candidate,not_forced,not_hard_coded,none,no_gold_standard_bonus,not_Q9T0Z9,552,0.386802,0.250000,0.400000,other_or_genus_only_Yersinia,0.100000,other_unknown_non_phage_or_missing_origin,true,0.473984,0.579487,0.965812,0.000000,0.000000,0.772156,0.772156,528,0.772156,Yersinia pestis,Yersinia,Yersinia,,G_pre1_TARGET_ENGINEERING_COMPOSITE_GENERATED,read_only_unmodified,read_only_unmodified,read_only_unmodified,read_only_unmodified,composite_desc;target_context_desc;target_organism_desc;phage_origin_desc;docking_desc;solubility_no_chaperone_desc;E7_score_desc;source_accession_asc
v5.4.8z2,A0AA36LNQ9,A0AA36LNQ9__V52_B0_e3fed7ddd245a8683c39__compound5,V52_B0_e3fed7ddd245a8683c39,ordinary_candidate,not_forced,not_hard_coded,none,no_gold_standard_bonus,not_Q9T0Z9,553,0.386683,0.250000,0.400000,other_or_genus_only_Yersinia,0.100000,other_unknown_non_phage_or_missing_origin,true,0.503575,0.555457,0.925761,0.000000,0.000000,0.747536,0.747536,702,0.747536,Yersinia mollaretii,Yersinia,Yersinia,,G_pre1_TARGET_ENGINEERING_COMPOSITE_GENERATED,read_only_unmodified,read_only_unmodified,read_only_unmodified,read_only_unmodified,composite_desc;target_context_desc;target_organism_desc;phage_origin_desc;docking_desc;solubility_no_chaperone_desc;E7_score_desc;source_accession_asc
v5.4.8z2,A0A2G4U6E8,A0A2G4U6E8__V52_B0_9bde3c4b757e38a14541__compound5,V52_B0_9bde3c4b757e38a14541,ordinary_candidate,not_forced,not_hard_coded,none,no_gold_standard_bonus,not_Q9T0Z9,554,0.386668,0.250000,0.400000,other_or_genus_only_Yersinia,0.100000,other_unknown_non_phage_or_missing_origin,true,0.516773,0.528874,0.881456,0.000000,0.000000,0.800767,0.800767,231,0.800767,Yersinia bercovieri,Yersinia,Yersinia,,G_pre1_TARGET_ENGINEERING_COMPOSITE_GENERATED,read_only_unmodified,read_only_unmodified,read_only_unmodified,read_only_unmodified,composite_desc;target_context_desc;target_organism_desc;phage_origin_desc;docking_desc;solubility_no_chaperone_desc;E7_score_desc;source_accession_asc
v5.4.8z2,A0ABN4CUZ1,A0ABN4CUZ1__V52_B0_dc214bee4b693bbb31fa__compound5,V52_B0_dc214bee4b693bbb31fa,ordinary_candidate,not_forced,not_hard_coded,none,no_gold_standard_bonus,not_Q9T0Z9,555,0.386604,0.250000,0.400000,other_or_genus_only_Yersinia,0.100000,other_unknown_non_phage_or_missing_origin,true,0.478920,0.563843,0.939739,0.000000,0.000000,0.811035,0.811035,132,0.811035,Yersinia similis,Yersinia,Yersinia,Phage tail collar domain-containing protein,G_pre1_TARGET_ENGINEERING_COMPOSITE_GENERATED,read_only_unmodified,read_only_unmodified,read_only_unmodified,read_only_unmodified,composite_desc;target_context_desc;target_organism_desc;phage_origin_desc;docking_desc;solubility_no_chaperone_desc;E7_score_desc;source_accession_asc
v5.4.8z2,A0ABW9EZG0,A0ABW9EZG0__V52_B0_986c0305540062456de6__compound5,V52_B0_986c0305540062456de6,ordinary_candidate,not_forced,not_hard_coded,none,no_gold_standard_bonus,not_Q9T0Z9,556,0.386337,0.250000,0.400000,other_or_genus_only_Yersinia,0.100000,other_unknown_non_phage_or_missing_origin,true,0.498058,0.557683,0.929472,0.000000,0.000000,0.753771,0.753771,663,0.753771,Yersinia proxima,Yersinia,Yersinia,,G_pre1_TARGET_ENGINEERING_COMPOSITE_GENERATED,read_only_unmodified,read_only_unmodified,read_only_unmodified,read_only_unmodified,composite_desc;target_context_desc;target_organism_desc;phage_origin_desc;docking_desc;solubility_no_chaperone_desc;E7_score_desc;source_accession_asc
v5.4.8z2,A0A0U1QUW3,A0A0U1QUW3__V52_B0_e67123c07e9830113735__compound5,V52_B0_e67123c07e9830113735,ordinary_candidate,not_forced,not_hard_coded,none,no_gold_standard_bonus,not_Q9T0Z9,557,0.386286,0.250000,0.400000,other_or_genus_only_Yersinia,0.100000,other_unknown_non_phage_or_missing_origin,true,0.518208,0.540873,0.901455,0.000000,0.000000,0.739388,0.739388,740,0.739388,Yersinia pseudotuberculosis serotype O:1b (strain IP 31758),Yersinia,Yersinia,,G_pre1_TARGET_ENGINEERING_COMPOSITE_GENERATED,read_only_unmodified,read_only_unmodified,read_only_unmodified,read_only_unmodified,composite_desc;target_context_desc;target_organism_desc;phage_origin_desc;docking_desc;solubility_no_chaperone_desc;E7_score_desc;source_accession_asc
v5.4.8z2,A0ABX6F9M0,A0ABX6F9M0__V52_B0_cb1dbe016220732740cc__compound5,V52_B0_cb1dbe016220732740cc,ordinary_candidate,not_forced,not_hard_coded,none,no_gold_standard_bonus,not_Q9T0Z9,558,0.386244,0.250000,0.400000,other_or_genus_only_Yersinia,0.100000,other_unknown_non_phage_or_missing_origin,true,0.526700,0.515278,0.858796,0.000000,0.000000,0.806978,0.806978,170,0.806978,Yersinia intermedia,Yersinia,Yersinia,,G_pre1_TARGET_ENGINEERING_COMPOSITE_GENERATED,read_only_unmodified,read_only_unmodified,read_only_unmodified,read_only_unmodified,composite_desc;target_context_desc;target_organism_desc;phage_origin_desc;docking_desc;solubility_no_chaperone_desc;E7_score_desc;source_accession_asc
v5.4.8z2,A0ABN4F8Y2,A0ABN4F8Y2__V52_B0_97aeb1ca367d9d7eec86__compound5,V52_B0_97aeb1ca367d9d7eec86,ordinary_candidate,not_forced,not_hard_coded,none,no_gold_standard_bonus,not_Q9T0Z9,559,0.385918,0.250000,0.400000,other_or_genus_only_Yersinia,0.100000,other_unknown_non_phage_or_missing_origin,true,0.477760,0.562947,0.938245,0.000000,0.000000,0.805527,0.805527,185,0.805527,Yersinia rochesterensis,Yersinia,Yersinia,,G_pre1_TARGET_ENGINEERING_COMPOSITE_GENERATED,read_only_unmodified,read_only_unmodified,read_only_unmodified,read_only_unmodified,composite_desc;target_context_desc;target_organism_desc;phage_origin_desc;docking_desc;solubility_no_chaperone_desc;E7_score_desc;source_accession_asc
v5.4.8z2,A0AA90XTS9,A0AA90XTS9__V52_B0_5e680a6df832974a10a3__compound5,V52_B0_5e680a6df832974a10a3,ordinary_candidate,not_forced,not_hard_coded,none,no_gold_standard_bonus,not_Q9T0Z9,560,0.385716,0.250000,0.400000,other_or_genus_only_Yersinia,0.100000,other_unknown_non_phage_or_missing_origin,true,0.503407,0.535916,0.893193,0.000000,0.000000,0.807031,0.807031,169,0.807031,Yersinia massiliensis,Yersinia,Yersinia,,G_pre1_TARGET_ENGINEERING_COMPOSITE_GENERATED,read_only_unmodified,read_only_unmodified,read_only_unmodified,read_only_unmodified,composite_desc;target_context_desc;target_organism_desc;phage_origin_desc;docking_desc;solubility_no_chaperone_desc;E7_score_desc;source_accession_asc
v5.4.8z2,A0AA44CL49,A0AA44CL49__V52_B0_400ef31da31edad40925__compound5,V52_B0_400ef31da31edad40925,ordinary_candidate,not_forced,not_hard_coded,none,no_gold_standard_bonus,not_Q9T0Z9,561,0.385659,0.250000,0.400000,other_or_genus_only_Yersinia,0.100000,other_unknown_non_phage_or_missing_origin,true,0.494926,0.559091,0.931819,0.000000,0.000000,0.747105,0.747105,705,0.747105,Yersinia mollaretii,Yersinia,Yersinia,,G_pre1_TARGET_ENGINEERING_COMPOSITE_GENERATED,read_only_unmodified,read_only_unmodified,read_only_unmodified,read_only_unmodified,composite_desc;target_context_desc;target_organism_desc;phage_origin_desc;docking_desc;solubility_no_chaperone_desc;E7_score_desc;source_accession_asc
v5.4.8z2,A0AA36LIH7,A0AA36LIH7__V52_B0_863b96d265b0837c55d5__compound5,V52_B0_863b96d265b0837c55d5,ordinary_candidate,not_forced,not_hard_coded,none,no_gold_standard_bonus,not_Q9T0Z9,562,0.385485,0.250000,0.400000,other_or_genus_only_Yersinia,0.100000,other_unknown_non_phage_or_missing_origin,true,0.547020,0.494225,0.823708,0.000000,0.000000,0.794713,0.794713,302,0.794713,Yersinia mollaretii,Yersinia,Yersinia,,G_pre1_TARGET_ENGINEERING_COMPOSITE_GENERATED,read_only_unmodified,read_only_unmodified,read_only_unmodified,read_only_unmodified,composite_desc;target_context_desc;target_organism_desc;phage_origin_desc;docking_desc;solubility_no_chaperone_desc;E7_score_desc;source_accession_asc
v5.4.8z2,A0A0T9KXM0,A0A0T9KXM0__V52_B0_62c2f7d90ed295cd56c4__compound5,V52_B0_62c2f7d90ed295cd56c4,ordinary_candidate,not_forced,not_hard_coded,none,no_gold_standard_bonus,not_Q9T0Z9,563,0.385322,0.250000,0.400000,other_or_genus_only_Yersinia,0.100000,other_unknown_non_phage_or_missing_origin,true,0.573212,0.466770,0.777950,0.000000,0.000000,0.796517,0.796517,283,0.796517,Yersinia kristensenii,Yersinia,Yersinia,,G_pre1_TARGET_ENGINEERING_COMPOSITE_GENERATED,read_only_unmodified,read_only_unmodified,read_only_unmodified,read_only_unmodified,composite_desc;target_context_desc;target_organism_desc;phage_origin_desc;docking_desc;solubility_no_chaperone_desc;E7_score_desc;source_accession_asc
v5.4.8z2,Q66BN2,Q66BN2__V52_B0_60acd78050469ec4904d__compound5,V52_B0_60acd78050469ec4904d,ordinary_candidate,not_forced,not_hard_coded,none,no_gold_standard_bonus,not_Q9T0Z9,564,0.385319,0.250000,0.400000,other_or_genus_only_Yersinia,0.100000,other_unknown_non_phage_or_missing_origin,true,0.497698,0.548196,0.913660,0.000000,0.000000,0.772808,0.772808,523,0.772808,Yersinia pseudotuberculosis serotype I (strain IP32953),Yersinia,Yersinia,,G_pre1_TARGET_ENGINEERING_COMPOSITE_GENERATED,read_only_unmodified,read_only_unmodified,read_only_unmodified,read_only_unmodified,composite_desc;target_context_desc;target_organism_desc;phage_origin_desc;docking_desc;solubility_no_chaperone_desc;E7_score_desc;source_accession_asc
v5.4.8z2,A0ABM9XUU0,A0ABM9XUU0__V52_B0_297326f72d721d30f79b__compound5,V52_B0_297326f72d721d30f79b,ordinary_candidate,not_forced,not_hard_coded,none,no_gold_standard_bonus,not_Q9T0Z9,565,0.385087,0.250000,0.400000,other_or_genus_only_Yersinia,0.100000,other_unknown_non_phage_or_missing_origin,true,0.485519,0.562181,0.936969,0.000000,0.000000,0.760937,0.760937,624,0.760937,Yersinia bercovieri ATCC 43970,Yersinia,Yersinia,,G_pre1_TARGET_ENGINEERING_COMPOSITE_GENERATED,read_only_unmodified,read_only_unmodified,read_only_unmodified,read_only_unmodified,composite_desc;target_context_desc;target_organism_desc;phage_origin_desc;docking_desc;solubility_no_chaperone_desc;E7_score_desc;source_accession_asc
v5.4.8z2,A0ABP2DXX8,A0ABP2DXX8__V52_B0_8bb823154fd8285e6c9a__compound5,V52_B0_8bb823154fd8285e6c9a,ordinary_candidate,not_forced,not_hard_coded,none,no_gold_standard_bonus,not_Q9T0Z9,566,0.384980,0.250000,0.400000,other_or_genus_only_Yersinia,0.100000,other_unknown_non_phage_or_missing_origin,true,0.518053,0.534921,0.891535,0.000000,0.000000,0.737709,0.737709,746,0.737709,Yersinia bercovieri ATCC 43970,Yersinia,Yersinia,Baseplate J-like protein,G_pre1_TARGET_ENGINEERING_COMPOSITE_GENERATED,read_only_unmodified,read_only_unmodified,read_only_unmodified,read_only_unmodified,composite_desc;target_context_desc;target_organism_desc;phage_origin_desc;docking_desc;solubility_no_chaperone_desc;E7_score_desc;source_accession_asc
v5.4.8z2,A0A208ZSF8,A0A208ZSF8__V52_B0_20c3551a7df0d88170f0__compound5,V52_B0_20c3551a7df0d88170f0,ordinary_candidate,not_forced,not_hard_coded,none,no_gold_standard_bonus,not_Q9T0Z9,567,0.384948,0.250000,0.400000,other_or_genus_only_Yersinia,0.100000,other_unknown_non_phage_or_missing_origin,true,0.587625,0.464714,0.774524,0.000000,0.000000,0.739606,0.739606,738,0.739606,Yersinia intermedia,Yersinia,Yersinia,,G_pre1_TARGET_ENGINEERING_COMPOSITE_GENERATED,read_only_unmodified,read_only_unmodified,read_only_unmodified,read_only_unmodified,composite_desc;target_context_desc;target_organism_desc;phage_origin_desc;docking_desc;solubility_no_chaperone_desc;E7_score_desc;source_accession_asc
v5.4.8z2,A0A208ZSS5,A0A208ZSS5__V52_B0_4259e1fab333622efa1e__compound5,V52_B0_4259e1fab333622efa1e,ordinary_candidate,not_forced,not_hard_coded,none,no_gold_standard_bonus,not_Q9T0Z9,568,0.384828,0.250000,0.400000,other_or_genus_only_Yersinia,0.100000,other_unknown_non_phage_or_missing_origin,true,0.515366,0.519697,0.866161,0.000000,0.000000,0.806317,0.806317,173,0.806317,Yersinia intermedia,Yersinia,Yersinia,,G_pre1_TARGET_ENGINEERING_COMPOSITE_GENERATED,read_only_unmodified,read_only_unmodified,read_only_unmodified,read_only_unmodified,composite_desc;target_context_desc;target_organism_desc;phage_origin_desc;docking_desc;solubility_no_chaperone_desc;E7_score_desc;source_accession_asc
v5.4.8z2,A0A380PTJ1,A0A380PTJ1__V52_B0_d5b71cb3900b37dd8f8a__compound5,V52_B0_d5b71cb3900b37dd8f8a,ordinary_candidate,not_forced,not_hard_coded,none,no_gold_standard_bonus,not_Q9T0Z9,569,0.384682,0.250000,0.400000,other_or_genus_only_Yersinia,0.100000,other_unknown_non_phage_or_missing_origin,true,0.463650,0.586517,0.977528,0.000000,0.000000,0.742974,0.742974,728,0.742974,Yersinia frederiksenii,Yersinia,Yersinia,,G_pre1_TARGET_ENGINEERING_COMPOSITE_GENERATED,read_only_unmodified,read_only_unmodified,read_only_unmodified,read_only_unmodified,composite_desc;target_context_desc;target_organism_desc;phage_origin_desc;docking_desc;solubility_no_chaperone_desc;E7_score_desc;source_accession_asc
v5.4.8z2,A0AA36LSX5,A0AA36LSX5__V52_B0_ca9d069c46da41379815__compound5,V52_B0_ca9d069c46da41379815,ordinary_candidate,not_forced,not_hard_coded,none,no_gold_standard_bonus,not_Q9T0Z9,570,0.384647,0.250000,0.400000,other_or_genus_only_Yersinia,0.100000,other_unknown_non_phage_or_missing_origin,true,0.480066,0.550862,0.918104,0.000000,0.000000,0.819221,0.819221,85,0.819221,Yersinia mollaretii,Yersinia,Yersinia,,G_pre1_TARGET_ENGINEERING_COMPOSITE_GENERATED,read_only_unmodified,read_only_unmodified,read_only_unmodified,read_only_unmodified,composite_desc;target_context_desc;target_organism_desc;phage_origin_desc;docking_desc;solubility_no_chaperone_desc;E7_score_desc;source_accession_asc
v5.4.8z2,A0A0T9PTD3,A0A0T9PTD3__V52_B0_a52d85922eb637109f45__compound5,V52_B0_a52d85922eb637109f45,ordinary_candidate,not_forced,not_hard_coded,none,no_gold_standard_bonus,not_Q9T0Z9,571,0.384574,0.250000,0.400000,other_or_genus_only_Yersinia,0.100000,other_unknown_non_phage_or_missing_origin,true,0.462912,0.582836,0.971393,0.000000,0.000000,0.758495,0.758495,634,0.758495,Yersinia similis,Yersinia,Yersinia,,G_pre1_TARGET_ENGINEERING_COMPOSITE_GENERATED,read_only_unmodified,read_only_unmodified,read_only_unmodified,read_only_unmodified,composite_desc;target_context_desc;target_organism_desc;phage_origin_desc;docking_desc;solubility_no_chaperone_desc;E7_score_desc;source_accession_asc
v5.4.8z2,A0ABM6BHL4,A0ABM6BHL4__V52_B0_91a0077e72f060978e4d__compound5,V52_B0_91a0077e72f060978e4d,ordinary_candidate,not_forced,not_hard_coded,none,no_gold_standard_bonus,not_Q9T0Z9,572,0.384349,0.250000,0.400000,other_or_genus_only_Yersinia,0.100000,other_unknown_non_phage_or_missing_origin,true,0.496356,0.548174,0.913624,0.000000,0.000000,0.758853,0.758853,632,0.758853,Yersinia entomophaga,Yersinia,Yersinia,,G_pre1_TARGET_ENGINEERING_COMPOSITE_GENERATED,read_only_unmodified,read_only_unmodified,read_only_unmodified,read_only_unmodified,composite_desc;target_context_desc;target_organism_desc;phage_origin_desc;docking_desc;solubility_no_chaperone_desc;E7_score_desc;source_accession_asc
v5.4.8z2,A0AA36PL17,A0AA36PL17__V52_B0_b9c7be37bcccbb48cac5__compound5,V52_B0_b9c7be37bcccbb48cac5,ordinary_candidate,not_forced,not_hard_coded,none,no_gold_standard_bonus,not_Q9T0Z9,573,0.384332,0.250000,0.400000,other_or_genus_only_Yersinia,0.100000,other_unknown_non_phage_or_missing_origin,true,0.549890,0.482143,0.803571,0.000000,0.000000,0.808502,0.808502,152,0.808502,Yersinia mollaretii,Yersinia,Yersinia,,G_pre1_TARGET_ENGINEERING_COMPOSITE_GENERATED,read_only_unmodified,read_only_unmodified,read_only_unmodified,read_only_unmodified,composite_desc;target_context_desc;target_organism_desc;phage_origin_desc;docking_desc;solubility_no_chaperone_desc;E7_score_desc;source_accession_asc
v5.4.8z2,A0A380Q3T2,A0A380Q3T2__V52_B0_d164edb2653cc5af8769__compound5,V52_B0_d164edb2653cc5af8769,ordinary_candidate,not_forced,not_hard_coded,none,no_gold_standard_bonus,not_Q9T0Z9,574,0.384328,0.250000,0.400000,other_or_genus_only_Yersinia,0.100000,other_unknown_non_phage_or_missing_origin,true,0.504735,0.552656,0.921093,0.000000,0.000000,0.707001,0.707001,799,0.707001,Yersinia pseudotuberculosis,Yersinia,Yersinia,,G_pre1_TARGET_ENGINEERING_COMPOSITE_GENERATED,read_only_unmodified,read_only_unmodified,read_only_unmodified,read_only_unmodified,composite_desc;target_context_desc;target_organism_desc;phage_origin_desc;docking_desc;solubility_no_chaperone_desc;E7_score_desc;source_accession_asc
v5.4.8z2,A0A0T9PR09,A0A0T9PR09__V52_B0_c447f114537fcb3c9db7__compound5,V52_B0_c447f114537fcb3c9db7,ordinary_candidate,not_forced,not_hard_coded,none,no_gold_standard_bonus,not_Q9T0Z9,575,0.384303,0.250000,0.400000,other_or_genus_only_Yersinia,0.100000,other_unknown_non_phage_or_missing_origin,true,0.578840,0.456521,0.760869,0.000000,0.000000,0.794608,0.794608,303,0.794608,Yersinia pekkanenii,Yersinia,Yersinia,,G_pre1_TARGET_ENGINEERING_COMPOSITE_GENERATED,read_only_unmodified,read_only_unmodified,read_only_unmodified,read_only_unmodified,composite_desc;target_context_desc;target_organism_desc;phage_origin_desc;docking_desc;solubility_no_chaperone_desc;E7_score_desc;source_accession_asc
v5.4.8z2,A0A2G4U6D9,A0A2G4U6D9__V52_B0_ccdd3330e75cef6bccc9__compound5,V52_B0_ccdd3330e75cef6bccc9,ordinary_candidate,not_forced,not_hard_coded,none,no_gold_standard_bonus,not_Q9T0Z9,576,0.384267,0.250000,0.400000,other_or_genus_only_Yersinia,0.100000,other_unknown_non_phage_or_missing_origin,true,0.497563,0.543410,0.905684,0.000000,0.000000,0.771456,0.771456,539,0.771456,Yersinia bercovieri,Yersinia,Yersinia,Late control protein D,G_pre1_TARGET_ENGINEERING_COMPOSITE_GENERATED,read_only_unmodified,read_only_unmodified,read_only_unmodified,read_only_unmodified,composite_desc;target_context_desc;target_organism_desc;phage_origin_desc;docking_desc;solubility_no_chaperone_desc;E7_score_desc;source_accession_asc
v5.4.8z2,A0ABP1Z7N4,A0ABP1Z7N4__V52_B0_04896315eb995e7633e0__compound5,V52_B0_04896315eb995e7633e0,ordinary_candidate,not_forced,not_hard_coded,none,no_gold_standard_bonus,not_Q9T0Z9,577,0.384235,0.250000,0.400000,other_or_genus_only_Yersinia,0.100000,other_unknown_non_phage_or_missing_origin,true,0.506155,0.534890,0.891483,0.000000,0.000000,0.770521,0.770521,548,0.770521,Yersinia wautersii,Yersinia,Yersinia,,G_pre1_TARGET_ENGINEERING_COMPOSITE_GENERATED,read_only_unmodified,read_only_unmodified,read_only_unmodified,read_only_unmodified,composite_desc;target_context_desc;target_organism_desc;phage_origin_desc;docking_desc;solubility_no_chaperone_desc;E7_score_desc;source_accession_asc
v5.4.8z2,A0ABM9SY22,A0ABM9SY22__V52_B0_7e9ccacc00371be8dc81__compound5,V52_B0_7e9ccacc00371be8dc81,ordinary_candidate,not_forced,not_hard_coded,none,no_gold_standard_bonus,not_Q9T0Z9,578,0.384202,0.250000,0.400000,other_or_genus_only_Yersinia,0.100000,other_unknown_non_phage_or_missing_origin,true,0.445053,0.587204,0.978673,0.000000,0.000000,0.805016,0.805016,192,0.805016,Yersinia aldovae,Yersinia,Yersinia,,G_pre1_TARGET_ENGINEERING_COMPOSITE_GENERATED,read_only_unmodified,read_only_unmodified,read_only_unmodified,read_only_unmodified,composite_desc;target_context_desc;target_organism_desc;phage_origin_desc;docking_desc;solubility_no_chaperone_desc;E7_score_desc;source_accession_asc
v5.4.8z2,A0AAV3BFY5,A0AAV3BFY5__V52_B0_bee0ea869afe81114b02__compound5,V52_B0_bee0ea869afe81114b02,ordinary_candidate,not_forced,not_hard_coded,none,no_gold_standard_bonus,not_Q9T0Z9,579,0.384176,0.250000,0.400000,other_or_genus_only_Yersinia,0.100000,other_unknown_non_phage_or_missing_origin,true,0.472825,0.575214,0.958690,0.000000,0.000000,0.741364,0.741364,735,0.741364,Yersinia pestis biovar Orientalis str. IP275,Yersinia,Yersinia,,G_pre1_TARGET_ENGINEERING_COMPOSITE_GENERATED,read_only_unmodified,read_only_unmodified,read_only_unmodified,read_only_unmodified,composite_desc;target_context_desc;target_organism_desc;phage_origin_desc;docking_desc;solubility_no_chaperone_desc;E7_score_desc;source_accession_asc
v5.4.8z2,A0ABM9TCW2,A0ABM9TCW2__V52_B0_1da36a81182496242bf5__compound5,V52_B0_1da36a81182496242bf5,ordinary_candidate,not_forced,not_hard_coded,none,no_gold_standard_bonus,not_Q9T0Z9,580,0.384117,0.250000,0.400000,other_or_genus_only_Yersinia,0.100000,other_unknown_non_phage_or_missing_origin,true,0.507799,0.540873,0.901455,0.000000,0.000000,0.737653,0.737653,747,0.737653,Yersinia wautersii,Yersinia,Yersinia,,G_pre1_TARGET_ENGINEERING_COMPOSITE_GENERATED,read_only_unmodified,read_only_unmodified,read_only_unmodified,read_only_unmodified,composite_desc;target_context_desc;target_organism_desc;phage_origin_desc;docking_desc;solubility_no_chaperone_desc;E7_score_desc;source_accession_asc
v5.4.8z2,B6CGX2,B6CGX2__V52_B0_beb7c28c23182afd8367__compound5,V52_B0_beb7c28c23182afd8367,ordinary_candidate,not_forced,not_hard_coded,none,no_gold_standard_bonus,not_Q9T0Z9,581,0.384062,0.250000,0.400000,other_or_genus_only_Yersinia,0.100000,other_unknown_non_phage_or_missing_origin,true,0.457059,0.575197,0.958661,0.000000,0.000000,0.802212,0.802212,218,0.802212,Yersinia ruckeri,Yersinia,Yersinia,,G_pre1_TARGET_ENGINEERING_COMPOSITE_GENERATED,read_only_unmodified,read_only_unmodified,read_only_unmodified,read_only_unmodified,composite_desc;target_context_desc;target_organism_desc;phage_origin_desc;docking_desc;solubility_no_chaperone_desc;E7_score_desc;source_accession_asc
v5.4.8z2,A0A380PPA0,A0A380PPA0__V52_B0_8ee396c425b9a555a3bc__compound5,V52_B0_8ee396c425b9a555a3bc,ordinary_candidate,not_forced,not_hard_coded,none,no_gold_standard_bonus,not_Q9T0Z9,582,0.384002,0.250000,0.400000,other_or_genus_only_Yersinia,0.100000,other_unknown_non_phage_or_missing_origin,true,0.548123,0.487748,0.812914,0.000000,0.000000,0.786562,0.786562,404,0.786562,Yersinia frederiksenii,Yersinia,Yersinia,,G_pre1_TARGET_ENGINEERING_COMPOSITE_GENERATED,read_only_unmodified,read_only_unmodified,read_only_unmodified,read_only_unmodified,composite_desc;target_context_desc;target_organism_desc;phage_origin_desc;docking_desc;solubility_no_chaperone_desc;E7_score_desc;source_accession_asc
v5.4.8z2,A0A2G4U294,A0A2G4U294__V52_B0_0f3b273dbcd73e7ea393__compound5,V52_B0_0f3b273dbcd73e7ea393,ordinary_candidate,not_forced,not_hard_coded,none,no_gold_standard_bonus,not_Q9T0Z9,583,0.383803,0.250000,0.400000,other_or_genus_only_Yersinia,0.100000,other_unknown_non_phage_or_missing_origin,true,0.483344,0.555928,0.926546,0.000000,0.000000,0.768969,0.768969,560,0.768969,Yersinia bercovieri,Yersinia,Yersinia,Phage tail collar domain-containing protein,G_pre1_TARGET_ENGINEERING_COMPOSITE_GENERATED,read_only_unmodified,read_only_unmodified,read_only_unmodified,read_only_unmodified,composite_desc;target_context_desc;target_organism_desc;phage_origin_desc;docking_desc;solubility_no_chaperone_desc;E7_score_desc;source_accession_asc
v5.4.8z2,A0ABX6F8L7,A0ABX6F8L7__V52_B0_5f4a2707c0f29414a349__compound5,V52_B0_5f4a2707c0f29414a349,ordinary_candidate,not_forced,not_hard_coded,none,no_gold_standard_bonus,not_Q9T0Z9,584,0.383743,0.250000,0.400000,other_or_genus_only_Yersinia,0.100000,other_unknown_non_phage_or_missing_origin,true,0.548076,0.483871,0.806452,0.000000,0.000000,0.797078,0.797078,273,0.797078,Yersinia intermedia,Yersinia,Yersinia,Tail fiber assembly protein,G_pre1_TARGET_ENGINEERING_COMPOSITE_GENERATED,read_only_unmodified,read_only_unmodified,read_only_unmodified,read_only_unmodified,composite_desc;target_context_desc;target_organism_desc;phage_origin_desc;docking_desc;solubility_no_chaperone_desc;E7_score_desc;source_accession_asc
v5.4.8z2,A0A0T9QCY7,A0A0T9QCY7__V52_B0_dfadb4e6023167e25979__compound5,V52_B0_dfadb4e6023167e25979,ordinary_candidate,not_forced,not_hard_coded,none,no_gold_standard_bonus,not_Q9T0Z9,585,0.383654,0.250000,0.400000,other_or_genus_only_Yersinia,0.100000,other_unknown_non_phage_or_missing_origin,true,0.452587,0.576540,0.960900,0.000000,0.000000,0.806578,0.806578,171,0.806578,Yersinia thracica,Yersinia,Yersinia,,G_pre1_TARGET_ENGINEERING_COMPOSITE_GENERATED,read_only_unmodified,read_only_unmodified,read_only_unmodified,read_only_unmodified,composite_desc;target_context_desc;target_organism_desc;phage_origin_desc;docking_desc;solubility_no_chaperone_desc;E7_score_desc;source_accession_asc
v5.4.8z2,A0ABN4PWW7,A0ABN4PWW7__V52_B0_dd1691fb1342437bcd24__compound5,V52_B0_dd1691fb1342437bcd24,ordinary_candidate,not_forced,not_hard_coded,none,no_gold_standard_bonus,not_Q9T0Z9,586,0.383652,0.250000,0.400000,other_or_genus_only_Yersinia,0.100000,other_unknown_non_phage_or_missing_origin,true,0.517295,0.521312,0.868853,0.000000,0.000000,0.768606,0.768606,562,0.768606,Yersinia entomophaga,Yersinia,Yersinia,,G_pre1_TARGET_ENGINEERING_COMPOSITE_GENERATED,read_only_unmodified,read_only_unmodified,read_only_unmodified,read_only_unmodified,composite_desc;target_context_desc;target_organism_desc;phage_origin_desc;docking_desc;solubility_no_chaperone_desc;E7_score_desc;source_accession_asc
v5.4.8z2,A0ABM6BJY1,A0ABM6BJY1__V52_B0_833d8ea881b536799243__compound5,V52_B0_833d8ea881b536799243,ordinary_candidate,not_forced,not_hard_coded,none,no_gold_standard_bonus,not_Q9T0Z9,587,0.383650,0.250000,0.400000,other_or_genus_only_Yersinia,0.100000,other_unknown_non_phage_or_missing_origin,true,0.567026,0.465397,0.775662,0.000000,0.000000,0.793308,0.793308,315,0.793308,Yersinia entomophaga,Yersinia,Yersinia,,G_pre1_TARGET_ENGINEERING_COMPOSITE_GENERATED,read_only_unmodified,read_only_unmodified,read_only_unmodified,read_only_unmodified,composite_desc;target_context_desc;target_organism_desc;phage_origin_desc;docking_desc;solubility_no_chaperone_desc;E7_score_desc;source_accession_asc
v5.4.8z2,A0A0H3B5G2,A0A0H3B5G2__V52_B0_5a0d37d35b388c96a84e__compound5,V52_B0_5a0d37d35b388c96a84e,ordinary_candidate,not_forced,not_hard_coded,none,no_gold_standard_bonus,not_Q9T0Z9,588,0.383282,0.250000,0.400000,other_or_genus_only_Yersinia,0.100000,other_unknown_non_phage_or_missing_origin,true,0.492101,0.532759,0.887931,0.000000,0.000000,0.816198,0.816198,102,0.816198,Yersinia pseudotuberculosis serotype O:3 (strain YPIII),Yersinia,Yersinia,,G_pre1_TARGET_ENGINEERING_COMPOSITE_GENERATED,read_only_unmodified,read_only_unmodified,read_only_unmodified,read_only_unmodified,composite_desc;target_context_desc;target_organism_desc;phage_origin_desc;docking_desc;solubility_no_chaperone_desc;E7_score_desc;source_accession_asc
v5.4.8z2,A0ABM5Q137,A0ABM5Q137__V52_B0_72a847ad5b4470476f13__compound5,V52_B0_72a847ad5b4470476f13,ordinary_candidate,not_forced,not_hard_coded,none,no_gold_standard_bonus,not_Q9T0Z9,589,0.383277,0.250000,0.400000,other_or_genus_only_Yersinia,0.100000,other_unknown_non_phage_or_missing_origin,true,0.489009,0.541592,0.902654,0.000000,0.000000,0.793137,0.793137,322,0.793137,Yersinia similis,Yersinia,Yersinia,,G_pre1_TARGET_ENGINEERING_COMPOSITE_GENERATED,read_only_unmodified,read_only_unmodified,read_only_unmodified,read_only_unmodified,composite_desc;target_context_desc;target_organism_desc;phage_origin_desc;docking_desc;solubility_no_chaperone_desc;E7_score_desc;source_accession_asc
v5.4.8z2,A0ABM5SKZ0,A0ABM5SKZ0__V52_B0_288ba6d683a057aa6f1b__compound5,V52_B0_288ba6d683a057aa6f1b,ordinary_candidate,not_forced,not_hard_coded,none,no_gold_standard_bonus,not_Q9T0Z9,590,0.383222,0.250000,0.400000,other_or_genus_only_Yersinia,0.100000,other_unknown_non_phage_or_missing_origin,true,0.488947,0.539868,0.899780,0.000000,0.000000,0.799183,0.799183,244,0.799183,Yersinia rochesterensis,Yersinia,Yersinia,,G_pre1_TARGET_ENGINEERING_COMPOSITE_GENERATED,read_only_unmodified,read_only_unmodified,read_only_unmodified,read_only_unmodified,composite_desc;target_context_desc;target_organism_desc;phage_origin_desc;docking_desc;solubility_no_chaperone_desc;E7_score_desc;source_accession_asc
v5.4.8z2,A0A0U1QW74,A0A0U1QW74__V52_B0_52b27015a60f64358995__compound5,V52_B0_52b27015a60f64358995,ordinary_candidate,not_forced,not_hard_coded,none,no_gold_standard_bonus,not_Q9T0Z9,591,0.383134,0.250000,0.400000,other_or_genus_only_Yersinia,0.100000,other_unknown_non_phage_or_missing_origin,true,0.455997,0.582836,0.971393,0.000000,0.000000,0.757343,0.757343,641,0.757343,Yersinia pseudotuberculosis serotype O:1b (strain IP 31758),Yersinia,Yersinia,,G_pre1_TARGET_ENGINEERING_COMPOSITE_GENERATED,read_only_unmodified,read_only_unmodified,read_only_unmodified,read_only_unmodified,composite_desc;target_context_desc;target_organism_desc;phage_origin_desc;docking_desc;solubility_no_chaperone_desc;E7_score_desc;source_accession_asc
v5.4.8z2,A0ABY5UJQ0,A0ABY5UJQ0__V52_B0_a8b97d7522d8b7303a9b__compound5,V52_B0_a8b97d7522d8b7303a9b,ordinary_candidate,not_forced,not_hard_coded,none,no_gold_standard_bonus,not_Q9T0Z9,592,0.383013,0.250000,0.400000,other_or_genus_only_Yersinia,0.100000,other_unknown_non_phage_or_missing_origin,true,0.426310,0.594478,0.990797,0.000000,0.000000,0.827116,0.827116,49,0.827116,Yersinia alsatica,Yersinia,Yersinia,,G_pre1_TARGET_ENGINEERING_COMPOSITE_GENERATED,read_only_unmodified,read_only_unmodified,read_only_unmodified,read_only_unmodified,composite_desc;target_context_desc;target_organism_desc;phage_origin_desc;docking_desc;solubility_no_chaperone_desc;E7_score_desc;source_accession_asc
v5.4.8z2,A0A0U1HX05,A0A0U1HX05__V52_B0_7f4afd8a0c8cbdfa81b7__compound5,V52_B0_7f4afd8a0c8cbdfa81b7,ordinary_candidate,not_forced,not_hard_coded,none,no_gold_standard_bonus,not_Q9T0Z9,593,0.382855,0.250000,0.400000,other_or_genus_only_Yersinia,0.100000,other_unknown_non_phage_or_missing_origin,true,0.560377,0.465789,0.776315,0.000000,0.000000,0.802439,0.802439,213,0.802439,Yersinia rohdei,Yersinia,Yersinia,,G_pre1_TARGET_ENGINEERING_COMPOSITE_GENERATED,read_only_unmodified,read_only_unmodified,read_only_unmodified,read_only_unmodified,composite_desc;target_context_desc;target_organism_desc;phage_origin_desc;docking_desc;solubility_no_chaperone_desc;E7_score_desc;source_accession_asc
v5.4.8z2,A0AAX2HZP5,A0AAX2HZP5__V52_B0_cc3cb8c8a7ccb9bce241__compound5,V52_B0_cc3cb8c8a7ccb9bce241,ordinary_candidate,not_forced,not_hard_coded,none,no_gold_standard_bonus,not_Q9T0Z9,594,0.382713,0.250000,0.400000,other_or_genus_only_Yersinia,0.100000,other_unknown_non_phage_or_missing_origin,true,0.496986,0.544841,0.908069,0.000000,0.000000,0.736954,0.736954,753,0.736954,Yersinia pestis,Yersinia,Yersinia,,G_pre1_TARGET_ENGINEERING_COMPOSITE_GENERATED,read_only_unmodified,read_only_unmodified,read_only_unmodified,read_only_unmodified,composite_desc;target_context_desc;target_organism_desc;phage_origin_desc;docking_desc;solubility_no_chaperone_desc;E7_score_desc;source_accession_asc
v5.4.8z2,A0A0T9KKF4,A0A0T9KKF4__V52_B0_8539e31cbbe1d4838cb6__compound5,V52_B0_8539e31cbbe1d4838cb6,ordinary_candidate,not_forced,not_hard_coded,none,no_gold_standard_bonus,not_Q9T0Z9,595,0.382656,0.250000,0.400000,other_or_genus_only_Yersinia,0.100000,other_unknown_non_phage_or_missing_origin,true,0.488933,0.550546,0.917576,0.000000,0.000000,0.745202,0.745202,715,0.745202,Yersinia kristensenii,Yersinia,Yersinia,,G_pre1_TARGET_ENGINEERING_COMPOSITE_GENERATED,read_only_unmodified,read_only_unmodified,read_only_unmodified,read_only_unmodified,composite_desc;target_context_desc;target_organism_desc;phage_origin_desc;docking_desc;solubility_no_chaperone_desc;E7_score_desc;source_accession_asc
v5.4.8z2,A0A0T9QHF4,A0A0T9QHF4__V52_B0_4643db6cfc79a0a1b1f2__compound5,V52_B0_4643db6cfc79a0a1b1f2,ordinary_candidate,not_forced,not_hard_coded,none,no_gold_standard_bonus,not_Q9T0Z9,596,0.382638,0.250000,0.400000,other_or_genus_only_Yersinia,0.100000,other_unknown_non_phage_or_missing_origin,true,0.517290,0.519290,0.865483,0.000000,0.000000,0.756443,0.756443,647,0.756443,Yersinia pekkanenii,Yersinia,Yersinia,,G_pre1_TARGET_ENGINEERING_COMPOSITE_GENERATED,read_only_unmodified,read_only_unmodified,read_only_unmodified,read_only_unmodified,composite_desc;target_context_desc;target_organism_desc;phage_origin_desc;docking_desc;solubility_no_chaperone_desc;E7_score_desc;source_accession_asc
v5.4.8z2,A0A0U1R055,A0A0U1R055__V52_B0_6826c86a808a9bd7ae51__compound5,V52_B0_6826c86a808a9bd7ae51,ordinary_candidate,not_forced,not_hard_coded,none,no_gold_standard_bonus,not_Q9T0Z9,597,0.382562,0.250000,0.400000,other_or_genus_only_Yersinia,0.100000,other_unknown_non_phage_or_missing_origin,true,0.462405,0.570940,0.951567,0.000000,0.000000,0.767852,0.767852,567,0.767852,Yersinia pseudotuberculosis serotype O:1b (strain IP 31758),Yersinia,Yersinia,,G_pre1_TARGET_ENGINEERING_COMPOSITE_GENERATED,read_only_unmodified,read_only_unmodified,read_only_unmodified,read_only_unmodified,composite_desc;target_context_desc;target_organism_desc;phage_origin_desc;docking_desc;solubility_no_chaperone_desc;E7_score_desc;source_accession_asc
v5.4.8z2,A0AB72ZSW9,A0AB72ZSW9__V52_B0_5e1cc25c91cb3ce06355__compound5,V52_B0_5e1cc25c91cb3ce06355,ordinary_candidate,not_forced,not_hard_coded,none,no_gold_standard_bonus,not_Q9T0Z9,598,0.382526,0.250000,0.400000,other_or_genus_only_Yersinia,0.100000,other_unknown_non_phage_or_missing_origin,true,0.564027,0.451186,0.751977,0.000000,0.000000,0.839677,0.839677,16,0.839677,Yersinia pestis PY-08,Yersinia,Yersinia,,G_pre1_TARGET_ENGINEERING_COMPOSITE_GENERATED,read_only_unmodified,read_only_unmodified,read_only_unmodified,read_only_unmodified,composite_desc;target_context_desc;target_organism_desc;phage_origin_desc;docking_desc;solubility_no_chaperone_desc;E7_score_desc;source_accession_asc
v5.4.8z2,A0A2A7VG50,A0A2A7VG50__V52_B0_ac97ea5e8f6ed0b8f83c__compound5,V52_B0_ac97ea5e8f6ed0b8f83c,ordinary_candidate,not_forced,not_hard_coded,none,no_gold_standard_bonus,not_Q9T0Z9,599,0.382381,0.250000,0.400000,other_or_genus_only_Yersinia,0.100000,other_unknown_non_phage_or_missing_origin,true,0.498048,0.534116,0.890193,0.000000,0.000000,0.768955,0.768955,561,0.768955,Yersinia pseudotuberculosis,Yersinia,Yersinia,,G_pre1_TARGET_ENGINEERING_COMPOSITE_GENERATED,read_only_unmodified,read_only_unmodified,read_only_unmodified,read_only_unmodified,composite_desc;target_context_desc;target_organism_desc;phage_origin_desc;docking_desc;solubility_no_chaperone_desc;E7_score_desc;source_accession_asc
v5.4.8z2,A0ABM5Q0I6,A0ABM5Q0I6__V52_B0_9f4a8826b71397aad331__compound5,V52_B0_9f4a8826b71397aad331,ordinary_candidate,not_forced,not_hard_coded,none,no_gold_standard_bonus,not_Q9T0Z9,600,0.382347,0.250000,0.400000,other_or_genus_only_Yersinia,0.100000,other_unknown_non_phage_or_missing_origin,true,0.491624,0.546826,0.911376,0.000000,0.000000,0.743147,0.743147,727,0.743147,Yersinia similis,Yersinia,Yersinia,Bacteriophage protein,G_pre1_TARGET_ENGINEERING_COMPOSITE_GENERATED,read_only_unmodified,read_only_unmodified,read_only_unmodified,read_only_unmodified,composite_desc;target_context_desc;target_organism_desc;phage_origin_desc;docking_desc;solubility_no_chaperone_desc;E7_score_desc;source_accession_asc
v5.4.8z2,A0A380PP26,A0A380PP26__V52_B0_79da3452b95776e600bb__compound5,V52_B0_79da3452b95776e600bb,ordinary_candidate,not_forced,not_hard_coded,none,no_gold_standard_bonus,not_Q9T0Z9,601,0.382078,0.250000,0.400000,other_or_genus_only_Yersinia,0.100000,other_unknown_non_phage_or_missing_origin,true,0.500804,0.535443,0.892405,0.000000,0.000000,0.746581,0.746581,709,0.746581,Yersinia frederiksenii,Yersinia,Yersinia,,G_pre1_TARGET_ENGINEERING_COMPOSITE_GENERATED,read_only_unmodified,read_only_unmodified,read_only_unmodified,read_only_unmodified,composite_desc;target_context_desc;target_organism_desc;phage_origin_desc;docking_desc;solubility_no_chaperone_desc;E7_score_desc;source_accession_asc
v5.4.8z2,A0ABM5UGZ3,A0ABM5UGZ3__V52_B0_cca46586e3c793330bc8__compound5,V52_B0_cca46586e3c793330bc8,ordinary_candidate,not_forced,not_hard_coded,none,no_gold_standard_bonus,not_Q9T0Z9,602,0.382020,0.250000,0.400000,other_or_genus_only_Yersinia,0.100000,other_unknown_non_phage_or_missing_origin,true,0.453767,0.573271,0.955452,0.000000,0.000000,0.782255,0.782255,456,0.782255,Yersinia aleksiciae,Yersinia,Yersinia,,G_pre1_TARGET_ENGINEERING_COMPOSITE_GENERATED,read_only_unmodified,read_only_unmodified,read_only_unmodified,read_only_unmodified,composite_desc;target_context_desc;target_organism_desc;phage_origin_desc;docking_desc;solubility_no_chaperone_desc;E7_score_desc;source_accession_asc
v5.4.8z2,A0ABM9TW88,A0ABM9TW88__V52_B0_38d304efe44dd6be8a27__compound5,V52_B0_38d304efe44dd6be8a27,ordinary_candidate,not_forced,not_hard_coded,none,no_gold_standard_bonus,not_Q9T0Z9,603,0.381810,0.250000,0.400000,other_or_genus_only_Yersinia,0.100000,other_unknown_non_phage_or_missing_origin,true,0.526703,0.495652,0.826087,0.000000,0.000000,0.796789,0.796789,279,0.796789,Yersinia pekkanenii,Yersinia,Yersinia,,G_pre1_TARGET_ENGINEERING_COMPOSITE_GENERATED,read_only_unmodified,read_only_unmodified,read_only_unmodified,read_only_unmodified,composite_desc;target_context_desc;target_organism_desc;phage_origin_desc;docking_desc;solubility_no_chaperone_desc;E7_score_desc;source_accession_asc
v5.4.8z2,A0ABP1YW71,A0ABP1YW71__V52_B0_99df2aee31b85ed0ff59__compound5,V52_B0_99df2aee31b85ed0ff59,ordinary_candidate,not_forced,not_hard_coded,none,no_gold_standard_bonus,not_Q9T0Z9,604,0.381771,0.250000,0.400000,other_or_genus_only_Yersinia,0.100000,other_unknown_non_phage_or_missing_origin,true,0.483066,0.541104,0.901840,0.000000,0.000000,0.788743,0.788743,373,0.788743,Yersinia aldovae,Yersinia,Yersinia,,G_pre1_TARGET_ENGINEERING_COMPOSITE_GENERATED,read_only_unmodified,read_only_unmodified,read_only_unmodified,read_only_unmodified,composite_desc;target_context_desc;target_organism_desc;phage_origin_desc;docking_desc;solubility_no_chaperone_desc;E7_score_desc;source_accession_asc
v5.4.8z2,A0A0T9QDB9,A0A0T9QDB9__V52_B0_4975b60c6227309004f4__compound5,V52_B0_4975b60c6227309004f4,ordinary_candidate,not_forced,not_hard_coded,none,no_gold_standard_bonus,not_Q9T0Z9,605,0.381769,0.250000,0.400000,other_or_genus_only_Yersinia,0.100000,other_unknown_non_phage_or_missing_origin,true,0.527400,0.495199,0.825331,0.000000,0.000000,0.794981,0.794981,301,0.794981,Yersinia thracica,Yersinia,Yersinia,,G_pre1_TARGET_ENGINEERING_COMPOSITE_GENERATED,read_only_unmodified,read_only_unmodified,read_only_unmodified,read_only_unmodified,composite_desc;target_context_desc;target_organism_desc;phage_origin_desc;docking_desc;solubility_no_chaperone_desc;E7_score_desc;source_accession_asc
v5.4.8z2,A0ABP2E2L7,A0ABP2E2L7__V52_B0_8e1046c376d2bfb870ba__compound5,V52_B0_8e1046c376d2bfb870ba,ordinary_candidate,not_forced,not_hard_coded,none,no_gold_standard_bonus,not_Q9T0Z9,606,0.381541,0.250000,0.400000,other_or_genus_only_Yersinia,0.100000,other_unknown_non_phage_or_missing_origin,true,0.501904,0.517021,0.861702,0.000000,0.000000,0.805127,0.805127,190,0.805127,Yersinia bercovieri ATCC 43970,Yersinia,Yersinia,,G_pre1_TARGET_ENGINEERING_COMPOSITE_GENERATED,read_only_unmodified,read_only_unmodified,read_only_unmodified,read_only_unmodified,composite_desc;target_context_desc;target_organism_desc;phage_origin_desc;docking_desc;solubility_no_chaperone_desc;E7_score_desc;source_accession_asc
v5.4.8z2,A0ABM9Y7W9,A0ABM9Y7W9__V52_B0_b2ac1db878da1b28a1aa__compound5,V52_B0_b2ac1db878da1b28a1aa,ordinary_candidate,not_forced,not_hard_coded,none,no_gold_standard_bonus,not_Q9T0Z9,607,0.381511,0.250000,0.400000,other_or_genus_only_Yersinia,0.100000,other_unknown_non_phage_or_missing_origin,true,0.504483,0.515131,0.858552,0.000000,0.000000,0.801764,0.801764,222,0.801764,Yersinia mollaretii (strain ATCC 43969 / DSM 18520 / CIP 103324 / CNY 7263 / WAIP 204),Yersinia,Yersinia,,G_pre1_TARGET_ENGINEERING_COMPOSITE_GENERATED,read_only_unmodified,read_only_unmodified,read_only_unmodified,read_only_unmodified,composite_desc;target_context_desc;target_organism_desc;phage_origin_desc;docking_desc;solubility_no_chaperone_desc;E7_score_desc;source_accession_asc
v5.4.8z2,A0ABW9EY82,A0ABW9EY82__V52_B0_98f38dfd4cb088de5447__compound5,V52_B0_98f38dfd4cb088de5447,ordinary_candidate,not_forced,not_hard_coded,none,no_gold_standard_bonus,not_Q9T0Z9,608,0.381328,0.250000,0.400000,other_or_genus_only_Yersinia,0.100000,other_unknown_non_phage_or_missing_origin,true,0.538035,0.482781,0.804635,0.000000,0.000000,0.793304,0.793304,316,0.793304,Yersinia proxima,Yersinia,Yersinia,,G_pre1_TARGET_ENGINEERING_COMPOSITE_GENERATED,read_only_unmodified,read_only_unmodified,read_only_unmodified,read_only_unmodified,composite_desc;target_context_desc;target_organism_desc;phage_origin_desc;docking_desc;solubility_no_chaperone_desc;E7_score_desc;source_accession_asc
v5.4.8z2,A0AA44CMJ6,A0AA44CMJ6__V52_B0_11e9837024789f15a333__compound5,V52_B0_11e9837024789f15a333,ordinary_candidate,not_forced,not_hard_coded,none,no_gold_standard_bonus,not_Q9T0Z9,609,0.381269,0.250000,0.400000,other_or_genus_only_Yersinia,0.100000,other_unknown_non_phage_or_missing_origin,true,0.449253,0.568216,0.947026,0.000000,0.000000,0.805507,0.805507,186,0.805507,Yersinia mollaretii,Yersinia,Yersinia,,G_pre1_TARGET_ENGINEERING_COMPOSITE_GENERATED,read_only_unmodified,read_only_unmodified,read_only_unmodified,read_only_unmodified,composite_desc;target_context_desc;target_organism_desc;phage_origin_desc;docking_desc;solubility_no_chaperone_desc;E7_score_desc;source_accession_asc
v5.4.8z2,A0AB73P877,A0AB73P877__V52_B0_a3ddb5a75583deb2df15__compound5,V52_B0_a3ddb5a75583deb2df15,ordinary_candidate,not_forced,not_hard_coded,none,no_gold_standard_bonus,not_Q9T0Z9,610,0.381252,0.250000,0.400000,other_or_genus_only_Yersinia,0.100000,other_unknown_non_phage_or_missing_origin,true,0.483560,0.532353,0.887255,0.000000,0.000000,0.811394,0.811394,129,0.811394,Yersinia kristensenii,Yersinia,Yersinia,,G_pre1_TARGET_ENGINEERING_COMPOSITE_GENERATED,read_only_unmodified,read_only_unmodified,read_only_unmodified,read_only_unmodified,composite_desc;target_context_desc;target_organism_desc;phage_origin_desc;docking_desc;solubility_no_chaperone_desc;E7_score_desc;source_accession_asc
v5.4.8z2,A0AA90XYJ4,A0AA90XYJ4__V52_B0_b908dc46002b4874f81a__compound5,V52_B0_b908dc46002b4874f81a,ordinary_candidate,not_forced,not_hard_coded,none,no_gold_standard_bonus,not_Q9T0Z9,611,0.381199,0.250000,0.400000,other_or_genus_only_Yersinia,0.100000,other_unknown_non_phage_or_missing_origin,true,0.537412,0.482781,0.804635,0.000000,0.000000,0.793201,0.793201,319,0.793201,Yersinia massiliensis,Yersinia,Yersinia,,G_pre1_TARGET_ENGINEERING_COMPOSITE_GENERATED,read_only_unmodified,read_only_unmodified,read_only_unmodified,read_only_unmodified,composite_desc;target_context_desc;target_organism_desc;phage_origin_desc;docking_desc;solubility_no_chaperone_desc;E7_score_desc;source_accession_asc
v5.4.8z2,A0ABM9XWU7,A0ABM9XWU7__V52_B0_94ec47f1f9ca5417489c__compound5,V52_B0_94ec47f1f9ca5417489c,ordinary_candidate,not_forced,not_hard_coded,none,no_gold_standard_bonus,not_Q9T0Z9,612,0.381191,0.250000,0.400000,other_or_genus_only_Yersinia,0.100000,other_unknown_non_phage_or_missing_origin,true,0.485760,0.545184,0.908640,0.000000,0.000000,0.750047,0.750047,686,0.750047,Yersinia bercovieri ATCC 43970,Yersinia,Yersinia,,G_pre1_TARGET_ENGINEERING_COMPOSITE_GENERATED,read_only_unmodified,read_only_unmodified,read_only_unmodified,read_only_unmodified,composite_desc;target_context_desc;target_organism_desc;phage_origin_desc;docking_desc;solubility_no_chaperone_desc;E7_score_desc;source_accession_asc
v5.4.8z2,A0A0T9N293,A0A0T9N293__V52_B0_e8795ec596c7d64e7792__compound5,V52_B0_e8795ec596c7d64e7792,ordinary_candidate,not_forced,not_hard_coded,none,no_gold_standard_bonus,not_Q9T0Z9,613,0.381119,0.250000,0.400000,other_or_genus_only_Yersinia,0.100000,other_unknown_non_phage_or_missing_origin,true,0.475244,0.544911,0.908185,0.000000,0.000000,0.791764,0.791764,341,0.791764,Yersinia intermedia,Yersinia,Yersinia,,G_pre1_TARGET_ENGINEERING_COMPOSITE_GENERATED,read_only_unmodified,read_only_unmodified,read_only_unmodified,read_only_unmodified,composite_desc;target_context_desc;target_organism_desc;phage_origin_desc;docking_desc;solubility_no_chaperone_desc;E7_score_desc;source_accession_asc
v5.4.8z2,A0AB73NNK1,A0AB73NNK1__V52_B0_b861801b74c83676b532__compound5,V52_B0_b861801b74c83676b532,ordinary_candidate,not_forced,not_hard_coded,none,no_gold_standard_bonus,not_Q9T0Z9,614,0.381003,0.250000,0.400000,other_or_genus_only_Yersinia,0.100000,other_unknown_non_phage_or_missing_origin,true,0.480874,0.542875,0.904792,0.000000,0.000000,0.775062,0.775062,509,0.775062,Yersinia kristensenii,Yersinia,Yersinia,Gene D protein,G_pre1_TARGET_ENGINEERING_COMPOSITE_GENERATED,read_only_unmodified,read_only_unmodified,read_only_unmodified,read_only_unmodified,composite_desc;target_context_desc;target_organism_desc;phage_origin_desc;docking_desc;solubility_no_chaperone_desc;E7_score_desc;source_accession_asc
v5.4.8z2,A0AA44CQ33,A0AA44CQ33__V52_B0_f5f6f07da76058f611c5__compound5,V52_B0_f5f6f07da76058f611c5,ordinary_candidate,not_forced,not_hard_coded,none,no_gold_standard_bonus,not_Q9T0Z9,615,0.380770,0.250000,0.400000,other_or_genus_only_Yersinia,0.100000,other_unknown_non_phage_or_missing_origin,true,0.485666,0.528049,0.880081,0.000000,0.000000,0.810549,0.810549,135,0.810549,Yersinia mollaretii,Yersinia,Yersinia,,G_pre1_TARGET_ENGINEERING_COMPOSITE_GENERATED,read_only_unmodified,read_only_unmodified,read_only_unmodified,read_only_unmodified,composite_desc;target_context_desc;target_organism_desc;phage_origin_desc;docking_desc;solubility_no_chaperone_desc;E7_score_desc;source_accession_asc
v5.4.8z2,A0ABW9ETP1,A0ABW9ETP1__V52_B0_3cfe8e909c475e363988__compound5,V52_B0_3cfe8e909c475e363988,ordinary_candidate,not_forced,not_hard_coded,none,no_gold_standard_bonus,not_Q9T0Z9,616,0.380646,0.250000,0.400000,other_or_genus_only_Yersinia,0.100000,other_unknown_non_phage_or_missing_origin,true,0.533406,0.481731,0.802885,0.000000,0.000000,0.802372,0.802372,215,0.802372,Yersinia proxima,Yersinia,Yersinia,,G_pre1_TARGET_ENGINEERING_COMPOSITE_GENERATED,read_only_unmodified,read_only_unmodified,read_only_unmodified,read_only_unmodified,composite_desc;target_context_desc;target_organism_desc;phage_origin_desc;docking_desc;solubility_no_chaperone_desc;E7_score_desc;source_accession_asc
v5.4.8z2,A0ABR4W680,A0ABR4W680__V52_B0_47dbdc2e965342ae53d1__compound5,V52_B0_47dbdc2e965342ae53d1,ordinary_candidate,not_forced,not_hard_coded,none,no_gold_standard_bonus,not_Q9T0Z9,617,0.380587,0.250000,0.400000,other_or_genus_only_Yersinia,0.100000,other_unknown_non_phage_or_missing_origin,true,0.443568,0.573697,0.956161,0.000000,0.000000,0.792683,0.792683,328,0.792683,Yersinia frederiksenii ATCC 33641,Yersinia,Yersinia,,G_pre1_TARGET_ENGINEERING_COMPOSITE_GENERATED,read_only_unmodified,read_only_unmodified,read_only_unmodified,read_only_unmodified,composite_desc;target_context_desc;target_organism_desc;phage_origin_desc;docking_desc;solubility_no_chaperone_desc;E7_score_desc;source_accession_asc
v5.4.8z2,A0A0T9RK20,A0A0T9RK20__V52_B0_4241e9851f8a509bc831__compound5,V52_B0_4241e9851f8a509bc831,ordinary_candidate,not_forced,not_hard_coded,none,no_gold_standard_bonus,not_Q9T0Z9,618,0.380484,0.250000,0.400000,other_or_genus_only_Yersinia,0.100000,other_unknown_non_phage_or_missing_origin,true,0.490791,0.540873,0.901455,0.000000,0.000000,0.733021,0.733021,760,0.733021,Yersinia pekkanenii,Yersinia,Yersinia,,G_pre1_TARGET_ENGINEERING_COMPOSITE_GENERATED,read_only_unmodified,read_only_unmodified,read_only_unmodified,read_only_unmodified,composite_desc;target_context_desc;target_organism_desc;phage_origin_desc;docking_desc;solubility_no_chaperone_desc;E7_score_desc;source_accession_asc
v5.4.8z2,A0A380PRV1,A0A380PRV1__V52_B0_950c6fb43f74f31182f8__compound5,V52_B0_950c6fb43f74f31182f8,ordinary_candidate,not_forced,not_hard_coded,none,no_gold_standard_bonus,not_Q9T0Z9,619,0.380435,0.250000,0.400000,other_or_genus_only_Yersinia,0.100000,other_unknown_non_phage_or_missing_origin,true,0.465111,0.565236,0.942060,0.000000,0.000000,0.737306,0.737306,749,0.737306,Yersinia frederiksenii,Yersinia,Yersinia,,G_pre1_TARGET_ENGINEERING_COMPOSITE_GENERATED,read_only_unmodified,read_only_unmodified,read_only_unmodified,read_only_unmodified,composite_desc;target_context_desc;target_organism_desc;phage_origin_desc;docking_desc;solubility_no_chaperone_desc;E7_score_desc;source_accession_asc
v5.4.8z2,A0A0T9KKH2,A0A0T9KKH2__V52_B0_50e715e04a048bd9b0d1__compound5,V52_B0_50e715e04a048bd9b0d1,ordinary_candidate,not_forced,not_hard_coded,none,no_gold_standard_bonus,not_Q9T0Z9,620,0.380289,0.250000,0.400000,other_or_genus_only_Yersinia,0.100000,other_unknown_non_phage_or_missing_origin,true,0.425619,0.584360,0.973934,0.000000,0.000000,0.815857,0.815857,104,0.815857,Yersinia kristensenii,Yersinia,Yersinia,,G_pre1_TARGET_ENGINEERING_COMPOSITE_GENERATED,read_only_unmodified,read_only_unmodified,read_only_unmodified,read_only_unmodified,composite_desc;target_context_desc;target_organism_desc;phage_origin_desc;docking_desc;solubility_no_chaperone_desc;E7_score_desc;source_accession_asc
v5.4.8z2,A0A380QJL7,A0A380QJL7__V52_B0_1147ad6f69d07923d68b__compound5,V52_B0_1147ad6f69d07923d68b,ordinary_candidate,not_forced,not_hard_coded,none,no_gold_standard_bonus,not_Q9T0Z9,621,0.380281,0.250000,0.400000,other_or_genus_only_Yersinia,0.100000,other_unknown_non_phage_or_missing_origin,true,0.425599,0.588581,0.980969,0.000000,0.000000,0.798889,0.798889,252,0.798889,Yersinia ruckeri,Yersinia,Yersinia,,G_pre1_TARGET_ENGINEERING_COMPOSITE_GENERATED,read_only_unmodified,read_only_unmodified,read_only_unmodified,read_only_unmodified,composite_desc;target_context_desc;target_organism_desc;phage_origin_desc;docking_desc;solubility_no_chaperone_desc;E7_score_desc;source_accession_asc
v5.4.8z2,A0ABM6BJA0,A0ABM6BJA0__V52_B0_fefe2defae51e01a7f16__compound5,V52_B0_fefe2defae51e01a7f16,ordinary_candidate,not_forced,not_hard_coded,none,no_gold_standard_bonus,not_Q9T0Z9,622,0.380204,0.250000,0.400000,other_or_genus_only_Yersinia,0.100000,other_unknown_non_phage_or_missing_origin,true,0.487746,0.543293,0.905488,0.000000,0.000000,0.729918,0.729918,768,0.729918,Yersinia entomophaga,Yersinia,Yersinia,,G_pre1_TARGET_ENGINEERING_COMPOSITE_GENERATED,read_only_unmodified,read_only_unmodified,read_only_unmodified,read_only_unmodified,composite_desc;target_context_desc;target_organism_desc;phage_origin_desc;docking_desc;solubility_no_chaperone_desc;E7_score_desc;source_accession_asc
v5.4.8z2,A0A0H3B592,A0A0H3B592__V52_B0_feeb72028227c154a07f__compound5,V52_B0_feeb72028227c154a07f,ordinary_candidate,not_forced,not_hard_coded,none,no_gold_standard_bonus,not_Q9T0Z9,623,0.380180,0.250000,0.400000,other_or_genus_only_Yersinia,0.100000,other_unknown_non_phage_or_missing_origin,true,0.480595,0.547436,0.912394,0.000000,0.000000,0.741479,0.741479,733,0.741479,Yersinia pseudotuberculosis serotype O:3 (strain YPIII),Yersinia,Yersinia,,G_pre1_TARGET_ENGINEERING_COMPOSITE_GENERATED,read_only_unmodified,read_only_unmodified,read_only_unmodified,read_only_unmodified,composite_desc;target_context_desc;target_organism_desc;phage_origin_desc;docking_desc;solubility_no_chaperone_desc;E7_score_desc;source_accession_asc
v5.4.8z2,A0ABN4H4Y5,A0ABN4H4Y5__V52_B0_79a0f36ce11ee2152a34__compound5,V52_B0_79a0f36ce11ee2152a34,ordinary_candidate,not_forced,not_hard_coded,none,no_gold_standard_bonus,not_Q9T0Z9,624,0.379974,0.250000,0.400000,other_or_genus_only_Yersinia,0.100000,other_unknown_non_phage_or_missing_origin,true,0.450303,0.562322,0.937203,0.000000,0.000000,0.798980,0.798980,250,0.798980,Yersinia aleksiciae,Yersinia,Yersinia,,G_pre1_TARGET_ENGINEERING_COMPOSITE_GENERATED,read_only_unmodified,read_only_unmodified,read_only_unmodified,read_only_unmodified,composite_desc;target_context_desc;target_organism_desc;phage_origin_desc;docking_desc;solubility_no_chaperone_desc;E7_score_desc;source_accession_asc
v5.4.8z2,A0A0T9TRH4,A0A0T9TRH4__V52_B0_fb1c8f3681b670c10642__compound5,V52_B0_fb1c8f3681b670c10642,ordinary_candidate,not_forced,not_hard_coded,none,no_gold_standard_bonus,not_Q9T0Z9,625,0.379670,0.250000,0.400000,other_or_genus_only_Yersinia,0.100000,other_unknown_non_phage_or_missing_origin,true,0.438475,0.583784,0.972973,0.000000,0.000000,0.754359,0.754359,658,0.754359,Yersinia aldovae,Yersinia,Yersinia,,G_pre1_TARGET_ENGINEERING_COMPOSITE_GENERATED,read_only_unmodified,read_only_unmodified,read_only_unmodified,read_only_unmodified,composite_desc;target_context_desc;target_organism_desc;phage_origin_desc;docking_desc;solubility_no_chaperone_desc;E7_score_desc;source_accession_asc
v5.4.8z2,A0ABM6BHF9,A0ABM6BHF9__V52_B0_3fcdfa6faf9f5650030f__compound5,V52_B0_3fcdfa6faf9f5650030f,ordinary_candidate,not_forced,not_hard_coded,none,no_gold_standard_bonus,not_Q9T0Z9,626,0.379610,0.250000,0.400000,other_or_genus_only_Yersinia,0.100000,other_unknown_non_phage_or_missing_origin,true,0.496782,0.530953,0.884921,0.000000,0.000000,0.731264,0.731264,762,0.731264,Yersinia entomophaga,Yersinia,Yersinia,,G_pre1_TARGET_ENGINEERING_COMPOSITE_GENERATED,read_only_unmodified,read_only_unmodified,read_only_unmodified,read_only_unmodified,composite_desc;target_context_desc;target_organism_desc;phage_origin_desc;docking_desc;solubility_no_chaperone_desc;E7_score_desc;source_accession_asc
v5.4.8z2,A0A209AAW7,A0A209AAW7__V52_B0_18a37186bc5a4bd96818__compound5,V52_B0_18a37186bc5a4bd96818,ordinary_candidate,not_forced,not_hard_coded,none,no_gold_standard_bonus,not_Q9T0Z9,627,0.379351,0.250000,0.400000,other_or_genus_only_Yersinia,0.100000,other_unknown_non_phage_or_missing_origin,true,0.466459,0.541304,0.902173,0.000000,0.000000,0.805965,0.805965,178,0.805965,Yersinia frederiksenii,Yersinia,Yersinia,,G_pre1_TARGET_ENGINEERING_COMPOSITE_GENERATED,read_only_unmodified,read_only_unmodified,read_only_unmodified,read_only_unmodified,composite_desc;target_context_desc;target_organism_desc;phage_origin_desc;docking_desc;solubility_no_chaperone_desc;E7_score_desc;source_accession_asc
v5.4.8z2,A0AA91BG92,A0AA91BG92__V52_B0_06a6640c5355df1310e2__compound5,V52_B0_06a6640c5355df1310e2,ordinary_candidate,not_forced,not_hard_coded,none,no_gold_standard_bonus,not_Q9T0Z9,628,0.379148,0.250000,0.400000,other_or_genus_only_Yersinia,0.100000,other_unknown_non_phage_or_missing_origin,true,0.461423,0.553571,0.922618,0.000000,0.000000,0.772994,0.772994,519,0.772994,Yersinia massiliensis,Yersinia,Yersinia,,G_pre1_TARGET_ENGINEERING_COMPOSITE_GENERATED,read_only_unmodified,read_only_unmodified,read_only_unmodified,read_only_unmodified,composite_desc;target_context_desc;target_organism_desc;phage_origin_desc;docking_desc;solubility_no_chaperone_desc;E7_score_desc;source_accession_asc
v5.4.8z2,A0A380Q9K9,A0A380Q9K9__V52_B0_6f4a9f608d15c3d0d6e6__compound5,V52_B0_6f4a9f608d15c3d0d6e6,ordinary_candidate,not_forced,not_hard_coded,none,no_gold_standard_bonus,not_Q9T0Z9,629,0.379078,0.250000,0.400000,other_or_genus_only_Yersinia,0.100000,other_unknown_non_phage_or_missing_origin,true,0.529520,0.487259,0.812098,0.000000,0.000000,0.764453,0.764453,591,0.764453,Yersinia pseudotuberculosis,Yersinia,Yersinia,,G_pre1_TARGET_ENGINEERING_COMPOSITE_GENERATED,read_only_unmodified,read_only_unmodified,read_only_unmodified,read_only_unmodified,composite_desc;target_context_desc;target_organism_desc;phage_origin_desc;docking_desc;solubility_no_chaperone_desc;E7_score_desc;source_accession_asc
v5.4.8z2,A0ABM5SPQ0,A0ABM5SPQ0__V52_B0_12fdce6afa555c1db2de__compound5,V52_B0_12fdce6afa555c1db2de,ordinary_candidate,not_forced,not_hard_coded,none,no_gold_standard_bonus,not_Q9T0Z9,630,0.378889,0.250000,0.400000,other_or_genus_only_Yersinia,0.100000,other_unknown_non_phage_or_missing_origin,true,0.414332,0.590759,0.984598,0.000000,0.000000,0.807420,0.807420,163,0.807420,Yersinia rochesterensis,Yersinia,Yersinia,,G_pre1_TARGET_ENGINEERING_COMPOSITE_GENERATED,read_only_unmodified,read_only_unmodified,read_only_unmodified,read_only_unmodified,composite_desc;target_context_desc;target_organism_desc;phage_origin_desc;docking_desc;solubility_no_chaperone_desc;E7_score_desc;source_accession_asc
v5.4.8z2,A0ABM5ST74,A0ABM5ST74__V52_B0_355beff1f3e42de0379c__compound5,V52_B0_355beff1f3e42de0379c,ordinary_candidate,not_forced,not_hard_coded,none,no_gold_standard_bonus,not_Q9T0Z9,631,0.378851,0.250000,0.400000,other_or_genus_only_Yersinia,0.100000,other_unknown_non_phage_or_missing_origin,true,0.497579,0.518071,0.863452,0.000000,0.000000,0.764420,0.764420,592,0.764420,Yersinia rochesterensis,Yersinia,Yersinia,,G_pre1_TARGET_ENGINEERING_COMPOSITE_GENERATED,read_only_unmodified,read_only_unmodified,read_only_unmodified,read_only_unmodified,composite_desc;target_context_desc;target_organism_desc;phage_origin_desc;docking_desc;solubility_no_chaperone_desc;E7_score_desc;source_accession_asc
v5.4.8z2,A0AAV3BFT4,A0AAV3BFT4__V52_B0_dddc1d05363406835496__compound5,V52_B0_dddc1d05363406835496,ordinary_candidate,not_forced,not_hard_coded,none,no_gold_standard_bonus,not_Q9T0Z9,632,0.378652,0.250000,0.400000,other_or_genus_only_Yersinia,0.100000,other_unknown_non_phage_or_missing_origin,true,0.453953,0.552510,0.920850,0.000000,0.000000,0.797189,0.797189,272,0.797189,Yersinia pestis biovar Orientalis str. IP275,Yersinia,Yersinia,,G_pre1_TARGET_ENGINEERING_COMPOSITE_GENERATED,read_only_unmodified,read_only_unmodified,read_only_unmodified,read_only_unmodified,composite_desc;target_context_desc;target_organism_desc;phage_origin_desc;docking_desc;solubility_no_chaperone_desc;E7_score_desc;source_accession_asc
v5.4.8z2,Q66BC6,Q66BC6__V52_B0_a568f7081816e10d445a__compound5,V52_B0_a568f7081816e10d445a,ordinary_candidate,not_forced,not_hard_coded,none,no_gold_standard_bonus,not_Q9T0Z9,633,0.378503,0.250000,0.400000,other_or_genus_only_Yersinia,0.100000,other_unknown_non_phage_or_missing_origin,true,0.504075,0.502649,0.837749,0.000000,0.000000,0.793163,0.793163,321,0.793163,Yersinia pseudotuberculosis serotype I (strain IP32953),Yersinia,Yersinia,,G_pre1_TARGET_ENGINEERING_COMPOSITE_GENERATED,read_only_unmodified,read_only_unmodified,read_only_unmodified,read_only_unmodified,composite_desc;target_context_desc;target_organism_desc;phage_origin_desc;docking_desc;solubility_no_chaperone_desc;E7_score_desc;source_accession_asc
v5.4.8z2,A0A0T9RLX7,A0A0T9RLX7__V52_B0_fa52d64d038e7b637004__compound5,V52_B0_fa52d64d038e7b637004,ordinary_candidate,not_forced,not_hard_coded,none,no_gold_standard_bonus,not_Q9T0Z9,634,0.378077,0.250000,0.400000,other_or_genus_only_Yersinia,0.100000,other_unknown_non_phage_or_missing_origin,true,0.468590,0.537168,0.895280,0.000000,0.000000,0.788504,0.788504,375,0.788504,Yersinia similis,Yersinia,Yersinia,,G_pre1_TARGET_ENGINEERING_COMPOSITE_GENERATED,read_only_unmodified,read_only_unmodified,read_only_unmodified,read_only_unmodified,composite_desc;target_context_desc;target_organism_desc;phage_origin_desc;docking_desc;solubility_no_chaperone_desc;E7_score_desc;source_accession_asc
v5.4.8z2,A0ABN4CQH5,A0ABN4CQH5__V52_B0_f5190b86d510c4649331__compound5,V52_B0_f5190b86d510c4649331,ordinary_candidate,not_forced,not_hard_coded,none,no_gold_standard_bonus,not_Q9T0Z9,635,0.378023,0.250000,0.400000,other_or_genus_only_Yersinia,0.100000,other_unknown_non_phage_or_missing_origin,true,0.416744,0.584360,0.973933,0.000000,0.000000,0.806044,0.806044,176,0.806044,Yersinia similis,Yersinia,Yersinia,,G_pre1_TARGET_ENGINEERING_COMPOSITE_GENERATED,read_only_unmodified,read_only_unmodified,read_only_unmodified,read_only_unmodified,composite_desc;target_context_desc;target_organism_desc;phage_origin_desc;docking_desc;solubility_no_chaperone_desc;E7_score_desc;source_accession_asc
v5.4.8z2,A0AB73Q5E6,A0AB73Q5E6__V52_B0_1afc44d151aa614e2586__compound5,V52_B0_1afc44d151aa614e2586,ordinary_candidate,not_forced,not_hard_coded,none,no_gold_standard_bonus,not_Q9T0Z9,636,0.377988,0.250000,0.400000,other_or_genus_only_Yersinia,0.100000,other_unknown_non_phage_or_missing_origin,true,0.461435,0.539063,0.898438,0.000000,0.000000,0.807773,0.807773,160,0.807773,Yersinia kristensenii,Yersinia,Yersinia,Phage tail collar domain-containing protein,G_pre1_TARGET_ENGINEERING_COMPOSITE_GENERATED,read_only_unmodified,read_only_unmodified,read_only_unmodified,read_only_unmodified,composite_desc;target_context_desc;target_organism_desc;phage_origin_desc;docking_desc;solubility_no_chaperone_desc;E7_score_desc;source_accession_asc
v5.4.8z2,A0A0U1QXU2,A0A0U1QXU2__V52_B0_6fc428178e6f15459a7d__compound5,V52_B0_6fc428178e6f15459a7d,ordinary_candidate,not_forced,not_hard_coded,none,no_gold_standard_bonus,not_Q9T0Z9,637,0.377707,0.250000,0.400000,other_or_genus_only_Yersinia,0.100000,other_unknown_non_phage_or_missing_origin,true,0.477353,0.540977,0.901629,0.000000,0.000000,0.730811,0.730811,764,0.730811,Yersinia pseudotuberculosis serotype O:1b (strain IP 31758),Yersinia,Yersinia,Baseplate protein J-like barrel domain-containing protein,G_pre1_TARGET_ENGINEERING_COMPOSITE_GENERATED,read_only_unmodified,read_only_unmodified,read_only_unmodified,read_only_unmodified,composite_desc;target_context_desc;target_organism_desc;phage_origin_desc;docking_desc;solubility_no_chaperone_desc;E7_score_desc;source_accession_asc
v5.4.8z2,A0AB73PBS8,A0AB73PBS8__V52_B0_a3627e36c01a93028769__compound5,V52_B0_a3627e36c01a93028769,ordinary_candidate,not_forced,not_hard_coded,none,no_gold_standard_bonus,not_Q9T0Z9,638,0.377526,0.250000,0.400000,other_or_genus_only_Yersinia,0.100000,other_unknown_non_phage_or_missing_origin,true,0.444759,0.552381,0.920635,0.000000,0.000000,0.811961,0.811961,125,0.811961,Yersinia kristensenii,Yersinia,Yersinia,Phage tail collar domain-containing protein,G_pre1_TARGET_ENGINEERING_COMPOSITE_GENERATED,read_only_unmodified,read_only_unmodified,read_only_unmodified,read_only_unmodified,composite_desc;target_context_desc;target_organism_desc;phage_origin_desc;docking_desc;solubility_no_chaperone_desc;E7_score_desc;source_accession_asc
v5.4.8z2,A0ABM5Q1D7,A0ABM5Q1D7__V52_B0_0020f40703846c093b2d__compound5,V52_B0_0020f40703846c093b2d,ordinary_candidate,not_forced,not_hard_coded,none,no_gold_standard_bonus,not_Q9T0Z9,639,0.377512,0.250000,0.400000,other_or_genus_only_Yersinia,0.100000,other_unknown_non_phage_or_missing_origin,true,0.448479,0.552510,0.920850,0.000000,0.000000,0.796277,0.796277,286,0.796277,Yersinia similis,Yersinia,Yersinia,,G_pre1_TARGET_ENGINEERING_COMPOSITE_GENERATED,read_only_unmodified,read_only_unmodified,read_only_unmodified,read_only_unmodified,composite_desc;target_context_desc;target_organism_desc;phage_origin_desc;docking_desc;solubility_no_chaperone_desc;E7_score_desc;source_accession_asc
v5.4.8z2,A0ABP1Z8M7,A0ABP1Z8M7__V52_B0_12adcfcd4114adb2050f__compound5,V52_B0_12adcfcd4114adb2050f,ordinary_candidate,not_forced,not_hard_coded,none,no_gold_standard_bonus,not_Q9T0Z9,640,0.377448,0.250000,0.400000,other_or_genus_only_Yersinia,0.100000,other_unknown_non_phage_or_missing_origin,true,0.501822,0.498726,0.831210,0.000000,0.000000,0.796763,0.796763,281,0.796763,Yersinia wautersii,Yersinia,Yersinia,,G_pre1_TARGET_ENGINEERING_COMPOSITE_GENERATED,read_only_unmodified,read_only_unmodified,read_only_unmodified,read_only_unmodified,composite_desc;target_context_desc;target_organism_desc;phage_origin_desc;docking_desc;solubility_no_chaperone_desc;E7_score_desc;source_accession_asc
v5.4.8z2,A0A380QDK2,A0A380QDK2__V52_B0_4bd0b41b9bbe822b2bfe__compound5,V52_B0_4bd0b41b9bbe822b2bfe,ordinary_candidate,not_forced,not_hard_coded,none,no_gold_standard_bonus,not_Q9T0Z9,641,0.377355,0.250000,0.400000,other_or_genus_only_Yersinia,0.100000,other_unknown_non_phage_or_missing_origin,true,0.455272,0.544396,0.907327,0.000000,0.000000,0.798423,0.798423,257,0.798423,Yersinia pseudotuberculosis,Yersinia,Yersinia,,G_pre1_TARGET_ENGINEERING_COMPOSITE_GENERATED,read_only_unmodified,read_only_unmodified,read_only_unmodified,read_only_unmodified,composite_desc;target_context_desc;target_organism_desc;phage_origin_desc;docking_desc;solubility_no_chaperone_desc;E7_score_desc;source_accession_asc
v5.4.8z2,Q7CIG2,Q7CIG2__V52_B0_8c4cf47944a257d27502__compound5,V52_B0_8c4cf47944a257d27502,ordinary_candidate,not_forced,not_hard_coded,none,no_gold_standard_bonus,not_Q9T0Z9,642,0.376944,0.250000,0.400000,other_or_genus_only_Yersinia,0.100000,other_unknown_non_phage_or_missing_origin,true,0.496928,0.500719,0.834532,0.000000,0.000000,0.798299,0.798299,259,0.798299,Yersinia pestis,Yersinia,Yersinia,,G_pre1_TARGET_ENGINEERING_COMPOSITE_GENERATED,read_only_unmodified,read_only_unmodified,read_only_unmodified,read_only_unmodified,composite_desc;target_context_desc;target_organism_desc;phage_origin_desc;docking_desc;solubility_no_chaperone_desc;E7_score_desc;source_accession_asc
v5.4.8z2,A0ABP2ED01,A0ABP2ED01__V52_B0_88c4d0249a88595eed78__compound5,V52_B0_88c4d0249a88595eed78,ordinary_candidate,not_forced,not_hard_coded,none,no_gold_standard_bonus,not_Q9T0Z9,643,0.376766,0.250000,0.400000,other_or_genus_only_Yersinia,0.100000,other_unknown_non_phage_or_missing_origin,true,0.518685,0.480298,0.800497,0.000000,0.000000,0.789390,0.789390,368,0.789390,Yersinia mollaretii (strain ATCC 43969 / DSM 18520 / CIP 103324 / CNY 7263 / WAIP 204),Yersinia,Yersinia,,G_pre1_TARGET_ENGINEERING_COMPOSITE_GENERATED,read_only_unmodified,read_only_unmodified,read_only_unmodified,read_only_unmodified,composite_desc;target_context_desc;target_organism_desc;phage_origin_desc;docking_desc;solubility_no_chaperone_desc;E7_score_desc;source_accession_asc
v5.4.8z2,A0ABX5QZM3,A0ABX5QZM3__V52_B0_380ba0200238bc3fe6c9__compound5,V52_B0_380ba0200238bc3fe6c9,ordinary_candidate,not_forced,not_hard_coded,none,no_gold_standard_bonus,not_Q9T0Z9,644,0.376687,0.250000,0.400000,other_or_genus_only_Yersinia,0.100000,other_unknown_non_phage_or_missing_origin,true,0.485897,0.525940,0.876566,0.000000,0.000000,0.736391,0.736391,755,0.736391,Yersinia hibernica,Yersinia,Yersinia,,G_pre1_TARGET_ENGINEERING_COMPOSITE_GENERATED,read_only_unmodified,read_only_unmodified,read_only_unmodified,read_only_unmodified,composite_desc;target_context_desc;target_organism_desc;phage_origin_desc;docking_desc;solubility_no_chaperone_desc;E7_score_desc;source_accession_asc
v5.4.8z2,A0ABM9ST81,A0ABM9ST81__V52_B0_24815cc04027ddf97de0__compound5,V52_B0_24815cc04027ddf97de0,ordinary_candidate,not_forced,not_hard_coded,none,no_gold_standard_bonus,not_Q9T0Z9,645,0.376650,0.250000,0.400000,other_or_genus_only_Yersinia,0.100000,other_unknown_non_phage_or_missing_origin,true,0.526359,0.469149,0.781915,0.000000,0.000000,0.800970,0.800970,228,0.800970,Yersinia aldovae,Yersinia,Yersinia,,G_pre1_TARGET_ENGINEERING_COMPOSITE_GENERATED,read_only_unmodified,read_only_unmodified,read_only_unmodified,read_only_unmodified,composite_desc;target_context_desc;target_organism_desc;phage_origin_desc;docking_desc;solubility_no_chaperone_desc;E7_score_desc;source_accession_asc
v5.4.8z2,A0AB73NFU9,A0AB73NFU9__V52_B0_741bd53033f9d89d5a3d__compound5,V52_B0_741bd53033f9d89d5a3d,ordinary_candidate,not_forced,not_hard_coded,none,no_gold_standard_bonus,not_Q9T0Z9,646,0.376628,0.250000,0.400000,other_or_genus_only_Yersinia,0.100000,other_unknown_non_phage_or_missing_origin,true,0.469395,0.528427,0.880711,0.000000,0.000000,0.791276,0.791276,351,0.791276,Yersinia kristensenii,Yersinia,Yersinia,,G_pre1_TARGET_ENGINEERING_COMPOSITE_GENERATED,read_only_unmodified,read_only_unmodified,read_only_unmodified,read_only_unmodified,composite_desc;target_context_desc;target_organism_desc;phage_origin_desc;docking_desc;solubility_no_chaperone_desc;E7_score_desc;source_accession_asc
v5.4.8z2,A0AA44CIR8,A0AA44CIR8__V52_B0_ee9c156b4f70d508f6a7__compound5,V52_B0_ee9c156b4f70d508f6a7,ordinary_candidate,not_forced,not_hard_coded,none,no_gold_standard_bonus,not_Q9T0Z9,647,0.376543,0.250000,0.400000,other_or_genus_only_Yersinia,0.100000,other_unknown_non_phage_or_missing_origin,true,0.471791,0.525352,0.875587,0.000000,0.000000,0.792292,0.792292,334,0.792292,Yersinia mollaretii,Yersinia,Yersinia,,G_pre1_TARGET_ENGINEERING_COMPOSITE_GENERATED,read_only_unmodified,read_only_unmodified,read_only_unmodified,read_only_unmodified,composite_desc;target_context_desc;target_organism_desc;phage_origin_desc;docking_desc;solubility_no_chaperone_desc;E7_score_desc;source_accession_asc
v5.4.8z2,A0ABP1Y756,A0ABP1Y756__V52_B0_d07821738856a7bdef2d__compound5,V52_B0_d07821738856a7bdef2d,ordinary_candidate,not_forced,not_hard_coded,none,no_gold_standard_bonus,not_Q9T0Z9,648,0.376476,0.250000,0.400000,other_or_genus_only_Yersinia,0.100000,other_unknown_non_phage_or_missing_origin,true,0.457356,0.534783,0.891305,0.000000,0.000000,0.810970,0.810970,133,0.810970,Yersinia nurmii,Yersinia,Yersinia,,G_pre1_TARGET_ENGINEERING_COMPOSITE_GENERATED,read_only_unmodified,read_only_unmodified,read_only_unmodified,read_only_unmodified,composite_desc;target_context_desc;target_organism_desc;phage_origin_desc;docking_desc;solubility_no_chaperone_desc;E7_score_desc;source_accession_asc
v5.4.8z2,Q66BM2,Q66BM2__V52_B0_9be5a9be1e6d3d2a9044__compound5,V52_B0_9be5a9be1e6d3d2a9044,ordinary_candidate,not_forced,not_hard_coded,none,no_gold_standard_bonus,not_Q9T0Z9,649,0.376442,0.250000,0.400000,other_or_genus_only_Yersinia,0.100000,other_unknown_non_phage_or_missing_origin,true,0.517129,0.480298,0.800497,0.000000,0.000000,0.789131,0.789131,371,0.789131,Yersinia pseudotuberculosis serotype I (strain IP32953),Yersinia,Yersinia,,G_pre1_TARGET_ENGINEERING_COMPOSITE_GENERATED,read_only_unmodified,read_only_unmodified,read_only_unmodified,read_only_unmodified,composite_desc;target_context_desc;target_organism_desc;phage_origin_desc;docking_desc;solubility_no_chaperone_desc;E7_score_desc;source_accession_asc
v5.4.8z2,A0AAX2I0V1,A0AAX2I0V1__V52_B0_2297a22e390d4791e0c2__compound5,V52_B0_2297a22e390d4791e0c2,ordinary_candidate,not_forced,not_hard_coded,none,no_gold_standard_bonus,not_Q9T0Z9,650,0.376418,0.250000,0.400000,other_or_genus_only_Yersinia,0.100000,other_unknown_non_phage_or_missing_origin,true,0.462458,0.549038,0.915064,0.000000,0.000000,0.732365,0.732365,761,0.732365,Yersinia pestis,Yersinia,Yersinia,,G_pre1_TARGET_ENGINEERING_COMPOSITE_GENERATED,read_only_unmodified,read_only_unmodified,read_only_unmodified,read_only_unmodified,composite_desc;target_context_desc;target_organism_desc;phage_origin_desc;docking_desc;solubility_no_chaperone_desc;E7_score_desc;source_accession_asc
v5.4.8z2,A0ABM5UH09,A0ABM5UH09__V52_B0_3e8fb58ea20637a6fac9__compound5,V52_B0_3e8fb58ea20637a6fac9,ordinary_candidate,not_forced,not_hard_coded,none,no_gold_standard_bonus,not_Q9T0Z9,651,0.376365,0.250000,0.400000,other_or_genus_only_Yersinia,0.100000,other_unknown_non_phage_or_missing_origin,true,0.427536,0.565331,0.942218,0.000000,0.000000,0.805825,0.805825,180,0.805825,Yersinia aleksiciae,Yersinia,Yersinia,,G_pre1_TARGET_ENGINEERING_COMPOSITE_GENERATED,read_only_unmodified,read_only_unmodified,read_only_unmodified,read_only_unmodified,composite_desc;target_context_desc;target_organism_desc;phage_origin_desc;docking_desc;solubility_no_chaperone_desc;E7_score_desc;source_accession_asc
v5.4.8z2,A0A0T9UVW1,A0A0T9UVW1__V52_B0_c3cd03c32deccd487c0d__compound5,V52_B0_c3cd03c32deccd487c0d,ordinary_candidate,not_forced,not_hard_coded,none,no_gold_standard_bonus,not_Q9T0Z9,652,0.376363,0.250000,0.400000,other_or_genus_only_Yersinia,0.100000,other_unknown_non_phage_or_missing_origin,true,0.440128,0.554930,0.924883,0.000000,0.000000,0.797028,0.797028,274,0.797028,Yersinia aldovae,Yersinia,Yersinia,,G_pre1_TARGET_ENGINEERING_COMPOSITE_GENERATED,read_only_unmodified,read_only_unmodified,read_only_unmodified,read_only_unmodified,composite_desc;target_context_desc;target_organism_desc;phage_origin_desc;docking_desc;solubility_no_chaperone_desc;E7_score_desc;source_accession_asc
v5.4.8z2,A0A0T9KME1,A0A0T9KME1__V52_B0_4538fc88c21c0866a86d__compound5,V52_B0_4538fc88c21c0866a86d,ordinary_candidate,not_forced,not_hard_coded,none,no_gold_standard_bonus,not_Q9T0Z9,653,0.376290,0.250000,0.400000,other_or_genus_only_Yersinia,0.100000,other_unknown_non_phage_or_missing_origin,true,0.462589,0.528814,0.881357,0.000000,0.000000,0.810184,0.810184,140,0.810184,Yersinia kristensenii,Yersinia,Yersinia,,G_pre1_TARGET_ENGINEERING_COMPOSITE_GENERATED,read_only_unmodified,read_only_unmodified,read_only_unmodified,read_only_unmodified,composite_desc;target_context_desc;target_organism_desc;phage_origin_desc;docking_desc;solubility_no_chaperone_desc;E7_score_desc;source_accession_asc
v5.4.8z2,A0A0T9RC84,A0A0T9RC84__V52_B0_21b211cb99037d1c0f4b__compound5,V52_B0_21b211cb99037d1c0f4b,ordinary_candidate,not_forced,not_hard_coded,none,no_gold_standard_bonus,not_Q9T0Z9,654,0.376272,0.250000,0.400000,other_or_genus_only_Yersinia,0.100000,other_unknown_non_phage_or_missing_origin,true,0.441309,0.565483,0.942472,0.000000,0.000000,0.748277,0.748277,697,0.748277,Yersinia pekkanenii,Yersinia,Yersinia,,G_pre1_TARGET_ENGINEERING_COMPOSITE_GENERATED,read_only_unmodified,read_only_unmodified,read_only_unmodified,read_only_unmodified,composite_desc;target_context_desc;target_organism_desc;phage_origin_desc;docking_desc;solubility_no_chaperone_desc;E7_score_desc;source_accession_asc
v5.4.8z2,A0ABM9XX67,A0ABM9XX67__V52_B0_a1e964ee4d53b284f4f1__compound5,V52_B0_a1e964ee4d53b284f4f1,ordinary_candidate,not_forced,not_hard_coded,none,no_gold_standard_bonus,not_Q9T0Z9,655,0.376204,0.250000,0.400000,other_or_genus_only_Yersinia,0.100000,other_unknown_non_phage_or_missing_origin,true,0.439134,0.555155,0.925258,0.000000,0.000000,0.796925,0.796925,278,0.796925,Yersinia bercovieri ATCC 43970,Yersinia,Yersinia,,G_pre1_TARGET_ENGINEERING_COMPOSITE_GENERATED,read_only_unmodified,read_only_unmodified,read_only_unmodified,read_only_unmodified,composite_desc;target_context_desc;target_organism_desc;phage_origin_desc;docking_desc;solubility_no_chaperone_desc;E7_score_desc;source_accession_asc
v5.4.8z2,A0A0T9KKM2,A0A0T9KKM2__V52_B0_aa222ea0a55000d84a68__compound5,V52_B0_aa222ea0a55000d84a68,ordinary_candidate,not_forced,not_hard_coded,none,no_gold_standard_bonus,not_Q9T0Z9,656,0.376170,0.250000,0.400000,other_or_genus_only_Yersinia,0.100000,other_unknown_non_phage_or_missing_origin,true,0.463099,0.530469,0.884115,0.000000,0.000000,0.799127,0.799127,246,0.799127,Yersinia kristensenii,Yersinia,Yersinia,,G_pre1_TARGET_ENGINEERING_COMPOSITE_GENERATED,read_only_unmodified,read_only_unmodified,read_only_unmodified,read_only_unmodified,composite_desc;target_context_desc;target_organism_desc;phage_origin_desc;docking_desc;solubility_no_chaperone_desc;E7_score_desc;source_accession_asc
v5.4.8z2,A0ABM5PZP9,A0ABM5PZP9__V52_B0_e29c6d1c46a7800ad6f2__compound5,V52_B0_e29c6d1c46a7800ad6f2,ordinary_candidate,not_forced,not_hard_coded,none,no_gold_standard_bonus,not_Q9T0Z9,657,0.376166,0.250000,0.400000,other_or_genus_only_Yersinia,0.100000,other_unknown_non_phage_or_missing_origin,true,0.506694,0.486039,0.810065,0.000000,0.000000,0.802385,0.802385,214,0.802385,Yersinia similis,Yersinia,Yersinia,,G_pre1_TARGET_ENGINEERING_COMPOSITE_GENERATED,read_only_unmodified,read_only_unmodified,read_only_unmodified,read_only_unmodified,composite_desc;target_context_desc;target_organism_desc;phage_origin_desc;docking_desc;solubility_no_chaperone_desc;E7_score_desc;source_accession_asc
v5.4.8z2,A0ABP2EGX4,A0ABP2EGX4__V52_B0_8e2894ff81df0a3438c6__compound5,V52_B0_8e2894ff81df0a3438c6,ordinary_candidate,not_forced,not_hard_coded,none,no_gold_standard_bonus,not_Q9T0Z9,658,0.376144,0.250000,0.400000,other_or_genus_only_Yersinia,0.100000,other_unknown_non_phage_or_missing_origin,true,0.480184,0.528968,0.881614,0.000000,0.000000,0.736280,0.736280,756,0.736280,Yersinia mollaretii (strain ATCC 43969 / DSM 18520 / CIP 103324 / CNY 7263 / WAIP 204),Yersinia,Yersinia,Baseplate J/gp47 family protein,G_pre1_TARGET_ENGINEERING_COMPOSITE_GENERATED,read_only_unmodified,read_only_unmodified,read_only_unmodified,read_only_unmodified,composite_desc;target_context_desc;target_organism_desc;phage_origin_desc;docking_desc;solubility_no_chaperone_desc;E7_score_desc;source_accession_asc
v5.4.8z2,A0AB73NNV4,A0AB73NNV4__V52_B0_b1480e0f65c8b5a7edc2__compound5,V52_B0_b1480e0f65c8b5a7edc2,ordinary_candidate,not_forced,not_hard_coded,none,no_gold_standard_bonus,not_Q9T0Z9,659,0.376142,0.250000,0.400000,other_or_genus_only_Yersinia,0.100000,other_unknown_non_phage_or_missing_origin,true,0.409366,0.580805,0.968009,0.000000,0.000000,0.812161,0.812161,122,0.812161,Yersinia kristensenii,Yersinia,Yersinia,,G_pre1_TARGET_ENGINEERING_COMPOSITE_GENERATED,read_only_unmodified,read_only_unmodified,read_only_unmodified,read_only_unmodified,composite_desc;target_context_desc;target_organism_desc;phage_origin_desc;docking_desc;solubility_no_chaperone_desc;E7_score_desc;source_accession_asc
v5.4.8z2,A0A0T9PN75,A0A0T9PN75__V52_B0_c4b0bd60e80cb975beec__compound5,V52_B0_c4b0bd60e80cb975beec,ordinary_candidate,not_forced,not_hard_coded,none,no_gold_standard_bonus,not_Q9T0Z9,660,0.376137,0.250000,0.400000,other_or_genus_only_Yersinia,0.100000,other_unknown_non_phage_or_missing_origin,true,0.458196,0.545690,0.909483,0.000000,0.000000,0.757195,0.757195,644,0.757195,Yersinia pekkanenii,Yersinia,Yersinia,,G_pre1_TARGET_ENGINEERING_COMPOSITE_GENERATED,read_only_unmodified,read_only_unmodified,read_only_unmodified,read_only_unmodified,composite_desc;target_context_desc;target_organism_desc;phage_origin_desc;docking_desc;solubility_no_chaperone_desc;E7_score_desc;source_accession_asc
v5.4.8z2,A0AB72ZRU6,A0AB72ZRU6__V52_B0_44baa345a08fdae9d062__compound5,V52_B0_44baa345a08fdae9d062,ordinary_candidate,not_forced,not_hard_coded,none,no_gold_standard_bonus,not_Q9T0Z9,661,0.376022,0.250000,0.400000,other_or_genus_only_Yersinia,0.100000,other_unknown_non_phage_or_missing_origin,true,0.422388,0.571378,0.952297,0.000000,0.000000,0.795372,0.795372,297,0.795372,Yersinia pestis PY-08,Yersinia,Yersinia,,G_pre1_TARGET_ENGINEERING_COMPOSITE_GENERATED,read_only_unmodified,read_only_unmodified,read_only_unmodified,read_only_unmodified,composite_desc;target_context_desc;target_organism_desc;phage_origin_desc;docking_desc;solubility_no_chaperone_desc;E7_score_desc;source_accession_asc
v5.4.8z2,A0ABW9EZJ2,A0ABW9EZJ2__V52_B0_8f1320d723d8aff26ed2__compound5,V52_B0_8f1320d723d8aff26ed2,ordinary_candidate,not_forced,not_hard_coded,none,no_gold_standard_bonus,not_Q9T0Z9,662,0.375987,0.250000,0.400000,other_or_genus_only_Yersinia,0.100000,other_unknown_non_phage_or_missing_origin,true,0.440350,0.558130,0.930217,0.000000,0.000000,0.775813,0.775813,503,0.775813,Yersinia proxima,Yersinia,Yersinia,,G_pre1_TARGET_ENGINEERING_COMPOSITE_GENERATED,read_only_unmodified,read_only_unmodified,read_only_unmodified,read_only_unmodified,composite_desc;target_context_desc;target_organism_desc;phage_origin_desc;docking_desc;solubility_no_chaperone_desc;E7_score_desc;source_accession_asc
v5.4.8z2,A0AB73PN87,A0AB73PN87__V52_B0_a437f2c2d58147b1ceed__compound5,V52_B0_a437f2c2d58147b1ceed,ordinary_candidate,not_forced,not_hard_coded,none,no_gold_standard_bonus,not_Q9T0Z9,663,0.375833,0.250000,0.400000,other_or_genus_only_Yersinia,0.100000,other_unknown_non_phage_or_missing_origin,true,0.491260,0.499515,0.832525,0.000000,0.000000,0.803556,0.803556,207,0.803556,Yersinia kristensenii,Yersinia,Yersinia,,G_pre1_TARGET_ENGINEERING_COMPOSITE_GENERATED,read_only_unmodified,read_only_unmodified,read_only_unmodified,read_only_unmodified,composite_desc;target_context_desc;target_organism_desc;phage_origin_desc;docking_desc;solubility_no_chaperone_desc;E7_score_desc;source_accession_asc
v5.4.8z2,A0A0T9RLI7,A0A0T9RLI7__V52_B0_7e3d1a4d415018685a56__compound5,V52_B0_7e3d1a4d415018685a56,ordinary_candidate,not_forced,not_hard_coded,none,no_gold_standard_bonus,not_Q9T0Z9,664,0.375821,0.250000,0.400000,other_or_genus_only_Yersinia,0.100000,other_unknown_non_phage_or_missing_origin,true,0.472115,0.528709,0.881181,0.000000,0.000000,0.763131,0.763131,609,0.763131,Yersinia similis,Yersinia,Yersinia,,G_pre1_TARGET_ENGINEERING_COMPOSITE_GENERATED,read_only_unmodified,read_only_unmodified,read_only_unmodified,read_only_unmodified,composite_desc;target_context_desc;target_organism_desc;phage_origin_desc;docking_desc;solubility_no_chaperone_desc;E7_score_desc;source_accession_asc
v5.4.8z2,A0ABM6BKQ9,A0ABM6BKQ9__V52_B0_bcef8295e4aa53fbae4c__compound5,V52_B0_bcef8295e4aa53fbae4c,ordinary_candidate,not_forced,not_hard_coded,none,no_gold_standard_bonus,not_Q9T0Z9,665,0.375722,0.250000,0.400000,other_or_genus_only_Yersinia,0.100000,other_unknown_non_phage_or_missing_origin,true,0.453769,0.545348,0.908914,0.000000,0.000000,0.767964,0.767964,566,0.767964,Yersinia entomophaga,Yersinia,Yersinia,,G_pre1_TARGET_ENGINEERING_COMPOSITE_GENERATED,read_only_unmodified,read_only_unmodified,read_only_unmodified,read_only_unmodified,composite_desc;target_context_desc;target_organism_desc;phage_origin_desc;docking_desc;solubility_no_chaperone_desc;E7_score_desc;source_accession_asc
v5.4.8z2,A0A0T9KM28,A0A0T9KM28__V52_B0_614e471f16081ce6ed53__compound5,V52_B0_614e471f16081ce6ed53,ordinary_candidate,not_forced,not_hard_coded,none,no_gold_standard_bonus,not_Q9T0Z9,666,0.375426,0.250000,0.400000,other_or_genus_only_Yersinia,0.100000,other_unknown_non_phage_or_missing_origin,true,0.476170,0.522147,0.870245,0.000000,0.000000,0.765252,0.765252,587,0.765252,Yersinia kristensenii,Yersinia,Yersinia,,G_pre1_TARGET_ENGINEERING_COMPOSITE_GENERATED,read_only_unmodified,read_only_unmodified,read_only_unmodified,read_only_unmodified,composite_desc;target_context_desc;target_organism_desc;phage_origin_desc;docking_desc;solubility_no_chaperone_desc;E7_score_desc;source_accession_asc
v5.4.8z2,A0ABM9SYN9,A0ABM9SYN9__V52_B0_03a662d42bf9b1e65db8__compound5,V52_B0_03a662d42bf9b1e65db8,ordinary_candidate,not_forced,not_hard_coded,none,no_gold_standard_bonus,not_Q9T0Z9,667,0.374959,0.250000,0.400000,other_or_genus_only_Yersinia,0.100000,other_unknown_non_phage_or_missing_origin,true,0.489514,0.506967,0.844945,0.000000,0.000000,0.763260,0.763260,608,0.763260,Yersinia aldovae,Yersinia,Yersinia,,G_pre1_TARGET_ENGINEERING_COMPOSITE_GENERATED,read_only_unmodified,read_only_unmodified,read_only_unmodified,read_only_unmodified,composite_desc;target_context_desc;target_organism_desc;phage_origin_desc;docking_desc;solubility_no_chaperone_desc;E7_score_desc;source_accession_asc
v5.4.8z2,Q66CW3,Q66CW3__V52_B0_4e06b5bc26341cd1e41f__compound5,V52_B0_4e06b5bc26341cd1e41f,ordinary_candidate,not_forced,not_hard_coded,none,no_gold_standard_bonus,not_Q9T0Z9,668,0.374911,0.250000,0.400000,other_or_genus_only_Yersinia,0.100000,other_unknown_non_phage_or_missing_origin,true,0.439594,0.547059,0.911765,0.000000,0.000000,0.801615,0.801615,224,0.801615,Yersinia pseudotuberculosis serotype I (strain IP32953),Yersinia,Yersinia,,G_pre1_TARGET_ENGINEERING_COMPOSITE_GENERATED,read_only_unmodified,read_only_unmodified,read_only_unmodified,read_only_unmodified,composite_desc;target_context_desc;target_organism_desc;phage_origin_desc;docking_desc;solubility_no_chaperone_desc;E7_score_desc;source_accession_asc
v5.4.8z2,A0AB73NNI1,A0AB73NNI1__V52_B0_1aba2e6defe80c977b73__compound5,V52_B0_1aba2e6defe80c977b73,ordinary_candidate,not_forced,not_hard_coded,none,no_gold_standard_bonus,not_Q9T0Z9,669,0.374442,0.250000,0.400000,other_or_genus_only_Yersinia,0.100000,other_unknown_non_phage_or_missing_origin,true,0.459087,0.527483,0.879139,0.000000,0.000000,0.792564,0.792564,332,0.792564,Yersinia kristensenii,Yersinia,Yersinia,,G_pre1_TARGET_ENGINEERING_COMPOSITE_GENERATED,read_only_unmodified,read_only_unmodified,read_only_unmodified,read_only_unmodified,composite_desc;target_context_desc;target_organism_desc;phage_origin_desc;docking_desc;solubility_no_chaperone_desc;E7_score_desc;source_accession_asc
v5.4.8z2,Q66CW8,Q66CW8__V52_B0_38032ccc64d7f42cbe13__compound5,V52_B0_38032ccc64d7f42cbe13,ordinary_candidate,not_forced,not_hard_coded,none,no_gold_standard_bonus,not_Q9T0Z9,670,0.374417,0.250000,0.400000,other_or_genus_only_Yersinia,0.100000,other_unknown_non_phage_or_missing_origin,true,0.425980,0.575214,0.958690,0.000000,0.000000,0.733556,0.733556,759,0.733556,Yersinia pseudotuberculosis serotype I (strain IP32953),Yersinia,Yersinia,,G_pre1_TARGET_ENGINEERING_COMPOSITE_GENERATED,read_only_unmodified,read_only_unmodified,read_only_unmodified,read_only_unmodified,composite_desc;target_context_desc;target_organism_desc;phage_origin_desc;docking_desc;solubility_no_chaperone_desc;E7_score_desc;source_accession_asc
v5.4.8z2,A0ABM9TBF6,A0ABM9TBF6__V52_B0_c5f77a83cd425ab0e6b3__compound5,V52_B0_c5f77a83cd425ab0e6b3,ordinary_candidate,not_forced,not_hard_coded,none,no_gold_standard_bonus,not_Q9T0Z9,671,0.374115,0.250000,0.400000,other_or_genus_only_Yersinia,0.100000,other_unknown_non_phage_or_missing_origin,true,0.460517,0.536686,0.894477,0.000000,0.000000,0.743479,0.743479,724,0.743479,Yersinia wautersii,Yersinia,Yersinia,,G_pre1_TARGET_ENGINEERING_COMPOSITE_GENERATED,read_only_unmodified,read_only_unmodified,read_only_unmodified,read_only_unmodified,composite_desc;target_context_desc;target_organism_desc;phage_origin_desc;docking_desc;solubility_no_chaperone_desc;E7_score_desc;source_accession_asc
v5.4.8z2,A0AAW7K4V6,A0AAW7K4V6__V52_B0_1b56987da877a97b3711__compound5,V52_B0_1b56987da877a97b3711,ordinary_candidate,not_forced,not_hard_coded,none,no_gold_standard_bonus,not_Q9T0Z9,672,0.373517,0.250000,0.400000,other_or_genus_only_Yersinia,0.100000,other_unknown_non_phage_or_missing_origin,true,0.410460,0.567808,0.946347,0.000000,0.000000,0.807262,0.807262,166,0.807262,Yersinia nurmii,Yersinia,Yersinia,,G_pre1_TARGET_ENGINEERING_COMPOSITE_GENERATED,read_only_unmodified,read_only_unmodified,read_only_unmodified,read_only_unmodified,composite_desc;target_context_desc;target_organism_desc;phage_origin_desc;docking_desc;solubility_no_chaperone_desc;E7_score_desc;source_accession_asc
v5.4.8z2,A0ABM6UUY9,A0ABM6UUY9__V52_B0_e1c1e783bcdfe9a28d8d__compound5,V52_B0_e1c1e783bcdfe9a28d8d,ordinary_candidate,not_forced,not_hard_coded,none,no_gold_standard_bonus,not_Q9T0Z9,673,0.373490,0.250000,0.400000,other_or_genus_only_Yersinia,0.100000,other_unknown_non_phage_or_missing_origin,true,0.457219,0.540873,0.901455,0.000000,0.000000,0.727426,0.727426,773,0.727426,Yersinia massiliensis,Yersinia,Yersinia,,G_pre1_TARGET_ENGINEERING_COMPOSITE_GENERATED,read_only_unmodified,read_only_unmodified,read_only_unmodified,read_only_unmodified,composite_desc;target_context_desc;target_organism_desc;phage_origin_desc;docking_desc;solubility_no_chaperone_desc;E7_score_desc;source_accession_asc
v5.4.8z2,A0ABM9SSJ6,A0ABM9SSJ6__V52_B0_6f5a03f179385962d6ba__compound5,V52_B0_6f5a03f179385962d6ba,ordinary_candidate,not_forced,not_hard_coded,none,no_gold_standard_bonus,not_Q9T0Z9,674,0.373381,0.250000,0.400000,other_or_genus_only_Yersinia,0.100000,other_unknown_non_phage_or_missing_origin,true,0.405211,0.575000,0.958333,0.000000,0.000000,0.796783,0.796783,280,0.796783,Yersinia aldovae,Yersinia,Yersinia,,G_pre1_TARGET_ENGINEERING_COMPOSITE_GENERATED,read_only_unmodified,read_only_unmodified,read_only_unmodified,read_only_unmodified,composite_desc;target_context_desc;target_organism_desc;phage_origin_desc;docking_desc;solubility_no_chaperone_desc;E7_score_desc;source_accession_asc
v5.4.8z2,A0ABM6BHZ0,A0ABM6BHZ0__V52_B0_d543f37fff8c615134cc__compound5,V52_B0_d543f37fff8c615134cc,ordinary_candidate,not_forced,not_hard_coded,none,no_gold_standard_bonus,not_Q9T0Z9,675,0.373374,0.250000,0.400000,other_or_genus_only_Yersinia,0.100000,other_unknown_non_phage_or_missing_origin,true,0.488546,0.493373,0.822289,0.000000,0.000000,0.789796,0.789796,360,0.789796,Yersinia entomophaga,Yersinia,Yersinia,Tail fiber assembly protein,G_pre1_TARGET_ENGINEERING_COMPOSITE_GENERATED,read_only_unmodified,read_only_unmodified,read_only_unmodified,read_only_unmodified,composite_desc;target_context_desc;target_organism_desc;phage_origin_desc;docking_desc;solubility_no_chaperone_desc;E7_score_desc;source_accession_asc
v5.4.8z2,A0A0T9P2Y6,A0A0T9P2Y6__V52_B0_6bef87fe2ff7c83ad66b__compound5,V52_B0_6bef87fe2ff7c83ad66b,ordinary_candidate,not_forced,not_hard_coded,none,no_gold_standard_bonus,not_Q9T0Z9,676,0.373322,0.250000,0.400000,other_or_genus_only_Yersinia,0.100000,other_unknown_non_phage_or_missing_origin,true,0.482349,0.497222,0.828703,0.000000,0.000000,0.798166,0.798166,262,0.798166,Yersinia thracica,Yersinia,Yersinia,,G_pre1_TARGET_ENGINEERING_COMPOSITE_GENERATED,read_only_unmodified,read_only_unmodified,read_only_unmodified,read_only_unmodified,composite_desc;target_context_desc;target_organism_desc;phage_origin_desc;docking_desc;solubility_no_chaperone_desc;E7_score_desc;source_accession_asc
v5.4.8z2,A0ABM9TZ37,A0ABM9TZ37__V52_B0_82d8a6df8dd66da750fe__compound5,V52_B0_82d8a6df8dd66da750fe,ordinary_candidate,not_forced,not_hard_coded,none,no_gold_standard_bonus,not_Q9T0Z9,677,0.373319,0.250000,0.400000,other_or_genus_only_Yersinia,0.100000,other_unknown_non_phage_or_missing_origin,true,0.489586,0.492105,0.820175,0.000000,0.000000,0.789617,0.789617,363,0.789617,Yersinia pekkanenii,Yersinia,Yersinia,,G_pre1_TARGET_ENGINEERING_COMPOSITE_GENERATED,read_only_unmodified,read_only_unmodified,read_only_unmodified,read_only_unmodified,composite_desc;target_context_desc;target_organism_desc;phage_origin_desc;docking_desc;solubility_no_chaperone_desc;E7_score_desc;source_accession_asc
v5.4.8z2,A0AA36LM41,A0AA36LM41__V52_B0_ebbe5a072d9503cb3bc7__compound5,V52_B0_ebbe5a072d9503cb3bc7,ordinary_candidate,not_forced,not_hard_coded,none,no_gold_standard_bonus,not_Q9T0Z9,678,0.373225,0.250000,0.400000,other_or_genus_only_Yersinia,0.100000,other_unknown_non_phage_or_missing_origin,true,0.409105,0.569291,0.948819,0.000000,0.000000,0.800912,0.800912,229,0.800912,Yersinia mollaretii,Yersinia,Yersinia,,G_pre1_TARGET_ENGINEERING_COMPOSITE_GENERATED,read_only_unmodified,read_only_unmodified,read_only_unmodified,read_only_unmodified,composite_desc;target_context_desc;target_organism_desc;phage_origin_desc;docking_desc;solubility_no_chaperone_desc;E7_score_desc;source_accession_asc
v5.4.8z2,A0ABP1ZYM0,A0ABP1ZYM0__V52_B0_6c6f95a0a38b19c973da__compound5,V52_B0_6c6f95a0a38b19c973da,ordinary_candidate,not_forced,not_hard_coded,none,no_gold_standard_bonus,not_Q9T0Z9,679,0.373211,0.250000,0.400000,other_or_genus_only_Yersinia,0.100000,other_unknown_non_phage_or_missing_origin,true,0.437570,0.553361,0.922269,0.000000,0.000000,0.750496,0.750496,683,0.750496,Yersinia pekkanenii,Yersinia,Yersinia,,G_pre1_TARGET_ENGINEERING_COMPOSITE_GENERATED,read_only_unmodified,read_only_unmodified,read_only_unmodified,read_only_unmodified,composite_desc;target_context_desc;target_organism_desc;phage_origin_desc;docking_desc;solubility_no_chaperone_desc;E7_score_desc;source_accession_asc
v5.4.8z2,A0A380QV68,A0A380QV68__V52_B0_152754e4db00fcb8623a__compound5,V52_B0_152754e4db00fcb8623a,ordinary_candidate,not_forced,not_hard_coded,none,no_gold_standard_bonus,not_Q9T0Z9,680,0.373052,0.250000,0.400000,other_or_genus_only_Yersinia,0.100000,other_unknown_non_phage_or_missing_origin,true,0.428282,0.549038,0.915064,0.000000,0.000000,0.801751,0.801751,223,0.801751,Yersinia ruckeri,Yersinia,Yersinia,,G_pre1_TARGET_ENGINEERING_COMPOSITE_GENERATED,read_only_unmodified,read_only_unmodified,read_only_unmodified,read_only_unmodified,composite_desc;target_context_desc;target_organism_desc;phage_origin_desc;docking_desc;solubility_no_chaperone_desc;E7_score_desc;source_accession_asc
v5.4.8z2,A0A380QB56,A0A380QB56__V52_B0_383e5122bfb39abc55bd__compound5,V52_B0_383e5122bfb39abc55bd,ordinary_candidate,not_forced,not_hard_coded,none,no_gold_standard_bonus,not_Q9T0Z9,681,0.372927,0.250000,0.400000,other_or_genus_only_Yersinia,0.100000,other_unknown_non_phage_or_missing_origin,true,0.491429,0.485000,0.808333,0.000000,0.000000,0.802820,0.802820,211,0.802820,Yersinia pseudotuberculosis,Yersinia,Yersinia,,G_pre1_TARGET_ENGINEERING_COMPOSITE_GENERATED,read_only_unmodified,read_only_unmodified,read_only_unmodified,read_only_unmodified,composite_desc;target_context_desc;target_organism_desc;phage_origin_desc;docking_desc;solubility_no_chaperone_desc;E7_score_desc;source_accession_asc
v5.4.8z2,A0ABP1Y4A2,A0ABP1Y4A2__V52_B0_f68af125ff2198c1e8f1__compound5,V52_B0_f68af125ff2198c1e8f1,ordinary_candidate,not_forced,not_hard_coded,none,no_gold_standard_bonus,not_Q9T0Z9,682,0.372874,0.250000,0.400000,other_or_genus_only_Yersinia,0.100000,other_unknown_non_phage_or_missing_origin,true,0.436405,0.540718,0.901197,0.000000,0.000000,0.798996,0.798996,249,0.798996,Yersinia nurmii,Yersinia,Yersinia,,G_pre1_TARGET_ENGINEERING_COMPOSITE_GENERATED,read_only_unmodified,read_only_unmodified,read_only_unmodified,read_only_unmodified,composite_desc;target_context_desc;target_organism_desc;phage_origin_desc;docking_desc;solubility_no_chaperone_desc;E7_score_desc;source_accession_asc
v5.4.8z2,A0AA44HZF8,A0AA44HZF8__V52_B0_2046d8f31090b6f25286__compound5,V52_B0_2046d8f31090b6f25286,ordinary_candidate,not_forced,not_hard_coded,none,no_gold_standard_bonus,not_Q9T0Z9,683,0.372854,0.250000,0.400000,other_or_genus_only_Yersinia,0.100000,other_unknown_non_phage_or_missing_origin,true,0.401719,0.571277,0.952128,0.000000,0.000000,0.815102,0.815102,106,0.815102,Yersinia mollaretii,Yersinia,Yersinia,,G_pre1_TARGET_ENGINEERING_COMPOSITE_GENERATED,read_only_unmodified,read_only_unmodified,read_only_unmodified,read_only_unmodified,composite_desc;target_context_desc;target_organism_desc;phage_origin_desc;docking_desc;solubility_no_chaperone_desc;E7_score_desc;source_accession_asc
v5.4.8z2,A0ABM5Q168,A0ABM5Q168__V52_B0_753020dac40d70988113__compound5,V52_B0_753020dac40d70988113,ordinary_candidate,not_forced,not_hard_coded,none,no_gold_standard_bonus,not_Q9T0Z9,684,0.372381,0.250000,0.400000,other_or_genus_only_Yersinia,0.100000,other_unknown_non_phage_or_missing_origin,true,0.395987,0.588035,0.980058,0.000000,0.000000,0.761530,0.761530,616,0.761530,Yersinia similis,Yersinia,Yersinia,,G_pre1_TARGET_ENGINEERING_COMPOSITE_GENERATED,read_only_unmodified,read_only_unmodified,read_only_unmodified,read_only_unmodified,composite_desc;target_context_desc;target_organism_desc;phage_origin_desc;docking_desc;solubility_no_chaperone_desc;E7_score_desc;source_accession_asc
v5.4.8z2,A0A0T9UVB9,A0A0T9UVB9__V52_B0_33bfc43ff30bd7f75fb0__compound5,V52_B0_33bfc43ff30bd7f75fb0,ordinary_candidate,not_forced,not_hard_coded,none,no_gold_standard_bonus,not_Q9T0Z9,685,0.372348,0.250000,0.400000,other_or_genus_only_Yersinia,0.100000,other_unknown_non_phage_or_missing_origin,true,0.474877,0.509016,0.848360,0.000000,0.000000,0.761389,0.761389,617,0.761389,Yersinia aldovae,Yersinia,Yersinia,,G_pre1_TARGET_ENGINEERING_COMPOSITE_GENERATED,read_only_unmodified,read_only_unmodified,read_only_unmodified,read_only_unmodified,composite_desc;target_context_desc;target_organism_desc;phage_origin_desc;docking_desc;solubility_no_chaperone_desc;E7_score_desc;source_accession_asc
v5.4.8z2,A0A0K1H0L3,A0A0K1H0L3__V52_B0_635cb5c8d5c6b115448f__compound5,V52_B0_635cb5c8d5c6b115448f,ordinary_candidate,not_forced,not_hard_coded,none,no_gold_standard_bonus,not_Q9T0Z9,686,0.372236,0.250000,0.400000,other_or_genus_only_Yersinia,0.100000,other_unknown_non_phage_or_missing_origin,true,0.461151,0.530000,0.883333,0.000000,0.000000,0.730126,0.730126,766,0.730126,Yersinia pestis,Yersinia,Yersinia,,G_pre1_TARGET_ENGINEERING_COMPOSITE_GENERATED,read_only_unmodified,read_only_unmodified,read_only_unmodified,read_only_unmodified,composite_desc;target_context_desc;target_organism_desc;phage_origin_desc;docking_desc;solubility_no_chaperone_desc;E7_score_desc;source_accession_asc
v5.4.8z2,A0AA44CIT3,A0AA44CIT3__V52_B0_2ee2c40215842afd185e__compound5,V52_B0_2ee2c40215842afd185e,ordinary_candidate,not_forced,not_hard_coded,none,no_gold_standard_bonus,not_Q9T0Z9,687,0.372001,0.250000,0.400000,other_or_genus_only_Yersinia,0.100000,other_unknown_non_phage_or_missing_origin,true,0.460487,0.513521,0.855868,0.000000,0.000000,0.793984,0.793984,306,0.793984,Yersinia mollaretii,Yersinia,Yersinia,,G_pre1_TARGET_ENGINEERING_COMPOSITE_GENERATED,read_only_unmodified,read_only_unmodified,read_only_unmodified,read_only_unmodified,composite_desc;target_context_desc;target_organism_desc;phage_origin_desc;docking_desc;solubility_no_chaperone_desc;E7_score_desc;source_accession_asc
v5.4.8z2,A0ABM9SWE1,A0ABM9SWE1__V52_B0_e39a7b4bb86f09aeb13d__compound5,V52_B0_e39a7b4bb86f09aeb13d,ordinary_candidate,not_forced,not_hard_coded,none,no_gold_standard_bonus,not_Q9T0Z9,688,0.371990,0.250000,0.400000,other_or_genus_only_Yersinia,0.100000,other_unknown_non_phage_or_missing_origin,true,0.422077,0.548936,0.914894,0.000000,0.000000,0.805753,0.805753,182,0.805753,Yersinia aldovae,Yersinia,Yersinia,,G_pre1_TARGET_ENGINEERING_COMPOSITE_GENERATED,read_only_unmodified,read_only_unmodified,read_only_unmodified,read_only_unmodified,composite_desc;target_context_desc;target_organism_desc;phage_origin_desc;docking_desc;solubility_no_chaperone_desc;E7_score_desc;source_accession_asc
v5.4.8z2,A0A380PNK7,A0A380PNK7__V52_B0_4f3ab0dbdda28de542c1__compound5,V52_B0_4f3ab0dbdda28de542c1,ordinary_candidate,not_forced,not_hard_coded,none,no_gold_standard_bonus,not_Q9T0Z9,689,0.371248,0.250000,0.400000,other_or_genus_only_Yersinia,0.100000,other_unknown_non_phage_or_missing_origin,true,0.452978,0.528261,0.880435,0.000000,0.000000,0.750013,0.750013,689,0.750013,Yersinia frederiksenii,Yersinia,Yersinia,,G_pre1_TARGET_ENGINEERING_COMPOSITE_GENERATED,read_only_unmodified,read_only_unmodified,read_only_unmodified,read_only_unmodified,composite_desc;target_context_desc;target_organism_desc;phage_origin_desc;docking_desc;solubility_no_chaperone_desc;E7_score_desc;source_accession_asc
v5.4.8z2,A0A0T9RLY2,A0A0T9RLY2__V52_B0_a83c117050ff728f7662__compound5,V52_B0_a83c117050ff728f7662,ordinary_candidate,not_forced,not_hard_coded,none,no_gold_standard_bonus,not_Q9T0Z9,690,0.371171,0.250000,0.400000,other_or_genus_only_Yersinia,0.100000,other_unknown_non_phage_or_missing_origin,true,0.383856,0.584360,0.973933,0.000000,0.000000,0.800563,0.800563,234,0.800563,Yersinia similis,Yersinia,Yersinia,,G_pre1_TARGET_ENGINEERING_COMPOSITE_GENERATED,read_only_unmodified,read_only_unmodified,read_only_unmodified,read_only_unmodified,composite_desc;target_context_desc;target_organism_desc;phage_origin_desc;docking_desc;solubility_no_chaperone_desc;E7_score_desc;source_accession_asc
v5.4.8z2,A0AA36PKW6,A0AA36PKW6__V52_B0_432d1cb2c4f28ccfa1ae__compound5,V52_B0_432d1cb2c4f28ccfa1ae,ordinary_candidate,not_forced,not_hard_coded,none,no_gold_standard_bonus,not_Q9T0Z9,691,0.371085,0.250000,0.400000,other_or_genus_only_Yersinia,0.100000,other_unknown_non_phage_or_missing_origin,true,0.491414,0.480298,0.800497,0.000000,0.000000,0.784845,0.784845,424,0.784845,Yersinia mollaretii,Yersinia,Yersinia,,G_pre1_TARGET_ENGINEERING_COMPOSITE_GENERATED,read_only_unmodified,read_only_unmodified,read_only_unmodified,read_only_unmodified,composite_desc;target_context_desc;target_organism_desc;phage_origin_desc;docking_desc;solubility_no_chaperone_desc;E7_score_desc;source_accession_asc
v5.4.8z2,A0A0T9UVI4,A0A0T9UVI4__V52_B0_30dbf5ac106f307a366e__compound5,V52_B0_30dbf5ac106f307a366e,ordinary_candidate,not_forced,not_hard_coded,none,no_gold_standard_bonus,not_Q9T0Z9,692,0.370782,0.250000,0.400000,other_or_genus_only_Yersinia,0.100000,other_unknown_non_phage_or_missing_origin,true,0.382637,0.587204,0.978673,0.000000,0.000000,0.786280,0.786280,407,0.786280,Yersinia aldovae,Yersinia,Yersinia,,G_pre1_TARGET_ENGINEERING_COMPOSITE_GENERATED,read_only_unmodified,read_only_unmodified,read_only_unmodified,read_only_unmodified,composite_desc;target_context_desc;target_organism_desc;phage_origin_desc;docking_desc;solubility_no_chaperone_desc;E7_score_desc;source_accession_asc
v5.4.8z2,A0AA36LMJ6,A0AA36LMJ6__V52_B0_f206ff30b6ebd2c84d05__compound5,V52_B0_f206ff30b6ebd2c84d05,ordinary_candidate,not_forced,not_hard_coded,none,no_gold_standard_bonus,not_Q9T0Z9,693,0.370674,0.250000,0.400000,other_or_genus_only_Yersinia,0.100000,other_unknown_non_phage_or_missing_origin,true,0.447308,0.538889,0.898149,0.000000,0.000000,0.718687,0.718687,786,0.718687,Yersinia mollaretii,Yersinia,Yersinia,,G_pre1_TARGET_ENGINEERING_COMPOSITE_GENERATED,read_only_unmodified,read_only_unmodified,read_only_unmodified,read_only_unmodified,composite_desc;target_context_desc;target_organism_desc;phage_origin_desc;docking_desc;solubility_no_chaperone_desc;E7_score_desc;source_accession_asc
v5.4.8z2,A0ABX5QZN1,A0ABX5QZN1__V52_B0_6a619ca368f8aff33e2e__compound5,V52_B0_6a619ca368f8aff33e2e,ordinary_candidate,not_forced,not_hard_coded,none,no_gold_standard_bonus,not_Q9T0Z9,694,0.370613,0.250000,0.400000,other_or_genus_only_Yersinia,0.100000,other_unknown_non_phage_or_missing_origin,true,0.415950,0.553125,0.921875,0.000000,0.000000,0.785961,0.785961,408,0.785961,Yersinia hibernica,Yersinia,Yersinia,Tail fiber assembly protein,G_pre1_TARGET_ENGINEERING_COMPOSITE_GENERATED,read_only_unmodified,read_only_unmodified,read_only_unmodified,read_only_unmodified,composite_desc;target_context_desc;target_organism_desc;phage_origin_desc;docking_desc;solubility_no_chaperone_desc;E7_score_desc;source_accession_asc
v5.4.8z2,A0A208ZGJ5,A0A208ZGJ5__V52_B0_d7ebdc7a159257afc3ae__compound5,V52_B0_d7ebdc7a159257afc3ae,ordinary_candidate,not_forced,not_hard_coded,none,no_gold_standard_bonus,not_Q9T0Z9,695,0.370433,0.250000,0.400000,other_or_genus_only_Yersinia,0.100000,other_unknown_non_phage_or_missing_origin,true,0.497394,0.468293,0.780488,0.000000,0.000000,0.795905,0.795905,290,0.795905,Yersinia intermedia,Yersinia,Yersinia,,G_pre1_TARGET_ENGINEERING_COMPOSITE_GENERATED,read_only_unmodified,read_only_unmodified,read_only_unmodified,read_only_unmodified,composite_desc;target_context_desc;target_organism_desc;phage_origin_desc;docking_desc;solubility_no_chaperone_desc;E7_score_desc;source_accession_asc
v5.4.8z2,A0A857F0P9,A0A857F0P9__V52_B0_6299aa70289944811716__compound5,V52_B0_6299aa70289944811716,ordinary_candidate,not_forced,not_hard_coded,none,no_gold_standard_bonus,not_Q9T0Z9,696,0.370224,0.250000,0.400000,other_or_genus_only_Yersinia,0.100000,other_unknown_non_phage_or_missing_origin,true,0.434228,0.532395,0.887325,0.000000,0.000000,0.787987,0.787987,380,0.787987,Yersinia canariae,Yersinia,Yersinia,,G_pre1_TARGET_ENGINEERING_COMPOSITE_GENERATED,read_only_unmodified,read_only_unmodified,read_only_unmodified,read_only_unmodified,composite_desc;target_context_desc;target_organism_desc;phage_origin_desc;docking_desc;solubility_no_chaperone_desc;E7_score_desc;source_accession_asc
v5.4.8z2,A0A0T9KLZ3,A0A0T9KLZ3__V52_B0_f5fe84242c1879f28972__compound5,V52_B0_f5fe84242c1879f28972,ordinary_candidate,not_forced,not_hard_coded,none,no_gold_standard_bonus,not_Q9T0Z9,697,0.370006,0.250000,0.400000,other_or_genus_only_Yersinia,0.100000,other_unknown_non_phage_or_missing_origin,true,0.408663,0.552381,0.920635,0.000000,0.000000,0.805945,0.805945,179,0.805945,Yersinia kristensenii,Yersinia,Yersinia,,G_pre1_TARGET_ENGINEERING_COMPOSITE_GENERATED,read_only_unmodified,read_only_unmodified,read_only_unmodified,read_only_unmodified,composite_desc;target_context_desc;target_organism_desc;phage_origin_desc;docking_desc;solubility_no_chaperone_desc;E7_score_desc;source_accession_asc
v5.4.8z2,A0A0T9TRJ0,A0A0T9TRJ0__V52_B0_5e05c6eb5c0f91958235__compound5,V52_B0_5e05c6eb5c0f91958235,ordinary_candidate,not_forced,not_hard_coded,none,no_gold_standard_bonus,not_Q9T0Z9,698,0.369757,0.250000,0.400000,other_or_genus_only_Yersinia,0.100000,other_unknown_non_phage_or_missing_origin,true,0.492693,0.472847,0.788079,0.000000,0.000000,0.782988,0.782988,451,0.782988,Yersinia aldovae,Yersinia,Yersinia,,G_pre1_TARGET_ENGINEERING_COMPOSITE_GENERATED,read_only_unmodified,read_only_unmodified,read_only_unmodified,read_only_unmodified,composite_desc;target_context_desc;target_organism_desc;phage_origin_desc;docking_desc;solubility_no_chaperone_desc;E7_score_desc;source_accession_asc
v5.4.8z2,A0ABM7ANH7,A0ABM7ANH7__V52_B0_da578ba3f7c3c5c8615e__compound5,V52_B0_da578ba3f7c3c5c8615e,ordinary_candidate,not_forced,not_hard_coded,none,no_gold_standard_bonus,not_Q9T0Z9,699,0.369608,0.250000,0.400000,other_or_genus_only_Yersinia,0.100000,other_unknown_non_phage_or_missing_origin,true,0.464111,0.498039,0.830065,0.000000,0.000000,0.793555,0.793555,313,0.793555,Yersinia pseudotuberculosis,Yersinia,Yersinia,,G_pre1_TARGET_ENGINEERING_COMPOSITE_GENERATED,read_only_unmodified,read_only_unmodified,read_only_unmodified,read_only_unmodified,composite_desc;target_context_desc;target_organism_desc;phage_origin_desc;docking_desc;solubility_no_chaperone_desc;E7_score_desc;source_accession_asc
v5.4.8z2,A0ABN5RBQ6,A0ABN5RBQ6__V52_B0_bab57182b479f8a4fee0__compound5,V52_B0_bab57182b479f8a4fee0,ordinary_candidate,not_forced,not_hard_coded,none,no_gold_standard_bonus,not_Q9T0Z9,700,0.369558,0.250000,0.400000,other_or_genus_only_Yersinia,0.100000,other_unknown_non_phage_or_missing_origin,true,0.429533,0.549038,0.915064,0.000000,0.000000,0.726877,0.726877,774,0.726877,Yersinia pseudotuberculosis,Yersinia,Yersinia,DNA circulation N-terminal domain-containing protein,G_pre1_TARGET_ENGINEERING_COMPOSITE_GENERATED,read_only_unmodified,read_only_unmodified,read_only_unmodified,read_only_unmodified,composite_desc;target_context_desc;target_organism_desc;phage_origin_desc;docking_desc;solubility_no_chaperone_desc;E7_score_desc;source_accession_asc
v5.4.8z2,A0A0T9RKV0,A0A0T9RKV0__V52_B0_74ea7340dcb687b40bba__compound5,V52_B0_74ea7340dcb687b40bba,ordinary_candidate,not_forced,not_hard_coded,none,no_gold_standard_bonus,not_Q9T0Z9,701,0.369481,0.250000,0.400000,other_or_genus_only_Yersinia,0.100000,other_unknown_non_phage_or_missing_origin,true,0.507141,0.454348,0.757246,0.000000,0.000000,0.793656,0.793656,311,0.793656,Yersinia similis,Yersinia,Yersinia,,G_pre1_TARGET_ENGINEERING_COMPOSITE_GENERATED,read_only_unmodified,read_only_unmodified,read_only_unmodified,read_only_unmodified,composite_desc;target_context_desc;target_organism_desc;phage_origin_desc;docking_desc;solubility_no_chaperone_desc;E7_score_desc;source_accession_asc
v5.4.8z2,A0A0T9UMV0,A0A0T9UMV0__V52_B0_78777410d098e4409c23__compound5,V52_B0_78777410d098e4409c23,ordinary_candidate,not_forced,not_hard_coded,none,no_gold_standard_bonus,not_Q9T0Z9,702,0.369434,0.250000,0.400000,other_or_genus_only_Yersinia,0.100000,other_unknown_non_phage_or_missing_origin,true,0.486043,0.477814,0.796357,0.000000,0.000000,0.783259,0.783259,445,0.783259,Yersinia aldovae,Yersinia,Yersinia,,G_pre1_TARGET_ENGINEERING_COMPOSITE_GENERATED,read_only_unmodified,read_only_unmodified,read_only_unmodified,read_only_unmodified,composite_desc;target_context_desc;target_organism_desc;phage_origin_desc;docking_desc;solubility_no_chaperone_desc;E7_score_desc;source_accession_asc
v5.4.8z2,A0ABX5QZY2,A0ABX5QZY2__V52_B0_4a167b2eb16af1b805ed__compound5,V52_B0_4a167b2eb16af1b805ed,ordinary_candidate,not_forced,not_hard_coded,none,no_gold_standard_bonus,not_Q9T0Z9,703,0.369378,0.250000,0.400000,other_or_genus_only_Yersinia,0.100000,other_unknown_non_phage_or_missing_origin,true,0.448243,0.514789,0.857982,0.000000,0.000000,0.785433,0.785433,415,0.785433,Yersinia hibernica,Yersinia,Yersinia,,G_pre1_TARGET_ENGINEERING_COMPOSITE_GENERATED,read_only_unmodified,read_only_unmodified,read_only_unmodified,read_only_unmodified,composite_desc;target_context_desc;target_organism_desc;phage_origin_desc;docking_desc;solubility_no_chaperone_desc;E7_score_desc;source_accession_asc
v5.4.8z2,A0A0T9KZA2,A0A0T9KZA2__V52_B0_3aa89b693f82e2754e67__compound5,V52_B0_3aa89b693f82e2754e67,ordinary_candidate,not_forced,not_hard_coded,none,no_gold_standard_bonus,not_Q9T0Z9,704,0.369316,0.250000,0.400000,other_or_genus_only_Yersinia,0.100000,other_unknown_non_phage_or_missing_origin,true,0.437183,0.540873,0.901455,0.000000,0.000000,0.724087,0.724087,779,0.724087,Yersinia kristensenii,Yersinia,Yersinia,,G_pre1_TARGET_ENGINEERING_COMPOSITE_GENERATED,read_only_unmodified,read_only_unmodified,read_only_unmodified,read_only_unmodified,composite_desc;target_context_desc;target_organism_desc;phage_origin_desc;docking_desc;solubility_no_chaperone_desc;E7_score_desc;source_accession_asc
v5.4.8z2,A0AB72ZN12,A0AB72ZN12__V52_B0_2909b1c6e0ff66d630a2__compound5,V52_B0_2909b1c6e0ff66d630a2,ordinary_candidate,not_forced,not_hard_coded,none,no_gold_standard_bonus,not_Q9T0Z9,705,0.369206,0.250000,0.400000,other_or_genus_only_Yersinia,0.100000,other_unknown_non_phage_or_missing_origin,true,0.408612,0.552510,0.920850,0.000000,0.000000,0.789633,0.789633,362,0.789633,Yersinia pestis PY-08,Yersinia,Yersinia,,G_pre1_TARGET_ENGINEERING_COMPOSITE_GENERATED,read_only_unmodified,read_only_unmodified,read_only_unmodified,read_only_unmodified,composite_desc;target_context_desc;target_organism_desc;phage_origin_desc;docking_desc;solubility_no_chaperone_desc;E7_score_desc;source_accession_asc
v5.4.8z2,A0ABN4F2B0,A0ABN4F2B0__V52_B0_b58dc4dc5c69f370f891__compound5,V52_B0_b58dc4dc5c69f370f891,ordinary_candidate,not_forced,not_hard_coded,none,no_gold_standard_bonus,not_Q9T0Z9,706,0.368844,0.250000,0.400000,other_or_genus_only_Yersinia,0.100000,other_unknown_non_phage_or_missing_origin,true,0.493188,0.463433,0.772388,0.000000,0.000000,0.800390,0.800390,236,0.800390,Yersinia rohdei,Yersinia,Yersinia,,G_pre1_TARGET_ENGINEERING_COMPOSITE_GENERATED,read_only_unmodified,read_only_unmodified,read_only_unmodified,read_only_unmodified,composite_desc;target_context_desc;target_organism_desc;phage_origin_desc;docking_desc;solubility_no_chaperone_desc;E7_score_desc;source_accession_asc
v5.4.8z2,A0ABN4PY35,A0ABN4PY35__V52_B0_a0eb9094d566d37d5e72__compound5,V52_B0_a0eb9094d566d37d5e72,ordinary_candidate,not_forced,not_hard_coded,none,no_gold_standard_bonus,not_Q9T0Z9,707,0.368625,0.250000,0.400000,other_or_genus_only_Yersinia,0.100000,other_unknown_non_phage_or_missing_origin,true,0.444626,0.514789,0.857982,0.000000,0.000000,0.784830,0.784830,425,0.784830,Yersinia entomophaga,Yersinia,Yersinia,,G_pre1_TARGET_ENGINEERING_COMPOSITE_GENERATED,read_only_unmodified,read_only_unmodified,read_only_unmodified,read_only_unmodified,composite_desc;target_context_desc;target_organism_desc;phage_origin_desc;docking_desc;solubility_no_chaperone_desc;E7_score_desc;source_accession_asc
v5.4.8z2,A0A380PRL5,A0A380PRL5__V52_B0_a5724c4fceded65aaea2__compound5,V52_B0_a5724c4fceded65aaea2,ordinary_candidate,not_forced,not_hard_coded,none,no_gold_standard_bonus,not_Q9T0Z9,708,0.368191,0.250000,0.400000,other_or_genus_only_Yersinia,0.100000,other_unknown_non_phage_or_missing_origin,true,0.433821,0.538889,0.898149,0.000000,0.000000,0.722975,0.722975,780,0.722975,Yersinia frederiksenii,Yersinia,Yersinia,,G_pre1_TARGET_ENGINEERING_COMPOSITE_GENERATED,read_only_unmodified,read_only_unmodified,read_only_unmodified,read_only_unmodified,composite_desc;target_context_desc;target_organism_desc;phage_origin_desc;docking_desc;solubility_no_chaperone_desc;E7_score_desc;source_accession_asc
v5.4.8z2,A0ABM6UNY7,A0ABM6UNY7__V52_B0_4f80fc45999f94672f51__compound5,V52_B0_4f80fc45999f94672f51,ordinary_candidate,not_forced,not_hard_coded,none,no_gold_standard_bonus,not_Q9T0Z9,709,0.368103,0.250000,0.400000,other_or_genus_only_Yersinia,0.100000,other_unknown_non_phage_or_missing_origin,true,0.472003,0.485265,0.808775,0.000000,0.000000,0.782989,0.782989,450,0.782989,Yersinia massiliensis,Yersinia,Yersinia,,G_pre1_TARGET_ENGINEERING_COMPOSITE_GENERATED,read_only_unmodified,read_only_unmodified,read_only_unmodified,read_only_unmodified,composite_desc;target_context_desc;target_organism_desc;phage_origin_desc;docking_desc;solubility_no_chaperone_desc;E7_score_desc;source_accession_asc
v5.4.8z2,A0A380PNL7,A0A380PNL7__V52_B0_8ba8c93e1109174fbf8f__compound5,V52_B0_8ba8c93e1109174fbf8f,ordinary_candidate,not_forced,not_hard_coded,none,no_gold_standard_bonus,not_Q9T0Z9,710,0.368041,0.250000,0.400000,other_or_genus_only_Yersinia,0.100000,other_unknown_non_phage_or_missing_origin,true,0.383231,0.569491,0.949152,0.000000,0.000000,0.799923,0.799923,238,0.799923,Yersinia frederiksenii,Yersinia,Yersinia,,G_pre1_TARGET_ENGINEERING_COMPOSITE_GENERATED,read_only_unmodified,read_only_unmodified,read_only_unmodified,read_only_unmodified,composite_desc;target_context_desc;target_organism_desc;phage_origin_desc;docking_desc;solubility_no_chaperone_desc;E7_score_desc;source_accession_asc
v5.4.8z2,A0A0T9UVN8,A0A0T9UVN8__V52_B0_2b062c8a07b60f9c5894__compound5,V52_B0_2b062c8a07b60f9c5894,ordinary_candidate,not_forced,not_hard_coded,none,no_gold_standard_bonus,not_Q9T0Z9,711,0.367901,0.250000,0.400000,other_or_genus_only_Yersinia,0.100000,other_unknown_non_phage_or_missing_origin,true,0.512366,0.442638,0.737730,0.000000,0.000000,0.788006,0.788006,379,0.788006,Yersinia aleksiciae,Yersinia,Yersinia,,G_pre1_TARGET_ENGINEERING_COMPOSITE_GENERATED,read_only_unmodified,read_only_unmodified,read_only_unmodified,read_only_unmodified,composite_desc;target_context_desc;target_organism_desc;phage_origin_desc;docking_desc;solubility_no_chaperone_desc;E7_score_desc;source_accession_asc
v5.4.8z2,A0A0T9QEH2,A0A0T9QEH2__V52_B0_bdd45e3c48c5a63fef47__compound5,V52_B0_bdd45e3c48c5a63fef47,ordinary_candidate,not_forced,not_hard_coded,none,no_gold_standard_bonus,not_Q9T0Z9,712,0.367885,0.250000,0.400000,other_or_genus_only_Yersinia,0.100000,other_unknown_non_phage_or_missing_origin,true,0.386332,0.563794,0.939656,0.000000,0.000000,0.807191,0.807191,167,0.807191,Yersinia thracica,Yersinia,Yersinia,,G_pre1_TARGET_ENGINEERING_COMPOSITE_GENERATED,read_only_unmodified,read_only_unmodified,read_only_unmodified,read_only_unmodified,composite_desc;target_context_desc;target_organism_desc;phage_origin_desc;docking_desc;solubility_no_chaperone_desc;E7_score_desc;source_accession_asc
v5.4.8z2,A0A2R4NRD1,A0A2R4NRD1__V52_B0_e54701b03dc922f9f52d__compound5,V52_B0_e54701b03dc922f9f52d,ordinary_candidate,not_forced,not_hard_coded,none,no_gold_standard_bonus,not_Q9T0Z9,713,0.367745,0.250000,0.400000,other_or_genus_only_Yersinia,0.100000,other_unknown_non_phage_or_missing_origin,true,0.465332,0.486956,0.811594,0.000000,0.000000,0.795746,0.795746,291,0.795746,Yersinia massiliensis,Yersinia,Yersinia,,G_pre1_TARGET_ENGINEERING_COMPOSITE_GENERATED,read_only_unmodified,read_only_unmodified,read_only_unmodified,read_only_unmodified,composite_desc;target_context_desc;target_organism_desc;phage_origin_desc;docking_desc;solubility_no_chaperone_desc;E7_score_desc;source_accession_asc
v5.4.8z2,A0AA36LLP1,A0AA36LLP1__V52_B0_4274dd9c74c473ba3b36__compound5,V52_B0_4274dd9c74c473ba3b36,ordinary_candidate,not_forced,not_hard_coded,none,no_gold_standard_bonus,not_Q9T0Z9,714,0.367502,0.250000,0.400000,other_or_genus_only_Yersinia,0.100000,other_unknown_non_phage_or_missing_origin,true,0.433782,0.519340,0.865567,0.000000,0.000000,0.787555,0.787555,388,0.787555,Yersinia mollaretii,Yersinia,Yersinia,,G_pre1_TARGET_ENGINEERING_COMPOSITE_GENERATED,read_only_unmodified,read_only_unmodified,read_only_unmodified,read_only_unmodified,composite_desc;target_context_desc;target_organism_desc;phage_origin_desc;docking_desc;solubility_no_chaperone_desc;E7_score_desc;source_accession_asc
v5.4.8z2,A0AB73Q6N8,A0AB73Q6N8__V52_B0_de3b841a116986773ac9__compound5,V52_B0_de3b841a116986773ac9,ordinary_candidate,not_forced,not_hard_coded,none,no_gold_standard_bonus,not_Q9T0Z9,715,0.367471,0.250000,0.400000,other_or_genus_only_Yersinia,0.100000,other_unknown_non_phage_or_missing_origin,true,0.450422,0.500962,0.834936,0.000000,0.000000,0.793883,0.793883,308,0.793883,Yersinia kristensenii,Yersinia,Yersinia,Tail fiber assembly protein,G_pre1_TARGET_ENGINEERING_COMPOSITE_GENERATED,read_only_unmodified,read_only_unmodified,read_only_unmodified,read_only_unmodified,composite_desc;target_context_desc;target_organism_desc;phage_origin_desc;docking_desc;solubility_no_chaperone_desc;E7_score_desc;source_accession_asc
v5.4.8z2,A0ABW9EZD5,A0ABW9EZD5__V52_B0_11e1c98a0d9ef8a73cb0__compound5,V52_B0_11e1c98a0d9ef8a73cb0,ordinary_candidate,not_forced,not_hard_coded,none,no_gold_standard_bonus,not_Q9T0Z9,716,0.367462,0.250000,0.400000,other_or_genus_only_Yersinia,0.100000,other_unknown_non_phage_or_missing_origin,true,0.499523,0.455464,0.759107,0.000000,0.000000,0.779298,0.779298,475,0.779298,Yersinia proxima,Yersinia,Yersinia,,G_pre1_TARGET_ENGINEERING_COMPOSITE_GENERATED,read_only_unmodified,read_only_unmodified,read_only_unmodified,read_only_unmodified,composite_desc;target_context_desc;target_organism_desc;phage_origin_desc;docking_desc;solubility_no_chaperone_desc;E7_score_desc;source_accession_asc
v5.4.8z2,A0ABM9TKC9,A0ABM9TKC9__V52_B0_c542699e00676c9ce3b7__compound5,V52_B0_c542699e00676c9ce3b7,ordinary_candidate,not_forced,not_hard_coded,none,no_gold_standard_bonus,not_Q9T0Z9,717,0.367443,0.250000,0.400000,other_or_genus_only_Yersinia,0.100000,other_unknown_non_phage_or_missing_origin,true,0.407586,0.541026,0.901710,0.000000,0.000000,0.804409,0.804409,199,0.804409,Yersinia wautersii,Yersinia,Yersinia,,G_pre1_TARGET_ENGINEERING_COMPOSITE_GENERATED,read_only_unmodified,read_only_unmodified,read_only_unmodified,read_only_unmodified,composite_desc;target_context_desc;target_organism_desc;phage_origin_desc;docking_desc;solubility_no_chaperone_desc;E7_score_desc;source_accession_asc
v5.4.8z2,A0ABX5QX18,A0ABX5QX18__V52_B0_e1de309d059f1cdc8f23__compound5,V52_B0_e1de309d059f1cdc8f23,ordinary_candidate,not_forced,not_hard_coded,none,no_gold_standard_bonus,not_Q9T0Z9,718,0.367377,0.250000,0.400000,other_or_genus_only_Yersinia,0.100000,other_unknown_non_phage_or_missing_origin,true,0.409186,0.543055,0.905092,0.000000,0.000000,0.788572,0.788572,374,0.788572,Yersinia hibernica,Yersinia,Yersinia,,G_pre1_TARGET_ENGINEERING_COMPOSITE_GENERATED,read_only_unmodified,read_only_unmodified,read_only_unmodified,read_only_unmodified,composite_desc;target_context_desc;target_organism_desc;phage_origin_desc;docking_desc;solubility_no_chaperone_desc;E7_score_desc;source_accession_asc
v5.4.8z2,A0AAV3BF90,A0AAV3BF90__V52_B0_db48215f1960ea008e3f__compound5,V52_B0_db48215f1960ea008e3f,ordinary_candidate,not_forced,not_hard_coded,none,no_gold_standard_bonus,not_Q9T0Z9,719,0.367326,0.250000,0.400000,other_or_genus_only_Yersinia,0.100000,other_unknown_non_phage_or_missing_origin,true,0.450761,0.500719,0.834532,0.000000,0.000000,0.790604,0.790604,355,0.790604,Yersinia pestis biovar Orientalis str. IP275,Yersinia,Yersinia,,G_pre1_TARGET_ENGINEERING_COMPOSITE_GENERATED,read_only_unmodified,read_only_unmodified,read_only_unmodified,read_only_unmodified,composite_desc;target_context_desc;target_organism_desc;phage_origin_desc;docking_desc;solubility_no_chaperone_desc;E7_score_desc;source_accession_asc
v5.4.8z2,A0A0T9QWS2,A0A0T9QWS2__V52_B0_fbad02325e2ee9fad5b7__compound5,V52_B0_fbad02325e2ee9fad5b7,ordinary_candidate,not_forced,not_hard_coded,none,no_gold_standard_bonus,not_Q9T0Z9,720,0.367069,0.250000,0.400000,other_or_genus_only_Yersinia,0.100000,other_unknown_non_phage_or_missing_origin,true,0.386861,0.559883,0.933139,0.000000,0.000000,0.804395,0.804395,200,0.804395,Yersinia pekkanenii,Yersinia,Yersinia,,G_pre1_TARGET_ENGINEERING_COMPOSITE_GENERATED,read_only_unmodified,read_only_unmodified,read_only_unmodified,read_only_unmodified,composite_desc;target_context_desc;target_organism_desc;phage_origin_desc;docking_desc;solubility_no_chaperone_desc;E7_score_desc;source_accession_asc
v5.4.8z2,A0ABP1YDG7,A0ABP1YDG7__V52_B0_d4e9fa13e57b18908621__compound5,V52_B0_d4e9fa13e57b18908621,ordinary_candidate,not_forced,not_hard_coded,none,no_gold_standard_bonus,not_Q9T0Z9,721,0.367039,0.250000,0.400000,other_or_genus_only_Yersinia,0.100000,other_unknown_non_phage_or_missing_origin,true,0.383272,0.567135,0.945225,0.000000,0.000000,0.789145,0.789145,370,0.789145,Yersinia nurmii,Yersinia,Yersinia,,G_pre1_TARGET_ENGINEERING_COMPOSITE_GENERATED,read_only_unmodified,read_only_unmodified,read_only_unmodified,read_only_unmodified,composite_desc;target_context_desc;target_organism_desc;phage_origin_desc;docking_desc;solubility_no_chaperone_desc;E7_score_desc;source_accession_asc
v5.4.8z2,A0ABR4W6J9,A0ABR4W6J9__V52_B0_63537569a134e1f0b6d2__compound5,V52_B0_63537569a134e1f0b6d2,ordinary_candidate,not_forced,not_hard_coded,none,no_gold_standard_bonus,not_Q9T0Z9,722,0.367023,0.250000,0.400000,other_or_genus_only_Yersinia,0.100000,other_unknown_non_phage_or_missing_origin,true,0.436806,0.514844,0.858073,0.000000,0.000000,0.783869,0.783869,438,0.783869,Yersinia frederiksenii ATCC 33641,Yersinia,Yersinia,,G_pre1_TARGET_ENGINEERING_COMPOSITE_GENERATED,read_only_unmodified,read_only_unmodified,read_only_unmodified,read_only_unmodified,composite_desc;target_context_desc;target_organism_desc;phage_origin_desc;docking_desc;solubility_no_chaperone_desc;E7_score_desc;source_accession_asc
v5.4.8z2,A0A0T9UVJ2,A0A0T9UVJ2__V52_B0_61c5051e7ceb52168366__compound5,V52_B0_61c5051e7ceb52168366,ordinary_candidate,not_forced,not_hard_coded,none,no_gold_standard_bonus,not_Q9T0Z9,723,0.366831,0.250000,0.400000,other_or_genus_only_Yersinia,0.100000,other_unknown_non_phage_or_missing_origin,true,0.401903,0.550307,0.917178,0.000000,0.000000,0.777772,0.777772,489,0.777772,Yersinia aldovae,Yersinia,Yersinia,,G_pre1_TARGET_ENGINEERING_COMPOSITE_GENERATED,read_only_unmodified,read_only_unmodified,read_only_unmodified,read_only_unmodified,composite_desc;target_context_desc;target_organism_desc;phage_origin_desc;docking_desc;solubility_no_chaperone_desc;E7_score_desc;source_accession_asc
v5.4.8z2,A0A0T9RMJ4,A0A0T9RMJ4__V52_B0_3efd0d4ba29ce02e7771__compound5,V52_B0_3efd0d4ba29ce02e7771,ordinary_candidate,not_forced,not_hard_coded,none,no_gold_standard_bonus,not_Q9T0Z9,724,0.366828,0.250000,0.400000,other_or_genus_only_Yersinia,0.100000,other_unknown_non_phage_or_missing_origin,true,0.408480,0.540757,0.901261,0.000000,0.000000,0.789614,0.789614,364,0.789614,Yersinia pekkanenii,Yersinia,Yersinia,,G_pre1_TARGET_ENGINEERING_COMPOSITE_GENERATED,read_only_unmodified,read_only_unmodified,read_only_unmodified,read_only_unmodified,composite_desc;target_context_desc;target_organism_desc;phage_origin_desc;docking_desc;solubility_no_chaperone_desc;E7_score_desc;source_accession_asc
v5.4.8z2,A0A0T9RLS7,A0A0T9RLS7__V52_B0_76d5e90278944868acb5__compound5,V52_B0_76d5e90278944868acb5,ordinary_candidate,not_forced,not_hard_coded,none,no_gold_standard_bonus,not_Q9T0Z9,725,0.366573,0.250000,0.400000,other_or_genus_only_Yersinia,0.100000,other_unknown_non_phage_or_missing_origin,true,0.400287,0.544067,0.906779,0.000000,0.000000,0.804037,0.804037,202,0.804037,Yersinia similis,Yersinia,Yersinia,,G_pre1_TARGET_ENGINEERING_COMPOSITE_GENERATED,read_only_unmodified,read_only_unmodified,read_only_unmodified,read_only_unmodified,composite_desc;target_context_desc;target_organism_desc;phage_origin_desc;docking_desc;solubility_no_chaperone_desc;E7_score_desc;source_accession_asc
v5.4.8z2,A0ABP1YU38,A0ABP1YU38__V52_B0_8fe11dd5eafc4ad12a79__compound5,V52_B0_8fe11dd5eafc4ad12a79,ordinary_candidate,not_forced,not_hard_coded,none,no_gold_standard_bonus,not_Q9T0Z9,726,0.366360,0.250000,0.400000,other_or_genus_only_Yersinia,0.100000,other_unknown_non_phage_or_missing_origin,true,0.394423,0.553521,0.922535,0.000000,0.000000,0.785424,0.785424,416,0.785424,Yersinia aldovae,Yersinia,Yersinia,,G_pre1_TARGET_ENGINEERING_COMPOSITE_GENERATED,read_only_unmodified,read_only_unmodified,read_only_unmodified,read_only_unmodified,composite_desc;target_context_desc;target_organism_desc;phage_origin_desc;docking_desc;solubility_no_chaperone_desc;E7_score_desc;source_accession_asc
v5.4.8z2,A0A0T9UMT9,A0A0T9UMT9__V52_B0_996b4eb284cf11a8802d__compound5,V52_B0_996b4eb284cf11a8802d,ordinary_candidate,not_forced,not_hard_coded,none,no_gold_standard_bonus,not_Q9T0Z9,727,0.365699,0.250000,0.400000,other_or_genus_only_Yersinia,0.100000,other_unknown_non_phage_or_missing_origin,true,0.401357,0.539706,0.899510,0.000000,0.000000,0.799736,0.799736,242,0.799736,Yersinia aldovae,Yersinia,Yersinia,,G_pre1_TARGET_ENGINEERING_COMPOSITE_GENERATED,read_only_unmodified,read_only_unmodified,read_only_unmodified,read_only_unmodified,composite_desc;target_context_desc;target_organism_desc;phage_origin_desc;docking_desc;solubility_no_chaperone_desc;E7_score_desc;source_accession_asc
v5.4.8z2,A0ABN4PP01,A0ABN4PP01__V52_B0_a5668c143bb2e5e284d3__compound5,V52_B0_a5668c143bb2e5e284d3,ordinary_candidate,not_forced,not_hard_coded,none,no_gold_standard_bonus,not_Q9T0Z9,728,0.365686,0.250000,0.400000,other_or_genus_only_Yersinia,0.100000,other_unknown_non_phage_or_missing_origin,true,0.417176,0.525000,0.875000,0.000000,0.000000,0.795019,0.795019,300,0.795019,Yersinia entomophaga,Yersinia,Yersinia,Tail fiber assembly protein,G_pre1_TARGET_ENGINEERING_COMPOSITE_GENERATED,read_only_unmodified,read_only_unmodified,read_only_unmodified,read_only_unmodified,composite_desc;target_context_desc;target_organism_desc;phage_origin_desc;docking_desc;solubility_no_chaperone_desc;E7_score_desc;source_accession_asc
v5.4.8z2,A0A0T9QQ84,A0A0T9QQ84__V52_B0_7299560387c0bc0ed41d__compound5,V52_B0_7299560387c0bc0ed41d,ordinary_candidate,not_forced,not_hard_coded,none,no_gold_standard_bonus,not_Q9T0Z9,729,0.365591,0.250000,0.400000,other_or_genus_only_Yersinia,0.100000,other_unknown_non_phage_or_missing_origin,true,0.504416,0.443479,0.739131,0.000000,0.000000,0.770248,0.770248,550,0.770248,Yersinia thracica,Yersinia,Yersinia,,G_pre1_TARGET_ENGINEERING_COMPOSITE_GENERATED,read_only_unmodified,read_only_unmodified,read_only_unmodified,read_only_unmodified,composite_desc;target_context_desc;target_organism_desc;phage_origin_desc;docking_desc;solubility_no_chaperone_desc;E7_score_desc;source_accession_asc
v5.4.8z2,A0A0H5LRG1,A0A0H5LRG1__V52_B0_9da1755461ffb7731181__compound5,V52_B0_9da1755461ffb7731181,ordinary_candidate,not_forced,not_hard_coded,none,no_gold_standard_bonus,not_Q9T0Z9,730,0.365541,0.250000,0.400000,other_or_genus_only_Yersinia,0.100000,other_unknown_non_phage_or_missing_origin,true,0.490302,0.455464,0.759107,0.000000,0.000000,0.777761,0.777761,490,0.777761,Yersinia intermedia,Yersinia,Yersinia,,G_pre1_TARGET_ENGINEERING_COMPOSITE_GENERATED,read_only_unmodified,read_only_unmodified,read_only_unmodified,read_only_unmodified,composite_desc;target_context_desc;target_organism_desc;phage_origin_desc;docking_desc;solubility_no_chaperone_desc;E7_score_desc;source_accession_asc
v5.4.8z2,A0A0H5LRI4,A0A0H5LRI4__V52_B0_6d81fd1cbda1ced646c5__compound5,V52_B0_6d81fd1cbda1ced646c5,ordinary_candidate,not_forced,not_hard_coded,none,no_gold_standard_bonus,not_Q9T0Z9,731,0.365157,0.250000,0.400000,other_or_genus_only_Yersinia,0.100000,other_unknown_non_phage_or_missing_origin,true,0.384635,0.554717,0.924528,0.000000,0.000000,0.795727,0.795727,293,0.795727,Yersinia intermedia,Yersinia,Yersinia,,G_pre1_TARGET_ENGINEERING_COMPOSITE_GENERATED,read_only_unmodified,read_only_unmodified,read_only_unmodified,read_only_unmodified,composite_desc;target_context_desc;target_organism_desc;phage_origin_desc;docking_desc;solubility_no_chaperone_desc;E7_score_desc;source_accession_asc
v5.4.8z2,A0A0T9QYU5,A0A0T9QYU5__V52_B0_bacb3176c395a3a973b2__compound5,V52_B0_bacb3176c395a3a973b2,ordinary_candidate,not_forced,not_hard_coded,none,no_gold_standard_bonus,not_Q9T0Z9,732,0.364692,0.250000,0.400000,other_or_genus_only_Yersinia,0.100000,other_unknown_non_phage_or_missing_origin,true,0.401860,0.536111,0.893518,0.000000,0.000000,0.791958,0.791958,338,0.791958,Yersinia pekkanenii,Yersinia,Yersinia,,G_pre1_TARGET_ENGINEERING_COMPOSITE_GENERATED,read_only_unmodified,read_only_unmodified,read_only_unmodified,read_only_unmodified,composite_desc;target_context_desc;target_organism_desc;phage_origin_desc;docking_desc;solubility_no_chaperone_desc;E7_score_desc;source_accession_asc
v5.4.8z2,A0A0T9KZ32,A0A0T9KZ32__V52_B0_12b9f7d727991c86bc0b__compound5,V52_B0_12b9f7d727991c86bc0b,ordinary_candidate,not_forced,not_hard_coded,none,no_gold_standard_bonus,not_Q9T0Z9,733,0.364503,0.250000,0.400000,other_or_genus_only_Yersinia,0.100000,other_unknown_non_phage_or_missing_origin,true,0.395475,0.557051,0.928419,0.000000,0.000000,0.729963,0.729963,767,0.729963,Yersinia kristensenii,Yersinia,Yersinia,,G_pre1_TARGET_ENGINEERING_COMPOSITE_GENERATED,read_only_unmodified,read_only_unmodified,read_only_unmodified,read_only_unmodified,composite_desc;target_context_desc;target_organism_desc;phage_origin_desc;docking_desc;solubility_no_chaperone_desc;E7_score_desc;source_accession_asc
v5.4.8z2,A0A2G4U3T2,A0A2G4U3T2__V52_B0_e7048fc16375919bdb64__compound5,V52_B0_e7048fc16375919bdb64,ordinary_candidate,not_forced,not_hard_coded,none,no_gold_standard_bonus,not_Q9T0Z9,734,0.364285,0.250000,0.400000,other_or_genus_only_Yersinia,0.100000,other_unknown_non_phage_or_missing_origin,true,0.404088,0.530435,0.884058,0.000000,0.000000,0.797616,0.797616,268,0.797616,Yersinia bercovieri,Yersinia,Yersinia,,G_pre1_TARGET_ENGINEERING_COMPOSITE_GENERATED,read_only_unmodified,read_only_unmodified,read_only_unmodified,read_only_unmodified,composite_desc;target_context_desc;target_organism_desc;phage_origin_desc;docking_desc;solubility_no_chaperone_desc;E7_score_desc;source_accession_asc
v5.4.8z2,A0A0U1HXL6,A0A0U1HXL6__V52_B0_fb1f55bc968f9f30d070__compound5,V52_B0_fb1f55bc968f9f30d070,ordinary_candidate,not_forced,not_hard_coded,none,no_gold_standard_bonus,not_Q9T0Z9,735,0.364106,0.250000,0.400000,other_or_genus_only_Yersinia,0.100000,other_unknown_non_phage_or_missing_origin,true,0.380287,0.552778,0.921297,0.000000,0.000000,0.799855,0.799855,240,0.799855,Yersinia rohdei,Yersinia,Yersinia,,G_pre1_TARGET_ENGINEERING_COMPOSITE_GENERATED,read_only_unmodified,read_only_unmodified,read_only_unmodified,read_only_unmodified,composite_desc;target_context_desc;target_organism_desc;phage_origin_desc;docking_desc;solubility_no_chaperone_desc;E7_score_desc;source_accession_asc
v5.4.8z2,A0ABN4PNK0,A0ABN4PNK0__V52_B0_03224e8f7d3f57fea43f__compound5,V52_B0_03224e8f7d3f57fea43f,ordinary_candidate,not_forced,not_hard_coded,none,no_gold_standard_bonus,not_Q9T0Z9,736,0.363894,0.250000,0.400000,other_or_genus_only_Yersinia,0.100000,other_unknown_non_phage_or_missing_origin,true,0.435473,0.541200,0.902000,0.000000,0.000000,0.621197,0.621197,827,0.621197,Yersinia entomophaga,Yersinia,Yersinia,,G_pre1_TARGET_ENGINEERING_COMPOSITE_GENERATED,read_only_unmodified,read_only_unmodified,read_only_unmodified,read_only_unmodified,composite_desc;target_context_desc;target_organism_desc;phage_origin_desc;docking_desc;solubility_no_chaperone_desc;E7_score_desc;source_accession_asc
v5.4.8z2,A0AA44CMJ2,A0AA44CMJ2__V52_B0_0710c4b0c1a460ec85a1__compound5,V52_B0_0710c4b0c1a460ec85a1,ordinary_candidate,not_forced,not_hard_coded,none,no_gold_standard_bonus,not_Q9T0Z9,737,0.363851,0.250000,0.400000,other_or_genus_only_Yersinia,0.100000,other_unknown_non_phage_or_missing_origin,true,0.401804,0.532576,0.887626,0.000000,0.000000,0.789496,0.789496,367,0.789496,Yersinia mollaretii,Yersinia,Yersinia,,G_pre1_TARGET_ENGINEERING_COMPOSITE_GENERATED,read_only_unmodified,read_only_unmodified,read_only_unmodified,read_only_unmodified,composite_desc;target_context_desc;target_organism_desc;phage_origin_desc;docking_desc;solubility_no_chaperone_desc;E7_score_desc;source_accession_asc
v5.4.8z2,A0A0T9RLV1,A0A0T9RLV1__V52_B0_b3c8798d7754b034032a__compound5,V52_B0_b3c8798d7754b034032a,ordinary_candidate,not_forced,not_hard_coded,none,no_gold_standard_bonus,not_Q9T0Z9,738,0.363789,0.250000,0.400000,other_or_genus_only_Yersinia,0.100000,other_unknown_non_phage_or_missing_origin,true,0.423097,0.510784,0.851307,0.000000,0.000000,0.790260,0.790260,357,0.790260,Yersinia similis,Yersinia,Yersinia,,G_pre1_TARGET_ENGINEERING_COMPOSITE_GENERATED,read_only_unmodified,read_only_unmodified,read_only_unmodified,read_only_unmodified,composite_desc;target_context_desc;target_organism_desc;phage_origin_desc;docking_desc;solubility_no_chaperone_desc;E7_score_desc;source_accession_asc
v5.4.8z2,A0AA36LNC2,A0AA36LNC2__V52_B0_9241a6b3fa9e549a0f9a__compound5,V52_B0_9241a6b3fa9e549a0f9a,ordinary_candidate,not_forced,not_hard_coded,none,no_gold_standard_bonus,not_Q9T0Z9,739,0.363712,0.250000,0.400000,other_or_genus_only_Yersinia,0.100000,other_unknown_non_phage_or_missing_origin,true,0.470201,0.463356,0.772260,0.000000,0.000000,0.790002,0.790002,358,0.790002,Yersinia mollaretii,Yersinia,Yersinia,,G_pre1_TARGET_ENGINEERING_COMPOSITE_GENERATED,read_only_unmodified,read_only_unmodified,read_only_unmodified,read_only_unmodified,composite_desc;target_context_desc;target_organism_desc;phage_origin_desc;docking_desc;solubility_no_chaperone_desc;E7_score_desc;source_accession_asc
v5.4.8z2,A0A0T9RPC1,A0A0T9RPC1__V52_B0_ea8621adfd81603d0f2b__compound5,V52_B0_ea8621adfd81603d0f2b,ordinary_candidate,not_forced,not_hard_coded,none,no_gold_standard_bonus,not_Q9T0Z9,740,0.363481,0.250000,0.400000,other_or_genus_only_Yersinia,0.100000,other_unknown_non_phage_or_missing_origin,true,0.457217,0.480769,0.801282,0.000000,0.000000,0.767675,0.767675,571,0.767675,Yersinia pekkanenii,Yersinia,Yersinia,,G_pre1_TARGET_ENGINEERING_COMPOSITE_GENERATED,read_only_unmodified,read_only_unmodified,read_only_unmodified,read_only_unmodified,composite_desc;target_context_desc;target_organism_desc;phage_origin_desc;docking_desc;solubility_no_chaperone_desc;E7_score_desc;source_accession_asc
v5.4.8z2,A0AA36LUV4,A0AA36LUV4__V52_B0_152d4563767f09843f36__compound5,V52_B0_152d4563767f09843f36,ordinary_candidate,not_forced,not_hard_coded,none,no_gold_standard_bonus,not_Q9T0Z9,741,0.363229,0.250000,0.400000,other_or_genus_only_Yersinia,0.100000,other_unknown_non_phage_or_missing_origin,true,0.406314,0.525352,0.875587,0.000000,0.000000,0.787915,0.787915,381,0.787915,Yersinia mollaretii,Yersinia,Yersinia,,G_pre1_TARGET_ENGINEERING_COMPOSITE_GENERATED,read_only_unmodified,read_only_unmodified,read_only_unmodified,read_only_unmodified,composite_desc;target_context_desc;target_organism_desc;phage_origin_desc;docking_desc;solubility_no_chaperone_desc;E7_score_desc;source_accession_asc
v5.4.8z2,A0A0H3B0N5,A0A0H3B0N5__V52_B0_a6993689f03054b6d911__compound5,V52_B0_a6993689f03054b6d911,ordinary_candidate,not_forced,not_hard_coded,none,no_gold_standard_bonus,not_Q9T0Z9,742,0.362505,0.250000,0.400000,other_or_genus_only_Yersinia,0.100000,other_unknown_non_phage_or_missing_origin,true,0.442196,0.500254,0.833756,0.000000,0.000000,0.730306,0.730306,765,0.730306,Yersinia pseudotuberculosis serotype O:3 (strain YPIII),Yersinia,Yersinia,,G_pre1_TARGET_ENGINEERING_COMPOSITE_GENERATED,read_only_unmodified,read_only_unmodified,read_only_unmodified,read_only_unmodified,composite_desc;target_context_desc;target_organism_desc;phage_origin_desc;docking_desc;solubility_no_chaperone_desc;E7_score_desc;source_accession_asc
v5.4.8z2,A0ABP1YU19,A0ABP1YU19__V52_B0_b87999f6e11a930b78a2__compound5,V52_B0_b87999f6e11a930b78a2,ordinary_candidate,not_forced,not_hard_coded,none,no_gold_standard_bonus,not_Q9T0Z9,743,0.362441,0.250000,0.400000,other_or_genus_only_Yersinia,0.100000,other_unknown_non_phage_or_missing_origin,true,0.381368,0.543940,0.906566,0.000000,0.000000,0.797581,0.797581,270,0.797581,Yersinia aldovae,Yersinia,Yersinia,,G_pre1_TARGET_ENGINEERING_COMPOSITE_GENERATED,read_only_unmodified,read_only_unmodified,read_only_unmodified,read_only_unmodified,composite_desc;target_context_desc;target_organism_desc;phage_origin_desc;docking_desc;solubility_no_chaperone_desc;E7_score_desc;source_accession_asc
v5.4.8z2,A0A0T9KKL7,A0A0T9KKL7__V52_B0_a142f39a5fdf4e97a8cd__compound5,V52_B0_a142f39a5fdf4e97a8cd,ordinary_candidate,not_forced,not_hard_coded,none,no_gold_standard_bonus,not_Q9T0Z9,744,0.362411,0.250000,0.400000,other_or_genus_only_Yersinia,0.100000,other_unknown_non_phage_or_missing_origin,true,0.457213,0.470690,0.784483,0.000000,0.000000,0.786606,0.786606,403,0.786606,Yersinia kristensenii,Yersinia,Yersinia,,G_pre1_TARGET_ENGINEERING_COMPOSITE_GENERATED,read_only_unmodified,read_only_unmodified,read_only_unmodified,read_only_unmodified,composite_desc;target_context_desc;target_organism_desc;phage_origin_desc;docking_desc;solubility_no_chaperone_desc;E7_score_desc;source_accession_asc
v5.4.8z2,A0ABP2E0A1,A0ABP2E0A1__V52_B0_966f899545bb9a1e8271__compound5,V52_B0_966f899545bb9a1e8271,ordinary_candidate,not_forced,not_hard_coded,none,no_gold_standard_bonus,not_Q9T0Z9,745,0.362396,0.250000,0.400000,other_or_genus_only_Yersinia,0.100000,other_unknown_non_phage_or_missing_origin,true,0.447364,0.481396,0.802326,0.000000,0.000000,0.782873,0.782873,452,0.782873,Yersinia bercovieri ATCC 43970,Yersinia,Yersinia,,G_pre1_TARGET_ENGINEERING_COMPOSITE_GENERATED,read_only_unmodified,read_only_unmodified,read_only_unmodified,read_only_unmodified,composite_desc;target_context_desc;target_organism_desc;phage_origin_desc;docking_desc;solubility_no_chaperone_desc;E7_score_desc;source_accession_asc
v5.4.8z2,A0ABW9EZ05,A0ABW9EZ05__V52_B0_a5a26cfd774e1c85cdbd__compound5,V52_B0_a5a26cfd774e1c85cdbd,ordinary_candidate,not_forced,not_hard_coded,none,no_gold_standard_bonus,not_Q9T0Z9,746,0.362382,0.250000,0.400000,other_or_genus_only_Yersinia,0.100000,other_unknown_non_phage_or_missing_origin,true,0.367685,0.558254,0.930424,0.000000,0.000000,0.793884,0.793884,307,0.793884,Yersinia proxima,Yersinia,Yersinia,,G_pre1_TARGET_ENGINEERING_COMPOSITE_GENERATED,read_only_unmodified,read_only_unmodified,read_only_unmodified,read_only_unmodified,composite_desc;target_context_desc;target_organism_desc;phage_origin_desc;docking_desc;solubility_no_chaperone_desc;E7_score_desc;source_accession_asc
v5.4.8z2,A0ABM6UY29,A0ABM6UY29__V52_B0_650509ba957121bafa3f__compound5,V52_B0_650509ba957121bafa3f,ordinary_candidate,not_forced,not_hard_coded,none,no_gold_standard_bonus,not_Q9T0Z9,747,0.362361,0.250000,0.400000,other_or_genus_only_Yersinia,0.100000,other_unknown_non_phage_or_missing_origin,true,0.388862,0.538636,0.897727,0.000000,0.000000,0.787226,0.787226,393,0.787226,Yersinia massiliensis,Yersinia,Yersinia,,G_pre1_TARGET_ENGINEERING_COMPOSITE_GENERATED,read_only_unmodified,read_only_unmodified,read_only_unmodified,read_only_unmodified,composite_desc;target_context_desc;target_organism_desc;phage_origin_desc;docking_desc;solubility_no_chaperone_desc;E7_score_desc;source_accession_asc
v5.4.8z2,A0A380PUP1,A0A380PUP1__V52_B0_9c62562e4ef88a4468ce__compound5,V52_B0_9c62562e4ef88a4468ce,ordinary_candidate,not_forced,not_hard_coded,none,no_gold_standard_bonus,not_Q9T0Z9,748,0.362070,0.250000,0.400000,other_or_genus_only_Yersinia,0.100000,other_unknown_non_phage_or_missing_origin,true,0.362243,0.559309,0.932181,0.000000,0.000000,0.805198,0.805198,187,0.805198,Yersinia frederiksenii,Yersinia,Yersinia,,G_pre1_TARGET_ENGINEERING_COMPOSITE_GENERATED,read_only_unmodified,read_only_unmodified,read_only_unmodified,read_only_unmodified,composite_desc;target_context_desc;target_organism_desc;phage_origin_desc;docking_desc;solubility_no_chaperone_desc;E7_score_desc;source_accession_asc
v5.4.8z2,A0A380QEC0,A0A380QEC0__V52_B0_2e47947e8dc0513640aa__compound5,V52_B0_2e47947e8dc0513640aa,ordinary_candidate,not_forced,not_hard_coded,none,no_gold_standard_bonus,not_Q9T0Z9,749,0.361834,0.250000,0.400000,other_or_genus_only_Yersinia,0.100000,other_unknown_non_phage_or_missing_origin,true,0.400687,0.525001,0.875001,0.000000,0.000000,0.783938,0.783938,436,0.783938,Yersinia pseudotuberculosis,Yersinia,Yersinia,,G_pre1_TARGET_ENGINEERING_COMPOSITE_GENERATED,read_only_unmodified,read_only_unmodified,read_only_unmodified,read_only_unmodified,composite_desc;target_context_desc;target_organism_desc;phage_origin_desc;docking_desc;solubility_no_chaperone_desc;E7_score_desc;source_accession_asc
v5.4.8z2,A0A857EZE8,A0A857EZE8__V52_B0_7769de4b9e5166968270__compound5,V52_B0_7769de4b9e5166968270,ordinary_candidate,not_forced,not_hard_coded,none,no_gold_standard_bonus,not_Q9T0Z9,750,0.361737,0.250000,0.400000,other_or_genus_only_Yersinia,0.100000,other_unknown_non_phage_or_missing_origin,true,0.450061,0.473741,0.789569,0.000000,0.000000,0.789530,0.789530,366,0.789530,Yersinia canariae,Yersinia,Yersinia,,G_pre1_TARGET_ENGINEERING_COMPOSITE_GENERATED,read_only_unmodified,read_only_unmodified,read_only_unmodified,read_only_unmodified,composite_desc;target_context_desc;target_organism_desc;phage_origin_desc;docking_desc;solubility_no_chaperone_desc;E7_score_desc;source_accession_asc
v5.4.8z2,A0A3G5LJP4,A0A3G5LJP4__V52_B0_67d0c74646bedcedb1bf__compound5,V52_B0_67d0c74646bedcedb1bf,ordinary_candidate,not_forced,not_hard_coded,none,no_gold_standard_bonus,not_Q9T0Z9,751,0.361602,0.250000,0.400000,other_or_genus_only_Yersinia,0.100000,other_unknown_non_phage_or_missing_origin,true,0.478879,0.448515,0.747525,0.000000,0.000000,0.772456,0.772456,524,0.772456,Yersinia pestis,Yersinia,Yersinia,,G_pre1_TARGET_ENGINEERING_COMPOSITE_GENERATED,read_only_unmodified,read_only_unmodified,read_only_unmodified,read_only_unmodified,composite_desc;target_context_desc;target_organism_desc;phage_origin_desc;docking_desc;solubility_no_chaperone_desc;E7_score_desc;source_accession_asc
v5.4.8z2,A0A085U312,A0A085U312__V52_B0_5936bf8c1a686f88349f__compound5,V52_B0_5936bf8c1a686f88349f,ordinary_candidate,not_forced,not_hard_coded,none,no_gold_standard_bonus,not_Q9T0Z9,752,0.361379,0.250000,0.400000,other_or_genus_only_Yersinia,0.100000,other_unknown_non_phage_or_missing_origin,true,0.417271,0.505189,0.841981,0.000000,0.000000,0.787735,0.787735,386,0.787735,Yersinia ruckeri,Yersinia,Yersinia,Phage tail collar domain-containing protein,G_pre1_TARGET_ENGINEERING_COMPOSITE_GENERATED,read_only_unmodified,read_only_unmodified,read_only_unmodified,read_only_unmodified,composite_desc;target_context_desc;target_organism_desc;phage_origin_desc;docking_desc;solubility_no_chaperone_desc;E7_score_desc;source_accession_asc
v5.4.8z2,A0ABM6BL24,A0ABM6BL24__V52_B0_a527a43428d1e5e2cfcc__compound5,V52_B0_a527a43428d1e5e2cfcc,ordinary_candidate,not_forced,not_hard_coded,none,no_gold_standard_bonus,not_Q9T0Z9,753,0.361240,0.250000,0.400000,other_or_genus_only_Yersinia,0.100000,other_unknown_non_phage_or_missing_origin,true,0.380198,0.540307,0.900511,0.000000,0.000000,0.792781,0.792781,326,0.792781,Yersinia entomophaga,Yersinia,Yersinia,,G_pre1_TARGET_ENGINEERING_COMPOSITE_GENERATED,read_only_unmodified,read_only_unmodified,read_only_unmodified,read_only_unmodified,composite_desc;target_context_desc;target_organism_desc;phage_origin_desc;docking_desc;solubility_no_chaperone_desc;E7_score_desc;source_accession_asc
v5.4.8z2,A0ABM9SU56,A0ABM9SU56__V52_B0_c435d2ac314f9ef4c452__compound5,V52_B0_c435d2ac314f9ef4c452,ordinary_candidate,not_forced,not_hard_coded,none,no_gold_standard_bonus,not_Q9T0Z9,754,0.361113,0.250000,0.400000,other_or_genus_only_Yersinia,0.100000,other_unknown_non_phage_or_missing_origin,true,0.447388,0.474193,0.790322,0.000000,0.000000,0.785942,0.785942,409,0.785942,Yersinia aldovae,Yersinia,Yersinia,,G_pre1_TARGET_ENGINEERING_COMPOSITE_GENERATED,read_only_unmodified,read_only_unmodified,read_only_unmodified,read_only_unmodified,composite_desc;target_context_desc;target_organism_desc;phage_origin_desc;docking_desc;solubility_no_chaperone_desc;E7_score_desc;source_accession_asc
v5.4.8z2,A0ABM5Q170,A0ABM5Q170__V52_B0_1bce776bd111014ee3e0__compound5,V52_B0_1bce776bd111014ee3e0,ordinary_candidate,not_forced,not_hard_coded,none,no_gold_standard_bonus,not_Q9T0Z9,755,0.360258,0.250000,0.400000,other_or_genus_only_Yersinia,0.100000,other_unknown_non_phage_or_missing_origin,true,0.411551,0.505519,0.842532,0.000000,0.000000,0.786873,0.786873,401,0.786873,Yersinia similis,Yersinia,Yersinia,,G_pre1_TARGET_ENGINEERING_COMPOSITE_GENERATED,read_only_unmodified,read_only_unmodified,read_only_unmodified,read_only_unmodified,composite_desc;target_context_desc;target_organism_desc;phage_origin_desc;docking_desc;solubility_no_chaperone_desc;E7_score_desc;source_accession_asc
v5.4.8z2,A0ABM6BR49,A0ABM6BR49__V52_B0_602c22ef448bdab9a666__compound5,V52_B0_602c22ef448bdab9a666,ordinary_candidate,not_forced,not_hard_coded,none,no_gold_standard_bonus,not_Q9T0Z9,756,0.359995,0.250000,0.400000,other_or_genus_only_Yersinia,0.100000,other_unknown_non_phage_or_missing_origin,true,0.361573,0.551786,0.919643,0.000000,0.000000,0.796461,0.796461,284,0.796461,Yersinia entomophaga,Yersinia,Yersinia,Tail fiber assembly protein,G_pre1_TARGET_ENGINEERING_COMPOSITE_GENERATED,read_only_unmodified,read_only_unmodified,read_only_unmodified,read_only_unmodified,composite_desc;target_context_desc;target_organism_desc;phage_origin_desc;docking_desc;solubility_no_chaperone_desc;E7_score_desc;source_accession_asc
v5.4.8z2,A0A0T9QWQ1,A0A0T9QWQ1__V52_B0_dfbda3676bea03b35b7e__compound5,V52_B0_dfbda3676bea03b35b7e,ordinary_candidate,not_forced,not_hard_coded,none,no_gold_standard_bonus,not_Q9T0Z9,757,0.359783,0.250000,0.400000,other_or_genus_only_Yersinia,0.100000,other_unknown_non_phage_or_missing_origin,true,0.432487,0.482908,0.804847,0.000000,0.000000,0.784082,0.784082,431,0.784082,Yersinia pekkanenii,Yersinia,Yersinia,,G_pre1_TARGET_ENGINEERING_COMPOSITE_GENERATED,read_only_unmodified,read_only_unmodified,read_only_unmodified,read_only_unmodified,composite_desc;target_context_desc;target_organism_desc;phage_origin_desc;docking_desc;solubility_no_chaperone_desc;E7_score_desc;source_accession_asc
v5.4.8z2,A0A0H2YGI6,A0A0H2YGI6__V52_B0_a3ed084dc0d6903f92d5__compound5,V52_B0_a3ed084dc0d6903f92d5,ordinary_candidate,not_forced,not_hard_coded,none,no_gold_standard_bonus,not_Q9T0Z9,758,0.358694,0.250000,0.400000,other_or_genus_only_Yersinia,0.100000,other_unknown_non_phage_or_missing_origin,true,0.409325,0.500719,0.834532,0.000000,0.000000,0.783698,0.783698,439,0.783698,Yersinia pestis bv. Antiqua (strain Nepal516),Yersinia,Yersinia,,G_pre1_TARGET_ENGINEERING_COMPOSITE_GENERATED,read_only_unmodified,read_only_unmodified,read_only_unmodified,read_only_unmodified,composite_desc;target_context_desc;target_organism_desc;phage_origin_desc;docking_desc;solubility_no_chaperone_desc;E7_score_desc;source_accession_asc
v5.4.8z2,A0A0H3B4F8,A0A0H3B4F8__V52_B0_b5473f2bb082ffeee2a8__compound5,V52_B0_b5473f2bb082ffeee2a8,ordinary_candidate,not_forced,not_hard_coded,none,no_gold_standard_bonus,not_Q9T0Z9,759,0.358636,0.250000,0.400000,other_or_genus_only_Yersinia,0.100000,other_unknown_non_phage_or_missing_origin,true,0.477588,0.433613,0.722689,0.000000,0.000000,0.777906,0.777906,488,0.777906,Yersinia pseudotuberculosis serotype O:3 (strain YPIII),Yersinia,Yersinia,,G_pre1_TARGET_ENGINEERING_COMPOSITE_GENERATED,read_only_unmodified,read_only_unmodified,read_only_unmodified,read_only_unmodified,composite_desc;target_context_desc;target_organism_desc;phage_origin_desc;docking_desc;solubility_no_chaperone_desc;E7_score_desc;source_accession_asc
v5.4.8z2,A0AB73P3H5,A0AB73P3H5__V52_B0_10beed0d0441dad0afda__compound5,V52_B0_10beed0d0441dad0afda,ordinary_candidate,not_forced,not_hard_coded,none,no_gold_standard_bonus,not_Q9T0Z9,760,0.358510,0.250000,0.400000,other_or_genus_only_Yersinia,0.100000,other_unknown_non_phage_or_missing_origin,true,0.341272,0.565876,0.943127,0.000000,0.000000,0.791599,0.791599,348,0.791599,Yersinia kristensenii,Yersinia,Yersinia,,G_pre1_TARGET_ENGINEERING_COMPOSITE_GENERATED,read_only_unmodified,read_only_unmodified,read_only_unmodified,read_only_unmodified,composite_desc;target_context_desc;target_organism_desc;phage_origin_desc;docking_desc;solubility_no_chaperone_desc;E7_score_desc;source_accession_asc
v5.4.8z2,A0A0T9JTP2,A0A0T9JTP2__V52_B0_425daa2720c9945878a5__compound5,V52_B0_425daa2720c9945878a5,ordinary_candidate,not_forced,not_hard_coded,none,no_gold_standard_bonus,not_Q9T0Z9,761,0.358493,0.250000,0.400000,other_or_genus_only_Yersinia,0.100000,other_unknown_non_phage_or_missing_origin,true,0.413127,0.497682,0.829470,0.000000,0.000000,0.776626,0.776626,497,0.776626,Yersinia pseudotuberculosis,Yersinia,Yersinia,,G_pre1_TARGET_ENGINEERING_COMPOSITE_GENERATED,read_only_unmodified,read_only_unmodified,read_only_unmodified,read_only_unmodified,composite_desc;target_context_desc;target_organism_desc;phage_origin_desc;docking_desc;solubility_no_chaperone_desc;E7_score_desc;source_accession_asc
v5.4.8z2,A0A0T9R7L9,A0A0T9R7L9__V52_B0_206f7de4dda020f22f5e__compound5,V52_B0_206f7de4dda020f22f5e,ordinary_candidate,not_forced,not_hard_coded,none,no_gold_standard_bonus,not_Q9T0Z9,762,0.358079,0.250000,0.400000,other_or_genus_only_Yersinia,0.100000,other_unknown_non_phage_or_missing_origin,true,0.426814,0.483941,0.806569,0.000000,0.000000,0.768554,0.768554,563,0.768554,Yersinia pekkanenii,Yersinia,Yersinia,,G_pre1_TARGET_ENGINEERING_COMPOSITE_GENERATED,read_only_unmodified,read_only_unmodified,read_only_unmodified,read_only_unmodified,composite_desc;target_context_desc;target_organism_desc;phage_origin_desc;docking_desc;solubility_no_chaperone_desc;E7_score_desc;source_accession_asc
v5.4.8z2,A0A0H3AZK0,A0A0H3AZK0__V52_B0_a09390230dcc6d5fdc60__compound5,V52_B0_a09390230dcc6d5fdc60,ordinary_candidate,not_forced,not_hard_coded,none,no_gold_standard_bonus,not_Q9T0Z9,763,0.358064,0.250000,0.400000,other_or_genus_only_Yersinia,0.100000,other_unknown_non_phage_or_missing_origin,true,0.373967,0.536111,0.893518,0.000000,0.000000,0.770970,0.770970,545,0.770970,Yersinia pseudotuberculosis serotype O:3 (strain YPIII),Yersinia,Yersinia,,G_pre1_TARGET_ENGINEERING_COMPOSITE_GENERATED,read_only_unmodified,read_only_unmodified,read_only_unmodified,read_only_unmodified,composite_desc;target_context_desc;target_organism_desc;phage_origin_desc;docking_desc;solubility_no_chaperone_desc;E7_score_desc;source_accession_asc
v5.4.8z2,A0A0T9TSE5,A0A0T9TSE5__V52_B0_c95047ea779484ddc0d7__compound5,V52_B0_c95047ea779484ddc0d7,ordinary_candidate,not_forced,not_hard_coded,none,no_gold_standard_bonus,not_Q9T0Z9,764,0.357715,0.250000,0.400000,other_or_genus_only_Yersinia,0.100000,other_unknown_non_phage_or_missing_origin,true,0.337520,0.563794,0.939656,0.000000,0.000000,0.799055,0.799055,248,0.799055,Yersinia aldovae,Yersinia,Yersinia,,G_pre1_TARGET_ENGINEERING_COMPOSITE_GENERATED,read_only_unmodified,read_only_unmodified,read_only_unmodified,read_only_unmodified,composite_desc;target_context_desc;target_organism_desc;phage_origin_desc;docking_desc;solubility_no_chaperone_desc;E7_score_desc;source_accession_asc
v5.4.8z2,A0AB72ZFA0,A0AB72ZFA0__V52_B0_7c825dc10e8fd4f55927__compound5,V52_B0_7c825dc10e8fd4f55927,ordinary_candidate,not_forced,not_hard_coded,none,no_gold_standard_bonus,not_Q9T0Z9,765,0.357629,0.250000,0.400000,other_or_genus_only_Yersinia,0.100000,other_unknown_non_phage_or_missing_origin,true,0.369496,0.531482,0.885803,0.000000,0.000000,0.798677,0.798677,255,0.798677,Yersinia pestis PY-08,Yersinia,Yersinia,,G_pre1_TARGET_ENGINEERING_COMPOSITE_GENERATED,read_only_unmodified,read_only_unmodified,read_only_unmodified,read_only_unmodified,composite_desc;target_context_desc;target_organism_desc;phage_origin_desc;docking_desc;solubility_no_chaperone_desc;E7_score_desc;source_accession_asc
v5.4.8z2,A0ABM7ANY7,A0ABM7ANY7__V52_B0_7c28f2c3f5c2a4268e12__compound5,V52_B0_7c28f2c3f5c2a4268e12,ordinary_candidate,not_forced,not_hard_coded,none,no_gold_standard_bonus,not_Q9T0Z9,766,0.357543,0.250000,0.400000,other_or_genus_only_Yersinia,0.100000,other_unknown_non_phage_or_missing_origin,true,0.457136,0.451136,0.751894,0.000000,0.000000,0.767763,0.767763,568,0.767763,Yersinia pseudotuberculosis,Yersinia,Yersinia,Tail fiber assembly protein,G_pre1_TARGET_ENGINEERING_COMPOSITE_GENERATED,read_only_unmodified,read_only_unmodified,read_only_unmodified,read_only_unmodified,composite_desc;target_context_desc;target_organism_desc;phage_origin_desc;docking_desc;solubility_no_chaperone_desc;E7_score_desc;source_accession_asc
v5.4.8z2,A0AA36LKR2,A0AA36LKR2__V52_B0_d72ff976563279fa5ec9__compound5,V52_B0_d72ff976563279fa5ec9,ordinary_candidate,not_forced,not_hard_coded,none,no_gold_standard_bonus,not_Q9T0Z9,767,0.357425,0.250000,0.400000,other_or_genus_only_Yersinia,0.100000,other_unknown_non_phage_or_missing_origin,true,0.422750,0.485265,0.808775,0.000000,0.000000,0.766447,0.766447,577,0.766447,Yersinia mollaretii,Yersinia,Yersinia,,G_pre1_TARGET_ENGINEERING_COMPOSITE_GENERATED,read_only_unmodified,read_only_unmodified,read_only_unmodified,read_only_unmodified,composite_desc;target_context_desc;target_organism_desc;phage_origin_desc;docking_desc;solubility_no_chaperone_desc;E7_score_desc;source_accession_asc
v5.4.8z2,A0ABN5RAB4,A0ABN5RAB4__V52_B0_3dfa1b877f52df1f5792__compound5,V52_B0_3dfa1b877f52df1f5792,ordinary_candidate,not_forced,not_hard_coded,none,no_gold_standard_bonus,not_Q9T0Z9,768,0.357404,0.250000,0.400000,other_or_genus_only_Yersinia,0.100000,other_unknown_non_phage_or_missing_origin,true,0.413000,0.492715,0.821192,0.000000,0.000000,0.775225,0.775225,507,0.775225,Yersinia pseudotuberculosis,Yersinia,Yersinia,,G_pre1_TARGET_ENGINEERING_COMPOSITE_GENERATED,read_only_unmodified,read_only_unmodified,read_only_unmodified,read_only_unmodified,composite_desc;target_context_desc;target_organism_desc;phage_origin_desc;docking_desc;solubility_no_chaperone_desc;E7_score_desc;source_accession_asc
v5.4.8z2,A0A380Q790,A0A380Q790__V52_B0_71ca8b9a0337f75347f6__compound5,V52_B0_71ca8b9a0337f75347f6,ordinary_candidate,not_forced,not_hard_coded,none,no_gold_standard_bonus,not_Q9T0Z9,769,0.357010,0.250000,0.400000,other_or_genus_only_Yersinia,0.100000,other_unknown_non_phage_or_missing_origin,true,0.447963,0.456818,0.761364,0.000000,0.000000,0.771081,0.771081,544,0.771081,Yersinia pseudotuberculosis,Yersinia,Yersinia,,G_pre1_TARGET_ENGINEERING_COMPOSITE_GENERATED,read_only_unmodified,read_only_unmodified,read_only_unmodified,read_only_unmodified,composite_desc;target_context_desc;target_organism_desc;phage_origin_desc;docking_desc;solubility_no_chaperone_desc;E7_score_desc;source_accession_asc
v5.4.8z2,A0ABX6FDR8,A0ABX6FDR8__V52_B0_ad009b71b503fcc07133__compound5,V52_B0_ad009b71b503fcc07133,ordinary_candidate,not_forced,not_hard_coded,none,no_gold_standard_bonus,not_Q9T0Z9,770,0.356954,0.250000,0.400000,other_or_genus_only_Yersinia,0.100000,other_unknown_non_phage_or_missing_origin,true,0.459121,0.442553,0.737588,0.000000,0.000000,0.782376,0.782376,455,0.782376,Yersinia intermedia,Yersinia,Yersinia,,G_pre1_TARGET_ENGINEERING_COMPOSITE_GENERATED,read_only_unmodified,read_only_unmodified,read_only_unmodified,read_only_unmodified,composite_desc;target_context_desc;target_organism_desc;phage_origin_desc;docking_desc;solubility_no_chaperone_desc;E7_score_desc;source_accession_asc
v5.4.8z2,A0A2G4U6F2,A0A2G4U6F2__V52_B0_59ad394af86cc43142bb__compound5,V52_B0_59ad394af86cc43142bb,ordinary_candidate,not_forced,not_hard_coded,none,no_gold_standard_bonus,not_Q9T0Z9,771,0.356738,0.250000,0.400000,other_or_genus_only_Yersinia,0.100000,other_unknown_non_phage_or_missing_origin,true,0.427649,0.475331,0.792219,0.000000,0.000000,0.772837,0.772837,520,0.772837,Yersinia bercovieri,Yersinia,Yersinia,,G_pre1_TARGET_ENGINEERING_COMPOSITE_GENERATED,read_only_unmodified,read_only_unmodified,read_only_unmodified,read_only_unmodified,composite_desc;target_context_desc;target_organism_desc;phage_origin_desc;docking_desc;solubility_no_chaperone_desc;E7_score_desc;source_accession_asc
v5.4.8z2,A0A0T9QH70,A0A0T9QH70__V52_B0_b184713006e0581401c7__compound5,V52_B0_b184713006e0581401c7,ordinary_candidate,not_forced,not_hard_coded,none,no_gold_standard_bonus,not_Q9T0Z9,772,0.356247,0.250000,0.400000,other_or_genus_only_Yersinia,0.100000,other_unknown_non_phage_or_missing_origin,true,0.371868,0.525000,0.875000,0.000000,0.000000,0.787468,0.787468,389,0.787468,Yersinia thracica,Yersinia,Yersinia,,G_pre1_TARGET_ENGINEERING_COMPOSITE_GENERATED,read_only_unmodified,read_only_unmodified,read_only_unmodified,read_only_unmodified,composite_desc;target_context_desc;target_organism_desc;phage_origin_desc;docking_desc;solubility_no_chaperone_desc;E7_score_desc;source_accession_asc
v5.4.8z2,A0A0H3B283,A0A0H3B283__V52_B0_ff5fb662dc865402d570__compound5,V52_B0_ff5fb662dc865402d570,ordinary_candidate,not_forced,not_hard_coded,none,no_gold_standard_bonus,not_Q9T0Z9,773,0.356232,0.250000,0.400000,other_or_genus_only_Yersinia,0.100000,other_unknown_non_phage_or_missing_origin,true,0.367591,0.530281,0.883802,0.000000,0.000000,0.783157,0.783157,448,0.783157,Yersinia pseudotuberculosis serotype O:3 (strain YPIII),Yersinia,Yersinia,,G_pre1_TARGET_ENGINEERING_COMPOSITE_GENERATED,read_only_unmodified,read_only_unmodified,read_only_unmodified,read_only_unmodified,composite_desc;target_context_desc;target_organism_desc;phage_origin_desc;docking_desc;solubility_no_chaperone_desc;E7_score_desc;source_accession_asc
v5.4.8z2,A0ABN5RAC2,A0ABN5RAC2__V52_B0_85650fc70a4f34297d05__compound5,V52_B0_85650fc70a4f34297d05,ordinary_candidate,not_forced,not_hard_coded,none,no_gold_standard_bonus,not_Q9T0Z9,774,0.356180,0.250000,0.400000,other_or_genus_only_Yersinia,0.100000,other_unknown_non_phage_or_missing_origin,true,0.338323,0.558620,0.931034,0.000000,0.000000,0.785824,0.785824,411,0.785824,Yersinia pseudotuberculosis,Yersinia,Yersinia,,G_pre1_TARGET_ENGINEERING_COMPOSITE_GENERATED,read_only_unmodified,read_only_unmodified,read_only_unmodified,read_only_unmodified,composite_desc;target_context_desc;target_organism_desc;phage_origin_desc;docking_desc;solubility_no_chaperone_desc;E7_score_desc;source_accession_asc
v5.4.8z2,A0A0T9JTR0,A0A0T9JTR0__V52_B0_9ed2135cbb8b59997470__compound5,V52_B0_9ed2135cbb8b59997470,ordinary_candidate,not_forced,not_hard_coded,none,no_gold_standard_bonus,not_Q9T0Z9,775,0.355946,0.250000,0.400000,other_or_genus_only_Yersinia,0.100000,other_unknown_non_phage_or_missing_origin,true,0.349280,0.544067,0.906779,0.000000,0.000000,0.795536,0.795536,296,0.795536,Yersinia pseudotuberculosis,Yersinia,Yersinia,,G_pre1_TARGET_ENGINEERING_COMPOSITE_GENERATED,read_only_unmodified,read_only_unmodified,read_only_unmodified,read_only_unmodified,composite_desc;target_context_desc;target_organism_desc;phage_origin_desc;docking_desc;solubility_no_chaperone_desc;E7_score_desc;source_accession_asc
v5.4.8z2,A0AA44CKU8,A0AA44CKU8__V52_B0_ece5a79d87b36e7f5e17__compound5,V52_B0_ece5a79d87b36e7f5e17,ordinary_candidate,not_forced,not_hard_coded,none,no_gold_standard_bonus,not_Q9T0Z9,776,0.355728,0.250000,0.400000,other_or_genus_only_Yersinia,0.100000,other_unknown_non_phage_or_missing_origin,true,0.341826,0.550307,0.917178,0.000000,0.000000,0.796027,0.796027,289,0.796027,Yersinia mollaretii,Yersinia,Yersinia,,G_pre1_TARGET_ENGINEERING_COMPOSITE_GENERATED,read_only_unmodified,read_only_unmodified,read_only_unmodified,read_only_unmodified,composite_desc;target_context_desc;target_organism_desc;phage_origin_desc;docking_desc;solubility_no_chaperone_desc;E7_score_desc;source_accession_asc
v5.4.8z2,A0ABN4CUU3,A0ABN4CUU3__V52_B0_5c9b8d3a44ea1e672c3f__compound5,V52_B0_5c9b8d3a44ea1e672c3f,ordinary_candidate,not_forced,not_hard_coded,none,no_gold_standard_bonus,not_Q9T0Z9,777,0.355172,0.250000,0.400000,other_or_genus_only_Yersinia,0.100000,other_unknown_non_phage_or_missing_origin,true,0.289330,0.598077,0.996795,0.000000,0.000000,0.803815,0.803815,205,0.803815,Yersinia similis,Yersinia,Yersinia,,G_pre1_TARGET_ENGINEERING_COMPOSITE_GENERATED,read_only_unmodified,read_only_unmodified,read_only_unmodified,read_only_unmodified,composite_desc;target_context_desc;target_organism_desc;phage_origin_desc;docking_desc;solubility_no_chaperone_desc;E7_score_desc;source_accession_asc
v5.4.8z2,A0ABR4VWZ7,A0ABR4VWZ7__V52_B0_9c304e2dcb1f6dab9af2__compound5,V52_B0_9c304e2dcb1f6dab9af2,ordinary_candidate,not_forced,not_hard_coded,none,no_gold_standard_bonus,not_Q9T0Z9,778,0.354887,0.250000,0.400000,other_or_genus_only_Yersinia,0.100000,other_unknown_non_phage_or_missing_origin,true,0.408367,0.487748,0.812914,0.000000,0.000000,0.763269,0.763269,607,0.763269,Yersinia frederiksenii ATCC 33641,Yersinia,Yersinia,,G_pre1_TARGET_ENGINEERING_COMPOSITE_GENERATED,read_only_unmodified,read_only_unmodified,read_only_unmodified,read_only_unmodified,composite_desc;target_context_desc;target_organism_desc;phage_origin_desc;docking_desc;solubility_no_chaperone_desc;E7_score_desc;source_accession_asc
v5.4.8z2,A0A0T9RSX1,A0A0T9RSX1__V52_B0_873de42c72478b9956b7__compound5,V52_B0_873de42c72478b9956b7,ordinary_candidate,not_forced,not_hard_coded,none,no_gold_standard_bonus,not_Q9T0Z9,779,0.354267,0.250000,0.400000,other_or_genus_only_Yersinia,0.100000,other_unknown_non_phage_or_missing_origin,true,0.400866,0.487500,0.812500,0.000000,0.000000,0.781884,0.781884,458,0.781884,Yersinia pekkanenii,Yersinia,Yersinia,,G_pre1_TARGET_ENGINEERING_COMPOSITE_GENERATED,read_only_unmodified,read_only_unmodified,read_only_unmodified,read_only_unmodified,composite_desc;target_context_desc;target_organism_desc;phage_origin_desc;docking_desc;solubility_no_chaperone_desc;E7_score_desc;source_accession_asc
v5.4.8z2,A0A0T9QZG9,A0A0T9QZG9__V52_B0_f195f352731535c6cf34__compound5,V52_B0_f195f352731535c6cf34,ordinary_candidate,not_forced,not_hard_coded,none,no_gold_standard_bonus,not_Q9T0Z9,780,0.353524,0.250000,0.400000,other_or_genus_only_Yersinia,0.100000,other_unknown_non_phage_or_missing_origin,true,0.350776,0.547309,0.912181,0.000000,0.000000,0.728140,0.728140,772,0.728140,Yersinia pekkanenii,Yersinia,Yersinia,,G_pre1_TARGET_ENGINEERING_COMPOSITE_GENERATED,read_only_unmodified,read_only_unmodified,read_only_unmodified,read_only_unmodified,composite_desc;target_context_desc;target_organism_desc;phage_origin_desc;docking_desc;solubility_no_chaperone_desc;E7_score_desc;source_accession_asc
v5.4.8z2,A0ABY5ULB5,A0ABY5ULB5__V52_B0_5b81eb56cf683c191c16__compound5,V52_B0_5b81eb56cf683c191c16,ordinary_candidate,not_forced,not_hard_coded,none,no_gold_standard_bonus,not_Q9T0Z9,781,0.353226,0.250000,0.400000,other_or_genus_only_Yersinia,0.100000,other_unknown_non_phage_or_missing_origin,true,0.436602,0.450955,0.751592,0.000000,0.000000,0.764290,0.764290,594,0.764290,Yersinia alsatica,Yersinia,Yersinia,,G_pre1_TARGET_ENGINEERING_COMPOSITE_GENERATED,read_only_unmodified,read_only_unmodified,read_only_unmodified,read_only_unmodified,composite_desc;target_context_desc;target_organism_desc;phage_origin_desc;docking_desc;solubility_no_chaperone_desc;E7_score_desc;source_accession_asc
v5.4.8z2,A0A0T9KM84,A0A0T9KM84__V52_B0_79e3bfb96b893056455d__compound5,V52_B0_79e3bfb96b893056455d,ordinary_candidate,not_forced,not_hard_coded,none,no_gold_standard_bonus,not_Q9T0Z9,782,0.353187,0.250000,0.400000,other_or_genus_only_Yersinia,0.100000,other_unknown_non_phage_or_missing_origin,true,0.369373,0.512360,0.853933,0.000000,0.000000,0.786809,0.786809,402,0.786809,Yersinia kristensenii,Yersinia,Yersinia,,G_pre1_TARGET_ENGINEERING_COMPOSITE_GENERATED,read_only_unmodified,read_only_unmodified,read_only_unmodified,read_only_unmodified,composite_desc;target_context_desc;target_organism_desc;phage_origin_desc;docking_desc;solubility_no_chaperone_desc;E7_score_desc;source_accession_asc
v5.4.8z2,A0A0T9QVI5,A0A0T9QVI5__V52_B0_fe5abe5048ff050176a1__compound5,V52_B0_fe5abe5048ff050176a1,ordinary_candidate,not_forced,not_hard_coded,none,no_gold_standard_bonus,not_Q9T0Z9,783,0.352563,0.250000,0.400000,other_or_genus_only_Yersinia,0.100000,other_unknown_non_phage_or_missing_origin,true,0.343617,0.535714,0.892857,0.000000,0.000000,0.783938,0.783938,437,0.783938,Yersinia similis,Yersinia,Yersinia,,G_pre1_TARGET_ENGINEERING_COMPOSITE_GENERATED,read_only_unmodified,read_only_unmodified,read_only_unmodified,read_only_unmodified,composite_desc;target_context_desc;target_organism_desc;phage_origin_desc;docking_desc;solubility_no_chaperone_desc;E7_score_desc;source_accession_asc
v5.4.8z2,A0A0T9RG16,A0A0T9RG16__V52_B0_6dc54786ba7256d9d814__compound5,V52_B0_6dc54786ba7256d9d814,ordinary_candidate,not_forced,not_hard_coded,none,no_gold_standard_bonus,not_Q9T0Z9,784,0.352409,0.250000,0.400000,other_or_genus_only_Yersinia,0.100000,other_unknown_non_phage_or_missing_origin,true,0.333530,0.544396,0.907327,0.000000,0.000000,0.786466,0.786466,405,0.786466,Yersinia pekkanenii,Yersinia,Yersinia,,G_pre1_TARGET_ENGINEERING_COMPOSITE_GENERATED,read_only_unmodified,read_only_unmodified,read_only_unmodified,read_only_unmodified,composite_desc;target_context_desc;target_organism_desc;phage_origin_desc;docking_desc;solubility_no_chaperone_desc;E7_score_desc;source_accession_asc
v5.4.8z2,A0ABP2ECT0,A0ABP2ECT0__V52_B0_b6551cdc319c8d0ab907__compound5,V52_B0_b6551cdc319c8d0ab907,ordinary_candidate,not_forced,not_hard_coded,none,no_gold_standard_bonus,not_Q9T0Z9,785,0.352190,0.250000,0.400000,other_or_genus_only_Yersinia,0.100000,other_unknown_non_phage_or_missing_origin,true,0.393856,0.484615,0.807692,0.000000,0.000000,0.779915,0.779915,472,0.779915,Yersinia mollaretii (strain ATCC 43969 / DSM 18520 / CIP 103324 / CNY 7263 / WAIP 204),Yersinia,Yersinia,,G_pre1_TARGET_ENGINEERING_COMPOSITE_GENERATED,read_only_unmodified,read_only_unmodified,read_only_unmodified,read_only_unmodified,composite_desc;target_context_desc;target_organism_desc;phage_origin_desc;docking_desc;solubility_no_chaperone_desc;E7_score_desc;source_accession_asc
v5.4.8z2,A0ABM9SZ17,A0ABM9SZ17__V52_B0_7b54e3c8e358ac12efb6__compound5,V52_B0_7b54e3c8e358ac12efb6,ordinary_candidate,not_forced,not_hard_coded,none,no_gold_standard_bonus,not_Q9T0Z9,786,0.351138,0.250000,0.400000,other_or_genus_only_Yersinia,0.100000,other_unknown_non_phage_or_missing_origin,true,0.344993,0.525000,0.875000,0.000000,0.000000,0.792793,0.792793,325,0.792793,Yersinia aldovae,Yersinia,Yersinia,,G_pre1_TARGET_ENGINEERING_COMPOSITE_GENERATED,read_only_unmodified,read_only_unmodified,read_only_unmodified,read_only_unmodified,composite_desc;target_context_desc;target_organism_desc;phage_origin_desc;docking_desc;solubility_no_chaperone_desc;E7_score_desc;source_accession_asc
v5.4.8z2,A0A0E1NQK2,A0A0E1NQK2__V52_B0_8026946d9279de1904f1__compound5,V52_B0_8026946d9279de1904f1,ordinary_candidate,not_forced,not_hard_coded,none,no_gold_standard_bonus,not_Q9T0Z9,787,0.351032,0.250000,0.400000,other_or_genus_only_Yersinia,0.100000,other_unknown_non_phage_or_missing_origin,true,0.428146,0.448515,0.747525,0.000000,0.000000,0.764001,0.764001,599,0.764001,Yersinia pestis bv. Antiqua (strain Antiqua),Yersinia,Yersinia,Tail fiber assembly protein,G_pre1_TARGET_ENGINEERING_COMPOSITE_GENERATED,read_only_unmodified,read_only_unmodified,read_only_unmodified,read_only_unmodified,composite_desc;target_context_desc;target_organism_desc;phage_origin_desc;docking_desc;solubility_no_chaperone_desc;E7_score_desc;source_accession_asc
v5.4.8z2,A0AAX2I8P7,A0AAX2I8P7__V52_B0_60cc43c3030f93e252e5__compound5,V52_B0_60cc43c3030f93e252e5,ordinary_candidate,not_forced,not_hard_coded,none,no_gold_standard_bonus,not_Q9T0Z9,788,0.350731,0.250000,0.400000,other_or_genus_only_Yersinia,0.100000,other_unknown_non_phage_or_missing_origin,true,0.371103,0.500719,0.834532,0.000000,0.000000,0.777328,0.777328,493,0.777328,Yersinia pestis,Yersinia,Yersinia,,G_pre1_TARGET_ENGINEERING_COMPOSITE_GENERATED,read_only_unmodified,read_only_unmodified,read_only_unmodified,read_only_unmodified,composite_desc;target_context_desc;target_organism_desc;phage_origin_desc;docking_desc;solubility_no_chaperone_desc;E7_score_desc;source_accession_asc
v5.4.8z2,Q7BTW6,Q7BTW6__V52_B0_736810b6ea509c3dd1c3__compound5,V52_B0_736810b6ea509c3dd1c3,ordinary_candidate,not_forced,not_hard_coded,none,no_gold_standard_bonus,not_Q9T0Z9,789,0.349467,0.250000,0.400000,other_or_genus_only_Yersinia,0.100000,other_unknown_non_phage_or_missing_origin,true,0.431540,0.436363,0.727272,0.000000,0.000000,0.767727,0.767727,569,0.767727,Yersinia pestis,Yersinia,Yersinia,Tail fiber assembly protein,G_pre1_TARGET_ENGINEERING_COMPOSITE_GENERATED,read_only_unmodified,read_only_unmodified,read_only_unmodified,read_only_unmodified,composite_desc;target_context_desc;target_organism_desc;phage_origin_desc;docking_desc;solubility_no_chaperone_desc;E7_score_desc;source_accession_asc
v5.4.8z2,A0ABP1ZYW2,A0ABP1ZYW2__V52_B0_5486dbd3c91e27c82421__compound5,V52_B0_5486dbd3c91e27c82421,ordinary_candidate,not_forced,not_hard_coded,none,no_gold_standard_bonus,not_Q9T0Z9,790,0.349031,0.250000,0.400000,other_or_genus_only_Yersinia,0.100000,other_unknown_non_phage_or_missing_origin,true,0.359495,0.505263,0.842105,0.000000,0.000000,0.771590,0.771590,538,0.771590,Yersinia pekkanenii,Yersinia,Yersinia,,G_pre1_TARGET_ENGINEERING_COMPOSITE_GENERATED,read_only_unmodified,read_only_unmodified,read_only_unmodified,read_only_unmodified,composite_desc;target_context_desc;target_organism_desc;phage_origin_desc;docking_desc;solubility_no_chaperone_desc;E7_score_desc;source_accession_asc
v5.4.8z2,Q66CW2,Q66CW2__V52_B0_14d80cff56ed4f4c150a__compound5,V52_B0_14d80cff56ed4f4c150a,ordinary_candidate,not_forced,not_hard_coded,none,no_gold_standard_bonus,not_Q9T0Z9,791,0.348983,0.250000,0.400000,other_or_genus_only_Yersinia,0.100000,other_unknown_non_phage_or_missing_origin,true,0.300994,0.560072,0.933454,0.000000,0.000000,0.785398,0.785398,417,0.785398,Yersinia pseudotuberculosis serotype I (strain IP32953),Yersinia,Yersinia,,G_pre1_TARGET_ENGINEERING_COMPOSITE_GENERATED,read_only_unmodified,read_only_unmodified,read_only_unmodified,read_only_unmodified,composite_desc;target_context_desc;target_organism_desc;phage_origin_desc;docking_desc;solubility_no_chaperone_desc;E7_score_desc;source_accession_asc
v5.4.8z2,A0AA36LJG1,A0AA36LJG1__V52_B0_fa047b47d9d4745eac7c__compound5,V52_B0_fa047b47d9d4745eac7c,ordinary_candidate,not_forced,not_hard_coded,none,no_gold_standard_bonus,not_Q9T0Z9,792,0.348063,0.250000,0.400000,other_or_genus_only_Yersinia,0.100000,other_unknown_non_phage_or_missing_origin,true,0.440195,0.420187,0.700311,0.000000,0.000000,0.769741,0.769741,554,0.769741,Yersinia mollaretii,Yersinia,Yersinia,,G_pre1_TARGET_ENGINEERING_COMPOSITE_GENERATED,read_only_unmodified,read_only_unmodified,read_only_unmodified,read_only_unmodified,composite_desc;target_context_desc;target_organism_desc;phage_origin_desc;docking_desc;solubility_no_chaperone_desc;E7_score_desc;source_accession_asc
v5.4.8z2,A0ABM5UH02,A0ABM5UH02__V52_B0_171d2ec84b3c48db5e43__compound5,V52_B0_171d2ec84b3c48db5e43,ordinary_candidate,not_forced,not_hard_coded,none,no_gold_standard_bonus,not_Q9T0Z9,793,0.347077,0.250000,0.400000,other_or_genus_only_Yersinia,0.100000,other_unknown_non_phage_or_missing_origin,true,0.401672,0.455464,0.759107,0.000000,0.000000,0.762989,0.762989,610,0.762989,Yersinia aleksiciae,Yersinia,Yersinia,,G_pre1_TARGET_ENGINEERING_COMPOSITE_GENERATED,read_only_unmodified,read_only_unmodified,read_only_unmodified,read_only_unmodified,composite_desc;target_context_desc;target_organism_desc;phage_origin_desc;docking_desc;solubility_no_chaperone_desc;E7_score_desc;source_accession_asc
v5.4.8z2,A0AA36PPQ7,A0AA36PPQ7__V52_B0_c276fce96486f1e9bc9d__compound5,V52_B0_c276fce96486f1e9bc9d,ordinary_candidate,not_forced,not_hard_coded,none,no_gold_standard_bonus,not_Q9T0Z9,794,0.346163,0.250000,0.400000,other_or_genus_only_Yersinia,0.100000,other_unknown_non_phage_or_missing_origin,true,0.295346,0.550862,0.918104,0.000000,0.000000,0.788435,0.788435,376,0.788435,Yersinia mollaretii,Yersinia,Yersinia,,G_pre1_TARGET_ENGINEERING_COMPOSITE_GENERATED,read_only_unmodified,read_only_unmodified,read_only_unmodified,read_only_unmodified,composite_desc;target_context_desc;target_organism_desc;phage_origin_desc;docking_desc;solubility_no_chaperone_desc;E7_score_desc;source_accession_asc
v5.4.8z2,A0A0H2YNL1,A0A0H2YNL1__V52_B0_5cd936ba6376203b0a17__compound5,V52_B0_5cd936ba6376203b0a17,ordinary_candidate,not_forced,not_hard_coded,none,no_gold_standard_bonus,not_Q9T0Z9,795,0.345919,0.250000,0.400000,other_or_genus_only_Yersinia,0.100000,other_unknown_non_phage_or_missing_origin,true,0.403603,0.448515,0.747525,0.000000,0.000000,0.759910,0.759910,626,0.759910,Yersinia pestis bv. Antiqua (strain Nepal516),Yersinia,Yersinia,Tail fiber assembly protein,G_pre1_TARGET_ENGINEERING_COMPOSITE_GENERATED,read_only_unmodified,read_only_unmodified,read_only_unmodified,read_only_unmodified,composite_desc;target_context_desc;target_organism_desc;phage_origin_desc;docking_desc;solubility_no_chaperone_desc;E7_score_desc;source_accession_asc
v5.4.8z2,A0AA90XRZ3,A0AA90XRZ3__V52_B0_648340e4967e6af27fec__compound5,V52_B0_648340e4967e6af27fec,ordinary_candidate,not_forced,not_hard_coded,none,no_gold_standard_bonus,not_Q9T0Z9,796,0.344907,0.250000,0.400000,other_or_genus_only_Yersinia,0.100000,other_unknown_non_phage_or_missing_origin,true,0.376053,0.469853,0.783088,0.000000,0.000000,0.764514,0.764514,590,0.764514,Yersinia massiliensis,Yersinia,Yersinia,,G_pre1_TARGET_ENGINEERING_COMPOSITE_GENERATED,read_only_unmodified,read_only_unmodified,read_only_unmodified,read_only_unmodified,composite_desc;target_context_desc;target_organism_desc;phage_origin_desc;docking_desc;solubility_no_chaperone_desc;E7_score_desc;source_accession_asc
v5.4.8z2,A0A0T9QD11,A0A0T9QD11__V52_B0_6fba44bd44ec0e7c128c__compound5,V52_B0_6fba44bd44ec0e7c128c,ordinary_candidate,not_forced,not_hard_coded,none,no_gold_standard_bonus,not_Q9T0Z9,797,0.344642,0.250000,0.400000,other_or_genus_only_Yersinia,0.100000,other_unknown_non_phage_or_missing_origin,true,0.278051,0.560593,0.934322,0.000000,0.000000,0.788255,0.788255,378,0.788255,Yersinia thracica,Yersinia,Yersinia,,G_pre1_TARGET_ENGINEERING_COMPOSITE_GENERATED,read_only_unmodified,read_only_unmodified,read_only_unmodified,read_only_unmodified,composite_desc;target_context_desc;target_organism_desc;phage_origin_desc;docking_desc;solubility_no_chaperone_desc;E7_score_desc;source_accession_asc
v5.4.8z2,A0ABP1ZSE7,A0ABP1ZSE7__V52_B0_aae72e7cf30d716418ae__compound5,V52_B0_aae72e7cf30d716418ae,ordinary_candidate,not_forced,not_hard_coded,none,no_gold_standard_bonus,not_Q9T0Z9,798,0.344444,0.250000,0.400000,other_or_genus_only_Yersinia,0.100000,other_unknown_non_phage_or_missing_origin,true,0.380820,0.463043,0.771739,0.000000,0.000000,0.763417,0.763417,606,0.763417,Yersinia pekkanenii,Yersinia,Yersinia,,G_pre1_TARGET_ENGINEERING_COMPOSITE_GENERATED,read_only_unmodified,read_only_unmodified,read_only_unmodified,read_only_unmodified,composite_desc;target_context_desc;target_organism_desc;phage_origin_desc;docking_desc;solubility_no_chaperone_desc;E7_score_desc;source_accession_asc
v5.4.8z2,A0ABX6FAJ5,A0ABX6FAJ5__V52_B0_f86f956fa09414ab7a3d__compound5,V52_B0_f86f956fa09414ab7a3d,ordinary_candidate,not_forced,not_hard_coded,none,no_gold_standard_bonus,not_Q9T0Z9,799,0.344146,0.250000,0.400000,other_or_genus_only_Yersinia,0.100000,other_unknown_non_phage_or_missing_origin,true,0.283385,0.553846,0.923077,0.000000,0.000000,0.784002,0.784002,432,0.784002,Yersinia intermedia,Yersinia,Yersinia,,G_pre1_TARGET_ENGINEERING_COMPOSITE_GENERATED,read_only_unmodified,read_only_unmodified,read_only_unmodified,read_only_unmodified,composite_desc;target_context_desc;target_organism_desc;phage_origin_desc;docking_desc;solubility_no_chaperone_desc;E7_score_desc;source_accession_asc
v5.4.8z2,A0A0T9UMN3,A0A0T9UMN3__V52_B0_7248cf30d9a1b2fbc3a1__compound5,V52_B0_7248cf30d9a1b2fbc3a1,ordinary_candidate,not_forced,not_hard_coded,none,no_gold_standard_bonus,not_Q9T0Z9,800,0.344067,0.250000,0.400000,other_or_genus_only_Yersinia,0.100000,other_unknown_non_phage_or_missing_origin,true,0.278645,0.557327,0.928879,0.000000,0.000000,0.787447,0.787447,390,0.787447,Yersinia aldovae,Yersinia,Yersinia,,G_pre1_TARGET_ENGINEERING_COMPOSITE_GENERATED,read_only_unmodified,read_only_unmodified,read_only_unmodified,read_only_unmodified,composite_desc;target_context_desc;target_organism_desc;phage_origin_desc;docking_desc;solubility_no_chaperone_desc;E7_score_desc;source_accession_asc
v5.4.8z2,Q8D0C0,Q8D0C0__V52_B0_9b1df6688bd8341d33f1__compound5,V52_B0_9b1df6688bd8341d33f1,ordinary_candidate,not_forced,not_hard_coded,none,no_gold_standard_bonus,not_Q9T0Z9,801,0.343668,0.250000,0.400000,other_or_genus_only_Yersinia,0.100000,other_unknown_non_phage_or_missing_origin,true,0.340753,0.496154,0.826924,0.000000,0.000000,0.775740,0.775740,504,0.775740,Yersinia pestis,Yersinia,Yersinia,,G_pre1_TARGET_ENGINEERING_COMPOSITE_GENERATED,read_only_unmodified,read_only_unmodified,read_only_unmodified,read_only_unmodified,composite_desc;target_context_desc;target_organism_desc;phage_origin_desc;docking_desc;solubility_no_chaperone_desc;E7_score_desc;source_accession_asc
v5.4.8z2,A0A0T9QMF1,A0A0T9QMF1__V52_B0_8189e6d3d01364c12b2b__compound5,V52_B0_8189e6d3d01364c12b2b,ordinary_candidate,not_forced,not_hard_coded,none,no_gold_standard_bonus,not_Q9T0Z9,802,0.343604,0.250000,0.400000,other_or_genus_only_Yersinia,0.100000,other_unknown_non_phage_or_missing_origin,true,0.373426,0.462500,0.770833,0.000000,0.000000,0.778373,0.778373,484,0.778373,Yersinia thracica,Yersinia,Yersinia,,G_pre1_TARGET_ENGINEERING_COMPOSITE_GENERATED,read_only_unmodified,read_only_unmodified,read_only_unmodified,read_only_unmodified,composite_desc;target_context_desc;target_organism_desc;phage_origin_desc;docking_desc;solubility_no_chaperone_desc;E7_score_desc;source_accession_asc
v5.4.8z2,A0A0U1R2K8,A0A0U1R2K8__V52_B0_25963f5bcdbc5fdadf45__compound5,V52_B0_25963f5bcdbc5fdadf45,ordinary_candidate,not_forced,not_hard_coded,none,no_gold_standard_bonus,not_Q9T0Z9,803,0.343579,0.250000,0.400000,other_or_genus_only_Yersinia,0.100000,other_unknown_non_phage_or_missing_origin,true,0.387180,0.453572,0.755953,0.000000,0.000000,0.758578,0.758578,633,0.758578,Yersinia pseudotuberculosis serotype O:1b (strain IP 31758),Yersinia,Yersinia,,G_pre1_TARGET_ENGINEERING_COMPOSITE_GENERATED,read_only_unmodified,read_only_unmodified,read_only_unmodified,read_only_unmodified,composite_desc;target_context_desc;target_organism_desc;phage_origin_desc;docking_desc;solubility_no_chaperone_desc;E7_score_desc;source_accession_asc
v5.4.8z2,A0AA36LJU6,A0AA36LJU6__V52_B0_22e5d2a2581dfec660fb__compound5,V52_B0_22e5d2a2581dfec660fb,ordinary_candidate,not_forced,not_hard_coded,none,no_gold_standard_bonus,not_Q9T0Z9,804,0.343454,0.250000,0.400000,other_or_genus_only_Yersinia,0.100000,other_unknown_non_phage_or_missing_origin,true,0.308894,0.525001,0.875001,0.000000,0.000000,0.783509,0.783509,443,0.783509,Yersinia mollaretii,Yersinia,Yersinia,,G_pre1_TARGET_ENGINEERING_COMPOSITE_GENERATED,read_only_unmodified,read_only_unmodified,read_only_unmodified,read_only_unmodified,composite_desc;target_context_desc;target_organism_desc;phage_origin_desc;docking_desc;solubility_no_chaperone_desc;E7_score_desc;source_accession_asc
v5.4.8z2,A0AA36LI15,A0AA36LI15__V52_B0_0c494bf2b907b446b8ac__compound5,V52_B0_0c494bf2b907b446b8ac,ordinary_candidate,not_forced,not_hard_coded,none,no_gold_standard_bonus,not_Q9T0Z9,805,0.343347,0.250000,0.400000,other_or_genus_only_Yersinia,0.100000,other_unknown_non_phage_or_missing_origin,true,0.243163,0.589285,0.982142,0.000000,0.000000,0.787142,0.787142,397,0.787142,Yersinia mollaretii,Yersinia,Yersinia,,G_pre1_TARGET_ENGINEERING_COMPOSITE_GENERATED,read_only_unmodified,read_only_unmodified,read_only_unmodified,read_only_unmodified,composite_desc;target_context_desc;target_organism_desc;phage_origin_desc;docking_desc;solubility_no_chaperone_desc;E7_score_desc;source_accession_asc
v5.4.8z2,A0A0K1H0S6,A0A0K1H0S6__V52_B0_94dd875c905bb249ee37__compound5,V52_B0_94dd875c905bb249ee37,ordinary_candidate,not_forced,not_hard_coded,none,no_gold_standard_bonus,not_Q9T0Z9,806,0.342460,0.250000,0.400000,other_or_genus_only_Yersinia,0.100000,other_unknown_non_phage_or_missing_origin,true,0.436986,0.396350,0.660584,0.000000,0.000000,0.765853,0.765853,583,0.765853,Yersinia pestis,Yersinia,Yersinia,,G_pre1_TARGET_ENGINEERING_COMPOSITE_GENERATED,read_only_unmodified,read_only_unmodified,read_only_unmodified,read_only_unmodified,composite_desc;target_context_desc;target_organism_desc;phage_origin_desc;docking_desc;solubility_no_chaperone_desc;E7_score_desc;source_accession_asc
v5.4.8z2,A0A0T9UVK2,A0A0T9UVK2__V52_B0_df594b24e97643d5d57e__compound5,V52_B0_df594b24e97643d5d57e,ordinary_candidate,not_forced,not_hard_coded,none,no_gold_standard_bonus,not_Q9T0Z9,807,0.342341,0.250000,0.400000,other_or_genus_only_Yersinia,0.100000,other_unknown_non_phage_or_missing_origin,true,0.305377,0.522458,0.870763,0.000000,0.000000,0.785484,0.785484,413,0.785484,Yersinia aldovae,Yersinia,Yersinia,,G_pre1_TARGET_ENGINEERING_COMPOSITE_GENERATED,read_only_unmodified,read_only_unmodified,read_only_unmodified,read_only_unmodified,composite_desc;target_context_desc;target_organism_desc;phage_origin_desc;docking_desc;solubility_no_chaperone_desc;E7_score_desc;source_accession_asc
v5.4.8z2,A0A857F028,A0A857F028__V52_B0_ac652f56293dcbd33b83__compound5,V52_B0_ac652f56293dcbd33b83,ordinary_candidate,not_forced,not_hard_coded,none,no_gold_standard_bonus,not_Q9T0Z9,808,0.341933,0.250000,0.400000,other_or_genus_only_Yersinia,0.100000,other_unknown_non_phage_or_missing_origin,true,0.417985,0.414344,0.690574,0.000000,0.000000,0.759351,0.759351,631,0.759351,Yersinia canariae,Yersinia,Yersinia,,G_pre1_TARGET_ENGINEERING_COMPOSITE_GENERATED,read_only_unmodified,read_only_unmodified,read_only_unmodified,read_only_unmodified,composite_desc;target_context_desc;target_organism_desc;phage_origin_desc;docking_desc;solubility_no_chaperone_desc;E7_score_desc;source_accession_asc
v5.4.8z2,A0A0H3B6G4,A0A0H3B6G4__V52_B0_b38cb4fd2aa41f2ce566__compound5,V52_B0_b38cb4fd2aa41f2ce566,ordinary_candidate,not_forced,not_hard_coded,none,no_gold_standard_bonus,not_Q9T0Z9,809,0.341701,0.250000,0.400000,other_or_genus_only_Yersinia,0.100000,other_unknown_non_phage_or_missing_origin,true,0.350697,0.476087,0.793479,0.000000,0.000000,0.776889,0.776889,495,0.776889,Yersinia pseudotuberculosis serotype O:3 (strain YPIII),Yersinia,Yersinia,,G_pre1_TARGET_ENGINEERING_COMPOSITE_GENERATED,read_only_unmodified,read_only_unmodified,read_only_unmodified,read_only_unmodified,composite_desc;target_context_desc;target_organism_desc;phage_origin_desc;docking_desc;solubility_no_chaperone_desc;E7_score_desc;source_accession_asc
v5.4.8z2,A0A208ZVY5,A0A208ZVY5__V52_B0_4b03f5180519ee39e01a__compound5,V52_B0_4b03f5180519ee39e01a,ordinary_candidate,not_forced,not_hard_coded,none,no_gold_standard_bonus,not_Q9T0Z9,810,0.339589,0.250000,0.400000,other_or_genus_only_Yersinia,0.100000,other_unknown_non_phage_or_missing_origin,true,0.306524,0.510000,0.850000,0.000000,0.000000,0.775679,0.775679,505,0.775679,Yersinia intermedia,Yersinia,Yersinia,,G_pre1_TARGET_ENGINEERING_COMPOSITE_GENERATED,read_only_unmodified,read_only_unmodified,read_only_unmodified,read_only_unmodified,composite_desc;target_context_desc;target_organism_desc;phage_origin_desc;docking_desc;solubility_no_chaperone_desc;E7_score_desc;source_accession_asc
v5.4.8z2,A0ABN5RCP6,A0ABN5RCP6__V52_B0_d12a732a6a634eab4310__compound5,V52_B0_d12a732a6a634eab4310,ordinary_candidate,not_forced,not_hard_coded,none,no_gold_standard_bonus,not_Q9T0Z9,811,0.338535,0.250000,0.400000,other_or_genus_only_Yersinia,0.100000,other_unknown_non_phage_or_missing_origin,true,0.387948,0.429661,0.716102,0.000000,0.000000,0.750266,0.750266,685,0.750266,Yersinia pseudotuberculosis,Yersinia,Yersinia,Tail fiber assembly protein,G_pre1_TARGET_ENGINEERING_COMPOSITE_GENERATED,read_only_unmodified,read_only_unmodified,read_only_unmodified,read_only_unmodified,composite_desc;target_context_desc;target_organism_desc;phage_origin_desc;docking_desc;solubility_no_chaperone_desc;E7_score_desc;source_accession_asc
v5.4.8z2,A0A0T9UMW7,A0A0T9UMW7__V52_B0_14d9acffc3ff0d9c6e62__compound5,V52_B0_14d9acffc3ff0d9c6e62,ordinary_candidate,not_forced,not_hard_coded,none,no_gold_standard_bonus,not_Q9T0Z9,812,0.338461,0.250000,0.400000,other_or_genus_only_Yersinia,0.100000,other_unknown_non_phage_or_missing_origin,true,0.323444,0.493750,0.822916,0.000000,0.000000,0.750455,0.750455,684,0.750455,Yersinia aldovae,Yersinia,Yersinia,,G_pre1_TARGET_ENGINEERING_COMPOSITE_GENERATED,read_only_unmodified,read_only_unmodified,read_only_unmodified,read_only_unmodified,composite_desc;target_context_desc;target_organism_desc;phage_origin_desc;docking_desc;solubility_no_chaperone_desc;E7_score_desc;source_accession_asc
v5.4.8z2,A0AB72ZRU3,A0AB72ZRU3__V52_B0_f3d0f62411af711856ec__compound5,V52_B0_f3d0f62411af711856ec,ordinary_candidate,not_forced,not_hard_coded,none,no_gold_standard_bonus,not_Q9T0Z9,813,0.336852,0.250000,0.400000,other_or_genus_only_Yersinia,0.100000,other_unknown_non_phage_or_missing_origin,true,0.360079,0.448515,0.747525,0.000000,0.000000,0.752656,0.752656,669,0.752656,Yersinia pestis PY-08,Yersinia,Yersinia,,G_pre1_TARGET_ENGINEERING_COMPOSITE_GENERATED,read_only_unmodified,read_only_unmodified,read_only_unmodified,read_only_unmodified,composite_desc;target_context_desc;target_organism_desc;phage_origin_desc;docking_desc;solubility_no_chaperone_desc;E7_score_desc;source_accession_asc
v5.4.8z2,A0A0U1HUK9,A0A0U1HUK9__V52_B0_ea138d8326112b858e1f__compound5,V52_B0_ea138d8326112b858e1f,ordinary_candidate,not_forced,not_hard_coded,none,no_gold_standard_bonus,not_Q9T0Z9,814,0.336848,0.250000,0.400000,other_or_genus_only_Yersinia,0.100000,other_unknown_non_phage_or_missing_origin,true,0.352672,0.452239,0.753732,0.000000,0.000000,0.767325,0.767325,573,0.767325,Yersinia rohdei,Yersinia,Yersinia,,G_pre1_TARGET_ENGINEERING_COMPOSITE_GENERATED,read_only_unmodified,read_only_unmodified,read_only_unmodified,read_only_unmodified,composite_desc;target_context_desc;target_organism_desc;phage_origin_desc;docking_desc;solubility_no_chaperone_desc;E7_score_desc;source_accession_asc
v5.4.8z2,A0ABM7AMA1,A0ABM7AMA1__V52_B0_3bf4ee4ef20352210134__compound5,V52_B0_3bf4ee4ef20352210134,ordinary_candidate,not_forced,not_hard_coded,none,no_gold_standard_bonus,not_Q9T0Z9,815,0.333776,0.250000,0.400000,other_or_genus_only_Yersinia,0.100000,other_unknown_non_phage_or_missing_origin,true,0.384142,0.408404,0.680673,0.000000,0.000000,0.755329,0.755329,655,0.755329,Yersinia pseudotuberculosis,Yersinia,Yersinia,,G_pre1_TARGET_ENGINEERING_COMPOSITE_GENERATED,read_only_unmodified,read_only_unmodified,read_only_unmodified,read_only_unmodified,composite_desc;target_context_desc;target_organism_desc;phage_origin_desc;docking_desc;solubility_no_chaperone_desc;E7_score_desc;source_accession_asc
v5.4.8z2,A0AAV3B6C2,A0AAV3B6C2__V52_B0_4633312e8bee95c3fb80__compound5,V52_B0_4633312e8bee95c3fb80,ordinary_candidate,not_forced,not_hard_coded,none,no_gold_standard_bonus,not_Q9T0Z9,816,0.332911,0.250000,0.400000,other_or_genus_only_Yersinia,0.100000,other_unknown_non_phage_or_missing_origin,true,0.335973,0.453572,0.755953,0.000000,0.000000,0.750043,0.750043,687,0.750043,Yersinia pestis biovar Orientalis str. IP275,Yersinia,Yersinia,,G_pre1_TARGET_ENGINEERING_COMPOSITE_GENERATED,read_only_unmodified,read_only_unmodified,read_only_unmodified,read_only_unmodified,composite_desc;target_context_desc;target_organism_desc;phage_origin_desc;docking_desc;solubility_no_chaperone_desc;E7_score_desc;source_accession_asc
v5.4.8z2,A0A380QAJ4,A0A380QAJ4__V52_B0_560624132a65d4c65e24__compound5,V52_B0_560624132a65d4c65e24,ordinary_candidate,not_forced,not_hard_coded,none,no_gold_standard_bonus,not_Q9T0Z9,817,0.332824,0.250000,0.400000,other_or_genus_only_Yersinia,0.100000,other_unknown_non_phage_or_missing_origin,true,0.309200,0.475000,0.791667,0.000000,0.000000,0.769671,0.769671,555,0.769671,Yersinia pseudotuberculosis,Yersinia,Yersinia,,G_pre1_TARGET_ENGINEERING_COMPOSITE_GENERATED,read_only_unmodified,read_only_unmodified,read_only_unmodified,read_only_unmodified,composite_desc;target_context_desc;target_organism_desc;phage_origin_desc;docking_desc;solubility_no_chaperone_desc;E7_score_desc;source_accession_asc
v5.4.8z2,A0A0H3AZJ6,A0A0H3AZJ6__V52_B0_5bd0bfebf39019f6196c__compound5,V52_B0_5bd0bfebf39019f6196c,ordinary_candidate,not_forced,not_hard_coded,none,no_gold_standard_bonus,not_Q9T0Z9,818,0.330563,0.250000,0.400000,other_or_genus_only_Yersinia,0.100000,other_unknown_non_phage_or_missing_origin,true,0.265600,0.506897,0.844828,0.000000,0.000000,0.771264,0.771264,542,0.771264,Yersinia pseudotuberculosis serotype O:3 (strain YPIII),Yersinia,Yersinia,Tail assembly chaperone gp38,G_pre1_TARGET_ENGINEERING_COMPOSITE_GENERATED,read_only_unmodified,read_only_unmodified,read_only_unmodified,read_only_unmodified,composite_desc;target_context_desc;target_organism_desc;phage_origin_desc;docking_desc;solubility_no_chaperone_desc;E7_score_desc;source_accession_asc
v5.4.8z2,A0A0T9QI62,A0A0T9QI62__V52_B0_9988a2053008646a5c33__compound5,V52_B0_9988a2053008646a5c33,ordinary_candidate,not_forced,not_hard_coded,none,no_gold_standard_bonus,not_Q9T0Z9,819,0.329283,0.250000,0.400000,other_or_genus_only_Yersinia,0.100000,other_unknown_non_phage_or_missing_origin,true,0.269007,0.501493,0.835821,0.000000,0.000000,0.753664,0.753664,664,0.753664,Yersinia pekkanenii,Yersinia,Yersinia,,G_pre1_TARGET_ENGINEERING_COMPOSITE_GENERATED,read_only_unmodified,read_only_unmodified,read_only_unmodified,read_only_unmodified,composite_desc;target_context_desc;target_organism_desc;phage_origin_desc;docking_desc;solubility_no_chaperone_desc;E7_score_desc;source_accession_asc
v5.4.8z2,A0A0H2W0D6,A0A0H2W0D6__V52_B0_270cb33e0c6870a0bf24__compound5,V52_B0_270cb33e0c6870a0bf24,ordinary_candidate,not_forced,not_hard_coded,none,no_gold_standard_bonus,not_Q9T0Z9,820,0.328456,0.250000,0.400000,other_or_genus_only_Yersinia,0.100000,other_unknown_non_phage_or_missing_origin,true,0.319782,0.448515,0.747525,0.000000,0.000000,0.745940,0.745940,712,0.745940,Yersinia pestis,Yersinia,Yersinia,,G_pre1_TARGET_ENGINEERING_COMPOSITE_GENERATED,read_only_unmodified,read_only_unmodified,read_only_unmodified,read_only_unmodified,composite_desc;target_context_desc;target_organism_desc;phage_origin_desc;docking_desc;solubility_no_chaperone_desc;E7_score_desc;source_accession_asc
v5.4.8z2,A0A2G4U1S2,A0A2G4U1S2__V52_B0_4915a6b6d4d26c03302e__compound5,V52_B0_4915a6b6d4d26c03302e,ordinary_candidate,not_forced,not_hard_coded,none,no_gold_standard_bonus,not_Q9T0Z9,821,0.324194,0.250000,0.400000,other_or_genus_only_Yersinia,0.100000,other_unknown_non_phage_or_missing_origin,true,0.335023,0.411793,0.686321,0.000000,0.000000,0.746613,0.746613,708,0.746613,Yersinia bercovieri,Yersinia,Yersinia,,G_pre1_TARGET_ENGINEERING_COMPOSITE_GENERATED,read_only_unmodified,read_only_unmodified,read_only_unmodified,read_only_unmodified,composite_desc;target_context_desc;target_organism_desc;phage_origin_desc;docking_desc;solubility_no_chaperone_desc;E7_score_desc;source_accession_asc
v5.4.8z2,A0ABM9XV01,A0ABM9XV01__V52_B0_c4cdf5813ce6f5f62075__compound5,V52_B0_c4cdf5813ce6f5f62075,ordinary_candidate,not_forced,not_hard_coded,none,no_gold_standard_bonus,not_Q9T0Z9,822,0.322028,0.250000,0.400000,other_or_genus_only_Yersinia,0.100000,other_unknown_non_phage_or_missing_origin,true,0.324627,0.411793,0.686321,0.000000,0.000000,0.744880,0.744880,717,0.744880,Yersinia bercovieri ATCC 43970,Yersinia,Yersinia,,G_pre1_TARGET_ENGINEERING_COMPOSITE_GENERATED,read_only_unmodified,read_only_unmodified,read_only_unmodified,read_only_unmodified,composite_desc;target_context_desc;target_organism_desc;phage_origin_desc;docking_desc;solubility_no_chaperone_desc;E7_score_desc;source_accession_asc
v5.4.8z2,A0ABX5QXI4,A0ABX5QXI4__V52_B0_fa1657046983dba1c5f7__compound5,V52_B0_fa1657046983dba1c5f7,ordinary_candidate,not_forced,not_hard_coded,none,no_gold_standard_bonus,not_Q9T0Z9,823,0.319091,0.250000,0.400000,other_or_genus_only_Yersinia,0.100000,other_unknown_non_phage_or_missing_origin,true,0.283626,0.437234,0.728723,0.000000,0.000000,0.748382,0.748382,696,0.748382,Yersinia hibernica,Yersinia,Yersinia,Tail fiber assembly protein,G_pre1_TARGET_ENGINEERING_COMPOSITE_GENERATED,read_only_unmodified,read_only_unmodified,read_only_unmodified,read_only_unmodified,composite_desc;target_context_desc;target_organism_desc;phage_origin_desc;docking_desc;solubility_no_chaperone_desc;E7_score_desc;source_accession_asc
v5.4.8z2,A0AB72ZJY3,A0AB72ZJY3__V52_B0_97af09321c0c8d77623b__compound5,V52_B0_97af09321c0c8d77623b,ordinary_candidate,not_forced,not_hard_coded,none,no_gold_standard_bonus,not_Q9T0Z9,824,0.318777,0.250000,0.400000,other_or_genus_only_Yersinia,0.100000,other_unknown_non_phage_or_missing_origin,true,0.268131,0.453572,0.755953,0.000000,0.000000,0.738736,0.738736,743,0.738736,Yersinia pestis PY-08,Yersinia,Yersinia,,G_pre1_TARGET_ENGINEERING_COMPOSITE_GENERATED,read_only_unmodified,read_only_unmodified,read_only_unmodified,read_only_unmodified,composite_desc;target_context_desc;target_organism_desc;phage_origin_desc;docking_desc;solubility_no_chaperone_desc;E7_score_desc;source_accession_asc
v5.4.8z2,A0A380QTR9,A0A380QTR9__V52_B0_6badca421ca2136e6b0c__compound5,V52_B0_6badca421ca2136e6b0c,ordinary_candidate,not_forced,not_hard_coded,none,no_gold_standard_bonus,not_Q9T0Z9,825,0.314378,0.250000,0.400000,other_or_genus_only_Yersinia,0.100000,other_unknown_non_phage_or_missing_origin,true,0.243051,0.453191,0.755319,0.000000,0.000000,0.752588,0.752588,670,0.752588,Yersinia ruckeri,Yersinia,Yersinia,,G_pre1_TARGET_ENGINEERING_COMPOSITE_GENERATED,read_only_unmodified,read_only_unmodified,read_only_unmodified,read_only_unmodified,composite_desc;target_context_desc;target_organism_desc;phage_origin_desc;docking_desc;solubility_no_chaperone_desc;E7_score_desc;source_accession_asc
v5.4.8z2,A0A0T9UB25,A0A0T9UB25__V52_B0_f9ce60b298f863f774f2__compound5,V52_B0_f9ce60b298f863f774f2,ordinary_candidate,not_forced,not_hard_coded,none,no_gold_standard_bonus,not_Q9T0Z9,826,0.312594,0.250000,0.400000,other_or_genus_only_Yersinia,0.100000,other_unknown_non_phage_or_missing_origin,true,0.244384,0.445082,0.741803,0.000000,0.000000,0.744021,0.744021,722,0.744021,Yersinia aleksiciae,Yersinia,Yersinia,,G_pre1_TARGET_ENGINEERING_COMPOSITE_GENERATED,read_only_unmodified,read_only_unmodified,read_only_unmodified,read_only_unmodified,composite_desc;target_context_desc;target_organism_desc;phage_origin_desc;docking_desc;solubility_no_chaperone_desc;E7_score_desc;source_accession_asc
v5.4.8z2,A0A0T9U5C6,A0A0T9U5C6__V52_B0_887413a277743b32c980__compound5,V52_B0_887413a277743b32c980,ordinary_candidate,not_forced,not_hard_coded,none,no_gold_standard_bonus,not_Q9T0Z9,827,0.304506,0.250000,0.400000,other_or_genus_only_Yersinia,0.100000,other_unknown_non_phage_or_missing_origin,true,0.373762,0.281250,0.468750,0.000000,0.000000,0.720076,0.720076,785,0.720076,Yersinia aldovae,Yersinia,Yersinia,,G_pre1_TARGET_ENGINEERING_COMPOSITE_GENERATED,read_only_unmodified,read_only_unmodified,read_only_unmodified,read_only_unmodified,composite_desc;target_context_desc;target_organism_desc;phage_origin_desc;docking_desc;solubility_no_chaperone_desc;E7_score_desc;source_accession_asc
