accession,scenario,coverage,lower,upper,historical_rank,best_possible_rank,worst_possible_rank
Q9T0Z9,complete,1,0.8567634000000001,0.8567634000000001,1,1,1
A0A7U4GHF9,complete,1,0.6079810999999999,0.6079810999999999,2,2,2
I7K2S1,complete,1,0.6022094000000001,0.6022094000000001,3,3,3
A0A1V0DXW2,complete,1,0.5993197,0.5993197,4,4,4
A0AAD2UYA7,complete,1,0.5948496,0.5948496,5,5,5
S5MLA1,complete,1,0.5940841000000001,0.5940841000000001,6,6,6
A0A0G2PMU5,complete,1,0.5930661500000001,0.5930661500000001,7,7,7
B3VCL5,complete,1,0.5929393500000001,0.5929393500000001,8,8,8
Q858J8,complete,1,0.5926448500000001,0.5926448500000001,9,9,9
A0AAE7V5N4,complete,1,0.59199615,0.59199615,10,10,10
A0A6M3G9R6,complete,1,0.5903718000000001,0.5903718000000001,11,11,11
A0A0P0LE96,complete,1,0.5893095,0.5893095,12,12,12
A0A0H3NKM1,complete,1,0.5881027000000001,0.5881027000000001,13,13,13
A0A0U2DXE3,complete,1,0.5865121500000001,0.5865121500000001,14,14,14
S5M3B5,complete,1,0.5858708,0.5858708,15,15,15
A0A7U4GE98,complete,1,0.58549195,0.58549195,16,16,16
A0AAE9FSZ1,complete,1,0.5854195500000001,0.5854195500000001,17,17,17
A0AAE9FUR5,complete,1,0.5824681,0.5824681,18,18,18
A0AAT9S6U3,complete,1,0.5821226500000001,0.5821226500000001,19,19,19
A0AAX4Q2K6,complete,1,0.5793901,0.5793901,20,20,20
A0A449C531,complete,1,0.5748304500000001,0.5748304500000001,21,21,21
A0AAE7S353,complete,1,0.5723804000000001,0.5723804000000001,22,22,22
A0A9P1PWH0,complete,1,0.570609,0.570609,23,23,23
Q858U5,complete,1,0.5686935000000001,0.5686935000000001,24,24,24
A0A7U4JZS3,complete,1,0.5684455,0.5684455,25,25,25
I7LHK5,complete,1,0.5680443000000001,0.5680443000000001,26,26,26
A0A0H3NZ47,complete,1,0.5673409500000001,0.5673409500000001,27,27,27
A0A449C3Z7,complete,1,0.5671323500000001,0.5671323500000001,28,28,28
I7K3G3,complete,1,0.56711005,0.56711005,29,29,29
A0A449C5Q6,complete,1,0.5660822500000001,0.5660822500000001,30,30,30
I6Q9A1,complete,1,0.5655649500000001,0.5655649500000001,31,31,31
A0A7D3UKK9,complete,1,0.56549545,0.56549545,32,32,32
A0A449C440,complete,1,0.5652358000000001,0.5652358000000001,33,33,33
F4N2J8,complete,1,0.56466165,0.56466165,34,34,34
A0A449C5Z2,complete,1,0.56450665,0.56450665,35,35,35
F4N729,complete,1,0.5643558,0.5643558,36,36,36
S5ML14,complete,1,0.5638441500000001,0.5638441500000001,37,37,37
I7LHJ5,complete,1,0.5636619,0.5636619,38,38,38
A0A449C555,complete,1,0.5630087500000001,0.5630087500000001,39,39,39
A0AAE9FQ76,complete,1,0.56183815,0.56183815,40,40,40
A0A1V0DXT2,complete,1,0.5614061,0.5614061,41,41,41
I7K324,complete,1,0.560964,0.560964,42,42,42
A0A0G2PMY8,complete,1,0.5602274500000001,0.5602274500000001,43,43,43
A0A088F649,complete,1,0.5583170000000001,0.5583170000000001,44,44,44
S5M9F2,complete,1,0.5579357,0.5579357,45,45,45
A0AAE7CTI2,complete,1,0.55770295,0.55770295,46,46,46
A0A0B4ZXE3,complete,1,0.5572894,0.5572894,47,47,47
A0A0H3NZ57,complete,1,0.5571457000000001,0.5571457000000001,48,48,48
S5MRA5,complete,1,0.5564631500000001,0.5564631500000001,49,49,49
A0A0B5A4Q9,complete,1,0.5553145500000001,0.5553145500000001,50,50,50
A0A3B8DLH1,complete,1,0.5552142500000001,0.5552142500000001,51,51,51
A0A449C3U4,complete,1,0.5551819000000001,0.5551819000000001,52,52,52
A0AAX4Q199,complete,1,0.5544845,0.5544845,53,53,53
A0A6M3GA37,complete,1,0.554394,0.554394,54,54,54
A0A1V0DXR7,complete,1,0.5541732500000001,0.5541732500000001,55,55,55
A0A0G2PMU8,complete,1,0.5538402,0.5538402,56,56,56
A0AAE9JYJ2,complete,1,0.5537698000000001,0.5537698000000001,57,57,57
I7J474,complete,1,0.5537533000000001,0.5537533000000001,58,58,58
I7KR83,complete,1,0.5530154500000001,0.5530154500000001,59,59,59
A0ZXG5,complete,1,0.5530070500000001,0.5530070500000001,60,60,60
A0A449C435,complete,1,0.5518419000000001,0.5518419000000001,61,61,61
A0A7U4K0B3,complete,1,0.5513614,0.5513614,62,62,62
A0AAE9FRM6,complete,1,0.55133405,0.55133405,63,63,63
A0AAE7PDX0,complete,1,0.5512012500000001,0.5512012500000001,64,64,64
A0A2C9CXH4,complete,1,0.5510172500000001,0.5510172500000001,65,65,65
A0A7D3UH03,complete,1,0.5508934000000001,0.5508934000000001,66,66,66
A0AA51VH76,complete,1,0.55071875,0.55071875,67,67,67
A0A2H1UJ87,complete,1,0.5504185500000001,0.5504185500000001,68,68,68
A0A449C528,complete,1,0.5503334500000001,0.5503334500000001,69,69,69
A0A6M3GA49,complete,1,0.5502666500000001,0.5502666500000001,70,70,70
A0A1V0DXD5,complete,1,0.5502461000000001,0.5502461000000001,71,71,71
A0A3B8DLJ2,complete,1,0.5500443,0.5500443,72,72,72
A0AAE7PDK2,complete,1,0.5492292000000001,0.5492292000000001,73,73,73
F4N728,complete,1,0.5490188,0.5490188,74,74,74
A0AAE9JVZ5,complete,1,0.5487625500000001,0.5487625500000001,75,75,75
A0A449C5C7,complete,1,0.5487307000000001,0.5487307000000001,76,76,76
I7LH81,complete,1,0.5487222,0.5487222,77,77,77
A0A1V0DXT5,complete,1,0.5485884000000001,0.5485884000000001,78,78,78
A0A6M3G969,complete,1,0.5482373500000001,0.5482373500000001,79,79,79
A0AAX4Q2X2,complete,1,0.54798745,0.54798745,80,80,80
A0A2D0PE70,complete,1,0.5473919,0.5473919,81,81,81
A0A0H3NU58,complete,1,0.54658965,0.54658965,82,82,82
A0A449C3S4,complete,1,0.5465476000000001,0.5465476000000001,83,83,83
S5MRE6,complete,1,0.5464760000000001,0.5464760000000001,84,84,84
A0A3B8DL31,complete,1,0.5464212,0.5464212,85,85,85
A0AA86IWK5,complete,1,0.5461542500000001,0.5461542500000001,86,86,86
I7J3W0,complete,1,0.5460768500000001,0.5460768500000001,87,87,87
A0A0B5A4J3,complete,1,0.54464325,0.54464325,88,88,88
A0A449C6D2,complete,1,0.5441825,0.5441825,89,89,89
A0A0B5A2V7,complete,1,0.5437670500000001,0.5437670500000001,90,90,90
A0A449C638,complete,1,0.54341035,0.54341035,91,91,91
A0A449C6B7,complete,1,0.5432272,0.5432272,92,92,92
A0A6M3G916,complete,1,0.5428397500000001,0.5428397500000001,93,93,93
S5M3A7,complete,1,0.5427896000000001,0.5427896000000001,94,94,94
I7K354,complete,1,0.5421489500000001,0.5421489500000001,95,95,95
A0A7D3QKX7,complete,1,0.5408650500000001,0.5408650500000001,96,96,96
A0A449C4D0,complete,1,0.54057995,0.54057995,97,97,97
A0A7D3V1W8,complete,1,0.5403043000000001,0.5403043000000001,98,98,98
A0A0B5A2N3,complete,1,0.5400854500000001,0.5400854500000001,99,99,99
A0A449C3T4,complete,1,0.54003535,0.54003535,100,100,100
A0AAX4M7A4,complete,1,0.54003155,0.54003155,101,101,101
A0AAX4Q2U9,complete,1,0.5396745500000001,0.5396745500000001,102,102,102
A0AAD2UWV2,complete,1,0.5393474,0.5393474,103,103,103
A0A0H3NZ59,complete,1,0.5391635,0.5391635,104,104,104
I7KRU3,complete,1,0.5390610000000001,0.5390610000000001,105,105,105
A0A7D3QQ81,complete,1,0.5387874000000001,0.5387874000000001,106,106,106
A0AAE7V728,complete,1,0.5386312500000001,0.5386312500000001,107,107,107
A0AAE9FLD0,complete,1,0.5384418000000001,0.5384418000000001,108,108,108
A0A1V0DXX1,complete,1,0.5380023,0.5380023,109,109,109
A0AAX4M7M8,complete,1,0.5378899500000001,0.5378899500000001,110,110,110
A0A7T9XU25,complete,1,0.5376621500000001,0.5376621500000001,111,111,111
A0A449C5D9,complete,1,0.5372110500000001,0.5372110500000001,112,112,112
A0A0H3NP24,complete,1,0.53707455,0.53707455,113,113,113
A0A3B8DLI7,complete,1,0.5369841000000001,0.5369841000000001,114,114,114
A0A1V0DXS1,complete,1,0.5365009000000001,0.5365009000000001,115,115,115
A0A2D0PCZ8,complete,1,0.5362225,0.5362225,116,116,116
A0A449C3Q1,complete,1,0.5360724000000001,0.5360724000000001,117,117,117
A0A2D0PE10,complete,1,0.5359998,0.5359998,118,118,118
A0A0H3NSE3,complete,1,0.5354944,0.5354944,119,119,119
A0A2H1X991,complete,1,0.5353541,0.5353541,120,120,120
A0A6M3G8D1,complete,1,0.5350126000000001,0.5350126000000001,121,121,121
A0AAE6YPH1,complete,1,0.5348399,0.5348399,122,122,122
A0AAE9FRR2,complete,1,0.53469485,0.53469485,123,123,123
A0AA51VJM6,complete,1,0.5345921000000001,0.5345921000000001,124,124,124
A0AAE9FQ04,complete,1,0.5345064500000001,0.5345064500000001,125,125,125
A0A6M3G876,complete,1,0.5344696000000001,0.5344696000000001,126,126,126
S5M7B3,complete,1,0.5338186500000001,0.5338186500000001,127,127,127
A0A449C608,complete,1,0.5337139500000001,0.5337139500000001,128,128,128
A0A7D3QML5,complete,1,0.5336831500000001,0.5336831500000001,129,129,129
A0AAX4Q195,complete,1,0.533097,0.533097,130,130,130
A0A0B4ZZM3,complete,1,0.53289655,0.53289655,131,131,131
A0A449C619,complete,1,0.5326655000000001,0.5326655000000001,132,132,132
I7LH90,complete,1,0.5326445000000001,0.5326445000000001,133,133,133
A0AAE9FKC7,complete,1,0.5324008000000001,0.5324008000000001,134,134,134
A1JNF1,complete,1,0.53132955,0.53132955,135,135,135
A0A7D3QJ92,complete,1,0.5308396000000001,0.5308396000000001,136,136,136
A0A6M3G874,complete,1,0.53049595,0.53049595,137,137,137
S5ML49,complete,1,0.53014455,0.53014455,138,138,138
A0A449C567,complete,1,0.5299014000000001,0.5299014000000001,139,139,139
A0AAE6YNJ4,complete,1,0.5298512000000001,0.5298512000000001,140,140,140
A0A6M3G8B9,complete,1,0.52978665,0.52978665,141,141,141
A0A3B8DYI1,complete,1,0.5297101500000001,0.5297101500000001,142,142,142
I7K3U3,complete,1,0.52954915,0.52954915,143,143,143
I7KRG5,complete,1,0.5291172500000001,0.5291172500000001,144,144,144
A0A1V0DXW6,complete,1,0.5290871500000001,0.5290871500000001,145,145,145
I7K349,complete,1,0.5287769000000001,0.5287769000000001,146,146,146
A0A449C4X7,complete,1,0.5285724500000001,0.5285724500000001,147,147,147
S5M3D7,complete,1,0.5283388500000001,0.5283388500000001,148,148,148
A0AAE9FSY2,complete,1,0.5277868000000001,0.5277868000000001,149,149,149
A0A7U4GCC7,complete,1,0.5277035,0.5277035,150,150,150
S5M7E4,complete,1,0.5275784000000001,0.5275784000000001,151,151,151
A0A449C3W7,complete,1,0.5274158000000001,0.5274158000000001,152,152,152
A0A449C5Z9,complete,1,0.5269561,0.5269561,153,153,153
S5ML17,complete,1,0.5267558000000001,0.5267558000000001,154,154,154
A0AAE9FRD5,complete,1,0.5257847500000001,0.5257847500000001,155,155,155
A0A2C9CZQ3,complete,1,0.5256697,0.5256697,156,156,156
A0AA86IYU9,complete,1,0.52552885,0.52552885,157,157,157
A0A2C9CYF4,complete,1,0.5252218500000001,0.5252218500000001,158,158,158
A0A3B8E1I5,complete,1,0.5249459500000001,0.5249459500000001,159,159,159
A0A7U4GG50,complete,1,0.5248498500000001,0.5248498500000001,160,160,160
I7J3Y3,complete,1,0.5247111000000001,0.5247111000000001,161,161,161
I7KRT2,complete,1,0.5244662000000001,0.5244662000000001,162,162,162
A0A7D3QKS7,complete,1,0.5238250000000001,0.5238250000000001,163,163,163
A0A1V0DXV4,complete,1,0.5235668000000001,0.5235668000000001,164,164,164
A0A7U4GDH6,complete,1,0.52317515,0.52317515,165,165,165
A0A0H3NQY6,complete,1,0.52308325,0.52308325,166,166,166
A0A449C532,complete,1,0.5226231000000001,0.5226231000000001,167,167,167
A0AAE7TQG4,complete,1,0.5221056500000001,0.5221056500000001,168,168,168
A0A449C648,complete,1,0.5219265500000001,0.5219265500000001,169,169,169
I7LF14,complete,1,0.5218436000000001,0.5218436000000001,170,170,170
A0A3B8DL36,complete,1,0.5218426500000001,0.5218426500000001,171,171,171
A0AAE7TR04,complete,1,0.5214776000000001,0.5214776000000001,172,172,172
A0AAE7PH03,complete,1,0.52142085,0.52142085,173,173,173
A0AAE6YNV4,complete,1,0.5207853000000001,0.5207853000000001,174,174,174
I6Q8T5,complete,1,0.5205374,0.5205374,175,175,175
A0A1V0DXR4,complete,1,0.5205157,0.5205157,176,176,176
F4N708,complete,1,0.51995855,0.51995855,177,177,177
A0A449C3X5,complete,1,0.5198349000000001,0.5198349000000001,178,178,178
A0AAE9JXJ1,complete,1,0.5189351500000001,0.5189351500000001,179,179,179
A0A449C469,complete,1,0.5187558000000001,0.5187558000000001,180,180,180
A0A449C5X9,complete,1,0.5184722500000001,0.5184722500000001,181,181,181
A0A449C542,complete,1,0.5184060500000001,0.5184060500000001,182,182,182
A0A3B8DYS4,complete,1,0.5179297500000001,0.5179297500000001,183,183,183
A0A449C597,complete,1,0.5178767000000001,0.5178767000000001,184,184,184
A0A0B5A4M1,complete,1,0.5176032500000001,0.5176032500000001,185,185,185
A0A0B5A2T1,complete,1,0.5174084500000001,0.5174084500000001,186,186,186
A0A7U4GDF9,complete,1,0.5168498,0.5168498,187,187,187
A0A3B8DYH7,complete,1,0.5167019500000001,0.5167019500000001,188,188,188
A0A2D0PDX6,complete,1,0.5159298000000001,0.5159298000000001,189,189,189
S5M7K0,complete,1,0.5156245500000001,0.5156245500000001,190,190,190
A0A7D3UL75,complete,1,0.5154099500000001,0.5154099500000001,191,191,191
A0AAE7V5W0,complete,1,0.5153984,0.5153984,192,192,192
A0A9P1PUV5,complete,1,0.51486915,0.51486915,193,193,193
A0AAE7S224,complete,1,0.5146261500000001,0.5146261500000001,194,194,194
A0ABP1YI01,complete,1,0.51453475,0.51453475,195,195,195
A0A449C541,complete,1,0.5132759000000001,0.5132759000000001,196,196,196
A0A2C9CYV8,complete,1,0.5130638500000001,0.5130638500000001,197,197,197
A0A0B4ZZK4,complete,1,0.5130157000000001,0.5130157000000001,198,198,198
A0ABP1YEP8,complete,1,0.51263905,0.51263905,199,199,199
A0AAE9FQP6,complete,1,0.5122306000000001,0.5122306000000001,200,200,200
A0AAE7V7A7,complete,1,0.5117881000000001,0.5117881000000001,201,201,201
A0AA86J4Z9,complete,1,0.51171085,0.51171085,202,202,202
A0AAX4M766,complete,1,0.5111691,0.5111691,203,203,203
A0AAX4M771,complete,1,0.5111083000000001,0.5111083000000001,204,204,204
A0A0B4ZXG6,complete,1,0.5104236000000001,0.5104236000000001,205,205,205
A0AAE9FPR6,complete,1,0.5100632,0.5100632,206,206,206
A1JK73,complete,1,0.5086065000000001,0.5086065000000001,207,207,207
A0AA86J574,complete,1,0.5084576000000001,0.5084576000000001,208,208,208
I7KRB0,complete,1,0.5079088,0.5079088,209,209,209
A0AAE6YPB5,complete,1,0.5077124500000001,0.5077124500000001,210,210,210
A0A6M3G945,complete,1,0.50749935,0.50749935,211,211,211
S5MRE0,complete,1,0.5072856000000001,0.5072856000000001,212,212,212
A0AAE9FV72,complete,1,0.5069360500000001,0.5069360500000001,213,213,213
A0A3B8E5R1,complete,1,0.5066648,0.5066648,214,214,214
A0AAE9FSV4,complete,1,0.5065273,0.5065273,215,215,215
A0ABP1XZ23,complete,1,0.5064508000000001,0.5064508000000001,216,216,216
I7LEG3,complete,1,0.50616585,0.50616585,217,217,217
A0A9P1UYK8,complete,1,0.5057449,0.5057449,218,218,218
A0ABM9SIE6,complete,1,0.50556215,0.50556215,219,219,219
A0A449C473,complete,1,0.5052165000000001,0.5052165000000001,220,220,220
A0A7U4GE85,complete,1,0.50505955,0.50505955,221,221,221
A0A7D3V4S6,complete,1,0.5049894500000001,0.5049894500000001,222,222,222
A0A2D0PDR4,complete,1,0.50470585,0.50470585,223,223,223
A0A7T9XT11,complete,1,0.5043721000000001,0.5043721000000001,224,224,224
A0AAE9JYN2,complete,1,0.5038525500000001,0.5038525500000001,225,225,225
A1JNA9,complete,1,0.50345305,0.50345305,226,226,226
A0AAE9JW72,complete,1,0.5033219500000001,0.5033219500000001,227,227,227
A0A9P1PT53,complete,1,0.5027874,0.5027874,228,228,228
I7LEN8,complete,1,0.5024859500000001,0.5024859500000001,229,229,229
Q858V3,complete,1,0.5021914000000001,0.5021914000000001,230,230,230
A0ABP1YG46,complete,1,0.5018383,0.5018383,231,231,231
A0A0H3NU55,complete,1,0.5006408000000001,0.5006408000000001,232,232,232
A0A449C3Q7,complete,1,0.50058915,0.50058915,233,233,233
A0A449C610,complete,1,0.5005280000000001,0.5005280000000001,234,234,234
A0ABP1YH51,complete,1,0.5003715,0.5003715,235,235,235
A0A2D0PE26,complete,1,0.5002743500000001,0.5002743500000001,236,236,236
A0A0H5HBD5,complete,1,0.49994495,0.49994495,237,237,237
A0ABM9S2F3,complete,1,0.49988795,0.49988795,238,238,238
A0ABM9S2J3,complete,1,0.49986275,0.49986275,239,239,239
A0A6M3G872,complete,1,0.4995331500000001,0.4995331500000001,240,240,240
A0A0H5GK99,complete,1,0.49924440000000003,0.49924440000000003,241,241,241
A0A0H3NQF5,complete,1,0.4987116000000001,0.4987116000000001,242,242,242
A0AAE9FL40,complete,1,0.4969437500000001,0.4969437500000001,243,243,243
A0A2H1UJ90,complete,1,0.4968002000000001,0.4968002000000001,244,244,244
A0A6M3G8P6,complete,1,0.49663310000000005,0.49663310000000005,245,245,245
A0A0B5A2L0,complete,1,0.4964882500000001,0.4964882500000001,246,246,246
A0A449C6B2,complete,1,0.4957046500000001,0.4957046500000001,247,247,247
A0A0H5H8V4,complete,1,0.49488350000000003,0.49488350000000003,248,248,248
F4N731,complete,1,0.49435655,0.49435655,249,249,249
A0A7U4K299,complete,1,0.49417020000000006,0.49417020000000006,250,250,250
A0A9P1PUI1,complete,1,0.49377305000000005,0.49377305000000005,251,251,251
A0ABM9S1Y8,complete,1,0.49321975,0.49321975,252,252,252
A0AAD2Z2V4,complete,1,0.49296215000000004,0.49296215000000004,253,253,253
A0AAD2Z484,complete,1,0.48958670000000004,0.48958670000000004,254,254,254
A0ABM9SIR4,complete,1,0.48948715000000004,0.48948715000000004,255,255,255
A0A9P1PVU6,complete,1,0.4894715,0.4894715,256,256,256
A0ABP1Y817,complete,1,0.4889093,0.4889093,257,257,257
A0A449C4V3,complete,1,0.48864665000000007,0.48864665000000007,258,258,258
F4N725,complete,1,0.48825535000000003,0.48825535000000003,259,259,259
A0A7U4GDF4,complete,1,0.4874084000000001,0.4874084000000001,260,260,260
A0A3G8F0J9,complete,1,0.48695885000000005,0.48695885000000005,261,261,261
A0A2H1UJE7,complete,1,0.4868757000000001,0.4868757000000001,262,262,262
A0AAD2V1D7,complete,1,0.4868176,0.4868176,263,263,263
A0A0H5H5S4,complete,1,0.48552505,0.48552505,264,264,264
A0A7U0AV15,complete,1,0.48472515000000005,0.48472515000000005,265,265,265
A0A0H5HAG0,complete,1,0.48360780000000003,0.48360780000000003,266,266,266
F2Q846,complete,1,0.48350370000000004,0.48350370000000004,267,267,267
A0AAD2Z5G5,complete,1,0.48265630000000004,0.48265630000000004,268,268,268
A0AAT9S9R9,complete,1,0.48259160000000006,0.48259160000000006,269,269,269
A0A2D0PDA0,complete,1,0.48221185000000005,0.48221185000000005,270,270,270
A0AAD2UW33,complete,1,0.48151210000000005,0.48151210000000005,271,271,271
A0A0H5G2H5,complete,1,0.48108975000000004,0.48108975000000004,272,272,272
A0A7T9XU34,complete,1,0.48105005000000006,0.48105005000000006,273,273,273
A0A0T7P7W8,complete,1,0.48103660000000004,0.48103660000000004,274,274,274
A1JK75,complete,1,0.48078650000000006,0.48078650000000006,275,275,275
A0ABP1Y7A6,complete,1,0.4797092,0.4797092,276,276,276
A0ABM9S4S5,complete,1,0.47938080000000005,0.47938080000000005,277,277,277
A0A7T9XU28,complete,1,0.47930720000000004,0.47930720000000004,278,278,278
A0A7U4GEA5,complete,1,0.47869880000000004,0.47869880000000004,279,279,279
A0A7U0ASF4,complete,1,0.47869135,0.47869135,280,280,280
A1JMQ3,complete,1,0.47818205,0.47818205,281,281,281
A0ABP1Y442,complete,1,0.4779258,0.4779258,282,282,282
A0A0T7PAJ5,complete,1,0.47740975,0.47740975,283,283,283
A0A9P1V089,complete,1,0.47593545000000004,0.47593545000000004,284,284,284
A0A0H5EYN4,complete,1,0.47294045,0.47294045,285,285,285
A0A0H5GK90,complete,1,0.4728751,0.4728751,286,286,286
A0A9P1PUD9,complete,1,0.4724144,0.4724144,287,287,287
A0A7U4K0Q6,complete,1,0.47214995000000004,0.47214995000000004,288,288,288
A0A0H5H5L7,complete,1,0.47206455,0.47206455,289,289,289
S5M3A2,complete,1,0.47114445000000005,0.47114445000000005,290,290,290
A0A9P1PW91,complete,1,0.47110255,0.47110255,291,291,291
A0ABM9SIJ1,complete,1,0.47100105000000003,0.47100105000000003,292,292,292
A0A7U0AT10,complete,1,0.47082225,0.47082225,293,293,293
A0A7U0AVA4,complete,1,0.47080615000000003,0.47080615000000003,294,294,294
A0A9P1PWI0,complete,1,0.4707349,0.4707349,295,295,295
A1JND9,complete,1,0.46968855000000004,0.46968855000000004,296,296,296
A0A0T7PAK2,complete,1,0.4692466,0.4692466,297,297,297
A0A7U0AWS6,complete,1,0.4679534,0.4679534,298,298,298
A0ABP1YED8,complete,1,0.4677468,0.4677468,299,299,299
A0A9P1V3L8,complete,1,0.46699185000000004,0.46699185000000004,300,300,300
A0A9P1PV32,complete,1,0.4651012,0.4651012,301,301,301
A0A449C694,complete,1,0.4637444500000001,0.4637444500000001,302,302,302
A0A7U4K153,complete,1,0.46302849999999995,0.46302849999999995,303,303,303
A0A2H1X986,complete,1,0.46249095000000007,0.46249095000000007,304,304,304
A0A0H5H701,complete,1,0.4616468,0.4616468,305,305,305
A0ABP1YGH5,complete,1,0.46144015000000005,0.46144015000000005,306,306,306
A0A9P1UYL2,complete,1,0.46068215,0.46068215,307,307,307
A0AAD2Z3Y9,complete,1,0.46036195,0.46036195,308,308,308
A0A0H5HA66,complete,1,0.46030375000000007,0.46030375000000007,309,309,309
A0A0T9PR46,complete,1,0.45973510000000006,0.45973510000000006,310,310,310
A0ABM9S4S8,complete,1,0.45885420000000005,0.45885420000000005,311,311,311
A0A9P1PT68,complete,1,0.4583631,0.4583631,312,312,312
A0A9P1V1H6,complete,1,0.45393855000000005,0.45393855000000005,313,313,313
A0A857F0P1,complete,1,0.45194825000000005,0.45194825000000005,314,314,314
F4N727,complete,1,0.45009985,0.45009985,315,315,315
A0AB73QMA1,complete,1,0.44861685,0.44861685,316,316,316
A0AAD2Z8P4,complete,1,0.44732220000000006,0.44732220000000006,317,317,317
A0A0H5LRI9,complete,1,0.44523565000000004,0.44523565000000004,318,318,318
A0A0B4ZZ77,complete,1,0.44411485000000006,0.44411485000000006,319,319,319
A0AAD2UW21,complete,1,0.44188425,0.44188425,320,320,320
A0A0H5H5S7,complete,1,0.440792,0.440792,321,321,321
A0A0T9Q3J3,complete,1,0.4376628,0.4376628,322,322,322
A0A0T9PX62,complete,1,0.43731095000000003,0.43731095000000003,323,323,323
A0AAW7K9U6,complete,1,0.43669735000000004,0.43669735000000004,324,324,324
A0A0H3B5E1,complete,1,0.43612140000000005,0.43612140000000005,325,325,325
A0A0T9QCI9,complete,1,0.43547985000000006,0.43547985000000006,326,326,326
A0ABX5QXK4,complete,1,0.43427360000000004,0.43427360000000004,327,327,327
A0A0T9RET2,complete,1,0.4340087,0.4340087,328,328,328
A0AAD2Z3C0,complete,1,0.4325841,0.4325841,329,329,329
A0ABM9Y807,complete,1,0.43183565,0.43183565,330,330,330
A0AAV3BI89,complete,1,0.4315393,0.4315393,331,331,331
A0ABM9SSL7,complete,1,0.42880910000000005,0.42880910000000005,332,332,332
A0ABM9TCZ7,complete,1,0.4285949,0.4285949,333,333,333
A0A0H3B6N5,complete,1,0.42821295000000004,0.42821295000000004,334,334,334
A0AA36LLT8,complete,1,0.42793985000000007,0.42793985000000007,335,335,335
A0A0T9UVK0,complete,1,0.42752775000000004,0.42752775000000004,336,336,336
A0A0T9KM81,complete,1,0.42750045000000003,0.42750045000000003,337,337,337
A0ABM9Y805,complete,1,0.42662710000000004,0.42662710000000004,338,338,338
A0AB73PI84,complete,1,0.42578330000000003,0.42578330000000003,339,339,339
A0A0E1NTH1,complete,1,0.42560390000000003,0.42560390000000003,340,340,340
A0ABW9EXB2,complete,1,0.42546535,0.42546535,341,341,341
A0AB72ZKZ2,complete,1,0.42492120000000005,0.42492120000000005,342,342,342
A0A0T9KX64,complete,1,0.4241674,0.4241674,343,343,343
Q66BM0,complete,1,0.42377040000000005,0.42377040000000005,344,344,344
A0AAI8ZUU9,complete,1,0.42371515000000004,0.42371515000000004,345,345,345
A0ABM6UUX5,complete,1,0.4235283,0.4235283,346,346,346
A0ABP2EH72,complete,1,0.4234252,0.4234252,347,347,347
A0A0A8VKM3,complete,1,0.42304505000000003,0.42304505000000003,348,348,348
A0AA36LPU1,complete,1,0.42296645000000005,0.42296645000000005,349,349,349
A0A0T9LS41,complete,1,0.42231825,0.42231825,350,350,350
A0A0H3B6E3,complete,1,0.42196555,0.42196555,351,351,351
A0AB72ZMY1,complete,1,0.42115860000000005,0.42115860000000005,352,352,352
A0A0T9MH64,complete,1,0.4207767,0.4207767,353,353,353
A0A2G4U2G2,complete,1,0.42039315,0.42039315,354,354,354
A0ABX5R0C5,complete,1,0.42029565,0.42029565,355,355,355
A0ABM9XWV8,complete,1,0.41983400000000004,0.41983400000000004,356,356,356
A0ABM7AH44,complete,1,0.4198199,0.4198199,357,357,357
A0A380PQB1,complete,1,0.41962525000000006,0.41962525000000006,358,358,358
A0ABY5UJG2,complete,1,0.41926725000000004,0.41926725000000004,359,359,359
A0A0H3B4K0,complete,1,0.4191418,0.4191418,360,360,360
A0AA36LNC6,complete,1,0.41898345000000004,0.41898345000000004,361,361,361
A0A0T9TRC6,complete,1,0.4188103,0.4188103,362,362,362
A0A0H3B3D7,complete,1,0.41836490000000004,0.41836490000000004,363,363,363
A0A380PNY7,complete,1,0.41772405,0.41772405,364,364,364
A0ABM6UP52,complete,1,0.41761305000000004,0.41761305000000004,365,365,365
A0A380PNE2,complete,1,0.41760635,0.41760635,366,366,366
A0ABM9TDA6,complete,1,0.4174936,0.4174936,367,367,367
A0ABM9TCS0,complete,1,0.4174239,0.4174239,368,368,368
A0A0H5M9D5,complete,1,0.41695875000000004,0.41695875000000004,369,369,369
A0A085U5Z0,complete,1,0.4167599,0.4167599,370,370,370
A0AAV3B8C3,complete,1,0.41657055000000004,0.41657055000000004,371,371,371
A0A0T9QDU9,complete,1,0.41617685000000004,0.41617685000000004,372,372,372
A1JQS5,complete,1,0.41616365000000005,0.41616365000000005,373,373,373
A0ABW9EYQ1,complete,1,0.41602105,0.41602105,374,374,374
A0AAX2I043,complete,1,0.41454660000000004,0.41454660000000004,375,375,375
A0A208ZSG0,complete,1,0.4142363,0.4142363,376,376,376
A0AA90Y526,complete,1,0.4139122,0.4139122,377,377,377
A0A380QTF7,complete,1,0.4137564,0.4137564,378,378,378
A0A085U317,complete,1,0.41329225,0.41329225,379,379,379
A0A2U2GXH7,complete,1,0.4129687,0.4129687,380,380,380
A0ABR4W9H6,complete,1,0.41290845000000004,0.41290845000000004,381,381,381
A0AB72ZDV0,complete,1,0.41270130000000005,0.41270130000000005,382,382,382
A0ABR4VWS1,complete,1,0.4126458,0.4126458,383,383,383
A0AB73Q5K2,complete,1,0.41254430000000003,0.41254430000000003,384,384,384
A0A0T9UHA7,complete,1,0.41245595,0.41245595,385,385,385
A0A0U1R2N4,complete,1,0.41218615000000003,0.41218615000000003,386,386,386
A0A380PNP9,complete,1,0.41212125000000005,0.41212125000000005,387,387,387
A0A0T9QV26,complete,1,0.412074,0.412074,388,388,388
A0ABM9XUV6,complete,1,0.41156480000000006,0.41156480000000006,389,389,389
A0A0T9PYB4,complete,1,0.41136465000000005,0.41136465000000005,390,390,390
A0ABM6BHQ6,complete,1,0.4106981,0.4106981,391,391,391
A0A0H3B678,complete,1,0.41066400000000003,0.41066400000000003,392,392,392
A0A0U1QVC6,complete,1,0.4105848,0.4105848,393,393,393
A0AA90XZS1,complete,1,0.4103715,0.4103715,394,394,394
A0A0H3B1B9,complete,1,0.41015505,0.41015505,395,395,395
A0AB73Q656,complete,1,0.409821,0.409821,396,396,396
A0A209A9L1,complete,1,0.40970300000000004,0.40970300000000004,397,397,397
A0ABM5UHV5,complete,1,0.4095901,0.4095901,398,398,398
A0AB72ZL33,complete,1,0.409542,0.409542,399,399,399
A0A2G4TYK3,complete,1,0.4094202,0.4094202,400,400,400
A0ABR4W5R8,complete,1,0.40934945,0.40934945,401,401,401
A0A0A8VDN9,complete,1,0.4092536,0.4092536,402,402,402
A0AAI8ZVG7,complete,1,0.40910830000000004,0.40910830000000004,403,403,403
A0A0H5MHG7,complete,1,0.40861055,0.40861055,404,404,404
A0AAX2I0L3,complete,1,0.4085956,0.4085956,405,405,405
A0AA36PIC1,complete,1,0.40842535,0.40842535,406,406,406
A0AAV3BAT5,complete,1,0.4082099,0.4082099,407,407,407
A0ABM6UW81,complete,1,0.40772225,0.40772225,408,408,408
A0ABX5R0V5,complete,1,0.40737255,0.40737255,409,409,409
A0A0T9MSU1,complete,1,0.40729605,0.40729605,410,410,410
A0ABP1Z8F7,complete,1,0.40664805000000004,0.40664805000000004,411,411,411
A0AB73QHN9,complete,1,0.40660105,0.40660105,412,412,412
A0AB73NKW1,complete,1,0.40650365,0.40650365,413,413,413
A0AAV3B8C2,complete,1,0.4064966,0.4064966,414,414,414
A0AB73PP81,complete,1,0.40634055,0.40634055,415,415,415
A0A0T9LN66,complete,1,0.40630925,0.40630925,416,416,416
A0ABM7AGN3,complete,1,0.40583325000000003,0.40583325000000003,417,417,417
A0ABM5U8M7,complete,1,0.4056516,0.4056516,418,418,418
A0ABN4CNM4,complete,1,0.40560325,0.40560325,419,419,419
A0A0T9RQ76,complete,1,0.4054607,0.4054607,420,420,420
A0ABX6FH78,complete,1,0.40530705,0.40530705,421,421,421
A0A380PNA2,complete,1,0.4048822,0.4048822,422,422,422
A0AA44I1R7,complete,1,0.40476905,0.40476905,423,423,423
A0ABP2DZT0,complete,1,0.40422275,0.40422275,424,424,424
A0ABY5UX71,complete,1,0.4040664,0.4040664,425,425,425
A0AB73QFS4,complete,1,0.40387625000000005,0.40387625000000005,426,426,426
A0A380PUT3,complete,1,0.40377850000000004,0.40377850000000004,427,427,427
A0A085U7Z9,complete,1,0.40369855000000004,0.40369855000000004,428,428,428
A0A208ZSG3,complete,1,0.40352015,0.40352015,429,429,429
A0ABM9TGV0,complete,1,0.4034415,0.4034415,430,430,430
A0AA44CPT5,complete,1,0.40316045,0.40316045,431,431,431
A0A0T9KLV1,complete,1,0.40306795000000006,0.40306795000000006,432,432,432
A0ABW9ETP4,complete,1,0.40302965,0.40302965,433,433,433
A0A0E1NNL7,complete,1,0.40285745000000006,0.40285745000000006,434,434,434
A0A0U1QWC7,complete,1,0.40262465000000003,0.40262465000000003,435,435,435
A0ABM9STX9,complete,1,0.40252160000000003,0.40252160000000003,436,436,436
A0A380QTH7,complete,1,0.40249880000000005,0.40249880000000005,437,437,437
A0ABM6UUN8,complete,1,0.40180055000000003,0.40180055000000003,438,438,438
A0A2G4U293,complete,1,0.40170885,0.40170885,439,439,439
A0ABM5SR09,complete,1,0.40168190000000004,0.40168190000000004,440,440,440
Q666T9,complete,1,0.40167410000000003,0.40167410000000003,441,441,441
A0A0T9QEA5,complete,1,0.4016378,0.4016378,442,442,442
A0AA44CIX0,complete,1,0.40131315,0.40131315,443,443,443
A0ABM7ANK9,complete,1,0.40123995,0.40123995,444,444,444
A0ABR4VY47,complete,1,0.40123615,0.40123615,445,445,445
A0A0H2W1J5,complete,1,0.40079375,0.40079375,446,446,446
A0AB73PZQ4,complete,1,0.4006907,0.4006907,447,447,447
A0ABP1YSK3,complete,1,0.4003422,0.4003422,448,448,448
A0AAW7JSQ1,complete,1,0.40019725000000006,0.40019725000000006,449,449,449
A0ABM9YBE2,complete,1,0.40015565000000003,0.40015565000000003,450,450,450
A0ABM9TGR4,complete,1,0.39995935000000005,0.39995935000000005,451,451,451
A0ABY5UV58,complete,1,0.3997144,0.3997144,452,452,452
A0ABP1ZGZ5,complete,1,0.3994748,0.3994748,453,453,453
A0A0H2YKF3,complete,1,0.39936955,0.39936955,454,454,454
A0AA44CIM3,complete,1,0.3991945,0.3991945,455,455,455
Q66BC8,complete,1,0.39914545,0.39914545,456,456,456
A0ABM9SZ95,complete,1,0.39913805,0.39913805,457,457,457
A0AA36LM82,complete,1,0.39909490000000003,0.39909490000000003,458,458,458
A0AB73PEI7,complete,1,0.39891145000000006,0.39891145000000006,459,459,459
A0A380PP39,complete,1,0.3987432,0.3987432,460,460,460
A0A0T9RKA1,complete,1,0.3984364,0.3984364,461,461,461
A0A0H3B6E0,complete,1,0.39843155,0.39843155,462,462,462
A0ABM5U8N2,complete,1,0.39835495000000004,0.39835495000000004,463,463,463
A0ABW9EWX0,complete,1,0.39812030000000004,0.39812030000000004,464,464,464
A0ABP1Y7W3,complete,1,0.39804970000000006,0.39804970000000006,465,465,465
A0ABN4PWA2,complete,1,0.39775215,0.39775215,466,466,466
A0ABM5UH14,complete,1,0.39769305000000005,0.39769305000000005,467,467,467
A0A0T9KKA0,complete,1,0.39764875000000005,0.39764875000000005,468,468,468
Q66CW5,complete,1,0.39729705000000004,0.39729705000000004,469,469,469
A0A380Q814,complete,1,0.39720720000000004,0.39720720000000004,470,470,470
A0A0E1NX19,complete,1,0.39713225,0.39713225,471,471,471
A0ABM9Y7R4,complete,1,0.39677755000000003,0.39677755000000003,472,472,472
A0ABN4PV81,complete,1,0.39671015000000004,0.39671015000000004,473,473,473
A0ABM7ALJ4,complete,1,0.39665300000000003,0.39665300000000003,474,474,474
A0A857EWU7,complete,1,0.39641395,0.39641395,475,475,475
A0A0T9UMM8,complete,1,0.39634810000000004,0.39634810000000004,476,476,476
A0A0A8VIE2,complete,1,0.3963375,0.3963375,477,477,477
A0ABP1YWJ1,complete,1,0.3959539,0.3959539,478,478,478
A0A0H3AWU3,complete,1,0.39595095,0.39595095,479,479,479
A0AA90XTP7,complete,1,0.39592740000000004,0.39592740000000004,480,480,480
A0ABR4W506,complete,1,0.3958825,0.3958825,481,481,481
A0A0T9KYN8,complete,1,0.39582895,0.39582895,482,482,482
A0A0E1NTB1,complete,1,0.3957968,0.3957968,483,483,483
A0AAW7JU40,complete,1,0.39571215000000004,0.39571215000000004,484,484,484
A0ABM5U8P4,complete,1,0.3952636,0.3952636,485,485,485
A0ABM9TMK5,complete,1,0.39501825,0.39501825,486,486,486
A0AA36LQN9,complete,1,0.39486260000000006,0.39486260000000006,487,487,487
A0ABR4W522,complete,1,0.39461785000000005,0.39461785000000005,488,488,488
A0AB73P4D7,complete,1,0.39458885000000005,0.39458885000000005,489,489,489
A0A380Q9X7,complete,1,0.3945098,0.3945098,490,490,490
A0AAW7K6S3,complete,1,0.3944648,0.3944648,491,491,491
A0A0T9PX89,complete,1,0.39415570000000005,0.39415570000000005,492,492,492
A0A0T9LN06,complete,1,0.39414565,0.39414565,493,493,493
A0A0T9KYN4,complete,1,0.3940618,0.3940618,494,494,494
A0ABM9TUX3,complete,1,0.39375190000000004,0.39375190000000004,495,495,495
A0AA44CIL6,complete,1,0.39374455,0.39374455,496,496,496
A0A0U1QX07,complete,1,0.39358305000000005,0.39358305000000005,497,497,497
A0A380Q7B5,complete,1,0.39325225,0.39325225,498,498,498
A0A208ZGJ0,complete,1,0.39320535,0.39320535,499,499,499
A0A0T9LN23,complete,1,0.3930883,0.3930883,500,500,500
A0ABM6UP56,complete,1,0.3930583,0.3930583,501,501,501
A0A0T9QDA1,complete,1,0.3929129,0.3929129,502,502,502
Q666U1,complete,1,0.39252695000000004,0.39252695000000004,503,503,503
A0ABM7ANU6,complete,1,0.39251705000000003,0.39251705000000003,504,504,504
A0AAV3BFB4,complete,1,0.39240850000000005,0.39240850000000005,505,505,505
A0AA44I1K4,complete,1,0.39210925,0.39210925,506,506,506
A0AB73Q1P8,complete,1,0.39207275,0.39207275,507,507,507
A0A0H2YL52,complete,1,0.39193245,0.39193245,508,508,508
A0A0T9QE48,complete,1,0.39184155000000004,0.39184155000000004,509,509,509
Q66CW9,complete,1,0.39182475000000005,0.39182475000000005,510,510,510
A0ABM6UNY3,complete,1,0.3917469,0.3917469,511,511,511
A0ABX5R0U9,complete,1,0.3917037,0.3917037,512,512,512
A0A0H3AYM7,complete,1,0.39162995,0.39162995,513,513,513
A0A0T9UM98,complete,1,0.39160795000000004,0.39160795000000004,514,514,514
A0ABR4W6F7,complete,1,0.39150905,0.39150905,515,515,515
A0A0H2Y6N9,complete,1,0.3914933,0.3914933,516,516,516
A0AA44CKU4,complete,1,0.39142325000000006,0.39142325000000006,517,517,517
A0ABW9EXU6,complete,1,0.3911249,0.3911249,518,518,518
A0A0H3B0A7,complete,1,0.39111955000000004,0.39111955000000004,519,519,519
Q66BF1,complete,1,0.39097475000000004,0.39097475000000004,520,520,520
A0AB73NKK6,complete,1,0.39064185000000007,0.39064185000000007,521,521,521
A0ABM6UX29,complete,1,0.39061905,0.39061905,522,522,522
A0A380Q8N6,complete,1,0.390594,0.390594,523,523,523
A0ABX6FD19,complete,1,0.390456,0.390456,524,524,524
A0A857EWT6,complete,1,0.3901548,0.3901548,525,525,525
A0ABP1ZEA7,complete,1,0.39014625,0.39014625,526,526,526
A0A380Q4G1,complete,1,0.38997550000000003,0.38997550000000003,527,527,527
A0ABN4FAB0,complete,1,0.38979455,0.38979455,528,528,528
Q66BC4,complete,1,0.38971665,0.38971665,529,529,529
A0ABY5UJR0,complete,1,0.3896588,0.3896588,530,530,530
A0A0T9LR98,complete,1,0.38953225,0.38953225,531,531,531
A0ABX5QYD3,complete,1,0.3892236,0.3892236,532,532,532
A0AB73NQS2,complete,1,0.38889090000000004,0.38889090000000004,533,533,533
A0A0T9N2B7,complete,1,0.38886075000000003,0.38886075000000003,534,534,534
A0AAI8ZTY6,complete,1,0.38873585,0.38873585,535,535,535
A0ABP1YVJ3,complete,1,0.38870590000000005,0.38870590000000005,536,536,536
A0ABM6UTV9,complete,1,0.3886528,0.3886528,537,537,537
A0A0T9Q3M1,complete,1,0.3885995,0.3885995,538,538,538
A0A857F2M2,complete,1,0.38853375,0.38853375,539,539,539
Q8D1M8,complete,1,0.38823090000000005,0.38823090000000005,540,540,540
A0A0T9PT88,complete,1,0.38793135,0.38793135,541,541,541
A0A0T9KM71,complete,1,0.3878575,0.3878575,542,542,542
A0A0T9RK55,complete,1,0.3877679,0.3877679,543,543,543
A0A5P8YE56,complete,1,0.38775350000000003,0.38775350000000003,544,544,544
A0A0T9QGW8,complete,1,0.38771930000000004,0.38771930000000004,545,545,545
A0ABP1ZLC4,complete,1,0.38771825000000004,0.38771825000000004,546,546,546
A0A0T9QY81,complete,1,0.38742835000000003,0.38742835000000003,547,547,547
A0ABR4W4S9,complete,1,0.38739775,0.38739775,548,548,548
A0ABM5U8N9,complete,1,0.387396,0.387396,549,549,549
A0AA36PLD9,complete,1,0.38705280000000003,0.38705280000000003,550,550,550
A0ABX6F3U1,complete,1,0.38688175,0.38688175,551,551,551
A0A0H2W3V2,complete,1,0.38680200000000003,0.38680200000000003,552,552,552
A0AA36LNQ9,complete,1,0.3866832,0.3866832,553,553,553
A0A2G4U6E8,complete,1,0.38666775000000003,0.38666775000000003,554,554,554
A0ABN4CUZ1,complete,1,0.38660435000000004,0.38660435000000004,555,555,555
A0ABW9EZG0,complete,1,0.38633675,0.38633675,556,556,556
A0A0U1QUW3,complete,1,0.3862856,0.3862856,557,557,557
A0ABX6F9M0,complete,1,0.3862445,0.3862445,558,558,558
A0ABN4F8Y2,complete,1,0.38591775000000006,0.38591775000000006,559,559,559
A0AA90XTS9,complete,1,0.38571615000000004,0.38571615000000004,560,560,560
A0AA44CL49,complete,1,0.38565865,0.38565865,561,561,561
A0AA36LIH7,complete,1,0.38548465000000004,0.38548465000000004,562,562,562
A0A0T9KXM0,complete,1,0.38532225000000003,0.38532225000000003,563,563,563
Q66BN2,complete,1,0.38531920000000003,0.38531920000000003,564,564,564
A0ABM9XUU0,complete,1,0.38508685000000004,0.38508685000000004,565,565,565
A0ABP2DXX8,complete,1,0.38498025,0.38498025,566,566,566
A0A208ZSF8,complete,1,0.3849481,0.3849481,567,567,567
A0A208ZSS5,complete,1,0.38482845,0.38482845,568,568,568
A0A380PTJ1,complete,1,0.3846821,0.3846821,569,569,569
A0AA36LSX5,complete,1,0.38464665000000003,0.38464665000000003,570,570,570
A0A0T9PTD3,complete,1,0.38457435000000006,0.38457435000000006,571,571,571
A0ABM6BHL4,complete,1,0.38434865,0.38434865,572,572,572
A0AA36PL17,complete,1,0.38433170000000005,0.38433170000000005,573,573,573
A0A380Q3T2,complete,1,0.38432825000000004,0.38432825000000004,574,574,574
A0A0T9PR09,complete,1,0.38430260000000005,0.38430260000000005,575,575,575
A0A2G4U6D9,complete,1,0.38426740000000004,0.38426740000000004,576,576,576
A0ABP1Z7N4,complete,1,0.38423505,0.38423505,577,577,577
A0ABM9SY22,complete,1,0.3842022,0.3842022,578,578,578
A0AAV3BFY5,complete,1,0.384176,0.384176,579,579,579
A0ABM9TCW2,complete,1,0.38411705,0.38411705,580,580,580
B6CGX2,complete,1,0.3840618,0.3840618,581,581,581
A0A380PPA0,complete,1,0.3840023,0.3840023,582,582,582
A0A2G4U294,complete,1,0.38380285000000003,0.38380285000000003,583,583,583
A0ABX6F8L7,complete,1,0.3837433,0.3837433,584,584,584
A0A0T9QCY7,complete,1,0.38365430000000006,0.38365430000000006,585,585,585
A0ABN4PWW7,complete,1,0.38365170000000004,0.38365170000000004,586,586,586
A0ABM6BJY1,complete,1,0.38365000000000005,0.38365000000000005,587,587,587
A0A0H3B5G2,complete,1,0.3832819,0.3832819,588,588,588
A0ABM5Q137,complete,1,0.38327705,0.38327705,589,589,589
A0ABM5SKZ0,complete,1,0.38322215000000004,0.38322215000000004,590,590,590
A0A0U1QW74,complete,1,0.38313375000000005,0.38313375000000005,591,591,591
A0ABY5UJQ0,complete,1,0.3830134,0.3830134,592,592,592
A0A0U1HX05,complete,1,0.38285515000000003,0.38285515000000003,593,593,593
A0AAX2HZP5,complete,1,0.38271310000000003,0.38271310000000003,594,594,594
A0A0T9KKF4,complete,1,0.38265590000000005,0.38265590000000005,595,595,595
A0A0T9QHF4,complete,1,0.38263815,0.38263815,596,596,596
A0A0U1R055,complete,1,0.38256160000000006,0.38256160000000006,597,597,597
A0AB72ZSW9,complete,1,0.38252645,0.38252645,598,598,598
A0A2A7VG50,complete,1,0.38238055000000004,0.38238055000000004,599,599,599
A0ABM5Q0I6,complete,1,0.38234735000000003,0.38234735000000003,600,600,600
A0A380PP26,complete,1,0.38207845,0.38207845,601,601,601
A0ABM5UGZ3,complete,1,0.38202035,0.38202035,602,602,602
A0ABM9TW88,complete,1,0.38181045,0.38181045,603,603,603
A0ABP1YW71,complete,1,0.38177115000000006,0.38177115000000006,604,604,604
A0A0T9QDB9,complete,1,0.38176885000000005,0.38176885000000005,605,605,605
A0ABP2E2L7,complete,1,0.38154135,0.38154135,606,606,606
A0ABM9Y7W9,complete,1,0.38151100000000004,0.38151100000000004,607,607,607
A0ABW9EY82,complete,1,0.3813284,0.3813284,608,608,608
A0AA44CMJ6,complete,1,0.38126915000000006,0.38126915000000006,609,609,609
A0AB73P877,complete,1,0.3812523,0.3812523,610,610,610
A0AA90XYJ4,complete,1,0.38119865,0.38119865,611,611,611
A0ABM9XWU7,complete,1,0.38119115000000003,0.38119115000000003,612,612,612
A0A0T9N293,complete,1,0.38111920000000005,0.38111920000000005,613,613,613
A0AB73NNK1,complete,1,0.38100290000000003,0.38100290000000003,614,614,614
A0AA44CQ33,complete,1,0.38077045000000004,0.38077045000000004,615,615,615
A0ABW9ETP1,complete,1,0.38064600000000004,0.38064600000000004,616,616,616
A0ABR4W680,complete,1,0.38058715000000004,0.38058715000000004,617,617,617
A0A0T9RK20,complete,1,0.38048385,0.38048385,618,618,618
A0A380PRV1,complete,1,0.3804347,0.3804347,619,619,619
A0A0T9KKH2,complete,1,0.38028865,0.38028865,620,620,620
A0A380QJL7,complete,1,0.38028045000000005,0.38028045000000005,621,621,621
A0ABM6BJA0,complete,1,0.38020370000000003,0.38020370000000003,622,622,622
A0A0H3B592,complete,1,0.38018015000000005,0.38018015000000005,623,623,623
A0ABN4H4Y5,complete,1,0.37997400000000003,0.37997400000000003,624,624,624
A0A0T9TRH4,complete,1,0.37966975000000003,0.37966975000000003,625,625,625
A0ABM6BHF9,complete,1,0.3796102,0.3796102,626,626,626
A0A209AAW7,complete,1,0.37935085,0.37935085,627,627,627
A0AA91BG92,complete,1,0.37914850000000005,0.37914850000000005,628,628,628
A0A380Q9K9,complete,1,0.37907845,0.37907845,629,629,629
A0ABM5SPQ0,complete,1,0.37888920000000004,0.37888920000000004,630,630,630
A0ABM5ST74,complete,1,0.378851,0.378851,631,631,631
A0AAV3BFT4,complete,1,0.37865205,0.37865205,632,632,632
Q66BC6,complete,1,0.37850295,0.37850295,633,633,633
A0A0T9RLX7,complete,1,0.37807680000000005,0.37807680000000005,634,634,634
A0ABN4CQH5,complete,1,0.378023,0.378023,635,635,635
A0AB73Q5E6,complete,1,0.37798825,0.37798825,636,636,636
A0A0U1QXU2,complete,1,0.37770655000000003,0.37770655000000003,637,637,637
A0AB73PBS8,complete,1,0.37752605000000006,0.37752605000000006,638,638,638
A0ABM5Q1D7,complete,1,0.37751165000000003,0.37751165000000003,639,639,639
A0ABP1Z8M7,complete,1,0.37744775,0.37744775,640,640,640
A0A380QDK2,complete,1,0.37735475,0.37735475,641,641,641
Q7CIG2,complete,1,0.37694435000000004,0.37694435000000004,642,642,642
A0ABP2ED01,complete,1,0.3767661,0.3767661,643,643,643
A0ABX5QZM3,complete,1,0.37668695,0.37668695,644,644,644
A0ABM9ST81,complete,1,0.37665010000000004,0.37665010000000004,645,645,645
A0AB73NFU9,complete,1,0.3766282,0.3766282,646,646,646
A0AA44CIR8,complete,1,0.3765432,0.3765432,647,647,647
A0ABP1Y756,complete,1,0.37647630000000004,0.37647630000000004,648,648,648
Q66BM2,complete,1,0.37644195,0.37644195,649,649,649
A0AAX2I0V1,complete,1,0.37641745000000004,0.37641745000000004,650,650,650
A0ABM5UH09,complete,1,0.37636465,0.37636465,651,651,651
A0A0T9UVW1,complete,1,0.37636300000000006,0.37636300000000006,652,652,652
A0A0T9KME1,complete,1,0.3762898,0.3762898,653,653,653
A0A0T9RC84,complete,1,0.37627225,0.37627225,654,654,654
A0ABM9XX67,complete,1,0.37620405,0.37620405,655,655,655
A0A0T9KKM2,complete,1,0.37616995000000003,0.37616995000000003,656,656,656
A0ABM5PZP9,complete,1,0.37616585,0.37616585,657,657,657
A0ABP2EGX4,complete,1,0.37614440000000005,0.37614440000000005,658,658,658
A0AB73NNV4,complete,1,0.37614225,0.37614225,659,659,659
A0A0T9PN75,complete,1,0.37613695,0.37613695,660,660,660
A0AB72ZRU6,complete,1,0.3760218,0.3760218,661,661,661
A0ABW9EZJ2,complete,1,0.37598665000000003,0.37598665000000003,662,662,662
A0AB73PN87,complete,1,0.3758328,0.3758328,663,663,663
A0A0T9RLI7,complete,1,0.37582135,0.37582135,664,664,664
A0ABM6BKQ9,complete,1,0.37572160000000004,0.37572160000000004,665,665,665
A0A0T9KM28,complete,1,0.37542600000000004,0.37542600000000004,666,666,666
A0ABM9SYN9,complete,1,0.37495920000000005,0.37495920000000005,667,667,667
Q66CW3,complete,1,0.37491135000000003,0.37491135000000003,668,668,668
A0AB73NNI1,complete,1,0.37444220000000006,0.37444220000000006,669,669,669
Q66CW8,complete,1,0.37441660000000004,0.37441660000000004,670,670,670
A0ABM9TBF6,complete,1,0.37411455000000005,0.37411455000000005,671,671,671
A0AAW7K4V6,complete,1,0.37351670000000003,0.37351670000000003,672,672,672
A0ABM6UUY9,complete,1,0.37348970000000004,0.37348970000000004,673,673,673
A0ABM9SSJ6,complete,1,0.37338135,0.37338135,674,674,674
A0ABM6BHZ0,complete,1,0.3733736,0.3733736,675,675,675
A0A0T9P2Y6,complete,1,0.3733225,0.3733225,676,676,676
A0ABM9TZ37,complete,1,0.37331905000000004,0.37331905000000004,677,677,677
A0AA36LM41,complete,1,0.3732248,0.3732248,678,678,678
A0ABP1ZYM0,complete,1,0.373211,0.373211,679,679,679
A0A380QV68,complete,1,0.37305155,0.37305155,680,680,680
A0A380QB56,complete,1,0.3729268,0.3729268,681,681,681
A0ABP1Y4A2,complete,1,0.37287440000000005,0.37287440000000005,682,682,682
A0AA44HZF8,complete,1,0.3728543,0.3728543,683,683,683
A0ABM5Q168,complete,1,0.3723809,0.3723809,684,684,684
A0A0T9UVB9,complete,1,0.37234805000000004,0.37234805000000004,685,685,685
A0A0K1H0L3,complete,1,0.3722365,0.3722365,686,686,686
A0AA44CIT3,complete,1,0.3720008,0.3720008,687,687,687
A0ABM9SWE1,complete,1,0.37199025,0.37199025,688,688,688
A0A380PNK7,complete,1,0.37124845,0.37124845,689,689,689
A0A0T9RLY2,complete,1,0.37117135,0.37117135,690,690,690
A0AA36PKW6,complete,1,0.37108465,0.37108465,691,691,691
A0A0T9UVI4,complete,1,0.3707822,0.3707822,692,692,692
A0AA36LMJ6,complete,1,0.37067375,0.37067375,693,693,693
A0ABX5QZN1,complete,1,0.37061305,0.37061305,694,694,694
A0A208ZGJ5,complete,1,0.37043265000000003,0.37043265000000003,695,695,695
A0A857F0P9,complete,1,0.37022395,0.37022395,696,696,696
A0A0T9KLZ3,complete,1,0.37000605000000003,0.37000605000000003,697,697,697
A0A0T9TRJ0,complete,1,0.3697574,0.3697574,698,698,698
A0ABM7ANH7,complete,1,0.36960775,0.36960775,699,699,699
A0ABN5RBQ6,complete,1,0.36955805,0.36955805,700,700,700
A0A0T9RKV0,complete,1,0.3694806,0.3694806,701,701,701
A0A0T9UMV0,complete,1,0.36943435,0.36943435,702,702,702
A0ABX5QZY2,complete,1,0.36937805,0.36937805,703,703,703
A0A0T9KZA2,complete,1,0.36931555000000005,0.36931555000000005,704,704,704
A0AB72ZN12,complete,1,0.36920605,0.36920605,705,705,705
A0ABN4F2B0,complete,1,0.36884370000000005,0.36884370000000005,706,706,706
A0ABN4PY35,complete,1,0.3686245,0.3686245,707,707,707
A0A380PRL5,complete,1,0.36819075,0.36819075,708,708,708
A0ABM6UNY7,complete,1,0.36810305,0.36810305,709,709,709
A0A380PNL7,complete,1,0.36804055,0.36804055,710,710,710
A0A0T9UVN8,complete,1,0.3679011,0.3679011,711,711,711
A0A0T9QEH2,complete,1,0.36788475000000004,0.36788475000000004,712,712,712
A0A2R4NRD1,complete,1,0.36774490000000004,0.36774490000000004,713,713,713
A0AA36LLP1,complete,1,0.36750215,0.36750215,714,714,714
A0AB73Q6N8,complete,1,0.36747095,0.36747095,715,715,715
A0ABW9EZD5,complete,1,0.3674623,0.3674623,716,716,716
A0ABM9TKC9,complete,1,0.36744285000000004,0.36744285000000004,717,717,717
A0ABX5QX18,complete,1,0.3673768,0.3673768,718,718,718
A0AAV3BF90,complete,1,0.36732620000000005,0.36732620000000005,719,719,719
A0A0T9QWS2,complete,1,0.36706855000000005,0.36706855000000005,720,720,720
A0ABP1YDG7,complete,1,0.36703865,0.36703865,721,721,721
A0ABR4W6J9,complete,1,0.36702345000000003,0.36702345000000003,722,722,722
A0A0T9UVJ2,complete,1,0.3668306,0.3668306,723,723,723
A0A0T9RMJ4,complete,1,0.36682810000000005,0.36682810000000005,724,724,724
A0A0T9RLS7,complete,1,0.36657265,0.36657265,725,725,725
A0ABP1YU38,complete,1,0.36636,0.36636,726,726,726
A0A0T9UMT9,complete,1,0.3656994,0.3656994,727,727,727
A0ABN4PP01,complete,1,0.36568615000000004,0.36568615000000004,728,728,728
A0A0T9QQ84,complete,1,0.3655914,0.3655914,729,729,729
A0A0H5LRG1,complete,1,0.36554125000000004,0.36554125000000004,730,730,730
A0A0H5LRI4,complete,1,0.36515675000000003,0.36515675000000003,731,731,731
A0A0T9QYU5,complete,1,0.3646921,0.3646921,732,732,732
A0A0T9KZ32,complete,1,0.36450335,0.36450335,733,733,733
A0A2G4U3T2,complete,1,0.36428540000000004,0.36428540000000004,734,734,734
A0A0U1HXL6,complete,1,0.36410575,0.36410575,735,735,735
A0ABN4PNK0,complete,1,0.36389445000000004,0.36389445000000004,736,736,736
A0AA44CMJ2,complete,1,0.36385080000000003,0.36385080000000003,737,737,737
A0A0T9RLV1,complete,1,0.36378920000000003,0.36378920000000003,738,738,738
A0AA36LNC2,complete,1,0.3637115,0.3637115,739,739,739
A0A0T9RPC1,complete,1,0.36348095,0.36348095,740,740,740
A0AA36LUV4,complete,1,0.36322895000000005,0.36322895000000005,741,741,741
A0A0H3B0N5,complete,1,0.36250530000000003,0.36250530000000003,742,742,742
A0ABP1YU19,complete,1,0.36244065000000003,0.36244065000000003,743,743,743
A0A0T9KKL7,complete,1,0.36241090000000004,0.36241090000000004,744,744,744
A0ABP2E0A1,complete,1,0.36239565,0.36239565,745,745,745
A0ABW9EZ05,complete,1,0.36238200000000004,0.36238200000000004,746,746,746
A0ABM6UY29,complete,1,0.36236090000000004,0.36236090000000004,747,747,747
A0A380PUP1,complete,1,0.3620703,0.3620703,748,748,748
A0A380QEC0,complete,1,0.36183450000000006,0.36183450000000006,749,749,749
A0A857EZE8,complete,1,0.36173690000000003,0.36173690000000003,750,750,750
A0A3G5LJP4,complete,1,0.3616016,0.3616016,751,751,751
A0A085U312,complete,1,0.36137875,0.36137875,752,752,752
A0ABM6BL24,complete,1,0.36124005000000003,0.36124005000000003,753,753,753
A0ABM9SU56,complete,1,0.3611133,0.3611133,754,754,754
A0ABM5Q170,complete,1,0.36025765000000004,0.36025765000000004,755,755,755
A0ABM6BR49,complete,1,0.35999485,0.35999485,756,756,756
A0A0T9QWQ1,complete,1,0.3597831,0.3597831,757,757,757
A0A0H2YGI6,complete,1,0.3586937,0.3586937,758,758,758
A0A0H3B4F8,complete,1,0.35863550000000005,0.35863550000000005,759,759,759
A0AB73P3H5,complete,1,0.35850955000000007,0.35850955000000007,760,760,760
A0A0T9JTP2,complete,1,0.35849310000000006,0.35849310000000006,761,761,761
A0A0T9R7L9,complete,1,0.3580787,0.3580787,762,762,762
A0A0H3AZK0,complete,1,0.3580641,0.3580641,763,763,763
A0A0T9TSE5,complete,1,0.35771555,0.35771555,764,764,764
A0AB72ZFA0,complete,1,0.35762945,0.35762945,765,765,765
A0ABM7ANY7,complete,1,0.35754255,0.35754255,766,766,766
A0AA36LKR2,complete,1,0.35742535000000003,0.35742535000000003,767,767,767
A0ABN5RAB4,complete,1,0.35740425000000003,0.35740425000000003,768,768,768
A0A380Q790,complete,1,0.35701025000000003,0.35701025000000003,769,769,769
A0ABX6FDR8,complete,1,0.35695360000000004,0.35695360000000004,770,770,770
A0A2G4U6F2,complete,1,0.35673785,0.35673785,771,771,771
A0A0T9QH70,complete,1,0.35624700000000004,0.35624700000000004,772,772,772
A0A0H3B283,complete,1,0.35623225000000003,0.35623225000000003,773,773,773
A0ABN5RAC2,complete,1,0.35617980000000005,0.35617980000000005,774,774,774
A0A0T9JTR0,complete,1,0.3559462,0.3559462,775,775,775
A0AA44CKU8,complete,1,0.35572795,0.35572795,776,776,776
A0ABN4CUU3,complete,1,0.35517215,0.35517215,777,777,777
A0ABR4VWZ7,complete,1,0.35488645,0.35488645,778,778,778
A0A0T9RSX1,complete,1,0.3542674,0.3542674,779,779,779
A0A0T9QZG9,complete,1,0.353524,0.353524,780,780,780
A0ABY5ULB5,complete,1,0.35322590000000004,0.35322590000000004,781,781,781
A0A0T9KM84,complete,1,0.35318705,0.35318705,782,782,782
A0A0T9QVI5,complete,1,0.3525631,0.3525631,783,783,783
A0A0T9RG16,complete,1,0.3524085,0.3524085,784,784,784
A0ABP2ECT0,complete,1,0.35218995000000003,0.35218995000000003,785,785,785
A0ABM9SZ17,complete,1,0.35113825000000004,0.35113825000000004,786,786,786
A0A0E1NQK2,complete,1,0.35103225000000005,0.35103225000000005,787,787,787
A0AAX2I8P7,complete,1,0.3507308,0.3507308,788,788,788
Q7BTW6,complete,1,0.34946695,0.34946695,789,789,789
A0ABP1ZYW2,complete,1,0.34903110000000004,0.34903110000000004,790,790,790
Q66CW2,complete,1,0.34898310000000005,0.34898310000000005,791,791,791
A0AA36LJG1,complete,1,0.34806345,0.34806345,792,792,792
A0ABM5UH02,complete,1,0.34707665,0.34707665,793,793,793
A0AA36PPQ7,complete,1,0.34616335000000004,0.34616335000000004,794,794,794
A0A0H2YNL1,complete,1,0.34591910000000003,0.34591910000000003,795,795,795
A0AA90XRZ3,complete,1,0.3449069,0.3449069,796,796,796
A0A0T9QD11,complete,1,0.34464155,0.34464155,797,797,797
A0ABP1ZSE7,complete,1,0.34444345000000004,0.34444345000000004,798,798,798
A0ABX6FAJ5,complete,1,0.3441463,0.3441463,799,799,799
A0A0T9UMN3,complete,1,0.34406675000000003,0.34406675000000003,800,800,800
Q8D0C0,complete,1,0.3436684,0.3436684,801,801,801
A0A0T9QMF1,complete,1,0.34360385000000004,0.34360385000000004,802,802,802
A0A0U1R2K8,complete,1,0.34357930000000003,0.34357930000000003,803,803,803
A0AA36LJU6,complete,1,0.34345445,0.34345445,804,804,804
A0AA36LI15,complete,1,0.3433467,0.3433467,805,805,805
A0A0K1H0S6,complete,1,0.34245985,0.34245985,806,806,806
A0A0T9UVK2,complete,1,0.3423412,0.3423412,807,807,807
A0A857F028,complete,1,0.34193335,0.34193335,808,808,808
A0A0H3B6G4,complete,1,0.34170125,0.34170125,809,809,809
A0A208ZVY5,complete,1,0.33958875000000005,0.33958875000000005,810,810,810
A0ABN5RCP6,complete,1,0.33853510000000003,0.33853510000000003,811,811,811
A0A0T9UMW7,complete,1,0.33846155,0.33846155,812,812,812
A0AB72ZRU3,complete,1,0.33685160000000003,0.33685160000000003,813,813,813
A0A0U1HUK9,complete,1,0.33684845,0.33684845,814,814,814
A0ABM7AMA1,complete,1,0.33377565000000003,0.33377565000000003,815,815,815
A0AAV3B6C2,complete,1,0.33291115000000004,0.33291115000000004,816,816,816
A0A380QAJ4,complete,1,0.33282355,0.33282355,817,817,817
A0A0H3AZJ6,complete,1,0.33056260000000004,0.33056260000000004,818,818,818
A0A0T9QI62,complete,1,0.3292832,0.3292832,819,819,819
A0A0H2W0D6,complete,1,0.32845640000000004,0.32845640000000004,820,820,820
A0A2G4U1S2,complete,1,0.32419385,0.32419385,821,821,821
A0ABM9XV01,complete,1,0.32202800000000004,0.32202800000000004,822,822,822
A0ABX5QXI4,complete,1,0.3190911,0.3190911,823,823,823
A0AB72ZJY3,complete,1,0.3187774,0.3187774,824,824,824
A0A380QTR9,complete,1,0.31437780000000004,0.31437780000000004,825,825,825
A0A0T9UB25,complete,1,0.31259425,0.31259425,826,826,826
A0A0T9U5C6,complete,1,0.3045062,0.3045062,827,827,827
Q9T0Z9,target_context_score,0.44999999999999996,0.3067634,0.8567634000000001,1,1,827
A0A7U4GHF9,target_context_score,0.44999999999999996,0.2917311,0.8417311000000001,2,1,827
I7K2S1,target_context_score,0.44999999999999996,0.3134594,0.8634594,3,1,827
A0A1V0DXW2,target_context_score,0.44999999999999996,0.3105697,0.8605697000000001,4,1,827
A0AAD2UYA7,target_context_score,0.44999999999999996,0.2785996,0.8285996,5,1,827
S5MLA1,target_context_score,0.44999999999999996,0.30533410000000005,0.8553341000000001,6,1,827
A0A0G2PMU5,target_context_score,0.44999999999999996,0.29056614999999997,0.84056615,7,1,827
B3VCL5,target_context_score,0.44999999999999996,0.30418935,0.8541893500000001,8,1,827
Q858J8,target_context_score,0.44999999999999996,0.30389485,0.8538948500000001,9,1,827
A0AAE7V5N4,target_context_score,0.44999999999999996,0.30324615,0.85324615,10,1,827
A0A6M3G9R6,target_context_score,0.44999999999999996,0.3016218,0.8516218,11,1,827
A0A0P0LE96,target_context_score,0.44999999999999996,0.30055950000000003,0.8505595000000001,12,1,827
A0A0H3NKM1,target_context_score,0.44999999999999996,0.28560270000000004,0.8356027000000001,13,1,827
A0A0U2DXE3,target_context_score,0.44999999999999996,0.29776215,0.8477621500000001,14,1,827
S5M3B5,target_context_score,0.44999999999999996,0.2971208,0.8471208000000001,15,1,827
A0A7U4GE98,target_context_score,0.44999999999999996,0.26924195,0.8192419500000001,16,1,827
A0AAE9FSZ1,target_context_score,0.44999999999999996,0.29666955000000006,0.8466695500000001,17,1,827
A0AAE9FUR5,target_context_score,0.44999999999999996,0.2937181,0.8437181,18,1,827
A0AAT9S6U3,target_context_score,0.44999999999999996,0.29337265,0.8433726500000001,19,1,827
A0AAX4Q2K6,target_context_score,0.44999999999999996,0.2906401,0.8406401000000001,20,1,827
A0A449C531,target_context_score,0.44999999999999996,0.28608045,0.8360804500000001,21,1,827
A0AAE7S353,target_context_score,0.44999999999999996,0.28363040000000006,0.8336304000000001,22,1,827
A0A9P1PWH0,target_context_score,0.44999999999999996,0.336859,0.8868590000000001,23,1,827
Q858U5,target_context_score,0.44999999999999996,0.2799435,0.8299435000000001,24,1,827
A0A7U4JZS3,target_context_score,0.44999999999999996,0.2521955,0.8021955000000001,25,1,827
I7LHK5,target_context_score,0.44999999999999996,0.2792943,0.8292943,26,1,827
A0A0H3NZ47,target_context_score,0.44999999999999996,0.26484095,0.81484095,27,1,827
A0A449C3Z7,target_context_score,0.44999999999999996,0.27838235,0.82838235,28,1,827
I7K3G3,target_context_score,0.44999999999999996,0.27836004999999997,0.82836005,29,1,827
A0A449C5Q6,target_context_score,0.44999999999999996,0.27733225000000006,0.8273322500000001,30,1,827
I6Q9A1,target_context_score,0.44999999999999996,0.27681495,0.82681495,31,1,827
A0A7D3UKK9,target_context_score,0.44999999999999996,0.27674545,0.82674545,32,1,827
A0A449C440,target_context_score,0.44999999999999996,0.2764858,0.8264858,33,1,827
F4N2J8,target_context_score,0.44999999999999996,0.24841165,0.79841165,34,1,827
A0A449C5Z2,target_context_score,0.44999999999999996,0.27575665,0.82575665,35,1,827
F4N729,target_context_score,0.44999999999999996,0.24810580000000002,0.7981058000000001,36,1,827
S5ML14,target_context_score,0.44999999999999996,0.27509415000000004,0.8250941500000001,37,1,827
I7LHJ5,target_context_score,0.44999999999999996,0.2749119,0.8249119,38,1,827
A0A449C555,target_context_score,0.44999999999999996,0.27425875,0.82425875,39,1,827
A0AAE9FQ76,target_context_score,0.44999999999999996,0.27308815000000003,0.82308815,40,1,827
A0A1V0DXT2,target_context_score,0.44999999999999996,0.2726561,0.8226561000000001,41,1,827
I7K324,target_context_score,0.44999999999999996,0.27221399999999996,0.822214,42,1,827
A0A0G2PMY8,target_context_score,0.44999999999999996,0.25772744999999997,0.80772745,43,1,827
A0A088F649,target_context_score,0.44999999999999996,0.269567,0.819567,44,1,827
S5M9F2,target_context_score,0.44999999999999996,0.26918569999999997,0.8191857,45,1,827
A0AAE7CTI2,target_context_score,0.44999999999999996,0.26895295,0.8189529500000001,46,1,827
A0A0B4ZXE3,target_context_score,0.44999999999999996,0.26853940000000004,0.8185394000000001,47,1,827
A0A0H3NZ57,target_context_score,0.44999999999999996,0.25464570000000003,0.8046457,48,1,827
S5MRA5,target_context_score,0.44999999999999996,0.26771315,0.8177131500000001,49,1,827
A0A0B5A4Q9,target_context_score,0.44999999999999996,0.26656455,0.8165645500000001,50,1,827
A0A3B8DLH1,target_context_score,0.44999999999999996,0.26646425,0.8164642500000001,51,1,827
A0A449C3U4,target_context_score,0.44999999999999996,0.2664319,0.8164319,52,1,827
A0AAX4Q199,target_context_score,0.44999999999999996,0.2657345,0.8157345,53,1,827
A0A6M3GA37,target_context_score,0.44999999999999996,0.265644,0.815644,54,1,827
A0A1V0DXR7,target_context_score,0.44999999999999996,0.26542325,0.81542325,55,1,827
A0A0G2PMU8,target_context_score,0.44999999999999996,0.2513402,0.8013402000000001,56,1,827
A0AAE9JYJ2,target_context_score,0.44999999999999996,0.2650198,0.8150198000000001,57,1,827
I7J474,target_context_score,0.44999999999999996,0.26500330000000005,0.8150033000000001,58,1,827
I7KR83,target_context_score,0.44999999999999996,0.26426545,0.8142654500000001,59,1,827
A0ZXG5,target_context_score,0.44999999999999996,0.26425705,0.81425705,60,1,827
A0A449C435,target_context_score,0.44999999999999996,0.26309190000000005,0.8130919000000001,61,1,827
A0A7U4K0B3,target_context_score,0.44999999999999996,0.23511140000000003,0.7851114000000001,62,1,827
A0AAE9FRM6,target_context_score,0.44999999999999996,0.26258405,0.8125840500000001,63,1,827
A0AAE7PDX0,target_context_score,0.44999999999999996,0.26245125,0.8124512500000001,64,1,827
A0A2C9CXH4,target_context_score,0.44999999999999996,0.26226725,0.8122672500000001,65,1,827
A0A7D3UH03,target_context_score,0.44999999999999996,0.2621434,0.8121434000000001,66,1,827
A0AA51VH76,target_context_score,0.44999999999999996,0.26196875000000003,0.8119687500000001,67,1,827
A0A2H1UJ87,target_context_score,0.44999999999999996,0.26166855,0.81166855,68,1,827
A0A449C528,target_context_score,0.44999999999999996,0.26158345000000005,0.8115834500000001,69,1,827
A0A6M3GA49,target_context_score,0.44999999999999996,0.26151665,0.8115166500000001,70,1,827
A0A1V0DXD5,target_context_score,0.44999999999999996,0.2614961,0.8114961,71,1,827
A0A3B8DLJ2,target_context_score,0.44999999999999996,0.2612943,0.8112943,72,1,827
A0AAE7PDK2,target_context_score,0.44999999999999996,0.2604792,0.8104792000000001,73,1,827
F4N728,target_context_score,0.44999999999999996,0.23276880000000003,0.7827688,74,1,827
A0AAE9JVZ5,target_context_score,0.44999999999999996,0.26001255,0.81001255,75,1,827
A0A449C5C7,target_context_score,0.44999999999999996,0.25998070000000006,0.8099807000000001,76,1,827
I7LH81,target_context_score,0.44999999999999996,0.2599722,0.8099722,77,1,827
A0A1V0DXT5,target_context_score,0.44999999999999996,0.2598384,0.8098384000000001,78,1,827
A0A6M3G969,target_context_score,0.44999999999999996,0.25948735,0.80948735,79,1,827
A0AAX4Q2X2,target_context_score,0.44999999999999996,0.25923745,0.80923745,80,1,827
A0A2D0PE70,target_context_score,0.44999999999999996,0.2586419,0.8086419,81,1,827
A0A0H3NU58,target_context_score,0.44999999999999996,0.24408965000000002,0.7940896500000001,82,1,827
A0A449C3S4,target_context_score,0.44999999999999996,0.2577976,0.8077976,83,1,827
S5MRE6,target_context_score,0.44999999999999996,0.257726,0.807726,84,1,827
A0A3B8DL31,target_context_score,0.44999999999999996,0.2576712,0.8076712,85,1,827
A0AA86IWK5,target_context_score,0.44999999999999996,0.25740425,0.80740425,86,1,827
I7J3W0,target_context_score,0.44999999999999996,0.25732685,0.80732685,87,1,827
A0A0B5A4J3,target_context_score,0.44999999999999996,0.25589325,0.80589325,88,1,827
A0A449C6D2,target_context_score,0.44999999999999996,0.2554325,0.8054325,89,1,827
A0A0B5A2V7,target_context_score,0.44999999999999996,0.25501705,0.80501705,90,1,827
A0A449C638,target_context_score,0.44999999999999996,0.25466035,0.80466035,91,1,827
A0A449C6B7,target_context_score,0.44999999999999996,0.2544772,0.8044772,92,1,827
A0A6M3G916,target_context_score,0.44999999999999996,0.25408975,0.80408975,93,1,827
S5M3A7,target_context_score,0.44999999999999996,0.25403960000000003,0.8040396000000001,94,1,827
I7K354,target_context_score,0.44999999999999996,0.25339895,0.8033989500000001,95,1,827
A0A7D3QKX7,target_context_score,0.44999999999999996,0.25211505,0.80211505,96,1,827
A0A449C4D0,target_context_score,0.44999999999999996,0.25182995,0.8018299500000001,97,1,827
A0A7D3V1W8,target_context_score,0.44999999999999996,0.2515543,0.8015543,98,1,827
A0A0B5A2N3,target_context_score,0.44999999999999996,0.25133545,0.8013354500000001,99,1,827
A0A449C3T4,target_context_score,0.44999999999999996,0.25128535,0.8012853500000001,100,1,827
A0AAX4M7A4,target_context_score,0.44999999999999996,0.25128155,0.8012815500000001,101,1,827
A0AAX4Q2U9,target_context_score,0.44999999999999996,0.25092455,0.8009245500000001,102,1,827
A0AAD2UWV2,target_context_score,0.44999999999999996,0.3055974,0.8555974000000001,103,1,827
A0A0H3NZ59,target_context_score,0.44999999999999996,0.23666350000000003,0.7866635000000001,104,1,827
I7KRU3,target_context_score,0.44999999999999996,0.250311,0.800311,105,1,827
A0A7D3QQ81,target_context_score,0.44999999999999996,0.2500374,0.8000374000000001,106,1,827
A0AAE7V728,target_context_score,0.44999999999999996,0.24988125000000003,0.7998812500000001,107,1,827
A0AAE9FLD0,target_context_score,0.44999999999999996,0.24969180000000002,0.7996918000000001,108,1,827
A0A1V0DXX1,target_context_score,0.44999999999999996,0.24925229999999998,0.7992523,109,1,827
A0AAX4M7M8,target_context_score,0.44999999999999996,0.24913995,0.79913995,110,1,827
A0A7T9XU25,target_context_score,0.44999999999999996,0.30391215,0.85391215,111,1,827
A0A449C5D9,target_context_score,0.44999999999999996,0.24846105000000002,0.79846105,112,1,827
A0A0H3NP24,target_context_score,0.44999999999999996,0.23457455,0.7845745500000001,113,1,827
A0A3B8DLI7,target_context_score,0.44999999999999996,0.2482341,0.7982341000000001,114,1,827
A0A1V0DXS1,target_context_score,0.44999999999999996,0.2477509,0.7977509,115,1,827
A0A2D0PCZ8,target_context_score,0.44999999999999996,0.2474725,0.7974725,116,1,827
A0A449C3Q1,target_context_score,0.44999999999999996,0.2473224,0.7973224000000001,117,1,827
A0A2D0PE10,target_context_score,0.44999999999999996,0.24724980000000002,0.7972498000000001,118,1,827
A0A0H3NSE3,target_context_score,0.44999999999999996,0.23299440000000002,0.7829944000000001,119,1,827
A0A2H1X991,target_context_score,0.44999999999999996,0.24660410000000002,0.7966041,120,1,827
A0A6M3G8D1,target_context_score,0.44999999999999996,0.24626260000000003,0.7962626,121,1,827
A0AAE6YPH1,target_context_score,0.44999999999999996,0.24608990000000003,0.7960899000000001,122,1,827
A0AAE9FRR2,target_context_score,0.44999999999999996,0.24594485000000002,0.79594485,123,1,827
A0AA51VJM6,target_context_score,0.44999999999999996,0.2458421,0.7958421,124,1,827
A0AAE9FQ04,target_context_score,0.44999999999999996,0.24575645000000002,0.7957564500000001,125,1,827
A0A6M3G876,target_context_score,0.44999999999999996,0.2457196,0.7957196000000001,126,1,827
S5M7B3,target_context_score,0.44999999999999996,0.24506865,0.79506865,127,1,827
A0A449C608,target_context_score,0.44999999999999996,0.24496395,0.7949639500000001,128,1,827
A0A7D3QML5,target_context_score,0.44999999999999996,0.24493315000000002,0.7949331500000001,129,1,827
A0AAX4Q195,target_context_score,0.44999999999999996,0.244347,0.794347,130,1,827
A0A0B4ZZM3,target_context_score,0.44999999999999996,0.24414655,0.79414655,131,1,827
A0A449C619,target_context_score,0.44999999999999996,0.2439155,0.7939155,132,1,827
I7LH90,target_context_score,0.44999999999999996,0.24389450000000001,0.7938945000000001,133,1,827
A0AAE9FKC7,target_context_score,0.44999999999999996,0.2436508,0.7936508,134,1,827
A1JNF1,target_context_score,0.44999999999999996,0.29757955,0.8475795500000001,135,1,827
A0A7D3QJ92,target_context_score,0.44999999999999996,0.24208960000000002,0.7920896000000001,136,1,827
A0A6M3G874,target_context_score,0.44999999999999996,0.24174595000000001,0.79174595,137,1,827
S5ML49,target_context_score,0.44999999999999996,0.24139455,0.79139455,138,1,827
A0A449C567,target_context_score,0.44999999999999996,0.2411514,0.7911514000000001,139,1,827
A0AAE6YNJ4,target_context_score,0.44999999999999996,0.24110120000000002,0.7911012000000001,140,1,827
A0A6M3G8B9,target_context_score,0.44999999999999996,0.24103665000000002,0.7910366500000001,141,1,827
A0A3B8DYI1,target_context_score,0.44999999999999996,0.24096014999999998,0.7909601500000001,142,1,827
I7K3U3,target_context_score,0.44999999999999996,0.24079915,0.79079915,143,1,827
I7KRG5,target_context_score,0.44999999999999996,0.24036725000000003,0.7903672500000001,144,1,827
A0A1V0DXW6,target_context_score,0.44999999999999996,0.24033715000000003,0.79033715,145,1,827
I7K349,target_context_score,0.44999999999999996,0.24002690000000002,0.7900269000000001,146,1,827
A0A449C4X7,target_context_score,0.44999999999999996,0.23982245000000002,0.7898224500000001,147,1,827
S5M3D7,target_context_score,0.44999999999999996,0.23958885000000002,0.7895888500000001,148,1,827
A0AAE9FSY2,target_context_score,0.44999999999999996,0.2390368,0.7890368000000001,149,1,827
A0A7U4GCC7,target_context_score,0.44999999999999996,0.29395350000000003,0.8439535,150,1,827
S5M7E4,target_context_score,0.44999999999999996,0.2388284,0.7888284000000001,151,1,827
A0A449C3W7,target_context_score,0.44999999999999996,0.2386658,0.7886658000000001,152,1,827
A0A449C5Z9,target_context_score,0.44999999999999996,0.23820610000000003,0.7882061,153,1,827
S5ML17,target_context_score,0.44999999999999996,0.23800580000000005,0.7880058000000001,154,1,827
A0AAE9FRD5,target_context_score,0.44999999999999996,0.23703475000000002,0.7870347500000001,155,1,827
A0A2C9CZQ3,target_context_score,0.44999999999999996,0.2369197,0.7869197000000001,156,1,827
A0AA86IYU9,target_context_score,0.44999999999999996,0.23677885,0.78677885,157,1,827
A0A2C9CYF4,target_context_score,0.44999999999999996,0.23647185000000004,0.7864718500000001,158,1,827
A0A3B8E1I5,target_context_score,0.44999999999999996,0.23619595000000002,0.7861959500000001,159,1,827
A0A7U4GG50,target_context_score,0.44999999999999996,0.29109985,0.84109985,160,1,827
I7J3Y3,target_context_score,0.44999999999999996,0.23596110000000003,0.7859611000000001,161,1,827
I7KRT2,target_context_score,0.44999999999999996,0.23571620000000001,0.7857162000000001,162,1,827
A0A7D3QKS7,target_context_score,0.44999999999999996,0.235075,0.7850750000000001,163,1,827
A0A1V0DXV4,target_context_score,0.44999999999999996,0.23481680000000002,0.7848168000000001,164,1,827
A0A7U4GDH6,target_context_score,0.44999999999999996,0.28942515,0.8394251500000001,165,1,827
A0A0H3NQY6,target_context_score,0.44999999999999996,0.22058325,0.77058325,166,1,827
A0A449C532,target_context_score,0.44999999999999996,0.2338731,0.7838731000000001,167,1,827
A0AAE7TQG4,target_context_score,0.44999999999999996,0.23335565000000003,0.7833556500000001,168,1,827
A0A449C648,target_context_score,0.44999999999999996,0.23317655,0.7831765500000001,169,1,827
I7LF14,target_context_score,0.44999999999999996,0.2330936,0.7830936000000001,170,1,827
A0A3B8DL36,target_context_score,0.44999999999999996,0.23309265,0.7830926500000001,171,1,827
A0AAE7TR04,target_context_score,0.44999999999999996,0.2327276,0.7827276000000001,172,1,827
A0AAE7PH03,target_context_score,0.44999999999999996,0.23267085,0.78267085,173,1,827
A0AAE6YNV4,target_context_score,0.44999999999999996,0.2320353,0.7820353,174,1,827
I6Q8T5,target_context_score,0.44999999999999996,0.23178740000000003,0.7817874,175,1,827
A0A1V0DXR4,target_context_score,0.44999999999999996,0.23176570000000002,0.7817657,176,1,827
F4N708,target_context_score,0.44999999999999996,0.28620855,0.83620855,177,1,827
A0A449C3X5,target_context_score,0.44999999999999996,0.23108490000000004,0.7810849000000001,178,1,827
A0AAE9JXJ1,target_context_score,0.44999999999999996,0.23018515000000003,0.7801851500000001,179,1,827
A0A449C469,target_context_score,0.44999999999999996,0.23000580000000004,0.7800058000000001,180,1,827
A0A449C5X9,target_context_score,0.44999999999999996,0.22972225000000002,0.7797222500000001,181,1,827
A0A449C542,target_context_score,0.44999999999999996,0.22965605,0.77965605,182,1,827
A0A3B8DYS4,target_context_score,0.44999999999999996,0.22917975000000002,0.7791797500000001,183,1,827
A0A449C597,target_context_score,0.44999999999999996,0.22912670000000002,0.7791267000000001,184,1,827
A0A0B5A4M1,target_context_score,0.44999999999999996,0.22885325000000004,0.77885325,185,1,827
A0A0B5A2T1,target_context_score,0.44999999999999996,0.22865845,0.77865845,186,1,827
A0A7U4GDF9,target_context_score,0.44999999999999996,0.2830998,0.8330998000000001,187,1,827
A0A3B8DYH7,target_context_score,0.44999999999999996,0.22795195000000001,0.7779519500000001,188,1,827
A0A2D0PDX6,target_context_score,0.44999999999999996,0.2271798,0.7771798000000001,189,1,827
S5M7K0,target_context_score,0.44999999999999996,0.22687455,0.77687455,190,1,827
A0A7D3UL75,target_context_score,0.44999999999999996,0.22665995,0.77665995,191,1,827
A0AAE7V5W0,target_context_score,0.44999999999999996,0.22664840000000003,0.7766484,192,1,827
A0A9P1PUV5,target_context_score,0.44999999999999996,0.28111915,0.83111915,193,1,827
A0AAE7S224,target_context_score,0.44999999999999996,0.22587615,0.77587615,194,1,827
A0ABP1YI01,target_context_score,0.44999999999999996,0.28078475,0.8307847500000001,195,1,827
A0A449C541,target_context_score,0.44999999999999996,0.2245259,0.7745259,196,1,827
A0A2C9CYV8,target_context_score,0.44999999999999996,0.22431384999999998,0.77431385,197,1,827
A0A0B4ZZK4,target_context_score,0.44999999999999996,0.2242657,0.7742657000000001,198,1,827
A0ABP1YEP8,target_context_score,0.44999999999999996,0.27888904999999997,0.82888905,199,1,827
A0AAE9FQP6,target_context_score,0.44999999999999996,0.22348060000000003,0.7734806000000001,200,1,827
A0AAE7V7A7,target_context_score,0.44999999999999996,0.2230381,0.7730381000000001,201,1,827
A0AA86J4Z9,target_context_score,0.44999999999999996,0.22296085000000002,0.77296085,202,1,827
A0AAX4M766,target_context_score,0.44999999999999996,0.2224191,0.7724191,203,1,827
A0AAX4M771,target_context_score,0.44999999999999996,0.2223583,0.7723583,204,1,827
A0A0B4ZXG6,target_context_score,0.44999999999999996,0.2216736,0.7716736000000001,205,1,827
A0AAE9FPR6,target_context_score,0.44999999999999996,0.22131320000000002,0.7713132,206,1,827
A1JK73,target_context_score,0.44999999999999996,0.27485650000000006,0.8248565000000001,207,1,827
A0AA86J574,target_context_score,0.44999999999999996,0.2197076,0.7697076,208,1,827
I7KRB0,target_context_score,0.44999999999999996,0.21915880000000001,0.7691588,209,1,827
A0AAE6YPB5,target_context_score,0.44999999999999996,0.21896245,0.7689624500000001,210,1,827
A0A6M3G945,target_context_score,0.44999999999999996,0.21874935,0.76874935,211,1,827
S5MRE0,target_context_score,0.44999999999999996,0.21853560000000002,0.7685356000000001,212,1,827
A0AAE9FV72,target_context_score,0.44999999999999996,0.21818605,0.7681860500000001,213,1,827
A0A3B8E5R1,target_context_score,0.44999999999999996,0.21791480000000002,0.7679148,214,1,827
A0AAE9FSV4,target_context_score,0.44999999999999996,0.2177773,0.7677773000000001,215,1,827
A0ABP1XZ23,target_context_score,0.44999999999999996,0.2727008,0.8227008,216,1,827
I7LEG3,target_context_score,0.44999999999999996,0.21741585000000002,0.7674158500000001,217,1,827
A0A9P1UYK8,target_context_score,0.44999999999999996,0.27199490000000004,0.8219949000000001,218,1,827
A0ABM9SIE6,target_context_score,0.44999999999999996,0.27181215000000003,0.8218121500000001,219,1,827
A0A449C473,target_context_score,0.44999999999999996,0.2164665,0.7664665,220,1,827
A0A7U4GE85,target_context_score,0.44999999999999996,0.27130955,0.82130955,221,1,827
A0A7D3V4S6,target_context_score,0.44999999999999996,0.21623945000000003,0.76623945,222,1,827
A0A2D0PDR4,target_context_score,0.44999999999999996,0.21595585,0.7659558500000001,223,1,827
A0A7T9XT11,target_context_score,0.44999999999999996,0.27062210000000003,0.8206221,224,1,827
A0AAE9JYN2,target_context_score,0.44999999999999996,0.21510255,0.76510255,225,1,827
A1JNA9,target_context_score,0.44999999999999996,0.26970305,0.81970305,226,1,827
A0AAE9JW72,target_context_score,0.44999999999999996,0.21457195,0.7645719500000001,227,1,827
A0A9P1PT53,target_context_score,0.44999999999999996,0.26903740000000004,0.8190374,228,1,827
I7LEN8,target_context_score,0.44999999999999996,0.21373595,0.76373595,229,1,827
Q858V3,target_context_score,0.44999999999999996,0.2134414,0.7634414,230,1,827
A0ABP1YG46,target_context_score,0.44999999999999996,0.2680883,0.8180883000000001,231,1,827
A0A0H3NU55,target_context_score,0.44999999999999996,0.1981408,0.7481408,232,1,827
A0A449C3Q7,target_context_score,0.44999999999999996,0.21183915,0.76183915,233,1,827
A0A449C610,target_context_score,0.44999999999999996,0.21177800000000002,0.7617780000000001,234,1,827
A0ABP1YH51,target_context_score,0.44999999999999996,0.2666215,0.8166215000000001,235,1,827
A0A2D0PE26,target_context_score,0.44999999999999996,0.21152435000000003,0.7615243500000001,236,1,827
A0A0H5HBD5,target_context_score,0.44999999999999996,0.26619495,0.8161949500000001,237,1,827
A0ABM9S2F3,target_context_score,0.44999999999999996,0.26613795,0.8161379500000001,238,1,827
A0ABM9S2J3,target_context_score,0.44999999999999996,0.26611275,0.81611275,239,1,827
A0A6M3G872,target_context_score,0.44999999999999996,0.21078315000000003,0.7607831500000001,240,1,827
A0A0H5GK99,target_context_score,0.44999999999999996,0.2654944,0.8154944000000001,241,1,827
A0A0H3NQF5,target_context_score,0.44999999999999996,0.1962116,0.7462116000000001,242,1,827
A0AAE9FL40,target_context_score,0.44999999999999996,0.20819375,0.75819375,243,1,827
A0A2H1UJ90,target_context_score,0.44999999999999996,0.20805020000000002,0.7580502,244,1,827
A0A6M3G8P6,target_context_score,0.44999999999999996,0.20788310000000002,0.7578831,245,1,827
A0A0B5A2L0,target_context_score,0.44999999999999996,0.20773825,0.7577382500000001,246,1,827
A0A449C6B2,target_context_score,0.44999999999999996,0.20695465000000002,0.7569546500000001,247,1,827
A0A0H5H8V4,target_context_score,0.44999999999999996,0.2611335,0.8111335000000001,248,1,827
F4N731,target_context_score,0.44999999999999996,0.26060655,0.81060655,249,1,827
A0A7U4K299,target_context_score,0.44999999999999996,0.26042020000000005,0.8104202,250,1,827
A0A9P1PUI1,target_context_score,0.44999999999999996,0.26002305000000003,0.8100230500000001,251,1,827
A0ABM9S1Y8,target_context_score,0.44999999999999996,0.25946975,0.8094697500000001,252,1,827
A0AAD2Z2V4,target_context_score,0.44999999999999996,0.25921215000000003,0.80921215,253,1,827
A0AAD2Z484,target_context_score,0.44999999999999996,0.25583670000000003,0.8058367000000001,254,1,827
A0ABM9SIR4,target_context_score,0.44999999999999996,0.25573715,0.8057371500000001,255,1,827
A0A9P1PVU6,target_context_score,0.44999999999999996,0.2557215,0.8057215,256,1,827
A0ABP1Y817,target_context_score,0.44999999999999996,0.2551593,0.8051593,257,1,827
A0A449C4V3,target_context_score,0.44999999999999996,0.19989665,0.74989665,258,1,827
F4N725,target_context_score,0.44999999999999996,0.25450535,0.8045053500000001,259,1,827
A0A7U4GDF4,target_context_score,0.44999999999999996,0.25365840000000006,0.8036584000000001,260,1,827
A0A3G8F0J9,target_context_score,0.44999999999999996,0.19820885000000002,0.74820885,261,1,827
A0A2H1UJE7,target_context_score,0.44999999999999996,0.19812570000000002,0.7481257000000001,262,1,827
A0AAD2V1D7,target_context_score,0.44999999999999996,0.2530676,0.8030676000000001,263,1,827
A0A0H5H5S4,target_context_score,0.44999999999999996,0.25177505,0.80177505,264,1,827
A0A7U0AV15,target_context_score,0.44999999999999996,0.25097515000000004,0.8009751500000001,265,1,827
A0A0H5HAG0,target_context_score,0.44999999999999996,0.24985780000000002,0.7998578000000001,266,1,827
F2Q846,target_context_score,0.44999999999999996,0.24975370000000002,0.7997537000000001,267,1,827
A0AAD2Z5G5,target_context_score,0.44999999999999996,0.24890630000000002,0.7989063000000001,268,1,827
A0AAT9S9R9,target_context_score,0.44999999999999996,0.1938416,0.7438416000000001,269,1,827
A0A2D0PDA0,target_context_score,0.44999999999999996,0.19346185,0.7434618500000001,270,1,827
A0AAD2UW33,target_context_score,0.44999999999999996,0.2477621,0.7977621,271,1,827
A0A0H5G2H5,target_context_score,0.44999999999999996,0.24733975000000002,0.7973397500000001,272,1,827
A0A7T9XU34,target_context_score,0.44999999999999996,0.24730005000000002,0.79730005,273,1,827
A0A0T7P7W8,target_context_score,0.44999999999999996,0.2472866,0.7972866000000001,274,1,827
A1JK75,target_context_score,0.44999999999999996,0.24703650000000002,0.7970365,275,1,827
A0ABP1Y7A6,target_context_score,0.44999999999999996,0.2459592,0.7959592,276,1,827
A0ABM9S4S5,target_context_score,0.44999999999999996,0.2456308,0.7956308000000001,277,1,827
A0A7T9XU28,target_context_score,0.44999999999999996,0.24555720000000003,0.7955572000000001,278,1,827
A0A7U4GEA5,target_context_score,0.44999999999999996,0.24494880000000002,0.7949488,279,1,827
A0A7U0ASF4,target_context_score,0.44999999999999996,0.24494135000000003,0.7949413500000001,280,1,827
A1JMQ3,target_context_score,0.44999999999999996,0.24443205,0.7944320500000001,281,1,827
A0ABP1Y442,target_context_score,0.44999999999999996,0.24417580000000003,0.7941758000000001,282,1,827
A0A0T7PAJ5,target_context_score,0.44999999999999996,0.24365975,0.79365975,283,1,827
A0A9P1V089,target_context_score,0.44999999999999996,0.24218545000000002,0.7921854500000001,284,1,827
A0A0H5EYN4,target_context_score,0.44999999999999996,0.23919045,0.78919045,285,1,827
A0A0H5GK90,target_context_score,0.44999999999999996,0.2391251,0.7891251,286,1,827
A0A9P1PUD9,target_context_score,0.44999999999999996,0.2386644,0.7886644,287,1,827
A0A7U4K0Q6,target_context_score,0.44999999999999996,0.23839995000000003,0.7883999500000001,288,1,827
A0A0H5H5L7,target_context_score,0.44999999999999996,0.23831455,0.7883145500000001,289,1,827
S5M3A2,target_context_score,0.44999999999999996,0.18239445,0.73239445,290,1,827
A0A9P1PW91,target_context_score,0.44999999999999996,0.23735255,0.78735255,291,1,827
A0ABM9SIJ1,target_context_score,0.44999999999999996,0.23725105,0.7872510500000001,292,1,827
A0A7U0AT10,target_context_score,0.44999999999999996,0.23707224999999998,0.78707225,293,1,827
A0A7U0AVA4,target_context_score,0.44999999999999996,0.23705615,0.7870561500000001,294,1,827
A0A9P1PWI0,target_context_score,0.44999999999999996,0.23698490000000003,0.7869849000000001,295,1,827
A1JND9,target_context_score,0.44999999999999996,0.23593855000000002,0.78593855,296,1,827
A0A0T7PAK2,target_context_score,0.44999999999999996,0.23549660000000003,0.7854966000000001,297,1,827
A0A7U0AWS6,target_context_score,0.44999999999999996,0.2342034,0.7842034,298,1,827
A0ABP1YED8,target_context_score,0.44999999999999996,0.2339968,0.7839968,299,1,827
A0A9P1V3L8,target_context_score,0.44999999999999996,0.23324185000000003,0.78324185,300,1,827
A0A9P1PV32,target_context_score,0.44999999999999996,0.2313512,0.7813512,301,1,827
A0A449C694,target_context_score,0.44999999999999996,0.17499445000000002,0.7249944500000001,302,1,827
A0A7U4K153,target_context_score,0.44999999999999996,0.1467785,0.6967785000000001,303,1,827
A0A2H1X986,target_context_score,0.44999999999999996,0.17374095,0.72374095,304,1,827
A0A0H5H701,target_context_score,0.44999999999999996,0.2278968,0.7778968,305,1,827
A0ABP1YGH5,target_context_score,0.44999999999999996,0.22769015,0.7776901500000001,306,1,827
A0A9P1UYL2,target_context_score,0.44999999999999996,0.22693215,0.77693215,307,1,827
A0AAD2Z3Y9,target_context_score,0.44999999999999996,0.22661195,0.77661195,308,1,827
A0A0H5HA66,target_context_score,0.44999999999999996,0.22655375000000003,0.77655375,309,1,827
A0A0T9PR46,target_context_score,0.44999999999999996,0.32223510000000005,0.8722351000000002,310,1,827
A0ABM9S4S8,target_context_score,0.44999999999999996,0.2251042,0.7751042,311,1,827
A0A9P1PT68,target_context_score,0.44999999999999996,0.2246131,0.7746131,312,1,827
A0A9P1V1H6,target_context_score,0.44999999999999996,0.22018855,0.7701885500000001,313,1,827
A0A857F0P1,target_context_score,0.44999999999999996,0.31444825000000004,0.8644482500000001,314,1,827
F4N727,target_context_score,0.44999999999999996,0.21634985,0.7663498500000001,315,1,827
A0AB73QMA1,target_context_score,0.44999999999999996,0.31111685,0.86111685,316,1,827
A0AAD2Z8P4,target_context_score,0.44999999999999996,0.21357220000000002,0.7635722,317,1,827
A0A0H5LRI9,target_context_score,0.44999999999999996,0.30773565,0.8577356500000001,318,1,827
A0A0B4ZZ77,target_context_score,0.44999999999999996,0.15536485,0.70536485,319,1,827
A0AAD2UW21,target_context_score,0.44999999999999996,0.20813425,0.75813425,320,1,827
A0A0H5H5S7,target_context_score,0.44999999999999996,0.207042,0.757042,321,1,827
A0A0T9Q3J3,target_context_score,0.44999999999999996,0.3001628,0.8501628000000001,322,1,827
A0A0T9PX62,target_context_score,0.44999999999999996,0.29981095,0.8498109500000001,323,1,827
A0AAW7K9U6,target_context_score,0.44999999999999996,0.29919735000000003,0.8491973500000001,324,1,827
A0A0H3B5E1,target_context_score,0.44999999999999996,0.29862140000000004,0.8486214000000001,325,1,827
A0A0T9QCI9,target_context_score,0.44999999999999996,0.29797985000000005,0.8479798500000001,326,1,827
A0ABX5QXK4,target_context_score,0.44999999999999996,0.2967736,0.8467736000000001,327,1,827
A0A0T9RET2,target_context_score,0.44999999999999996,0.2965087,0.8465087,328,1,827
A0AAD2Z3C0,target_context_score,0.44999999999999996,0.1988341,0.7488341000000001,329,1,827
A0ABM9Y807,target_context_score,0.44999999999999996,0.29433565,0.8443356500000001,330,1,827
A0AAV3BI89,target_context_score,0.44999999999999996,0.2940393,0.8440393,331,1,827
A0ABM9SSL7,target_context_score,0.44999999999999996,0.2913091,0.8413091,332,1,827
A0ABM9TCZ7,target_context_score,0.44999999999999996,0.2910949,0.8410949000000001,333,1,827
A0A0H3B6N5,target_context_score,0.44999999999999996,0.29071295,0.8407129500000001,334,1,827
A0AA36LLT8,target_context_score,0.44999999999999996,0.29043985000000005,0.8404398500000001,335,1,827
A0A0T9UVK0,target_context_score,0.44999999999999996,0.29002775000000003,0.8400277500000001,336,1,827
A0A0T9KM81,target_context_score,0.44999999999999996,0.29000045,0.84000045,337,1,827
A0ABM9Y805,target_context_score,0.44999999999999996,0.2891271,0.8391271,338,1,827
A0AB73PI84,target_context_score,0.44999999999999996,0.2882833,0.8382833000000001,339,1,827
A0A0E1NTH1,target_context_score,0.44999999999999996,0.28810389999999997,0.8381039,340,1,827
A0ABW9EXB2,target_context_score,0.44999999999999996,0.28796535,0.83796535,341,1,827
A0AB72ZKZ2,target_context_score,0.44999999999999996,0.28742120000000004,0.8374212000000001,342,1,827
A0A0T9KX64,target_context_score,0.44999999999999996,0.2866674,0.8366674000000001,343,1,827
Q66BM0,target_context_score,0.44999999999999996,0.28627040000000004,0.8362704000000001,344,1,827
A0AAI8ZUU9,target_context_score,0.44999999999999996,0.28621515000000003,0.8362151500000001,345,1,827
A0ABM6UUX5,target_context_score,0.44999999999999996,0.2860283,0.8360283000000001,346,1,827
A0ABP2EH72,target_context_score,0.44999999999999996,0.2859252,0.8359252,347,1,827
A0A0A8VKM3,target_context_score,0.44999999999999996,0.28554504999999997,0.83554505,348,1,827
A0AA36LPU1,target_context_score,0.44999999999999996,0.28546645000000004,0.8354664500000001,349,1,827
A0A0T9LS41,target_context_score,0.44999999999999996,0.28481825,0.8348182500000001,350,1,827
A0A0H3B6E3,target_context_score,0.44999999999999996,0.28446555,0.83446555,351,1,827
A0AB72ZMY1,target_context_score,0.44999999999999996,0.2836586,0.8336586,352,1,827
A0A0T9MH64,target_context_score,0.44999999999999996,0.28327670000000005,0.8332767000000001,353,1,827
A0A2G4U2G2,target_context_score,0.44999999999999996,0.28289315000000004,0.8328931500000001,354,1,827
A0ABX5R0C5,target_context_score,0.44999999999999996,0.28279565000000007,0.8327956500000001,355,1,827
A0ABM9XWV8,target_context_score,0.44999999999999996,0.28233400000000003,0.8323340000000001,356,1,827
A0ABM7AH44,target_context_score,0.44999999999999996,0.2823199,0.8323199000000001,357,1,827
A0A380PQB1,target_context_score,0.44999999999999996,0.28212525,0.83212525,358,1,827
A0ABY5UJG2,target_context_score,0.44999999999999996,0.28176725,0.8317672500000001,359,1,827
A0A0H3B4K0,target_context_score,0.44999999999999996,0.2816418,0.8316418000000001,360,1,827
A0AA36LNC6,target_context_score,0.44999999999999996,0.28148345,0.8314834500000001,361,1,827
A0A0T9TRC6,target_context_score,0.44999999999999996,0.2813103,0.8313103000000001,362,1,827
A0A0H3B3D7,target_context_score,0.44999999999999996,0.28086490000000003,0.8308649000000001,363,1,827
A0A380PNY7,target_context_score,0.44999999999999996,0.28022405,0.83022405,364,1,827
A0ABM6UP52,target_context_score,0.44999999999999996,0.28011305000000003,0.83011305,365,1,827
A0A380PNE2,target_context_score,0.44999999999999996,0.28010635,0.8301063500000001,366,1,827
A0ABM9TDA6,target_context_score,0.44999999999999996,0.2799936,0.8299936000000001,367,1,827
A0ABM9TCS0,target_context_score,0.44999999999999996,0.2799239,0.8299239,368,1,827
A0A0H5M9D5,target_context_score,0.44999999999999996,0.27945875000000003,0.8294587500000001,369,1,827
A0A085U5Z0,target_context_score,0.44999999999999996,0.2792599,0.8292599,370,1,827
A0AAV3B8C3,target_context_score,0.44999999999999996,0.27907055000000003,0.8290705500000001,371,1,827
A0A0T9QDU9,target_context_score,0.44999999999999996,0.27867685000000003,0.8286768500000001,372,1,827
A1JQS5,target_context_score,0.44999999999999996,0.18241365,0.73241365,373,1,827
A0ABW9EYQ1,target_context_score,0.44999999999999996,0.27852105000000005,0.8285210500000001,374,1,827
A0AAX2I043,target_context_score,0.44999999999999996,0.27704660000000003,0.8270466000000001,375,1,827
A0A208ZSG0,target_context_score,0.44999999999999996,0.27673630000000005,0.8267363000000001,376,1,827
A0AA90Y526,target_context_score,0.44999999999999996,0.2764122,0.8264122,377,1,827
A0A380QTF7,target_context_score,0.44999999999999996,0.2762564,0.8262564000000001,378,1,827
A0A085U317,target_context_score,0.44999999999999996,0.27579225,0.8257922500000001,379,1,827
A0A2U2GXH7,target_context_score,0.44999999999999996,0.2754687,0.8254687,380,1,827
A0ABR4W9H6,target_context_score,0.44999999999999996,0.27540845,0.8254084500000001,381,1,827
A0AB72ZDV0,target_context_score,0.44999999999999996,0.2752013,0.8252013,382,1,827
A0ABR4VWS1,target_context_score,0.44999999999999996,0.2751458,0.8251458,383,1,827
A0AB73Q5K2,target_context_score,0.44999999999999996,0.2750443,0.8250443000000001,384,1,827
A0A0T9UHA7,target_context_score,0.44999999999999996,0.27495595,0.8249559500000001,385,1,827
A0A0U1R2N4,target_context_score,0.44999999999999996,0.27468615,0.82468615,386,1,827
A0A380PNP9,target_context_score,0.44999999999999996,0.27462125000000004,0.8246212500000001,387,1,827
A0A0T9QV26,target_context_score,0.44999999999999996,0.274574,0.824574,388,1,827
A0ABM9XUV6,target_context_score,0.44999999999999996,0.27406480000000005,0.8240648000000002,389,1,827
A0A0T9PYB4,target_context_score,0.44999999999999996,0.27386465000000004,0.8238646500000001,390,1,827
A0ABM6BHQ6,target_context_score,0.44999999999999996,0.2731981,0.8231981,391,1,827
A0A0H3B678,target_context_score,0.44999999999999996,0.273164,0.823164,392,1,827
A0A0U1QVC6,target_context_score,0.44999999999999996,0.2730848,0.8230848000000001,393,1,827
A0AA90XZS1,target_context_score,0.44999999999999996,0.27287150000000004,0.8228715000000001,394,1,827
A0A0H3B1B9,target_context_score,0.44999999999999996,0.27265505,0.82265505,395,1,827
A0AB73Q656,target_context_score,0.44999999999999996,0.272321,0.8223210000000001,396,1,827
A0A209A9L1,target_context_score,0.44999999999999996,0.27220300000000003,0.822203,397,1,827
A0ABM5UHV5,target_context_score,0.44999999999999996,0.2720901,0.8220901,398,1,827
A0AB72ZL33,target_context_score,0.44999999999999996,0.272042,0.822042,399,1,827
A0A2G4TYK3,target_context_score,0.44999999999999996,0.2719202,0.8219202000000001,400,1,827
A0ABR4W5R8,target_context_score,0.44999999999999996,0.27184945,0.82184945,401,1,827
A0A0A8VDN9,target_context_score,0.44999999999999996,0.27175360000000004,0.8217536000000001,402,1,827
A0AAI8ZVG7,target_context_score,0.44999999999999996,0.2716083,0.8216083000000001,403,1,827
A0A0H5MHG7,target_context_score,0.44999999999999996,0.27111055,0.82111055,404,1,827
A0AAX2I0L3,target_context_score,0.44999999999999996,0.2710956,0.8210956,405,1,827
A0AA36PIC1,target_context_score,0.44999999999999996,0.27092535,0.82092535,406,1,827
A0AAV3BAT5,target_context_score,0.44999999999999996,0.2707099,0.8207099,407,1,827
A0ABM6UW81,target_context_score,0.44999999999999996,0.27022225,0.82022225,408,1,827
A0ABX5R0V5,target_context_score,0.44999999999999996,0.26987255,0.81987255,409,1,827
A0A0T9MSU1,target_context_score,0.44999999999999996,0.26979605,0.8197960500000001,410,1,827
A0ABP1Z8F7,target_context_score,0.44999999999999996,0.26914805,0.8191480500000001,411,1,827
A0AB73QHN9,target_context_score,0.44999999999999996,0.26910105,0.81910105,412,1,827
A0AB73NKW1,target_context_score,0.44999999999999996,0.26900365000000004,0.8190036500000001,413,1,827
A0AAV3B8C2,target_context_score,0.44999999999999996,0.26899660000000003,0.8189966000000001,414,1,827
A0AB73PP81,target_context_score,0.44999999999999996,0.26884055,0.81884055,415,1,827
A0A0T9LN66,target_context_score,0.44999999999999996,0.26880925,0.81880925,416,1,827
A0ABM7AGN3,target_context_score,0.44999999999999996,0.26833325,0.81833325,417,1,827
A0ABM5U8M7,target_context_score,0.44999999999999996,0.2681516,0.8181516,418,1,827
A0ABN4CNM4,target_context_score,0.44999999999999996,0.26810325,0.8181032500000001,419,1,827
A0A0T9RQ76,target_context_score,0.44999999999999996,0.2679607,0.8179607,420,1,827
A0ABX6FH78,target_context_score,0.44999999999999996,0.26780705,0.8178070500000001,421,1,827
A0A380PNA2,target_context_score,0.44999999999999996,0.2673822,0.8173822000000001,422,1,827
A0AA44I1R7,target_context_score,0.44999999999999996,0.26726905,0.81726905,423,1,827
A0ABP2DZT0,target_context_score,0.44999999999999996,0.26672275,0.81672275,424,1,827
A0ABY5UX71,target_context_score,0.44999999999999996,0.2665664,0.8165664,425,1,827
A0AB73QFS4,target_context_score,0.44999999999999996,0.26637625000000004,0.81637625,426,1,827
A0A380PUT3,target_context_score,0.44999999999999996,0.26627850000000003,0.8162785000000001,427,1,827
A0A085U7Z9,target_context_score,0.44999999999999996,0.26619855000000003,0.8161985500000001,428,1,827
A0A208ZSG3,target_context_score,0.44999999999999996,0.26602015,0.81602015,429,1,827
A0ABM9TGV0,target_context_score,0.44999999999999996,0.26594150000000005,0.8159415000000001,430,1,827
A0AA44CPT5,target_context_score,0.44999999999999996,0.26566045,0.81566045,431,1,827
A0A0T9KLV1,target_context_score,0.44999999999999996,0.26556795,0.81556795,432,1,827
A0ABW9ETP4,target_context_score,0.44999999999999996,0.26552965,0.81552965,433,1,827
A0A0E1NNL7,target_context_score,0.44999999999999996,0.26535745,0.81535745,434,1,827
A0A0U1QWC7,target_context_score,0.44999999999999996,0.26512464999999996,0.81512465,435,1,827
A0ABM9STX9,target_context_score,0.44999999999999996,0.2650216,0.8150216000000001,436,1,827
A0A380QTH7,target_context_score,0.44999999999999996,0.26499880000000003,0.8149988000000001,437,1,827
A0ABM6UUN8,target_context_score,0.44999999999999996,0.26430055,0.81430055,438,1,827
A0A2G4U293,target_context_score,0.44999999999999996,0.26420885,0.81420885,439,1,827
A0ABM5SR09,target_context_score,0.44999999999999996,0.2641819,0.8141819000000001,440,1,827
Q666T9,target_context_score,0.44999999999999996,0.2641741,0.8141741,441,1,827
A0A0T9QEA5,target_context_score,0.44999999999999996,0.2641378,0.8141378,442,1,827
A0AA44CIX0,target_context_score,0.44999999999999996,0.26381315,0.8138131500000001,443,1,827
A0ABM7ANK9,target_context_score,0.44999999999999996,0.26373995,0.81373995,444,1,827
A0ABR4VY47,target_context_score,0.44999999999999996,0.26373615,0.81373615,445,1,827
A0A0H2W1J5,target_context_score,0.44999999999999996,0.26329375,0.81329375,446,1,827
A0AB73PZQ4,target_context_score,0.44999999999999996,0.2631907,0.8131907,447,1,827
A0ABP1YSK3,target_context_score,0.44999999999999996,0.2628422,0.8128422000000001,448,1,827
A0AAW7JSQ1,target_context_score,0.44999999999999996,0.26269725000000005,0.81269725,449,1,827
A0ABM9YBE2,target_context_score,0.44999999999999996,0.26265565,0.8126556500000001,450,1,827
A0ABM9TGR4,target_context_score,0.44999999999999996,0.26245935000000004,0.8124593500000001,451,1,827
A0ABY5UV58,target_context_score,0.44999999999999996,0.2622144,0.8122144,452,1,827
A0ABP1ZGZ5,target_context_score,0.44999999999999996,0.2619748,0.8119748,453,1,827
A0A0H2YKF3,target_context_score,0.44999999999999996,0.26186955,0.81186955,454,1,827
A0AA44CIM3,target_context_score,0.44999999999999996,0.26169450000000005,0.8116945000000001,455,1,827
Q66BC8,target_context_score,0.44999999999999996,0.26164545000000006,0.8116454500000001,456,1,827
A0ABM9SZ95,target_context_score,0.44999999999999996,0.26163805,0.81163805,457,1,827
A0AA36LM82,target_context_score,0.44999999999999996,0.2615949,0.8115949,458,1,827
A0AB73PEI7,target_context_score,0.44999999999999996,0.26141145,0.81141145,459,1,827
A0A380PP39,target_context_score,0.44999999999999996,0.2612432,0.8112432,460,1,827
A0A0T9RKA1,target_context_score,0.44999999999999996,0.2609364,0.8109364000000001,461,1,827
A0A0H3B6E0,target_context_score,0.44999999999999996,0.26093155,0.8109315500000001,462,1,827
A0ABM5U8N2,target_context_score,0.44999999999999996,0.26085495000000003,0.8108549500000001,463,1,827
A0ABW9EWX0,target_context_score,0.44999999999999996,0.2606203,0.8106203000000001,464,1,827
A0ABP1Y7W3,target_context_score,0.44999999999999996,0.2605497,0.8105497,465,1,827
A0ABN4PWA2,target_context_score,0.44999999999999996,0.26025215,0.8102521500000001,466,1,827
A0ABM5UH14,target_context_score,0.44999999999999996,0.26019305000000004,0.8101930500000001,467,1,827
A0A0T9KKA0,target_context_score,0.44999999999999996,0.26014875000000004,0.8101487500000001,468,1,827
Q66CW5,target_context_score,0.44999999999999996,0.25979705000000003,0.80979705,469,1,827
A0A380Q814,target_context_score,0.44999999999999996,0.2597072,0.8097072000000001,470,1,827
A0A0E1NX19,target_context_score,0.44999999999999996,0.25963225,0.80963225,471,1,827
A0ABM9Y7R4,target_context_score,0.44999999999999996,0.25927755,0.80927755,472,1,827
A0ABN4PV81,target_context_score,0.44999999999999996,0.25921015000000003,0.8092101500000001,473,1,827
A0ABM7ALJ4,target_context_score,0.44999999999999996,0.259153,0.809153,474,1,827
A0A857EWU7,target_context_score,0.44999999999999996,0.25891395,0.80891395,475,1,827
A0A0T9UMM8,target_context_score,0.44999999999999996,0.2588481,0.8088481000000001,476,1,827
A0A0A8VIE2,target_context_score,0.44999999999999996,0.2588375,0.8088375000000001,477,1,827
A0ABP1YWJ1,target_context_score,0.44999999999999996,0.2584539,0.8084539000000001,478,1,827
A0A0H3AWU3,target_context_score,0.44999999999999996,0.25845095,0.8084509500000001,479,1,827
A0AA90XTP7,target_context_score,0.44999999999999996,0.25842740000000003,0.8084274,480,1,827
A0ABR4W506,target_context_score,0.44999999999999996,0.2583825,0.8083825,481,1,827
A0A0T9KYN8,target_context_score,0.44999999999999996,0.25832895,0.80832895,482,1,827
A0A0E1NTB1,target_context_score,0.44999999999999996,0.2582968,0.8082968,483,1,827
A0AAW7JU40,target_context_score,0.44999999999999996,0.25821215,0.80821215,484,1,827
A0ABM5U8P4,target_context_score,0.44999999999999996,0.2577636,0.8077636,485,1,827
A0ABM9TMK5,target_context_score,0.44999999999999996,0.25751825,0.80751825,486,1,827
A0AA36LQN9,target_context_score,0.44999999999999996,0.2573626,0.8073626,487,1,827
A0ABR4W522,target_context_score,0.44999999999999996,0.25711785000000004,0.80711785,488,1,827
A0AB73P4D7,target_context_score,0.44999999999999996,0.25708885000000004,0.8070888500000001,489,1,827
A0A380Q9X7,target_context_score,0.44999999999999996,0.2570098,0.8070098000000001,490,1,827
A0AAW7K6S3,target_context_score,0.44999999999999996,0.2569648,0.8069648,491,1,827
A0A0T9PX89,target_context_score,0.44999999999999996,0.25665570000000004,0.8066557000000001,492,1,827
A0A0T9LN06,target_context_score,0.44999999999999996,0.25664565,0.8066456500000001,493,1,827
A0A0T9KYN4,target_context_score,0.44999999999999996,0.2565618,0.8065618000000001,494,1,827
A0ABM9TUX3,target_context_score,0.44999999999999996,0.25625190000000003,0.8062519000000001,495,1,827
A0AA44CIL6,target_context_score,0.44999999999999996,0.25624455,0.8062445500000001,496,1,827
A0A0U1QX07,target_context_score,0.44999999999999996,0.25608305000000003,0.80608305,497,1,827
A0A380Q7B5,target_context_score,0.44999999999999996,0.25575225,0.8057522500000001,498,1,827
A0A208ZGJ0,target_context_score,0.44999999999999996,0.25570535,0.80570535,499,1,827
A0A0T9LN23,target_context_score,0.44999999999999996,0.2555883,0.8055883,500,1,827
A0ABM6UP56,target_context_score,0.44999999999999996,0.2555583,0.8055583000000001,501,1,827
A0A0T9QDA1,target_context_score,0.44999999999999996,0.2554129,0.8054129000000001,502,1,827
Q666U1,target_context_score,0.44999999999999996,0.25502695000000003,0.80502695,503,1,827
A0ABM7ANU6,target_context_score,0.44999999999999996,0.25501705,0.80501705,504,1,827
A0AAV3BFB4,target_context_score,0.44999999999999996,0.25490850000000004,0.8049085,505,1,827
A0AA44I1K4,target_context_score,0.44999999999999996,0.25460925,0.80460925,506,1,827
A0AB73Q1P8,target_context_score,0.44999999999999996,0.25457275,0.8045727500000001,507,1,827
A0A0H2YL52,target_context_score,0.44999999999999996,0.25443245,0.80443245,508,1,827
A0A0T9QE48,target_context_score,0.44999999999999996,0.25434155,0.8043415500000001,509,1,827
Q66CW9,target_context_score,0.44999999999999996,0.25432475000000004,0.8043247500000001,510,1,827
A0ABM6UNY3,target_context_score,0.44999999999999996,0.2542469,0.8042469000000001,511,1,827
A0ABX5R0U9,target_context_score,0.44999999999999996,0.25420370000000003,0.8042037000000001,512,1,827
A0A0H3AYM7,target_context_score,0.44999999999999996,0.25412995,0.8041299500000001,513,1,827
A0A0T9UM98,target_context_score,0.44999999999999996,0.25410795,0.8041079500000001,514,1,827
A0ABR4W6F7,target_context_score,0.44999999999999996,0.25400905,0.8040090500000001,515,1,827
A0A0H2Y6N9,target_context_score,0.44999999999999996,0.2539933,0.8039933,516,1,827
A0AA44CKU4,target_context_score,0.44999999999999996,0.25392325000000004,0.8039232500000001,517,1,827
A0ABW9EXU6,target_context_score,0.44999999999999996,0.25362490000000004,0.8036249000000001,518,1,827
A0A0H3B0A7,target_context_score,0.44999999999999996,0.25361955,0.8036195500000001,519,1,827
Q66BF1,target_context_score,0.44999999999999996,0.25347475,0.8034747500000001,520,1,827
A0AB73NKK6,target_context_score,0.44999999999999996,0.25314185,0.80314185,521,1,827
A0ABM6UX29,target_context_score,0.44999999999999996,0.25311905,0.8031190500000001,522,1,827
A0A380Q8N6,target_context_score,0.44999999999999996,0.25309400000000004,0.8030940000000001,523,1,827
A0ABX6FD19,target_context_score,0.44999999999999996,0.252956,0.802956,524,1,827
A0A857EWT6,target_context_score,0.44999999999999996,0.2526548,0.8026548,525,1,827
A0ABP1ZEA7,target_context_score,0.44999999999999996,0.25264625,0.80264625,526,1,827
A0A380Q4G1,target_context_score,0.44999999999999996,0.2524755,0.8024755000000001,527,1,827
A0ABN4FAB0,target_context_score,0.44999999999999996,0.25229455,0.80229455,528,1,827
Q66BC4,target_context_score,0.44999999999999996,0.25221665,0.8022166500000001,529,1,827
A0ABY5UJR0,target_context_score,0.44999999999999996,0.2521588,0.8021588000000001,530,1,827
A0A0T9LR98,target_context_score,0.44999999999999996,0.25203225,0.8020322500000001,531,1,827
A0ABX5QYD3,target_context_score,0.44999999999999996,0.2517236,0.8017236000000001,532,1,827
A0AB73NQS2,target_context_score,0.44999999999999996,0.25139090000000003,0.8013909000000001,533,1,827
A0A0T9N2B7,target_context_score,0.44999999999999996,0.25136075,0.8013607500000001,534,1,827
A0AAI8ZTY6,target_context_score,0.44999999999999996,0.25123585000000004,0.8012358500000001,535,1,827
A0ABP1YVJ3,target_context_score,0.44999999999999996,0.25120590000000004,0.8012059,536,1,827
A0ABM6UTV9,target_context_score,0.44999999999999996,0.2511528,0.8011528000000001,537,1,827
A0A0T9Q3M1,target_context_score,0.44999999999999996,0.25109950000000003,0.8010995000000001,538,1,827
A0A857F2M2,target_context_score,0.44999999999999996,0.25103375,0.80103375,539,1,827
Q8D1M8,target_context_score,0.44999999999999996,0.25073090000000003,0.8007309,540,1,827
A0A0T9PT88,target_context_score,0.44999999999999996,0.25043135,0.80043135,541,1,827
A0A0T9KM71,target_context_score,0.44999999999999996,0.2503575,0.8003575,542,1,827
A0A0T9RK55,target_context_score,0.44999999999999996,0.2502679,0.8002679,543,1,827
A0A5P8YE56,target_context_score,0.44999999999999996,0.2502535,0.8002535000000001,544,1,827
A0A0T9QGW8,target_context_score,0.44999999999999996,0.25021930000000003,0.8002193000000001,545,1,827
A0ABP1ZLC4,target_context_score,0.44999999999999996,0.25021825000000003,0.8002182500000001,546,1,827
A0A0T9QY81,target_context_score,0.44999999999999996,0.24992835,0.7999283500000001,547,1,827
A0ABR4W4S9,target_context_score,0.44999999999999996,0.24989775,0.7998977500000001,548,1,827
A0ABM5U8N9,target_context_score,0.44999999999999996,0.249896,0.799896,549,1,827
A0AA36PLD9,target_context_score,0.44999999999999996,0.24955280000000002,0.7995528000000001,550,1,827
A0ABX6F3U1,target_context_score,0.44999999999999996,0.24938175000000004,0.7993817500000001,551,1,827
A0A0H2W3V2,target_context_score,0.44999999999999996,0.24930200000000002,0.7993020000000001,552,1,827
A0AA36LNQ9,target_context_score,0.44999999999999996,0.2491832,0.7991832000000001,553,1,827
A0A2G4U6E8,target_context_score,0.44999999999999996,0.24916775000000002,0.7991677500000001,554,1,827
A0ABN4CUZ1,target_context_score,0.44999999999999996,0.24910435,0.79910435,555,1,827
A0ABW9EZG0,target_context_score,0.44999999999999996,0.24883675000000002,0.7988367500000001,556,1,827
A0A0U1QUW3,target_context_score,0.44999999999999996,0.24878560000000002,0.7987856000000001,557,1,827
A0ABX6F9M0,target_context_score,0.44999999999999996,0.2487445,0.7987445000000001,558,1,827
A0ABN4F8Y2,target_context_score,0.44999999999999996,0.24841775000000002,0.79841775,559,1,827
A0AA90XTS9,target_context_score,0.44999999999999996,0.24821615000000002,0.79821615,560,1,827
A0AA44CL49,target_context_score,0.44999999999999996,0.24815865,0.7981586500000001,561,1,827
A0AA36LIH7,target_context_score,0.44999999999999996,0.24798465000000003,0.7979846500000001,562,1,827
A0A0T9KXM0,target_context_score,0.44999999999999996,0.24782225000000002,0.7978222500000001,563,1,827
Q66BN2,target_context_score,0.44999999999999996,0.24781920000000002,0.7978192000000001,564,1,827
A0ABM9XUU0,target_context_score,0.44999999999999996,0.24758685000000002,0.7975868500000001,565,1,827
A0ABP2DXX8,target_context_score,0.44999999999999996,0.24748025,0.79748025,566,1,827
A0A208ZSF8,target_context_score,0.44999999999999996,0.2474481,0.7974481,567,1,827
A0A208ZSS5,target_context_score,0.44999999999999996,0.24732845,0.7973284500000001,568,1,827
A0A380PTJ1,target_context_score,0.44999999999999996,0.24718210000000002,0.7971821000000001,569,1,827
A0AA36LSX5,target_context_score,0.44999999999999996,0.24714665000000002,0.7971466500000001,570,1,827
A0A0T9PTD3,target_context_score,0.44999999999999996,0.24707435000000003,0.79707435,571,1,827
A0ABM6BHL4,target_context_score,0.44999999999999996,0.24684865000000003,0.79684865,572,1,827
A0AA36PL17,target_context_score,0.44999999999999996,0.24683170000000001,0.7968317,573,1,827
A0A380Q3T2,target_context_score,0.44999999999999996,0.24682825000000003,0.7968282500000001,574,1,827
A0A0T9PR09,target_context_score,0.44999999999999996,0.2468026,0.7968026,575,1,827
A0A2G4U6D9,target_context_score,0.44999999999999996,0.24676740000000003,0.7967674,576,1,827
A0ABP1Z7N4,target_context_score,0.44999999999999996,0.24673505,0.7967350500000001,577,1,827
A0ABM9SY22,target_context_score,0.44999999999999996,0.24670219999999998,0.7967022,578,1,827
A0AAV3BFY5,target_context_score,0.44999999999999996,0.246676,0.796676,579,1,827
A0ABM9TCW2,target_context_score,0.44999999999999996,0.24661705,0.79661705,580,1,827
B6CGX2,target_context_score,0.44999999999999996,0.2465618,0.7965618000000001,581,1,827
A0A380PPA0,target_context_score,0.44999999999999996,0.24650230000000004,0.7965023000000001,582,1,827
A0A2G4U294,target_context_score,0.44999999999999996,0.24630285,0.79630285,583,1,827
A0ABX6F8L7,target_context_score,0.44999999999999996,0.2462433,0.7962433,584,1,827
A0A0T9QCY7,target_context_score,0.44999999999999996,0.24615430000000005,0.7961543000000001,585,1,827
A0ABN4PWW7,target_context_score,0.44999999999999996,0.2461517,0.7961517,586,1,827
A0ABM6BJY1,target_context_score,0.44999999999999996,0.24615000000000004,0.7961500000000001,587,1,827
A0A0H3B5G2,target_context_score,0.44999999999999996,0.24578190000000003,0.7957819,588,1,827
A0ABM5Q137,target_context_score,0.44999999999999996,0.24577705,0.7957770500000001,589,1,827
A0ABM5SKZ0,target_context_score,0.44999999999999996,0.24572215000000003,0.79572215,590,1,827
A0A0U1QW74,target_context_score,0.44999999999999996,0.24563375,0.79563375,591,1,827
A0ABY5UJQ0,target_context_score,0.44999999999999996,0.2455134,0.7955134,592,1,827
A0A0U1HX05,target_context_score,0.44999999999999996,0.24535515000000002,0.79535515,593,1,827
A0AAX2HZP5,target_context_score,0.44999999999999996,0.24521310000000002,0.7952131,594,1,827
A0A0T9KKF4,target_context_score,0.44999999999999996,0.2451559,0.7951559,595,1,827
A0A0T9QHF4,target_context_score,0.44999999999999996,0.24513815,0.7951381500000001,596,1,827
A0A0U1R055,target_context_score,0.44999999999999996,0.24506160000000002,0.7950616,597,1,827
A0AB72ZSW9,target_context_score,0.44999999999999996,0.24502645,0.79502645,598,1,827
A0A2A7VG50,target_context_score,0.44999999999999996,0.24488055000000003,0.79488055,599,1,827
A0ABM5Q0I6,target_context_score,0.44999999999999996,0.24484735000000002,0.7948473500000001,600,1,827
A0A380PP26,target_context_score,0.44999999999999996,0.24457845,0.79457845,601,1,827
A0ABM5UGZ3,target_context_score,0.44999999999999996,0.24452035,0.79452035,602,1,827
A0ABM9TW88,target_context_score,0.44999999999999996,0.24431045,0.79431045,603,1,827
A0ABP1YW71,target_context_score,0.44999999999999996,0.24427115000000002,0.79427115,604,1,827
A0A0T9QDB9,target_context_score,0.44999999999999996,0.24426885000000004,0.7942688500000001,605,1,827
A0ABP2E2L7,target_context_score,0.44999999999999996,0.24404135000000002,0.7940413500000001,606,1,827
A0ABM9Y7W9,target_context_score,0.44999999999999996,0.24401100000000003,0.794011,607,1,827
A0ABW9EY82,target_context_score,0.44999999999999996,0.24382840000000003,0.7938284000000001,608,1,827
A0AA44CMJ6,target_context_score,0.44999999999999996,0.24376915000000002,0.79376915,609,1,827
A0AB73P877,target_context_score,0.44999999999999996,0.2437523,0.7937523000000001,610,1,827
A0AA90XYJ4,target_context_score,0.44999999999999996,0.24369865000000002,0.7936986500000001,611,1,827
A0ABM9XWU7,target_context_score,0.44999999999999996,0.24369115000000002,0.7936911500000001,612,1,827
A0A0T9N293,target_context_score,0.44999999999999996,0.24361920000000004,0.7936192000000001,613,1,827
A0AB73NNK1,target_context_score,0.44999999999999996,0.24350290000000002,0.7935029,614,1,827
A0AA44CQ33,target_context_score,0.44999999999999996,0.24327045,0.7932704500000001,615,1,827
A0ABW9ETP1,target_context_score,0.44999999999999996,0.24314600000000003,0.7931460000000001,616,1,827
A0ABR4W680,target_context_score,0.44999999999999996,0.24308715000000003,0.7930871500000001,617,1,827
A0A0T9RK20,target_context_score,0.44999999999999996,0.24298385,0.79298385,618,1,827
A0A380PRV1,target_context_score,0.44999999999999996,0.2429347,0.7929347,619,1,827
A0A0T9KKH2,target_context_score,0.44999999999999996,0.24278865000000002,0.7927886500000001,620,1,827
A0A380QJL7,target_context_score,0.44999999999999996,0.24278045,0.7927804500000001,621,1,827
A0ABM6BJA0,target_context_score,0.44999999999999996,0.24270370000000002,0.7927037000000001,622,1,827
A0A0H3B592,target_context_score,0.44999999999999996,0.24268015,0.79268015,623,1,827
A0ABN4H4Y5,target_context_score,0.44999999999999996,0.24247400000000002,0.7924740000000001,624,1,827
A0A0T9TRH4,target_context_score,0.44999999999999996,0.24216975000000002,0.79216975,625,1,827
A0ABM6BHF9,target_context_score,0.44999999999999996,0.24211020000000003,0.7921102000000001,626,1,827
A0A209AAW7,target_context_score,0.44999999999999996,0.24185085,0.7918508500000001,627,1,827
A0AA91BG92,target_context_score,0.44999999999999996,0.24164850000000002,0.7916485000000001,628,1,827
A0A380Q9K9,target_context_score,0.44999999999999996,0.24157845,0.79157845,629,1,827
A0ABM5SPQ0,target_context_score,0.44999999999999996,0.24138920000000003,0.7913892,630,1,827
A0ABM5ST74,target_context_score,0.44999999999999996,0.24135099999999998,0.791351,631,1,827
A0AAV3BFT4,target_context_score,0.44999999999999996,0.24115205,0.79115205,632,1,827
Q66BC6,target_context_score,0.44999999999999996,0.24100295000000002,0.7910029500000001,633,1,827
A0A0T9RLX7,target_context_score,0.44999999999999996,0.2405768,0.7905768000000001,634,1,827
A0ABN4CQH5,target_context_score,0.44999999999999996,0.24052300000000001,0.7905230000000001,635,1,827
A0AB73Q5E6,target_context_score,0.44999999999999996,0.24048825000000001,0.7904882500000001,636,1,827
A0A0U1QXU2,target_context_score,0.44999999999999996,0.24020655000000002,0.7902065500000001,637,1,827
A0AB73PBS8,target_context_score,0.44999999999999996,0.24002605000000002,0.79002605,638,1,827
A0ABM5Q1D7,target_context_score,0.44999999999999996,0.24001165,0.7900116500000001,639,1,827
A0ABP1Z8M7,target_context_score,0.44999999999999996,0.23994775000000002,0.7899477500000001,640,1,827
A0A380QDK2,target_context_score,0.44999999999999996,0.23985475,0.78985475,641,1,827
Q7CIG2,target_context_score,0.44999999999999996,0.23944435000000003,0.7894443500000001,642,1,827
A0ABP2ED01,target_context_score,0.44999999999999996,0.2392661,0.7892661000000001,643,1,827
A0ABX5QZM3,target_context_score,0.44999999999999996,0.23918695,0.78918695,644,1,827
A0ABM9ST81,target_context_score,0.44999999999999996,0.23915010000000003,0.7891501000000001,645,1,827
A0AB73NFU9,target_context_score,0.44999999999999996,0.2391282,0.7891282000000001,646,1,827
A0AA44CIR8,target_context_score,0.44999999999999996,0.2390432,0.7890432000000001,647,1,827
A0ABP1Y756,target_context_score,0.44999999999999996,0.23897630000000003,0.7889763000000001,648,1,827
Q66BM2,target_context_score,0.44999999999999996,0.23894195000000001,0.7889419500000001,649,1,827
A0AAX2I0V1,target_context_score,0.44999999999999996,0.23891745000000003,0.78891745,650,1,827
A0ABM5UH09,target_context_score,0.44999999999999996,0.23886465,0.7888646500000001,651,1,827
A0A0T9UVW1,target_context_score,0.44999999999999996,0.23886300000000002,0.7888630000000001,652,1,827
A0A0T9KME1,target_context_score,0.44999999999999996,0.2387898,0.7887898,653,1,827
A0A0T9RC84,target_context_score,0.44999999999999996,0.23877225,0.7887722500000001,654,1,827
A0ABM9XX67,target_context_score,0.44999999999999996,0.23870405,0.78870405,655,1,827
A0A0T9KKM2,target_context_score,0.44999999999999996,0.23866995000000002,0.7886699500000001,656,1,827
A0ABM5PZP9,target_context_score,0.44999999999999996,0.23866585,0.7886658500000001,657,1,827
A0ABP2EGX4,target_context_score,0.44999999999999996,0.2386444,0.7886444,658,1,827
A0AB73NNV4,target_context_score,0.44999999999999996,0.23864225000000003,0.7886422500000001,659,1,827
A0A0T9PN75,target_context_score,0.44999999999999996,0.23863695000000001,0.7886369500000001,660,1,827
A0AB72ZRU6,target_context_score,0.44999999999999996,0.2385218,0.7885218,661,1,827
A0ABW9EZJ2,target_context_score,0.44999999999999996,0.23848665000000002,0.7884866500000001,662,1,827
A0AB73PN87,target_context_score,0.44999999999999996,0.2383328,0.7883328000000001,663,1,827
A0A0T9RLI7,target_context_score,0.44999999999999996,0.23832135000000002,0.78832135,664,1,827
A0ABM6BKQ9,target_context_score,0.44999999999999996,0.2382216,0.7882216000000001,665,1,827
A0A0T9KM28,target_context_score,0.44999999999999996,0.23792600000000003,0.7879260000000001,666,1,827
A0ABM9SYN9,target_context_score,0.44999999999999996,0.2374592,0.7874592,667,1,827
Q66CW3,target_context_score,0.44999999999999996,0.23741135000000002,0.7874113500000001,668,1,827
A0AB73NNI1,target_context_score,0.44999999999999996,0.23694220000000002,0.7869422,669,1,827
Q66CW8,target_context_score,0.44999999999999996,0.2369166,0.7869166000000001,670,1,827
A0ABM9TBF6,target_context_score,0.44999999999999996,0.23661455,0.78661455,671,1,827
A0AAW7K4V6,target_context_score,0.44999999999999996,0.2360167,0.7860167,672,1,827
A0ABM6UUY9,target_context_score,0.44999999999999996,0.23598970000000002,0.7859897,673,1,827
A0ABM9SSJ6,target_context_score,0.44999999999999996,0.23588135,0.78588135,674,1,827
A0ABM6BHZ0,target_context_score,0.44999999999999996,0.23587360000000002,0.7858736000000001,675,1,827
A0A0T9P2Y6,target_context_score,0.44999999999999996,0.23582250000000002,0.7858225000000001,676,1,827
A0ABM9TZ37,target_context_score,0.44999999999999996,0.23581905000000003,0.7858190500000001,677,1,827
A0AA36LM41,target_context_score,0.44999999999999996,0.2357248,0.7857248000000001,678,1,827
A0ABP1ZYM0,target_context_score,0.44999999999999996,0.235711,0.785711,679,1,827
A0A380QV68,target_context_score,0.44999999999999996,0.23555155,0.7855515500000001,680,1,827
A0A380QB56,target_context_score,0.44999999999999996,0.23542680000000002,0.7854268000000001,681,1,827
A0ABP1Y4A2,target_context_score,0.44999999999999996,0.2353744,0.7853744,682,1,827
A0AA44HZF8,target_context_score,0.44999999999999996,0.23535430000000002,0.7853543000000001,683,1,827
A0ABM5Q168,target_context_score,0.44999999999999996,0.2348809,0.7848809000000001,684,1,827
A0A0T9UVB9,target_context_score,0.44999999999999996,0.23484805000000003,0.7848480500000001,685,1,827
A0A0K1H0L3,target_context_score,0.44999999999999996,0.23473650000000001,0.7847365000000001,686,1,827
A0AA44CIT3,target_context_score,0.44999999999999996,0.2345008,0.7845008,687,1,827
A0ABM9SWE1,target_context_score,0.44999999999999996,0.23449025,0.7844902500000001,688,1,827
A0A380PNK7,target_context_score,0.44999999999999996,0.23374845,0.78374845,689,1,827
A0A0T9RLY2,target_context_score,0.44999999999999996,0.23367135,0.7836713500000001,690,1,827
A0AA36PKW6,target_context_score,0.44999999999999996,0.23358465,0.7835846500000001,691,1,827
A0A0T9UVI4,target_context_score,0.44999999999999996,0.2332822,0.7832822,692,1,827
A0AA36LMJ6,target_context_score,0.44999999999999996,0.23317374999999999,0.78317375,693,1,827
A0ABX5QZN1,target_context_score,0.44999999999999996,0.23311305,0.7831130500000001,694,1,827
A0A208ZGJ5,target_context_score,0.44999999999999996,0.23293265000000002,0.78293265,695,1,827
A0A857F0P9,target_context_score,0.44999999999999996,0.23272395,0.7827239500000001,696,1,827
A0A0T9KLZ3,target_context_score,0.44999999999999996,0.23250605000000002,0.7825060500000001,697,1,827
A0A0T9TRJ0,target_context_score,0.44999999999999996,0.2322574,0.7822574,698,1,827
A0ABM7ANH7,target_context_score,0.44999999999999996,0.23210775000000003,0.7821077500000001,699,1,827
A0ABN5RBQ6,target_context_score,0.44999999999999996,0.23205805000000002,0.7820580500000001,700,1,827
A0A0T9RKV0,target_context_score,0.44999999999999996,0.23198059999999998,0.7819806,701,1,827
A0A0T9UMV0,target_context_score,0.44999999999999996,0.23193435,0.78193435,702,1,827
A0ABX5QZY2,target_context_score,0.44999999999999996,0.23187805000000003,0.7818780500000001,703,1,827
A0A0T9KZA2,target_context_score,0.44999999999999996,0.23181555,0.78181555,704,1,827
A0AB72ZN12,target_context_score,0.44999999999999996,0.23170605,0.78170605,705,1,827
A0ABN4F2B0,target_context_score,0.44999999999999996,0.2313437,0.7813437000000001,706,1,827
A0ABN4PY35,target_context_score,0.44999999999999996,0.23112450000000004,0.7811245000000001,707,1,827
A0A380PRL5,target_context_score,0.44999999999999996,0.23069075,0.78069075,708,1,827
A0ABM6UNY7,target_context_score,0.44999999999999996,0.23060305,0.7806030500000001,709,1,827
A0A380PNL7,target_context_score,0.44999999999999996,0.23054055,0.78054055,710,1,827
A0A0T9UVN8,target_context_score,0.44999999999999996,0.2304011,0.7804011000000001,711,1,827
A0A0T9QEH2,target_context_score,0.44999999999999996,0.23038475000000003,0.7803847500000001,712,1,827
A0A2R4NRD1,target_context_score,0.44999999999999996,0.23024490000000003,0.7802449,713,1,827
A0AA36LLP1,target_context_score,0.44999999999999996,0.23000215000000002,0.7800021500000001,714,1,827
A0AB73Q6N8,target_context_score,0.44999999999999996,0.22997095000000004,0.77997095,715,1,827
A0ABW9EZD5,target_context_score,0.44999999999999996,0.2299623,0.7799623,716,1,827
A0ABM9TKC9,target_context_score,0.44999999999999996,0.22994285000000003,0.7799428500000001,717,1,827
A0ABX5QX18,target_context_score,0.44999999999999996,0.2298768,0.7798768,718,1,827
A0AAV3BF90,target_context_score,0.44999999999999996,0.22982620000000004,0.7798262,719,1,827
A0A0T9QWS2,target_context_score,0.44999999999999996,0.22956855,0.77956855,720,1,827
A0ABP1YDG7,target_context_score,0.44999999999999996,0.22953865,0.7795386500000001,721,1,827
A0ABR4W6J9,target_context_score,0.44999999999999996,0.22952345000000002,0.7795234500000001,722,1,827
A0A0T9UVJ2,target_context_score,0.44999999999999996,0.22933060000000002,0.7793306000000001,723,1,827
A0A0T9RMJ4,target_context_score,0.44999999999999996,0.22932810000000003,0.7793281000000001,724,1,827
A0A0T9RLS7,target_context_score,0.44999999999999996,0.22907265000000002,0.77907265,725,1,827
A0ABP1YU38,target_context_score,0.44999999999999996,0.22886000000000004,0.7788600000000001,726,1,827
A0A0T9UMT9,target_context_score,0.44999999999999996,0.22819940000000002,0.7781994000000001,727,1,827
A0ABN4PP01,target_context_score,0.44999999999999996,0.22818615000000003,0.77818615,728,1,827
A0A0T9QQ84,target_context_score,0.44999999999999996,0.2280914,0.7780914000000001,729,1,827
A0A0H5LRG1,target_context_score,0.44999999999999996,0.22804125000000003,0.77804125,730,1,827
A0A0H5LRI4,target_context_score,0.44999999999999996,0.22765675000000002,0.77765675,731,1,827
A0A0T9QYU5,target_context_score,0.44999999999999996,0.2271921,0.7771921,732,1,827
A0A0T9KZ32,target_context_score,0.44999999999999996,0.22700335000000002,0.7770033500000001,733,1,827
A0A2G4U3T2,target_context_score,0.44999999999999996,0.2267854,0.7767854000000001,734,1,827
A0A0U1HXL6,target_context_score,0.44999999999999996,0.22660575,0.7766057500000001,735,1,827
A0ABN4PNK0,target_context_score,0.44999999999999996,0.22639445000000002,0.7763944500000001,736,1,827
A0AA44CMJ2,target_context_score,0.44999999999999996,0.22635080000000002,0.7763508000000001,737,1,827
A0A0T9RLV1,target_context_score,0.44999999999999996,0.22628920000000002,0.7762892000000001,738,1,827
A0AA36LNC2,target_context_score,0.44999999999999996,0.2262115,0.7762115,739,1,827
A0A0T9RPC1,target_context_score,0.44999999999999996,0.22598095,0.7759809500000001,740,1,827
A0AA36LUV4,target_context_score,0.44999999999999996,0.22572895000000004,0.7757289500000001,741,1,827
A0A0H3B0N5,target_context_score,0.44999999999999996,0.2250053,0.7750053,742,1,827
A0ABP1YU19,target_context_score,0.44999999999999996,0.22494065,0.77494065,743,1,827
A0A0T9KKL7,target_context_score,0.44999999999999996,0.2249109,0.7749109000000001,744,1,827
A0ABP2E0A1,target_context_score,0.44999999999999996,0.22489565,0.77489565,745,1,827
A0ABW9EZ05,target_context_score,0.44999999999999996,0.22488200000000003,0.7748820000000001,746,1,827
A0ABM6UY29,target_context_score,0.44999999999999996,0.22486090000000003,0.7748609000000001,747,1,827
A0A380PUP1,target_context_score,0.44999999999999996,0.2245703,0.7745703,748,1,827
A0A380QEC0,target_context_score,0.44999999999999996,0.22433450000000005,0.7743345000000001,749,1,827
A0A857EZE8,target_context_score,0.44999999999999996,0.22423690000000002,0.7742369,750,1,827
A0A3G5LJP4,target_context_score,0.44999999999999996,0.2241016,0.7741016000000001,751,1,827
A0A085U312,target_context_score,0.44999999999999996,0.22387875000000002,0.7738787500000001,752,1,827
A0ABM6BL24,target_context_score,0.44999999999999996,0.22374005,0.77374005,753,1,827
A0ABM9SU56,target_context_score,0.44999999999999996,0.22361330000000001,0.7736133000000001,754,1,827
A0ABM5Q170,target_context_score,0.44999999999999996,0.22275765000000003,0.7727576500000001,755,1,827
A0ABM6BR49,target_context_score,0.44999999999999996,0.22249485,0.7724948500000001,756,1,827
A0A0T9QWQ1,target_context_score,0.44999999999999996,0.2222831,0.7722831000000001,757,1,827
A0A0H2YGI6,target_context_score,0.44999999999999996,0.22119370000000002,0.7711937000000001,758,1,827
A0A0H3B4F8,target_context_score,0.44999999999999996,0.2211355,0.7711355000000001,759,1,827
A0AB73P3H5,target_context_score,0.44999999999999996,0.22100955000000003,0.77100955,760,1,827
A0A0T9JTP2,target_context_score,0.44999999999999996,0.22099310000000003,0.7709931000000001,761,1,827
A0A0T9R7L9,target_context_score,0.44999999999999996,0.22057870000000002,0.7705787000000001,762,1,827
A0A0H3AZK0,target_context_score,0.44999999999999996,0.2205641,0.7705641000000001,763,1,827
A0A0T9TSE5,target_context_score,0.44999999999999996,0.22021555,0.7702155500000001,764,1,827
A0AB72ZFA0,target_context_score,0.44999999999999996,0.22012945,0.77012945,765,1,827
A0ABM7ANY7,target_context_score,0.44999999999999996,0.22004255,0.7700425500000001,766,1,827
A0AA36LKR2,target_context_score,0.44999999999999996,0.21992535000000002,0.7699253500000001,767,1,827
A0ABN5RAB4,target_context_score,0.44999999999999996,0.21990425000000002,0.7699042500000001,768,1,827
A0A380Q790,target_context_score,0.44999999999999996,0.21951025000000002,0.7695102500000001,769,1,827
A0ABX6FDR8,target_context_score,0.44999999999999996,0.2194536,0.7694536000000001,770,1,827
A0A2G4U6F2,target_context_score,0.44999999999999996,0.21923785,0.7692378500000001,771,1,827
A0A0T9QH70,target_context_score,0.44999999999999996,0.21874700000000002,0.7687470000000001,772,1,827
A0A0H3B283,target_context_score,0.44999999999999996,0.21873225000000002,0.76873225,773,1,827
A0ABN5RAC2,target_context_score,0.44999999999999996,0.2186798,0.7686798,774,1,827
A0A0T9JTR0,target_context_score,0.44999999999999996,0.2184462,0.7684462000000001,775,1,827
A0AA44CKU8,target_context_score,0.44999999999999996,0.21822795,0.76822795,776,1,827
A0ABN4CUU3,target_context_score,0.44999999999999996,0.21767215,0.7676721500000001,777,1,827
A0ABR4VWZ7,target_context_score,0.44999999999999996,0.21738645,0.76738645,778,1,827
A0A0T9RSX1,target_context_score,0.44999999999999996,0.2167674,0.7667674,779,1,827
A0A0T9QZG9,target_context_score,0.44999999999999996,0.21602400000000002,0.766024,780,1,827
A0ABY5ULB5,target_context_score,0.44999999999999996,0.21572590000000003,0.7657259000000001,781,1,827
A0A0T9KM84,target_context_score,0.44999999999999996,0.21568705,0.76568705,782,1,827
A0A0T9QVI5,target_context_score,0.44999999999999996,0.2150631,0.7650631000000001,783,1,827
A0A0T9RG16,target_context_score,0.44999999999999996,0.2149085,0.7649085,784,1,827
A0ABP2ECT0,target_context_score,0.44999999999999996,0.21468995000000002,0.7646899500000001,785,1,827
A0ABM9SZ17,target_context_score,0.44999999999999996,0.21363825000000003,0.7636382500000001,786,1,827
A0A0E1NQK2,target_context_score,0.44999999999999996,0.21353225000000003,0.7635322500000001,787,1,827
A0AAX2I8P7,target_context_score,0.44999999999999996,0.21323080000000003,0.7632308000000001,788,1,827
Q7BTW6,target_context_score,0.44999999999999996,0.21196695000000002,0.76196695,789,1,827
A0ABP1ZYW2,target_context_score,0.44999999999999996,0.21153110000000003,0.7615311,790,1,827
Q66CW2,target_context_score,0.44999999999999996,0.2114831,0.7614831000000001,791,1,827
A0AA36LJG1,target_context_score,0.44999999999999996,0.21056345,0.76056345,792,1,827
A0ABM5UH02,target_context_score,0.44999999999999996,0.20957665,0.7595766500000001,793,1,827
A0AA36PPQ7,target_context_score,0.44999999999999996,0.20866335000000003,0.7586633500000001,794,1,827
A0A0H2YNL1,target_context_score,0.44999999999999996,0.20841910000000002,0.7584191,795,1,827
A0AA90XRZ3,target_context_score,0.44999999999999996,0.20740690000000003,0.7574069000000001,796,1,827
A0A0T9QD11,target_context_score,0.44999999999999996,0.20714155,0.75714155,797,1,827
A0ABP1ZSE7,target_context_score,0.44999999999999996,0.20694345000000003,0.7569434500000001,798,1,827
A0ABX6FAJ5,target_context_score,0.44999999999999996,0.2066463,0.7566463000000001,799,1,827
A0A0T9UMN3,target_context_score,0.44999999999999996,0.20656675000000002,0.7565667500000001,800,1,827
Q8D0C0,target_context_score,0.44999999999999996,0.2061684,0.7561684000000001,801,1,827
A0A0T9QMF1,target_context_score,0.44999999999999996,0.20610385,0.75610385,802,1,827
A0A0U1R2K8,target_context_score,0.44999999999999996,0.20607930000000002,0.7560793000000001,803,1,827
A0AA36LJU6,target_context_score,0.44999999999999996,0.20595445,0.7559544500000001,804,1,827
A0AA36LI15,target_context_score,0.44999999999999996,0.2058467,0.7558467,805,1,827
A0A0K1H0S6,target_context_score,0.44999999999999996,0.20495985000000003,0.7549598500000001,806,1,827
A0A0T9UVK2,target_context_score,0.44999999999999996,0.2048412,0.7548412,807,1,827
A0A857F028,target_context_score,0.44999999999999996,0.20443335,0.75443335,808,1,827
A0A0H3B6G4,target_context_score,0.44999999999999996,0.20420125,0.75420125,809,1,827
A0A208ZVY5,target_context_score,0.44999999999999996,0.20208875,0.7520887500000001,810,1,827
A0ABN5RCP6,target_context_score,0.44999999999999996,0.20103510000000002,0.7510351000000001,811,1,827
A0A0T9UMW7,target_context_score,0.44999999999999996,0.20096155000000002,0.7509615500000001,812,1,827
A0AB72ZRU3,target_context_score,0.44999999999999996,0.19935160000000002,0.7493516,813,1,827
A0A0U1HUK9,target_context_score,0.44999999999999996,0.19934845,0.74934845,814,1,827
A0ABM7AMA1,target_context_score,0.44999999999999996,0.19627565000000002,0.7462756500000001,815,1,827
A0AAV3B6C2,target_context_score,0.44999999999999996,0.19541115,0.74541115,816,1,827
A0A380QAJ4,target_context_score,0.44999999999999996,0.19532355,0.7453235500000001,817,1,827
A0A0H3AZJ6,target_context_score,0.44999999999999996,0.1930626,0.7430626,818,1,827
A0A0T9QI62,target_context_score,0.44999999999999996,0.1917832,0.7417832,819,1,827
A0A0H2W0D6,target_context_score,0.44999999999999996,0.19095640000000003,0.7409564000000001,820,1,827
A0A2G4U1S2,target_context_score,0.44999999999999996,0.18669385000000002,0.7366938500000001,821,1,827
A0ABM9XV01,target_context_score,0.44999999999999996,0.18452800000000003,0.7345280000000001,822,1,827
A0ABX5QXI4,target_context_score,0.44999999999999996,0.1815911,0.7315911,823,1,827
A0AB72ZJY3,target_context_score,0.44999999999999996,0.1812774,0.7312774000000001,824,1,827
A0A380QTR9,target_context_score,0.44999999999999996,0.1768778,0.7268778,825,1,827
A0A0T9UB25,target_context_score,0.44999999999999996,0.17509425,0.72509425,826,1,827
A0A0T9U5C6,target_context_score,0.44999999999999996,0.1670062,0.7170062,827,1,827
Q9T0Z9,docking_support_score,0.8,0.7449892,0.9449892,1,1,1
A0A7U4GHF9,docking_support_score,0.8,0.4672109,0.6672108999999999,2,2,798
I7K2S1,docking_support_score,0.8,0.44210740000000004,0.6421074,3,2,826
A0A1V0DXW2,docking_support_score,0.8,0.44583810000000007,0.6458381000000001,4,2,826
A0AAD2UYA7,docking_support_score,0.8,0.468711,0.668711,5,2,790
S5MLA1,docking_support_score,0.8,0.43393250000000005,0.6339325,6,2,826
A0A0G2PMU5,docking_support_score,0.8,0.45480355000000006,0.65480355,7,2,826
B3VCL5,docking_support_score,0.8,0.4408753500000001,0.6408753500000002,8,2,826
Q858J8,docking_support_score,0.8,0.4441544500000001,0.64415445,9,2,826
A0AAE7V5N4,docking_support_score,0.8,0.43690215000000004,0.6369021500000001,10,2,826
A0A6M3G9R6,docking_support_score,0.8,0.44402480000000005,0.6440248000000001,11,2,826
A0A0P0LE96,docking_support_score,0.8,0.44198810000000005,0.6419881000000001,12,2,826
A0A0H3NKM1,docking_support_score,0.8,0.45210410000000006,0.6521041000000001,13,2,826
A0A0U2DXE3,docking_support_score,0.8,0.4433533500000001,0.6433533500000002,14,2,826
S5M3B5,docking_support_score,0.8,0.43591860000000004,0.6359186000000001,15,2,826
A0A7U4GE98,docking_support_score,0.8,0.45387115,0.6538711500000001,16,2,826
A0AAE9FSZ1,docking_support_score,0.8,0.43879675000000007,0.63879675,17,2,826
A0AAE9FUR5,docking_support_score,0.8,0.44476210000000005,0.6447621000000001,18,2,826
A0AAT9S6U3,docking_support_score,0.8,0.44321325000000006,0.6432132500000001,19,2,826
A0AAX4Q2K6,docking_support_score,0.8,0.44816410000000007,0.6481641,20,2,826
A0A449C531,docking_support_score,0.8,0.43279125000000007,0.6327912500000001,21,2,826
A0AAE7S353,docking_support_score,0.8,0.44291540000000007,0.6429154000000001,22,2,826
A0A9P1PWH0,docking_support_score,0.8,0.38851880000000005,0.5885188000000001,23,2,827
Q858U5,docking_support_score,0.8,0.4362111000000001,0.6362111000000001,24,2,826
A0A7U4JZS3,docking_support_score,0.8,0.4670947,0.6670947,25,2,798
I7LHK5,docking_support_score,0.8,0.44394730000000004,0.6439473,26,2,826
A0A0H3NZ47,docking_support_score,0.8,0.45161735000000003,0.65161735,27,2,826
A0A449C3Z7,docking_support_score,0.8,0.43800055000000004,0.6380005500000001,28,2,826
I7K3G3,docking_support_score,0.8,0.43531525000000004,0.6353152500000001,29,2,826
A0A449C5Q6,docking_support_score,0.8,0.4352082500000001,0.63520825,30,2,826
I6Q9A1,docking_support_score,0.8,0.44248155000000006,0.6424815500000001,31,2,826
A0A7D3UKK9,docking_support_score,0.8,0.43529885000000007,0.6352988500000001,32,2,826
A0A449C440,docking_support_score,0.8,0.44603260000000006,0.6460326000000001,33,2,826
F4N2J8,docking_support_score,0.8,0.45137784999999997,0.65137785,34,2,826
A0A449C5Z2,docking_support_score,0.8,0.4449338500000001,0.6449338500000001,35,2,826
F4N729,docking_support_score,0.8,0.473974,0.6739740000000001,36,2,751
S5ML14,docking_support_score,0.8,0.4328185500000001,0.6328185500000001,37,2,826
I7LHJ5,docking_support_score,0.8,0.4483035000000001,0.6483035000000001,38,2,826
A0A449C555,docking_support_score,0.8,0.44540415000000005,0.6454041500000001,39,2,826
A0AAE9FQ76,docking_support_score,0.8,0.44313055000000007,0.6431305500000001,40,2,826
A0A1V0DXT2,docking_support_score,0.8,0.42771830000000005,0.6277183000000001,41,2,827
I7K324,docking_support_score,0.8,0.42643880000000006,0.6264388000000001,42,2,827
A0A0G2PMY8,docking_support_score,0.8,0.4397874500000001,0.63978745,43,2,826
A0A088F649,docking_support_score,0.8,0.44175720000000007,0.6417572,44,2,826
S5M9F2,docking_support_score,0.8,0.44337230000000005,0.6433723,45,2,826
A0AAE7CTI2,docking_support_score,0.8,0.4357285500000001,0.6357285500000001,46,2,826
A0A0B4ZXE3,docking_support_score,0.8,0.42629180000000005,0.6262918000000001,47,2,827
A0A0H3NZ57,docking_support_score,0.8,0.44767510000000005,0.6476751000000001,48,2,826
S5MRA5,docking_support_score,0.8,0.4331563500000001,0.6331563500000001,49,2,826
A0A0B5A4Q9,docking_support_score,0.8,0.4404361500000001,0.6404361500000001,50,2,826
A0A3B8DLH1,docking_support_score,0.8,0.4450968500000001,0.64509685,51,2,826
A0A449C3U4,docking_support_score,0.8,0.4311039000000001,0.6311039,52,2,826
A0AAX4Q199,docking_support_score,0.8,0.43698630000000005,0.6369863,53,2,826
A0A6M3GA37,docking_support_score,0.8,0.4458232000000001,0.6458232000000002,54,2,826
A0A1V0DXR7,docking_support_score,0.8,0.42747765000000004,0.6274776500000001,55,2,827
A0A0G2PMU8,docking_support_score,0.8,0.45380120000000007,0.6538012000000001,56,2,826
A0AAE9JYJ2,docking_support_score,0.8,0.43854020000000005,0.6385402,57,2,826
I7J474,docking_support_score,0.8,0.4387681000000001,0.6387681000000001,58,2,826
I7KR83,docking_support_score,0.8,0.4408104500000001,0.64081045,59,2,826
A0ZXG5,docking_support_score,0.8,0.43765405000000007,0.6376540500000001,60,2,826
A0A449C435,docking_support_score,0.8,0.4415685000000001,0.6415685000000001,61,2,826
A0A7U4K0B3,docking_support_score,0.8,0.4488586,0.6488586000000001,62,2,826
A0AAE9FRM6,docking_support_score,0.8,0.4396636500000001,0.6396636500000001,63,2,826
A0AAE7PDX0,docking_support_score,0.8,0.4324632500000001,0.63246325,64,2,826
A0A2C9CXH4,docking_support_score,0.8,0.4333360500000001,0.63333605,65,2,826
A0A7D3UH03,docking_support_score,0.8,0.43471480000000007,0.6347148,66,2,826
A0AA51VH76,docking_support_score,0.8,0.43934295000000007,0.6393429500000001,67,2,826
A0A2H1UJ87,docking_support_score,0.8,0.4375385500000001,0.6375385500000001,68,2,826
A0A449C528,docking_support_score,0.8,0.44383225000000004,0.64383225,69,2,826
A0A6M3GA49,docking_support_score,0.8,0.4315754500000001,0.6315754500000001,70,2,826
A0A1V0DXD5,docking_support_score,0.8,0.44076870000000007,0.6407687000000001,71,2,826
A0A3B8DLJ2,docking_support_score,0.8,0.44486490000000006,0.6448649000000001,72,2,826
A0AAE7PDK2,docking_support_score,0.8,0.4416426000000001,0.6416426000000002,73,2,826
F4N728,docking_support_score,0.8,0.45644799999999996,0.6564479999999999,74,2,825
A0AAE9JVZ5,docking_support_score,0.8,0.4336453500000001,0.6336453500000001,75,2,826
A0A449C5C7,docking_support_score,0.8,0.43192490000000006,0.6319249,76,2,826
I7LH81,docking_support_score,0.8,0.43315080000000006,0.6331508000000001,77,2,826
A0A1V0DXT5,docking_support_score,0.8,0.4435070000000001,0.643507,78,2,826
A0A6M3G969,docking_support_score,0.8,0.44105295000000005,0.6410529500000001,79,2,826
A0AAX4Q2X2,docking_support_score,0.8,0.4240580500000001,0.6240580500000001,80,2,827
A0A2D0PE70,docking_support_score,0.8,0.43983950000000005,0.6398395000000001,81,2,826
A0A0H3NU58,docking_support_score,0.8,0.4403010500000001,0.6403010500000001,82,2,826
A0A449C3S4,docking_support_score,0.8,0.4447250000000001,0.6447250000000001,83,2,826
S5MRE6,docking_support_score,0.8,0.43847700000000006,0.6384770000000001,84,2,826
A0A3B8DL31,docking_support_score,0.8,0.44266560000000005,0.6426656000000001,85,2,826
A0AA86IWK5,docking_support_score,0.8,0.43865725000000005,0.6386572500000001,86,2,826
I7J3W0,docking_support_score,0.8,0.4420154500000001,0.6420154500000002,87,2,826
A0A0B5A4J3,docking_support_score,0.8,0.43994085000000005,0.6399408500000001,88,2,826
A0A449C6D2,docking_support_score,0.8,0.43938830000000006,0.6393883,89,2,826
A0A0B5A2V7,docking_support_score,0.8,0.4396434500000001,0.6396434500000001,90,2,826
A0A449C638,docking_support_score,0.8,0.44296195000000005,0.6429619500000001,91,2,826
A0A449C6B7,docking_support_score,0.8,0.44399440000000007,0.6439944000000001,92,2,826
A0A6M3G916,docking_support_score,0.8,0.4426199500000001,0.64261995,93,2,826
S5M3A7,docking_support_score,0.8,0.44120640000000005,0.6412064000000001,94,2,826
I7K354,docking_support_score,0.8,0.44366815000000004,0.6436681500000001,95,2,826
A0A7D3QKX7,docking_support_score,0.8,0.4358938500000001,0.6358938500000001,96,2,826
A0A449C4D0,docking_support_score,0.8,0.4342955500000001,0.63429555,97,2,826
A0A7D3V1W8,docking_support_score,0.8,0.42539050000000006,0.6253905000000001,98,2,827
A0A0B5A2N3,docking_support_score,0.8,0.44470565000000006,0.6447056500000001,99,2,826
A0A449C3T4,docking_support_score,0.8,0.4420113500000001,0.6420113500000001,100,2,826
A0AAX4M7A4,docking_support_score,0.8,0.44658975000000006,0.6465897500000001,101,2,826
A0AAX4Q2U9,docking_support_score,0.8,0.4305157500000001,0.63051575,102,2,826
A0AAD2UWV2,docking_support_score,0.8,0.384761,0.5847610000000001,103,2,827
A0A0H3NZ59,docking_support_score,0.8,0.45681630000000006,0.6568163,104,2,825
I7KRU3,docking_support_score,0.8,0.44303480000000006,0.6430348000000001,105,2,826
A0A7D3QQ81,docking_support_score,0.8,0.43900620000000007,0.6390062000000001,106,2,826
A0AAE7V728,docking_support_score,0.8,0.42536285000000007,0.6253628500000001,107,2,827
A0AAE9FLD0,docking_support_score,0.8,0.44264060000000005,0.6426406,108,2,826
A0A1V0DXX1,docking_support_score,0.8,0.44350230000000007,0.6435023000000001,109,2,826
A0AAX4M7M8,docking_support_score,0.8,0.44411115000000007,0.6441111500000001,110,2,826
A0A7T9XU25,docking_support_score,0.8,0.37394395,0.5739439500000001,111,2,827
A0A449C5D9,docking_support_score,0.8,0.4426178500000001,0.6426178500000002,112,2,826
A0A0H3NP24,docking_support_score,0.8,0.45121355,0.65121355,113,2,826
A0A3B8DLI7,docking_support_score,0.8,0.4423889000000001,0.6423889,114,2,826
A0A1V0DXS1,docking_support_score,0.8,0.43694150000000004,0.6369415,115,2,826
A0A2D0PCZ8,docking_support_score,0.8,0.4379119000000001,0.6379119000000001,116,2,826
A0A449C3Q1,docking_support_score,0.8,0.4235982000000001,0.6235982000000001,117,2,827
A0A2D0PE10,docking_support_score,0.8,0.43755400000000005,0.6375540000000001,118,2,826
A0A0H3NSE3,docking_support_score,0.8,0.4461742000000001,0.6461742000000001,119,2,826
A0A2H1X991,docking_support_score,0.8,0.4366399000000001,0.6366399,120,2,826
A0A6M3G8D1,docking_support_score,0.8,0.4343932000000001,0.6343932000000001,121,2,826
A0AAE6YPH1,docking_support_score,0.8,0.4395783000000001,0.6395783000000002,122,2,826
A0AAE9FRR2,docking_support_score,0.8,0.4337110500000001,0.63371105,123,2,826
A0AA51VJM6,docking_support_score,0.8,0.4401805000000001,0.6401805,124,2,826
A0AAE9FQ04,docking_support_score,0.8,0.4365956500000001,0.6365956500000001,125,2,826
A0A6M3G876,docking_support_score,0.8,0.43899980000000005,0.6389998000000001,126,2,826
S5M7B3,docking_support_score,0.8,0.4431716500000001,0.6431716500000001,127,2,826
A0A449C608,docking_support_score,0.8,0.4400577500000001,0.6400577500000001,128,2,826
A0A7D3QML5,docking_support_score,0.8,0.4261455500000001,0.6261455500000002,129,2,827
A0AAX4Q195,docking_support_score,0.8,0.4439194000000001,0.6439194000000001,130,2,826
A0A0B4ZZM3,docking_support_score,0.8,0.4384071500000001,0.6384071500000001,131,2,826
A0A449C619,docking_support_score,0.8,0.4456571000000001,0.6456571000000001,132,2,826
I7LH90,docking_support_score,0.8,0.43589950000000005,0.6358995000000001,133,2,826
A0AAE9FKC7,docking_support_score,0.8,0.44647640000000005,0.6464764000000001,134,2,826
A1JNF1,docking_support_score,0.8,0.39370955,0.59370955,135,2,827
A0A7D3QJ92,docking_support_score,0.8,0.4250512000000001,0.6250512000000001,136,2,827
A0A6M3G874,docking_support_score,0.8,0.44244535000000007,0.64244535,137,2,826
S5ML49,docking_support_score,0.8,0.4426781500000001,0.6426781500000001,138,2,826
A0A449C567,docking_support_score,0.8,0.4424216000000001,0.6424216,139,2,826
A0AAE6YNJ4,docking_support_score,0.8,0.4249724000000001,0.6249724000000001,140,2,827
A0A6M3G8B9,docking_support_score,0.8,0.4398612500000001,0.63986125,141,2,826
A0A3B8DYI1,docking_support_score,0.8,0.4316971500000001,0.6316971500000002,142,2,826
I7K3U3,docking_support_score,0.8,0.43158195000000005,0.6315819500000001,143,2,826
I7KRG5,docking_support_score,0.8,0.4393882500000001,0.6393882500000001,144,2,826
A0A1V0DXW6,docking_support_score,0.8,0.4382435500000001,0.6382435500000001,145,2,826
I7K349,docking_support_score,0.8,0.42931470000000005,0.6293147000000001,146,2,827
A0A449C4X7,docking_support_score,0.8,0.4420524500000001,0.6420524500000001,147,2,826
S5M3D7,docking_support_score,0.8,0.43270025000000006,0.6327002500000001,148,2,826
A0AAE9FSY2,docking_support_score,0.8,0.42274000000000006,0.6227400000000001,149,2,827
A0A7U4GCC7,docking_support_score,0.8,0.3835701,0.5835701,150,2,827
S5M7E4,docking_support_score,0.8,0.4427500000000001,0.6427500000000002,151,2,826
A0A449C3W7,docking_support_score,0.8,0.43914060000000005,0.6391406000000001,152,2,826
A0A449C5Z9,docking_support_score,0.8,0.4376107000000001,0.6376107000000001,153,2,826
S5ML17,docking_support_score,0.8,0.4466864000000001,0.6466864000000001,154,2,826
A0AAE9FRD5,docking_support_score,0.8,0.4273969500000001,0.6273969500000001,155,2,827
A0A2C9CZQ3,docking_support_score,0.8,0.4396165000000001,0.6396165,156,2,826
A0AA86IYU9,docking_support_score,0.8,0.4422370500000001,0.6422370500000001,157,2,826
A0A2C9CYF4,docking_support_score,0.8,0.43230425000000006,0.63230425,158,2,826
A0A3B8E1I5,docking_support_score,0.8,0.4231531500000001,0.62315315,159,2,827
A0A7U4GG50,docking_support_score,0.8,0.37783405000000003,0.5778340500000001,160,2,827
I7J3Y3,docking_support_score,0.8,0.4370203000000001,0.6370203000000001,161,2,826
I7KRT2,docking_support_score,0.8,0.4334624000000001,0.6334624000000001,162,2,826
A0A7D3QKS7,docking_support_score,0.8,0.43085340000000005,0.6308534000000001,163,2,826
A0A1V0DXV4,docking_support_score,0.8,0.42985020000000007,0.6298502000000001,164,2,826
A0A7U4GDH6,docking_support_score,0.8,0.39240455,0.59240455,165,2,827
A0A0H3NQY6,docking_support_score,0.8,0.44918765000000005,0.64918765,166,2,826
A0A449C532,docking_support_score,0.8,0.43410870000000007,0.6341087000000001,167,2,826
A0AAE7TQG4,docking_support_score,0.8,0.4405576500000001,0.6405576500000001,168,2,826
A0A449C648,docking_support_score,0.8,0.4442275500000001,0.6442275500000001,169,2,826
I7LF14,docking_support_score,0.8,0.44231480000000006,0.6423148000000001,170,2,826
A0A3B8DL36,docking_support_score,0.8,0.43174425000000005,0.6317442500000001,171,2,826
A0AAE7TR04,docking_support_score,0.8,0.4426826000000001,0.6426826000000001,172,2,826
A0AAE7PH03,docking_support_score,0.8,0.4320742500000001,0.6320742500000001,173,2,826
A0AAE6YNV4,docking_support_score,0.8,0.43405370000000004,0.6340537,174,2,826
I6Q8T5,docking_support_score,0.8,0.4409564000000001,0.6409564000000001,175,2,826
A0A1V0DXR4,docking_support_score,0.8,0.4368525000000001,0.6368525,176,2,826
F4N708,docking_support_score,0.8,0.37746895,0.5774689500000001,177,2,827
A0A449C3X5,docking_support_score,0.8,0.4323601000000001,0.6323601000000001,178,2,826
A0AAE9JXJ1,docking_support_score,0.8,0.4301239500000001,0.6301239500000001,179,2,826
A0A449C469,docking_support_score,0.8,0.4418796000000001,0.6418796000000001,180,2,826
A0A449C5X9,docking_support_score,0.8,0.42135665000000005,0.6213566500000001,181,2,827
A0A449C542,docking_support_score,0.8,0.43835725000000003,0.6383572500000001,182,2,826
A0A3B8DYS4,docking_support_score,0.8,0.41514695000000007,0.6151469500000001,183,2,827
A0A449C597,docking_support_score,0.8,0.43724750000000007,0.6372475000000001,184,2,826
A0A0B5A4M1,docking_support_score,0.8,0.43618285000000007,0.6361828500000001,185,2,826
A0A0B5A2T1,docking_support_score,0.8,0.4318982500000001,0.6318982500000001,186,2,826
A0A7U4GDF9,docking_support_score,0.8,0.3903354,0.5903354000000001,187,2,827
A0A3B8DYH7,docking_support_score,0.8,0.44172295000000006,0.6417229500000001,188,2,826
A0A2D0PDX6,docking_support_score,0.8,0.43675120000000006,0.6367512000000001,189,2,826
S5M7K0,docking_support_score,0.8,0.43929475000000007,0.6392947500000001,190,2,826
A0A7D3UL75,docking_support_score,0.8,0.4409905500000001,0.6409905500000002,191,2,826
A0AAE7V5W0,docking_support_score,0.8,0.4384006000000001,0.6384006000000001,192,2,826
A0A9P1PUV5,docking_support_score,0.8,0.38157635,0.58157635,193,2,827
A0AAE7S224,docking_support_score,0.8,0.43488535000000006,0.63488535,194,2,826
A0ABP1YI01,docking_support_score,0.8,0.38433915,0.58433915,195,2,827
A0A449C541,docking_support_score,0.8,0.44488150000000004,0.6448815000000001,196,2,826
A0A2C9CYV8,docking_support_score,0.8,0.4391122500000001,0.6391122500000002,197,2,826
A0A0B4ZZK4,docking_support_score,0.8,0.44222150000000005,0.6422215,198,2,826
A0ABP1YEP8,docking_support_score,0.8,0.38123325,0.58123325,199,2,827
A0AAE9FQP6,docking_support_score,0.8,0.42985580000000007,0.6298558000000001,200,2,826
A0AAE7V7A7,docking_support_score,0.8,0.4405741000000001,0.6405741,201,2,826
A0AA86J4Z9,docking_support_score,0.8,0.41503825000000005,0.61503825,202,2,827
A0AAX4M766,docking_support_score,0.8,0.4352537000000001,0.6352537,203,2,826
A0AAX4M771,docking_support_score,0.8,0.42937310000000006,0.6293731,204,2,827
A0A0B4ZXG6,docking_support_score,0.8,0.4196792000000001,0.6196792000000001,205,2,827
A0AAE9FPR6,docking_support_score,0.8,0.44044820000000007,0.6404482,206,2,826
A1JK73,docking_support_score,0.8,0.3793457,0.5793457,207,2,827
A0AA86J574,docking_support_score,0.8,0.44043960000000004,0.6404396000000001,208,2,826
I7KRB0,docking_support_score,0.8,0.4195786000000001,0.6195786000000001,209,2,827
A0AAE6YPB5,docking_support_score,0.8,0.44175005000000006,0.6417500500000001,210,2,826
A0A6M3G945,docking_support_score,0.8,0.43069995000000005,0.6306999500000001,211,2,826
S5MRE0,docking_support_score,0.8,0.44142080000000006,0.6414208000000001,212,2,826
A0AAE9FV72,docking_support_score,0.8,0.4306026500000001,0.6306026500000002,213,2,826
A0A3B8E5R1,docking_support_score,0.8,0.4421362000000001,0.6421362000000002,214,2,826
A0AAE9FSV4,docking_support_score,0.8,0.44269150000000007,0.6426915000000001,215,2,826
A0ABP1XZ23,docking_support_score,0.8,0.3798262,0.5798262000000001,216,2,827
I7LEG3,docking_support_score,0.8,0.4151800500000001,0.6151800500000001,217,2,827
A0A9P1UYK8,docking_support_score,0.8,0.38286610000000004,0.5828661,218,2,827
A0ABM9SIE6,docking_support_score,0.8,0.39114315,0.59114315,219,2,827
A0A449C473,docking_support_score,0.8,0.4367411000000001,0.6367411000000001,220,2,826
A0A7U4GE85,docking_support_score,0.8,0.38244355,0.58244355,221,2,827
A0A7D3V4S6,docking_support_score,0.8,0.4383842500000001,0.6383842500000001,222,2,826
A0A2D0PDR4,docking_support_score,0.8,0.43571005000000007,0.6357100500000001,223,2,826
A0A7T9XT11,docking_support_score,0.8,0.3789293,0.5789293,224,2,827
A0AAE9JYN2,docking_support_score,0.8,0.4425845500000001,0.64258455,225,2,826
A1JNA9,docking_support_score,0.8,0.38666745,0.58666745,226,2,827
A0AAE9JW72,docking_support_score,0.8,0.43173315000000007,0.6317331500000001,227,2,826
A0A9P1PT53,docking_support_score,0.8,0.381713,0.581713,228,2,827
I7LEN8,docking_support_score,0.8,0.4419647500000001,0.6419647500000001,229,2,826
Q858V3,docking_support_score,0.8,0.42910800000000004,0.629108,230,2,827
A0ABP1YG46,docking_support_score,0.8,0.3828107,0.5828107,231,2,827
A0A0H3NU55,docking_support_score,0.8,0.44709100000000007,0.6470910000000001,232,2,826
A0A449C3Q7,docking_support_score,0.8,0.41445335000000005,0.61445335,233,2,827
A0A449C610,docking_support_score,0.8,0.4315878000000001,0.6315878000000001,234,2,826
A0ABP1YH51,docking_support_score,0.8,0.37826970000000004,0.5782697000000001,235,2,827
A0A2D0PE26,docking_support_score,0.8,0.43647395000000005,0.6364739500000001,236,2,826
A0A0H5HBD5,docking_support_score,0.8,0.38830075000000003,0.58830075,237,2,827
A0ABM9S2F3,docking_support_score,0.8,0.38357195,0.5835719500000001,238,2,827
A0ABM9S2J3,docking_support_score,0.8,0.38407915000000004,0.58407915,239,2,827
A0A6M3G872,docking_support_score,0.8,0.4365137500000001,0.6365137500000001,240,2,826
A0A0H5GK99,docking_support_score,0.8,0.3754756,0.5754756000000001,241,2,827
A0A0H3NQF5,docking_support_score,0.8,0.45055420000000007,0.6505542000000001,242,2,826
A0AAE9FL40,docking_support_score,0.8,0.42252615000000004,0.6225261500000001,243,2,827
A0A2H1UJ90,docking_support_score,0.8,0.43539380000000005,0.6353938000000001,244,2,826
A0A6M3G8P6,docking_support_score,0.8,0.4142951000000001,0.6142951000000001,245,2,827
A0A0B5A2L0,docking_support_score,0.8,0.4366934500000001,0.6366934500000001,246,2,826
A0A449C6B2,docking_support_score,0.8,0.4422590500000001,0.64225905,247,2,826
A0A0H5H8V4,docking_support_score,0.8,0.3875463,0.5875463000000001,248,2,827
F4N731,docking_support_score,0.8,0.37268235000000005,0.57268235,249,2,827
A0A7U4K299,docking_support_score,0.8,0.38992000000000004,0.58992,250,2,827
A0A9P1PUI1,docking_support_score,0.8,0.39231225000000003,0.59231225,251,2,827
A0ABM9S1Y8,docking_support_score,0.8,0.39218235,0.5921823500000001,252,2,827
A0AAD2Z2V4,docking_support_score,0.8,0.37541335000000003,0.57541335,253,2,827
A0AAD2Z484,docking_support_score,0.8,0.3770453,0.5770453,254,2,827
A0ABM9SIR4,docking_support_score,0.8,0.37248755,0.57248755,255,2,827
A0A9P1PVU6,docking_support_score,0.8,0.3926691,0.5926691,256,2,827
A0ABP1Y817,docking_support_score,0.8,0.38773670000000005,0.5877367,257,2,827
A0A449C4V3,docking_support_score,0.8,0.4139756500000001,0.6139756500000001,258,2,827
F4N725,docking_support_score,0.8,0.38373595000000005,0.5837359500000001,259,2,827
A0A7U4GDF4,docking_support_score,0.8,0.3798154,0.5798154,260,2,827
A0A3G8F0J9,docking_support_score,0.8,0.42783165000000006,0.6278316500000001,261,2,827
A0A2H1UJE7,docking_support_score,0.8,0.43618010000000007,0.6361801,262,2,826
A0AAD2V1D7,docking_support_score,0.8,0.37737980000000004,0.5773798000000001,263,2,827
A0A0H5H5S4,docking_support_score,0.8,0.38639625000000005,0.5863962500000001,264,2,827
A0A7U0AV15,docking_support_score,0.8,0.38863875000000003,0.5886387500000001,265,2,827
A0A0H5HAG0,docking_support_score,0.8,0.3797474,0.5797474,266,2,827
F2Q846,docking_support_score,0.8,0.37637050000000005,0.5763705000000001,267,2,827
A0AAD2Z5G5,docking_support_score,0.8,0.3796435,0.5796435,268,2,827
A0AAT9S9R9,docking_support_score,0.8,0.41738260000000005,0.6173826,269,2,827
A0A2D0PDA0,docking_support_score,0.8,0.43540245000000005,0.6354024500000001,270,2,826
A0AAD2UW33,docking_support_score,0.8,0.38747410000000004,0.5874741000000001,271,2,827
A0A0H5G2H5,docking_support_score,0.8,0.38506115,0.58506115,272,2,827
A0A7T9XU34,docking_support_score,0.8,0.37863125000000003,0.57863125,273,2,827
A0A0T7P7W8,docking_support_score,0.8,0.38245100000000004,0.582451,274,2,827
A1JK75,docking_support_score,0.8,0.37909990000000005,0.5790999000000001,275,2,827
A0ABP1Y7A6,docking_support_score,0.8,0.3779736,0.5779736,276,2,827
A0ABM9S4S5,docking_support_score,0.8,0.3792054,0.5792054,277,2,827
A0A7T9XU28,docking_support_score,0.8,0.37652660000000004,0.5765266,278,2,827
A0A7U4GEA5,docking_support_score,0.8,0.37620240000000005,0.5762024000000001,279,2,827
A0A7U0ASF4,docking_support_score,0.8,0.37475715000000004,0.57475715,280,2,827
A1JMQ3,docking_support_score,0.8,0.37810765,0.57810765,281,2,827
A0ABP1Y442,docking_support_score,0.8,0.379218,0.579218,282,2,827
A0A0T7PAJ5,docking_support_score,0.8,0.37389515,0.57389515,283,2,827
A0A9P1V089,docking_support_score,0.8,0.37803885000000004,0.57803885,284,2,827
A0A0H5EYN4,docking_support_score,0.8,0.37854265000000004,0.57854265,285,2,827
A0A0H5GK90,docking_support_score,0.8,0.38391450000000005,0.5839145000000001,286,2,827
A0A9P1PUD9,docking_support_score,0.8,0.3810342,0.5810342,287,2,827
A0A7U4K0Q6,docking_support_score,0.8,0.37946635,0.57946635,288,2,827
A0A0H5H5L7,docking_support_score,0.8,0.38284015000000005,0.58284015,289,2,827
S5M3A2,docking_support_score,0.8,0.41033745000000005,0.6103374500000001,290,2,827
A0A9P1PW91,docking_support_score,0.8,0.39083575000000004,0.5908357500000001,291,2,827
A0ABM9SIJ1,docking_support_score,0.8,0.38217065,0.58217065,292,2,827
A0A7U0AT10,docking_support_score,0.8,0.38134285,0.58134285,293,2,827
A0A7U0AVA4,docking_support_score,0.8,0.36970075,0.56970075,294,2,827
A0A9P1PWI0,docking_support_score,0.8,0.3651085,0.5651085,295,2,827
A1JND9,docking_support_score,0.8,0.38274255,0.5827425500000001,296,2,827
A0A0T7PAK2,docking_support_score,0.8,0.3748976,0.5748976,297,2,827
A0A7U0AWS6,docking_support_score,0.8,0.38082520000000003,0.5808252,298,2,827
A0ABP1YED8,docking_support_score,0.8,0.37265560000000003,0.5726556,299,2,827
A0A9P1V3L8,docking_support_score,0.8,0.38454965,0.58454965,300,2,827
A0A9P1PV32,docking_support_score,0.8,0.3673472,0.5673471999999999,301,2,827
A0A449C694,docking_support_score,0.8,0.4100414500000001,0.6100414500000001,302,2,827
A0A7U4K153,docking_support_score,0.8,0.44307789999999997,0.6430779,303,2,826
A0A2H1X986,docking_support_score,0.8,0.43372535000000006,0.6337253500000001,304,2,826
A0A0H5H701,docking_support_score,0.8,0.37314620000000004,0.5731462,305,2,827
A0ABP1YGH5,docking_support_score,0.8,0.37754915,0.5775491500000001,306,2,827
A0A9P1UYL2,docking_support_score,0.8,0.37684835,0.57684835,307,2,827
A0AAD2Z3Y9,docking_support_score,0.8,0.35893135000000004,0.55893135,308,2,827
A0A0H5HA66,docking_support_score,0.8,0.38099215000000003,0.58099215,309,2,827
A0A0T9PR46,docking_support_score,0.8,0.28630310000000003,0.48630310000000004,310,2,827
A0ABM9S4S8,docking_support_score,0.8,0.36449240000000005,0.5644924,311,2,827
A0A9P1PT68,docking_support_score,0.8,0.37595710000000004,0.5759571000000001,312,2,827
A0A9P1V1H6,docking_support_score,0.8,0.36712795000000004,0.56712795,313,2,827
A0A857F0P1,docking_support_score,0.8,0.28984965,0.48984965,314,2,827
F4N727,docking_support_score,0.8,0.38267065,0.5826706500000001,315,2,827
A0AB73QMA1,docking_support_score,0.8,0.29249125000000004,0.49249125000000005,316,2,827
A0AAD2Z8P4,docking_support_score,0.8,0.36879120000000004,0.5687912,317,2,827
A0A0H5LRI9,docking_support_score,0.8,0.29348185,0.49348185,318,2,827
A0A0B4ZZ77,docking_support_score,0.8,0.41437765000000004,0.61437765,319,2,827
A0AAD2UW21,docking_support_score,0.8,0.38441285000000003,0.5844128500000001,320,2,827
A0A0H5H5S7,docking_support_score,0.8,0.3780348,0.5780348,321,2,827
A0A0T9Q3J3,docking_support_score,0.8,0.28668940000000004,0.48668940000000005,322,2,827
A0A0T9PX62,docking_support_score,0.8,0.28634635,0.48634635000000004,323,2,827
A0AAW7K9U6,docking_support_score,0.8,0.29073275000000004,0.49073275000000005,324,2,827
A0A0H3B5E1,docking_support_score,0.8,0.28169500000000003,0.48169500000000004,325,2,827
A0A0T9QCI9,docking_support_score,0.8,0.28803425000000005,0.48803425000000006,326,2,827
A0ABX5QXK4,docking_support_score,0.8,0.28659880000000004,0.48659880000000005,327,2,827
A0A0T9RET2,docking_support_score,0.8,0.2773819,0.4773819,328,2,827
A0AAD2Z3C0,docking_support_score,0.8,0.35758330000000005,0.5575833000000001,329,2,827
A0ABM9Y807,docking_support_score,0.8,0.28764025000000004,0.48764025000000005,330,2,827
A0AAV3BI89,docking_support_score,0.8,0.2861307,0.4861307,331,2,827
A0ABM9SSL7,docking_support_score,0.8,0.28456650000000006,0.48456650000000007,332,2,827
A0ABM9TCZ7,docking_support_score,0.8,0.2936769,0.49367690000000003,333,2,827
A0A0H3B6N5,docking_support_score,0.8,0.28596695,0.48596695,334,2,827
A0AA36LLT8,docking_support_score,0.8,0.28827825,0.48827825,335,2,827
A0A0T9UVK0,docking_support_score,0.8,0.27709935,0.47709935000000003,336,2,827
A0A0T9KM81,docking_support_score,0.8,0.27964785000000003,0.47964785000000004,337,2,827
A0ABM9Y805,docking_support_score,0.8,0.2883287,0.4883287,338,2,827
A0AB73PI84,docking_support_score,0.8,0.2927339,0.4927339,339,2,827
A0A0E1NTH1,docking_support_score,0.8,0.2858933,0.48589330000000003,340,2,827
A0ABW9EXB2,docking_support_score,0.8,0.28817595,0.48817595,341,2,827
A0AB72ZKZ2,docking_support_score,0.8,0.285866,0.485866,342,2,827
A0A0T9KX64,docking_support_score,0.8,0.2917578,0.4917578,343,2,827
Q66BM0,docking_support_score,0.8,0.2908948,0.4908948,344,2,827
A0AAI8ZUU9,docking_support_score,0.8,0.29186615000000005,0.49186615000000006,345,2,827
A0ABM6UUX5,docking_support_score,0.8,0.28863910000000004,0.48863910000000005,346,2,827
A0ABP2EH72,docking_support_score,0.8,0.28654460000000004,0.48654460000000005,347,2,827
A0A0A8VKM3,docking_support_score,0.8,0.28995565,0.48995565,348,2,827
A0AA36LPU1,docking_support_score,0.8,0.28411125000000004,0.48411125000000005,349,2,827
A0A0T9LS41,docking_support_score,0.8,0.28158885,0.48158885,350,2,827
A0A0H3B6E3,docking_support_score,0.8,0.29112255000000004,0.49112255000000005,351,2,827
A0AB72ZMY1,docking_support_score,0.8,0.295084,0.495084,352,2,827
A0A0T9MH64,docking_support_score,0.8,0.2924203,0.49242030000000003,353,2,827
A0A2G4U2G2,docking_support_score,0.8,0.28278615,0.48278615,354,2,827
A0ABX5R0C5,docking_support_score,0.8,0.29430845000000005,0.49430845000000007,355,2,827
A0ABM9XWV8,docking_support_score,0.8,0.2956248,0.49562480000000003,356,2,827
A0ABM7AH44,docking_support_score,0.8,0.2857409,0.48574090000000003,357,2,827
A0A380PQB1,docking_support_score,0.8,0.28860745,0.48860745,358,2,827
A0ABY5UJG2,docking_support_score,0.8,0.27966705000000003,0.47966705000000004,359,2,827
A0A0H3B4K0,docking_support_score,0.8,0.2954432,0.49544320000000003,360,2,827
A0AA36LNC6,docking_support_score,0.8,0.28426565000000004,0.48426565000000005,361,2,827
A0A0T9TRC6,docking_support_score,0.8,0.28727610000000003,0.48727610000000005,362,2,827
A0A0H3B3D7,docking_support_score,0.8,0.28394610000000003,0.48394610000000005,363,2,827
A0A380PNY7,docking_support_score,0.8,0.28169025000000003,0.48169025000000004,364,2,827
A0ABM6UP52,docking_support_score,0.8,0.28977285,0.48977285000000004,365,2,827
A0A380PNE2,docking_support_score,0.8,0.28503215000000004,0.48503215000000005,366,2,827
A0ABM9TDA6,docking_support_score,0.8,0.2896048,0.4896048,367,2,827
A0ABM9TCS0,docking_support_score,0.8,0.2865381,0.48653810000000003,368,2,827
A0A0H5M9D5,docking_support_score,0.8,0.28900975,0.48900975,369,2,827
A0A085U5Z0,docking_support_score,0.8,0.2863739,0.4863739,370,2,827
A0AAV3B8C3,docking_support_score,0.8,0.29105495000000003,0.49105495000000005,371,2,827
A0A0T9QDU9,docking_support_score,0.8,0.28712165,0.48712165,372,2,827
A1JQS5,docking_support_score,0.8,0.36568205000000004,0.56568205,373,2,827
A0ABW9EYQ1,docking_support_score,0.8,0.28953505,0.48953505,374,2,827
A0AAX2I043,docking_support_score,0.8,0.2908258,0.49082580000000003,375,2,827
A0A208ZSG0,docking_support_score,0.8,0.2845287,0.48452870000000003,376,2,827
A0AA90Y526,docking_support_score,0.8,0.28626,0.48626,377,2,827
A0A380QTF7,docking_support_score,0.8,0.2829108,0.48291080000000003,378,2,827
A0A085U317,docking_support_score,0.8,0.28091105,0.48091105,379,2,827
A0A2U2GXH7,docking_support_score,0.8,0.2853879,0.48538790000000004,380,2,827
A0ABR4W9H6,docking_support_score,0.8,0.28484425,0.48484425000000003,381,2,827
A0AB72ZDV0,docking_support_score,0.8,0.2920225,0.49202250000000003,382,2,827
A0ABR4VWS1,docking_support_score,0.8,0.296275,0.496275,383,2,827
A0AB73Q5K2,docking_support_score,0.8,0.2734403,0.47344030000000004,384,3,827
A0A0T9UHA7,docking_support_score,0.8,0.28535215,0.48535215000000004,385,2,827
A0A0U1R2N4,docking_support_score,0.8,0.28285295,0.48285295,386,2,827
A0A380PNP9,docking_support_score,0.8,0.29625405000000005,0.49625405000000006,387,2,827
A0A0T9QV26,docking_support_score,0.8,0.2813976,0.48139760000000004,388,2,827
A0ABM9XUV6,docking_support_score,0.8,0.28595220000000005,0.48595220000000006,389,2,827
A0A0T9PYB4,docking_support_score,0.8,0.29171565000000005,0.49171565000000006,390,2,827
A0ABM6BHQ6,docking_support_score,0.8,0.2897901,0.4897901,391,2,827
A0A0H3B678,docking_support_score,0.8,0.2802736,0.4802736,392,2,827
A0A0U1QVC6,docking_support_score,0.8,0.28913880000000003,0.48913880000000004,393,2,827
A0AA90XZS1,docking_support_score,0.8,0.2873907,0.4873907,394,2,827
A0A0H3B1B9,docking_support_score,0.8,0.27891865000000005,0.47891865000000006,395,2,827
A0AB73Q656,docking_support_score,0.8,0.286422,0.486422,396,2,827
A0A209A9L1,docking_support_score,0.8,0.28282260000000004,0.48282260000000005,397,2,827
A0ABM5UHV5,docking_support_score,0.8,0.2942331,0.49423310000000004,398,2,827
A0AB72ZL33,docking_support_score,0.8,0.29062560000000004,0.49062560000000005,399,2,827
A0A2G4TYK3,docking_support_score,0.8,0.2857616,0.4857616,400,2,827
A0ABR4W5R8,docking_support_score,0.8,0.28822185,0.48822185,401,2,827
A0A0A8VDN9,docking_support_score,0.8,0.2731506,0.47315060000000003,402,3,827
A0AAI8ZVG7,docking_support_score,0.8,0.2925479,0.49254790000000004,403,2,827
A0A0H5MHG7,docking_support_score,0.8,0.28451735,0.48451735,404,2,827
A0AAX2I0L3,docking_support_score,0.8,0.2890592,0.4890592,405,2,827
A0AA36PIC1,docking_support_score,0.8,0.28787355000000003,0.48787355000000004,406,2,827
A0AAV3BAT5,docking_support_score,0.8,0.29006590000000004,0.49006590000000005,407,2,827
A0ABM6UW81,docking_support_score,0.8,0.28615005,0.48615005,408,2,827
A0ABX5R0V5,docking_support_score,0.8,0.27425335,0.47425335,409,2,827
A0A0T9MSU1,docking_support_score,0.8,0.27832625,0.47832625,410,2,827
A0ABP1Z8F7,docking_support_score,0.8,0.28521405,0.48521405,411,2,827
A0AB73QHN9,docking_support_score,0.8,0.28085145,0.48085145,412,2,827
A0AB73NKW1,docking_support_score,0.8,0.28307985,0.48307985000000003,413,2,827
A0AAV3B8C2,docking_support_score,0.8,0.2676216,0.4676216,414,4,827
A0AB73PP81,docking_support_score,0.8,0.28671015000000005,0.48671015000000006,415,2,827
A0A0T9LN66,docking_support_score,0.8,0.29552665,0.49552665,416,2,827
A0ABM7AGN3,docking_support_score,0.8,0.29278425,0.49278425000000003,417,2,827
A0ABM5U8M7,docking_support_score,0.8,0.286423,0.486423,418,2,827
A0ABN4CNM4,docking_support_score,0.8,0.27474145,0.47474145,419,2,827
A0A0T9RQ76,docking_support_score,0.8,0.29207130000000003,0.49207130000000004,420,2,827
A0ABX6FH78,docking_support_score,0.8,0.29097605,0.49097605,421,2,827
A0A380PNA2,docking_support_score,0.8,0.2880432,0.4880432,422,2,827
A0AA44I1R7,docking_support_score,0.8,0.28537365000000003,0.48537365000000005,423,2,827
A0ABP2DZT0,docking_support_score,0.8,0.29649955000000006,0.49649955000000007,424,2,827
A0ABY5UX71,docking_support_score,0.8,0.2949772,0.4949772,425,2,827
A0AB73QFS4,docking_support_score,0.8,0.28196405,0.48196405000000003,426,2,827
A0A380PUT3,docking_support_score,0.8,0.2919315,0.4919315,427,2,827
A0A085U7Z9,docking_support_score,0.8,0.28761915,0.48761915,428,2,827
A0A208ZSG3,docking_support_score,0.8,0.27967875000000003,0.47967875000000004,429,2,827
A0ABM9TGV0,docking_support_score,0.8,0.28863570000000005,0.48863570000000006,430,2,827
A0AA44CPT5,docking_support_score,0.8,0.28118825000000003,0.48118825000000004,431,2,827
A0A0T9KLV1,docking_support_score,0.8,0.28311235,0.48311235,432,2,827
A0ABW9ETP4,docking_support_score,0.8,0.28017525,0.48017525,433,2,827
A0A0E1NNL7,docking_support_score,0.8,0.28412165,0.48412165,434,2,827
A0A0U1QWC7,docking_support_score,0.8,0.28728465000000003,0.48728465000000004,435,2,827
A0ABM9STX9,docking_support_score,0.8,0.28708960000000006,0.48708960000000007,436,2,827
A0A380QTH7,docking_support_score,0.8,0.28923360000000004,0.48923360000000005,437,2,827
A0ABM6UUN8,docking_support_score,0.8,0.28276355000000003,0.48276355000000004,438,2,827
A0A2G4U293,docking_support_score,0.8,0.28623845000000003,0.48623845000000004,439,2,827
A0ABM5SR09,docking_support_score,0.8,0.2914667,0.49146670000000003,440,2,827
Q666T9,docking_support_score,0.8,0.27812590000000004,0.47812590000000005,441,2,827
A0A0T9QEA5,docking_support_score,0.8,0.274534,0.474534,442,2,827
A0AA44CIX0,docking_support_score,0.8,0.27401095000000003,0.47401095000000004,443,2,827
A0ABM7ANK9,docking_support_score,0.8,0.29029355,0.49029355,444,2,827
A0ABR4VY47,docking_support_score,0.8,0.28185235000000003,0.48185235000000004,445,2,827
A0A0H2W1J5,docking_support_score,0.8,0.28874715,0.48874715,446,2,827
A0AB73PZQ4,docking_support_score,0.8,0.27908550000000004,0.47908550000000005,447,2,827
A0ABP1YSK3,docking_support_score,0.8,0.2808398,0.4808398,448,2,827
A0AAW7JSQ1,docking_support_score,0.8,0.28752945,0.48752945000000003,449,2,827
A0ABM9YBE2,docking_support_score,0.8,0.29208465,0.49208465,450,2,827
A0ABM9TGR4,docking_support_score,0.8,0.28276135,0.48276135000000003,451,2,827
A0ABY5UV58,docking_support_score,0.8,0.2916424,0.49164240000000003,452,2,827
A0ABP1ZGZ5,docking_support_score,0.8,0.2892266,0.4892266,453,2,827
A0A0H2YKF3,docking_support_score,0.8,0.28869015,0.48869015,454,2,827
A0AA44CIM3,docking_support_score,0.8,0.2881405,0.48814050000000003,455,2,827
Q66BC8,docking_support_score,0.8,0.29242585000000004,0.49242585000000005,456,2,827
A0ABM9SZ95,docking_support_score,0.8,0.29578905,0.49578905,457,2,827
A0AA36LM82,docking_support_score,0.8,0.2908259,0.49082590000000004,458,2,827
A0AB73PEI7,docking_support_score,0.8,0.29479085000000005,0.49479085000000006,459,2,827
A0A380PP39,docking_support_score,0.8,0.28261640000000005,0.48261640000000006,460,2,827
A0A0T9RKA1,docking_support_score,0.8,0.282229,0.482229,461,2,827
A0A0H3B6E0,docking_support_score,0.8,0.28793335000000003,0.48793335000000004,462,2,827
A0ABM5U8N2,docking_support_score,0.8,0.28088655,0.48088655,463,2,827
A0ABW9EWX0,docking_support_score,0.8,0.28303290000000003,0.48303290000000004,464,2,827
A0ABP1Y7W3,docking_support_score,0.8,0.2906683,0.4906683,465,2,827
A0ABN4PWA2,docking_support_score,0.8,0.28097375,0.48097375000000003,466,2,827
A0ABM5UH14,docking_support_score,0.8,0.28624905,0.48624905,467,2,827
A0A0T9KKA0,docking_support_score,0.8,0.28509415000000005,0.48509415000000006,468,2,827
Q66CW5,docking_support_score,0.8,0.28308445000000004,0.48308445000000005,469,2,827
A0A380Q814,docking_support_score,0.8,0.2954416,0.49544160000000004,470,2,827
A0A0E1NX19,docking_support_score,0.8,0.27836625000000004,0.47836625000000005,471,2,827
A0ABM9Y7R4,docking_support_score,0.8,0.29376255,0.49376255,472,2,827
A0ABN4PV81,docking_support_score,0.8,0.28349195000000005,0.48349195000000006,473,2,827
A0ABM7ALJ4,docking_support_score,0.8,0.2822316,0.48223160000000004,474,2,827
A0A857EWU7,docking_support_score,0.8,0.28438135000000003,0.48438135000000004,475,2,827
A0A0T9UMM8,docking_support_score,0.8,0.2805653,0.48056530000000003,476,2,827
A0A0A8VIE2,docking_support_score,0.8,0.2825339,0.4825339,477,2,827
A0ABP1YWJ1,docking_support_score,0.8,0.2764185,0.4764185,478,2,827
A0A0H3AWU3,docking_support_score,0.8,0.28332075,0.48332075,479,2,827
A0AA90XTP7,docking_support_score,0.8,0.284691,0.48469100000000004,480,2,827
A0ABR4W506,docking_support_score,0.8,0.2924001,0.4924001,481,2,827
A0A0T9KYN8,docking_support_score,0.8,0.29543555,0.49543555,482,2,827
A0A0E1NTB1,docking_support_score,0.8,0.2900758,0.4900758,483,2,827
A0AAW7JU40,docking_support_score,0.8,0.28736495,0.48736495,484,2,827
A0ABM5U8P4,docking_support_score,0.8,0.286302,0.486302,485,2,827
A0ABM9TMK5,docking_support_score,0.8,0.29520805,0.49520805,486,2,827
A0AA36LQN9,docking_support_score,0.8,0.28447900000000004,0.48447900000000005,487,2,827
A0ABR4W522,docking_support_score,0.8,0.28797985000000004,0.48797985000000005,488,2,827
A0AB73P4D7,docking_support_score,0.8,0.28060945000000004,0.48060945000000005,489,2,827
A0A380Q9X7,docking_support_score,0.8,0.28806220000000005,0.48806220000000006,490,2,827
A0AAW7K6S3,docking_support_score,0.8,0.2812022,0.4812022,491,2,827
A0A0T9PX89,docking_support_score,0.8,0.29361570000000003,0.49361570000000005,492,2,827
A0A0T9LN06,docking_support_score,0.8,0.28490165,0.48490165,493,2,827
A0A0T9KYN4,docking_support_score,0.8,0.2788434,0.47884340000000003,494,2,827
A0ABM9TUX3,docking_support_score,0.8,0.2888819,0.48888190000000004,495,2,827
A0AA44CIL6,docking_support_score,0.8,0.29226815,0.49226815,496,2,827
A0A0U1QX07,docking_support_score,0.8,0.28459725,0.48459725000000003,497,2,827
A0A380Q7B5,docking_support_score,0.8,0.28425485,0.48425485,498,2,827
A0A208ZGJ0,docking_support_score,0.8,0.29372515,0.49372515,499,2,827
A0A0T9LN23,docking_support_score,0.8,0.2858497,0.4858497,500,2,827
A0ABM6UP56,docking_support_score,0.8,0.2846053,0.4846053,501,2,827
A0A0T9QDA1,docking_support_score,0.8,0.2876693,0.48766930000000003,502,2,827
Q666U1,docking_support_score,0.8,0.27526695,0.47526695,503,2,827
A0ABM7ANU6,docking_support_score,0.8,0.28289325000000004,0.48289325000000005,504,2,827
A0AAV3BFB4,docking_support_score,0.8,0.2837037,0.4837037,505,2,827
A0AA44I1K4,docking_support_score,0.8,0.29177885000000003,0.49177885000000005,506,2,827
A0AB73Q1P8,docking_support_score,0.8,0.28818095000000005,0.48818095000000006,507,2,827
A0A0H2YL52,docking_support_score,0.8,0.28992125,0.48992125000000003,508,2,827
A0A0T9QE48,docking_support_score,0.8,0.28672575,0.48672575,509,2,827
Q66CW9,docking_support_score,0.8,0.28419775,0.48419775000000004,510,2,827
A0ABM6UNY3,docking_support_score,0.8,0.28823750000000004,0.48823750000000005,511,2,827
A0ABX5R0U9,docking_support_score,0.8,0.2866165,0.4866165,512,2,827
A0A0H3AYM7,docking_support_score,0.8,0.28537515,0.48537515000000003,513,2,827
A0A0T9UM98,docking_support_score,0.8,0.28601655000000004,0.48601655000000005,514,2,827
A0ABR4W6F7,docking_support_score,0.8,0.28232705,0.48232705000000003,515,2,827
A0A0H2Y6N9,docking_support_score,0.8,0.2883751,0.4883751,516,2,827
A0AA44CKU4,docking_support_score,0.8,0.28264245000000005,0.48264245000000006,517,2,827
A0ABW9EXU6,docking_support_score,0.8,0.28315870000000004,0.48315870000000005,518,2,827
A0A0H3B0A7,docking_support_score,0.8,0.28693595000000005,0.48693595000000006,519,2,827
Q66BF1,docking_support_score,0.8,0.28717615,0.48717615000000003,520,2,827
A0AB73NKK6,docking_support_score,0.8,0.29783105000000004,0.49783105000000005,521,2,827
A0ABM6UX29,docking_support_score,0.8,0.27900585,0.47900585,522,2,827
A0A380Q8N6,docking_support_score,0.8,0.29337,0.49337000000000003,523,2,827
A0ABX6FD19,docking_support_score,0.8,0.2839734,0.4839734,524,2,827
A0A857EWT6,docking_support_score,0.8,0.2757866,0.4757866,525,2,827
A0ABP1ZEA7,docking_support_score,0.8,0.27101465,0.47101465000000003,526,3,827
A0A380Q4G1,docking_support_score,0.8,0.29071270000000005,0.49071270000000006,527,2,827
A0ABN4FAB0,docking_support_score,0.8,0.27966955000000004,0.47966955000000006,528,2,827
Q66BC4,docking_support_score,0.8,0.29368225000000003,0.49368225000000004,529,2,827
A0ABY5UJR0,docking_support_score,0.8,0.2933114,0.4933114,530,2,827
A0A0T9LR98,docking_support_score,0.8,0.28841945,0.48841945000000003,531,2,827
A0ABX5QYD3,docking_support_score,0.8,0.2644878,0.4644878,532,6,827
A0AB73NQS2,docking_support_score,0.8,0.28260630000000003,0.48260630000000004,533,2,827
A0A0T9N2B7,docking_support_score,0.8,0.28713475000000005,0.48713475000000006,534,2,827
A0AAI8ZTY6,docking_support_score,0.8,0.29166425,0.49166425,535,2,827
A0ABP1YVJ3,docking_support_score,0.8,0.2900613,0.49006130000000003,536,2,827
A0ABM6UTV9,docking_support_score,0.8,0.284729,0.484729,537,2,827
A0A0T9Q3M1,docking_support_score,0.8,0.2951969,0.4951969,538,2,827
A0A857F2M2,docking_support_score,0.8,0.27298975000000003,0.47298975000000004,539,3,827
Q8D1M8,docking_support_score,0.8,0.2918355,0.49183550000000004,540,2,827
A0A0T9PT88,docking_support_score,0.8,0.28264495,0.48264495,541,2,827
A0A0T9KM71,docking_support_score,0.8,0.28249470000000004,0.48249470000000005,542,2,827
A0A0T9RK55,docking_support_score,0.8,0.2862793,0.4862793,543,2,827
A0A5P8YE56,docking_support_score,0.8,0.28351750000000003,0.48351750000000004,544,2,827
A0A0T9QGW8,docking_support_score,0.8,0.28647930000000005,0.48647930000000006,545,2,827
A0ABP1ZLC4,docking_support_score,0.8,0.27856645,0.47856645000000003,546,2,827
A0A0T9QY81,docking_support_score,0.8,0.28806015,0.48806015,547,2,827
A0ABR4W4S9,docking_support_score,0.8,0.27248255,0.47248255,548,3,827
A0ABM5U8N9,docking_support_score,0.8,0.2796038,0.4796038,549,2,827
A0AA36PLD9,docking_support_score,0.8,0.2834854,0.4834854,550,2,827
A0ABX6F3U1,docking_support_score,0.8,0.27997135,0.47997135,551,2,827
A0A0H2W3V2,docking_support_score,0.8,0.2920052,0.49200520000000003,552,2,827
A0AA36LNQ9,docking_support_score,0.8,0.2859682,0.4859682,553,2,827
A0A2G4U6E8,docking_support_score,0.8,0.28331315,0.48331315,554,2,827
A0ABN4CUZ1,docking_support_score,0.8,0.29082035,0.49082035,555,2,827
A0ABW9EZG0,docking_support_score,0.8,0.28672515000000004,0.48672515000000005,556,2,827
A0A0U1QUW3,docking_support_score,0.8,0.282644,0.482644,557,2,827
A0ABX6F9M0,docking_support_score,0.8,0.2809045,0.4809045,558,2,827
A0ABN4F8Y2,docking_support_score,0.8,0.29036575000000003,0.49036575000000004,559,2,827
A0AA90XTS9,docking_support_score,0.8,0.28503475,0.48503475,560,2,827
A0AA44CL49,docking_support_score,0.8,0.28667345,0.48667345,561,2,827
A0AA36LIH7,docking_support_score,0.8,0.27608065000000004,0.47608065000000005,562,2,827
A0A0T9KXM0,docking_support_score,0.8,0.27067985,0.47067985,563,3,827
Q66BN2,docking_support_score,0.8,0.2857796,0.48577960000000003,564,2,827
A0ABM9XUU0,docking_support_score,0.8,0.28798305,0.48798305000000003,565,2,827
A0ABP2DXX8,docking_support_score,0.8,0.28136965,0.48136965000000004,566,2,827
A0A208ZSF8,docking_support_score,0.8,0.2674231,0.46742310000000004,567,4,827
A0A208ZSS5,docking_support_score,0.8,0.28175525,0.48175525,568,2,827
A0A380PTJ1,docking_support_score,0.8,0.2919521,0.4919521,569,2,827
A0AA36LSX5,docking_support_score,0.8,0.28863345,0.48863345,570,2,827
A0A0T9PTD3,docking_support_score,0.8,0.29199195,0.49199195,571,2,827
A0ABM6BHL4,docking_support_score,0.8,0.28507745,0.48507745,572,2,827
A0AA36PL17,docking_support_score,0.8,0.27435370000000003,0.47435370000000004,573,2,827
A0A380Q3T2,docking_support_score,0.8,0.28338125000000003,0.48338125000000004,574,2,827
A0A0T9PR09,docking_support_score,0.8,0.2685346,0.4685346,575,4,827
A0A2G4U6D9,docking_support_score,0.8,0.28475480000000003,0.48475480000000004,576,2,827
A0ABP1Z7N4,docking_support_score,0.8,0.28300405,0.48300405,577,2,827
A0ABM9SY22,docking_support_score,0.8,0.2951916,0.4951916,578,2,827
A0AAV3BFY5,docking_support_score,0.8,0.289611,0.489611,579,2,827
A0ABM9TCW2,docking_support_score,0.8,0.28255725000000004,0.48255725000000005,580,2,827
B6CGX2,docking_support_score,0.8,0.29265,0.49265000000000003,581,2,827
A0A380PPA0,docking_support_score,0.8,0.27437770000000006,0.47437770000000007,582,2,827
A0A2G4U294,docking_support_score,0.8,0.28713405000000003,0.48713405000000004,583,2,827
A0ABX6F8L7,docking_support_score,0.8,0.2741281,0.4741281,584,2,827
A0A0T9QCY7,docking_support_score,0.8,0.29313690000000003,0.49313690000000004,585,2,827
A0ABN4PWW7,docking_support_score,0.8,0.2801927,0.48019270000000003,586,2,827
A0ABM6BJY1,docking_support_score,0.8,0.2702448,0.4702448,587,3,827
A0A0H3B5G2,docking_support_score,0.8,0.2848617,0.4848617,588,2,827
A0ABM5Q137,docking_support_score,0.8,0.28547525,0.48547525,589,2,827
A0ABM5SKZ0,docking_support_score,0.8,0.28543275,0.48543275,590,2,827
A0A0U1QW74,docking_support_score,0.8,0.29193435,0.49193435,591,2,827
A0ABY5UJQ0,docking_support_score,0.8,0.2977514,0.4977514,592,2,827
A0A0U1HX05,docking_support_score,0.8,0.27077975000000004,0.47077975000000005,593,3,827
A0AAX2HZP5,docking_support_score,0.8,0.2833159,0.4833159,594,2,827
A0A0T9KKF4,docking_support_score,0.8,0.2848693,0.4848693,595,2,827
A0A0T9QHF4,docking_support_score,0.8,0.27918015,0.47918015,596,2,827
A0A0U1R055,docking_support_score,0.8,0.2900806,0.49008060000000003,597,2,827
A0AB72ZSW9,docking_support_score,0.8,0.26972105,0.46972105000000003,598,3,827
A0A2A7VG50,docking_support_score,0.8,0.28277095,0.48277095000000003,599,2,827
A0ABM5Q0I6,docking_support_score,0.8,0.28402255000000004,0.48402255000000005,600,2,827
A0A380PP26,docking_support_score,0.8,0.28191765,0.48191765000000003,601,2,827
A0ABM5UGZ3,docking_support_score,0.8,0.29126695,0.49126695000000004,602,2,827
A0ABM9TW88,docking_support_score,0.8,0.27646985,0.47646985000000003,603,2,827
A0ABP1YW71,docking_support_score,0.8,0.28515795,0.48515795,604,2,827
A0A0T9QDB9,docking_support_score,0.8,0.27628885000000003,0.47628885000000004,605,2,827
A0ABP2E2L7,docking_support_score,0.8,0.28116055,0.48116055,606,2,827
A0ABM9Y7W9,docking_support_score,0.8,0.28061440000000004,0.48061440000000005,607,2,827
A0ABW9EY82,docking_support_score,0.8,0.2737214,0.4737214,608,3,827
A0AA44CMJ6,docking_support_score,0.8,0.29141855000000005,0.49141855000000007,609,2,827
A0AB73P877,docking_support_score,0.8,0.2845403,0.48454030000000003,610,2,827
A0AA90XYJ4,docking_support_score,0.8,0.27371625,0.47371625,611,3,827
A0ABM9XWU7,docking_support_score,0.8,0.28403915,0.48403915000000003,612,2,827
A0A0T9N293,docking_support_score,0.8,0.28607040000000006,0.48607040000000007,613,2,827
A0AB73NNK1,docking_support_score,0.8,0.28482810000000003,0.48482810000000004,614,2,827
A0AA44CQ33,docking_support_score,0.8,0.28363725,0.48363725,615,2,827
A0ABW9ETP1,docking_support_score,0.8,0.2739648,0.4739648,616,3,827
A0ABR4W680,docking_support_score,0.8,0.29187355000000004,0.49187355000000005,617,2,827
A0A0T9RK20,docking_support_score,0.8,0.28232565000000004,0.48232565000000005,618,2,827
A0A380PRV1,docking_support_score,0.8,0.2874125,0.4874125,619,2,827
A0A0T9KKH2,docking_support_score,0.8,0.29516485000000003,0.49516485000000005,620,2,827
A0A380QJL7,docking_support_score,0.8,0.29516065,0.49516065000000004,621,2,827
A0ABM6BJA0,docking_support_score,0.8,0.28265450000000003,0.48265450000000004,622,2,827
A0A0H3B592,docking_support_score,0.8,0.28406115000000004,0.48406115000000005,623,2,827
A0ABN4H4Y5,docking_support_score,0.8,0.28991340000000004,0.48991340000000005,624,2,827
A0A0T9TRH4,docking_support_score,0.8,0.29197475,0.49197475,625,2,827
A0ABM6BHF9,docking_support_score,0.8,0.2802538,0.4802538,626,2,827
A0A209AAW7,docking_support_score,0.8,0.28605905000000004,0.48605905000000005,627,2,827
A0AA91BG92,docking_support_score,0.8,0.2868639,0.4868639,628,2,827
A0A380Q9K9,docking_support_score,0.8,0.27317445,0.47317445,629,3,827
A0ABM5SPQ0,docking_support_score,0.8,0.29602280000000003,0.49602280000000004,630,2,827
A0ABM5ST74,docking_support_score,0.8,0.2793352,0.4793352,631,2,827
A0AAV3BFT4,docking_support_score,0.8,0.28786145,0.48786145000000003,632,2,827
Q66BC6,docking_support_score,0.8,0.27768795,0.47768795000000003,633,2,827
A0A0T9RLX7,docking_support_score,0.8,0.2843588,0.48435880000000003,634,2,827
A0ABN4CQH5,docking_support_score,0.8,0.2946742,0.4946742,635,2,827
A0AB73Q5E6,docking_support_score,0.8,0.28570125,0.48570125000000003,636,2,827
A0A0U1QXU2,docking_support_score,0.8,0.28223595,0.48223595,637,2,827
A0AB73PBS8,docking_support_score,0.8,0.28857425000000003,0.48857425000000004,638,2,827
A0ABM5Q1D7,docking_support_score,0.8,0.28781585,0.48781585,639,2,827
A0ABP1Z8M7,docking_support_score,0.8,0.27708335,0.47708335,640,2,827
A0A380QDK2,docking_support_score,0.8,0.28630035000000004,0.48630035000000005,641,2,827
Q7CIG2,docking_support_score,0.8,0.27755875,0.47755875000000003,642,2,827
A0ABP2ED01,docking_support_score,0.8,0.2730291,0.47302910000000004,643,3,827
A0ABX5QZM3,docking_support_score,0.8,0.27950755,0.47950755,644,2,827
A0ABM9ST81,docking_support_score,0.8,0.2713783,0.47137830000000003,645,3,827
A0AB73NFU9,docking_support_score,0.8,0.28274920000000003,0.48274920000000004,646,2,827
A0AA44CIR8,docking_support_score,0.8,0.282185,0.48218500000000003,647,2,827
A0ABP1Y756,docking_support_score,0.8,0.2850051,0.4850051,648,2,827
Q66BM2,docking_support_score,0.8,0.27301615,0.47301615,649,3,827
A0AAX2I0V1,docking_support_score,0.8,0.28392585000000004,0.48392585000000005,650,2,827
A0ABM5UH09,docking_support_score,0.8,0.29085745,0.49085745000000003,651,2,827
A0A0T9UVW1,docking_support_score,0.8,0.2883374,0.48833740000000003,652,2,827
A0A0T9KME1,docking_support_score,0.8,0.283772,0.48377200000000004,653,2,827
A0A0T9RC84,docking_support_score,0.8,0.28801045000000003,0.48801045000000004,654,2,827
A0ABM9XX67,docking_support_score,0.8,0.28837725000000003,0.48837725000000004,655,2,827
A0A0T9KKM2,docking_support_score,0.8,0.28355015,0.48355015,656,2,827
A0ABM5PZP9,docking_support_score,0.8,0.27482705,0.47482705000000003,657,2,827
A0ABP2EGX4,docking_support_score,0.8,0.2801076,0.4801076,658,2,827
A0AB73NNV4,docking_support_score,0.8,0.29426905000000003,0.49426905000000004,659,2,827
A0A0T9PN75,docking_support_score,0.8,0.28449775,0.48449775,660,2,827
A0AB72ZRU6,docking_support_score,0.8,0.29154420000000003,0.49154420000000004,661,2,827
A0ABW9EZJ2,docking_support_score,0.8,0.28791665,0.48791665,662,2,827
A0AB73PN87,docking_support_score,0.8,0.2775808,0.4775808,663,2,827
A0A0T9RLI7,docking_support_score,0.8,0.28139835,0.48139835000000003,664,2,827
A0ABM6BKQ9,docking_support_score,0.8,0.28496780000000005,0.48496780000000006,665,2,827
A0A0T9KM28,docking_support_score,0.8,0.280192,0.480192,666,2,827
A0ABM9SYN9,docking_support_score,0.8,0.2770564,0.4770564,667,2,827
Q66CW3,docking_support_score,0.8,0.28699255,0.48699255,668,2,827
A0AB73NNI1,docking_support_score,0.8,0.2826248,0.4826248,669,2,827
Q66CW8,docking_support_score,0.8,0.2892206,0.4892206,670,2,827
A0ABM9TBF6,docking_support_score,0.8,0.28201115000000004,0.48201115000000005,671,2,827
A0AAW7K4V6,docking_support_score,0.8,0.29142470000000004,0.49142470000000005,672,2,827
A0ABM6UUY9,docking_support_score,0.8,0.2820459,0.4820459,673,2,827
A0ABM9SSJ6,docking_support_score,0.8,0.29233915,0.49233915,674,2,827
A0ABM6BHZ0,docking_support_score,0.8,0.27566440000000003,0.47566440000000004,675,2,827
A0A0T9P2Y6,docking_support_score,0.8,0.2768527,0.4768527,676,2,827
A0ABM9TZ37,docking_support_score,0.8,0.27540185,0.47540185,677,2,827
A0AA36LM41,docking_support_score,0.8,0.2914038,0.4914038,678,2,827
A0ABP1ZYM0,docking_support_score,0.8,0.28569700000000003,0.48569700000000005,679,2,827
A0A380QV68,docking_support_score,0.8,0.28739515000000004,0.48739515000000005,680,2,827
A0A380QB56,docking_support_score,0.8,0.274641,0.47464100000000004,681,2,827
A0ABP1Y4A2,docking_support_score,0.8,0.2855934,0.4855934,682,2,827
A0AA44HZF8,docking_support_score,0.8,0.2925105,0.4925105,683,2,827
A0ABM5Q168,docking_support_score,0.8,0.29318350000000004,0.49318350000000005,684,2,827
A0A0T9UVB9,docking_support_score,0.8,0.27737265,0.47737265,685,2,827
A0A0K1H0L3,docking_support_score,0.8,0.28000630000000004,0.48000630000000005,686,2,827
A0AA44CIT3,docking_support_score,0.8,0.2799034,0.47990340000000004,687,2,827
A0ABM9SWE1,docking_support_score,0.8,0.28757485000000005,0.48757485000000006,688,2,827
A0A380PNK7,docking_support_score,0.8,0.28065285,0.48065285,689,2,827
A0A0T9RLY2,docking_support_score,0.8,0.29440015,0.49440015000000004,690,2,827
A0AA36PKW6,docking_support_score,0.8,0.27280185,0.47280185,691,3,827
A0A0T9UVI4,docking_support_score,0.8,0.29425480000000004,0.49425480000000005,692,2,827
A0AA36LMJ6,docking_support_score,0.8,0.28121215,0.48121215,693,2,827
A0ABX5QZN1,docking_support_score,0.8,0.28742305,0.48742305,694,2,827
A0A208ZGJ5,docking_support_score,0.8,0.27095385000000005,0.47095385000000006,695,3,827
A0A857F0P9,docking_support_score,0.8,0.28337835,0.48337835,696,2,827
A0A0T9KLZ3,docking_support_score,0.8,0.28827345000000004,0.48827345000000005,697,2,827
A0A0T9TRJ0,docking_support_score,0.8,0.27121880000000004,0.47121880000000005,698,3,827
A0ABM7ANH7,docking_support_score,0.8,0.27678555000000005,0.47678555000000006,699,2,827
A0ABN5RBQ6,docking_support_score,0.8,0.28365145,0.48365145000000004,700,2,827
A0A0T9RKV0,docking_support_score,0.8,0.2680524,0.46805240000000004,701,4,827
A0A0T9UMV0,docking_support_score,0.8,0.27222575000000004,0.47222575000000006,702,3,827
A0ABX5QZY2,docking_support_score,0.8,0.27972945000000005,0.47972945000000006,703,2,827
A0A0T9KZA2,docking_support_score,0.8,0.28187895,0.48187895000000003,704,2,827
A0AB72ZN12,docking_support_score,0.8,0.28748365,0.48748365,705,2,827
A0ABN4F2B0,docking_support_score,0.8,0.2702061,0.4702061,706,3,827
A0ABN4PY35,docking_support_score,0.8,0.27969930000000004,0.47969930000000005,707,2,827
A0A380PRL5,docking_support_score,0.8,0.28142655,0.48142655,708,2,827
A0ABM6UNY7,docking_support_score,0.8,0.27370245000000004,0.47370245000000005,709,3,827
A0A380PNL7,docking_support_score,0.8,0.29139435,0.49139435000000004,710,2,827
A0A0T9UVN8,docking_support_score,0.8,0.2654279,0.4654279,711,6,827
A0A0T9QEH2,docking_support_score,0.8,0.29061835,0.49061835000000004,712,2,827
A0A2R4NRD1,docking_support_score,0.8,0.27467850000000005,0.47467850000000006,713,2,827
A0AA36LLP1,docking_support_score,0.8,0.28074575,0.48074575,714,2,827
A0AB73Q6N8,docking_support_score,0.8,0.27738655,0.47738655,715,2,827
A0ABW9EZD5,docking_support_score,0.8,0.2675577,0.4675577,716,4,827
A0ABM9TKC9,docking_support_score,0.8,0.28592565000000003,0.48592565000000004,717,2,827
A0ABX5QX18,docking_support_score,0.8,0.2855396,0.4855396,718,2,827
A0AAV3BF90,docking_support_score,0.8,0.27717400000000003,0.47717400000000004,719,2,827
A0A0T9QWS2,docking_support_score,0.8,0.28969635000000005,0.48969635000000006,720,2,827
A0ABP1YDG7,docking_support_score,0.8,0.29038425,0.49038425,721,2,827
A0ABR4W6J9,docking_support_score,0.8,0.27966225,0.47966225,722,2,827
A0A0T9UVJ2,docking_support_score,0.8,0.28645000000000004,0.48645000000000005,723,2,827
A0A0T9RMJ4,docking_support_score,0.8,0.2851321,0.4851321,724,2,827
A0A0T9RLS7,docking_support_score,0.8,0.28651525,0.48651525,725,2,827
A0ABP1YU38,docking_support_score,0.8,0.28747540000000005,0.48747540000000006,726,2,827
A0A0T9UMT9,docking_support_score,0.8,0.285428,0.485428,727,2,827
A0ABN4PP01,docking_support_score,0.8,0.28225095,0.48225095,728,2,827
A0A0T9QQ84,docking_support_score,0.8,0.2647082,0.4647082,729,6,827
A0A0H5LRG1,docking_support_score,0.8,0.26748085,0.46748085,730,4,827
A0A0H5LRI4,docking_support_score,0.8,0.28822975,0.48822975,731,2,827
A0A0T9QYU5,docking_support_score,0.8,0.2843201,0.48432010000000003,732,2,827
A0A0T9KZ32,docking_support_score,0.8,0.28540835000000003,0.48540835000000004,733,2,827
A0A2G4U3T2,docking_support_score,0.8,0.2834678,0.4834678,734,2,827
A0A0U1HXL6,docking_support_score,0.8,0.28804835,0.48804835,735,2,827
A0ABN4PNK0,docking_support_score,0.8,0.27679985,0.47679985,736,2,827
A0AA44CMJ2,docking_support_score,0.8,0.28349,0.48349000000000003,737,2,827
A0A0T9RLV1,docking_support_score,0.8,0.2791698,0.47916980000000003,738,2,827
A0AA36LNC2,docking_support_score,0.8,0.2696713,0.4696713,739,3,827
A0A0T9RPC1,docking_support_score,0.8,0.27203755,0.47203755000000003,740,3,827
A0AA36LUV4,docking_support_score,0.8,0.28196615,0.48196615000000004,741,2,827
A0A0H3B0N5,docking_support_score,0.8,0.2740661,0.4740661,742,2,827
A0ABP1YU19,docking_support_score,0.8,0.28616705,0.48616705,743,2,827
A0A0T9KKL7,docking_support_score,0.8,0.2709683,0.4709683,744,3,827
A0ABP2E0A1,docking_support_score,0.8,0.27292285000000005,0.47292285000000006,745,3,827
A0ABW9EZ05,docking_support_score,0.8,0.288845,0.48884500000000003,746,2,827
A0ABM6UY29,docking_support_score,0.8,0.2845885,0.48458850000000003,747,2,827
A0A380PUP1,docking_support_score,0.8,0.2896217,0.4896217,748,2,827
A0A380QEC0,docking_support_score,0.8,0.28169710000000003,0.48169710000000004,749,2,827
A0A857EZE8,docking_support_score,0.8,0.27172470000000004,0.47172470000000005,750,3,827
A0A3G5LJP4,docking_support_score,0.8,0.2658258,0.4658258,751,6,827
A0A085U312,docking_support_score,0.8,0.27792455000000005,0.47792455000000006,752,2,827
A0ABM6BL24,docking_support_score,0.8,0.28520045,0.48520045,753,2,827
A0ABM9SU56,docking_support_score,0.8,0.27163570000000004,0.47163570000000005,754,3,827
A0ABM5Q170,docking_support_score,0.8,0.27794745000000004,0.47794745000000005,755,2,827
A0ABM6BR49,docking_support_score,0.8,0.28768025,0.48768025000000004,756,2,827
A0A0T9QWQ1,docking_support_score,0.8,0.2732857,0.47328570000000003,757,3,827
A0A0H2YGI6,docking_support_score,0.8,0.27682870000000004,0.47682870000000005,758,2,827
A0A0H3B4F8,docking_support_score,0.8,0.2631179,0.4631179,759,6,827
A0AB73P3H5,docking_support_score,0.8,0.29025515,0.49025515000000003,760,2,827
A0A0T9JTP2,docking_support_score,0.8,0.27586770000000005,0.47586770000000006,761,2,827
A0A0T9R7L9,docking_support_score,0.8,0.2727159,0.4727159,762,3,827
A0A0H3AZK0,docking_support_score,0.8,0.28327070000000004,0.48327070000000005,763,2,827
A0A0T9TSE5,docking_support_score,0.8,0.29021155000000004,0.49021155000000005,764,2,827
A0AB72ZFA0,docking_support_score,0.8,0.28373025,0.48373025000000003,765,2,827
A0ABM7ANY7,docking_support_score,0.8,0.26611535000000003,0.46611535000000004,766,6,827
A0AA36LKR2,docking_support_score,0.8,0.27287535,0.47287535,767,3,827
A0ABN5RAB4,docking_support_score,0.8,0.27480425,0.47480425000000004,768,2,827
A0A380Q790,docking_support_score,0.8,0.26741765,0.46741765,769,4,827
A0ABX6FDR8,docking_support_score,0.8,0.2651294,0.4651294,770,6,827
A0A2G4U6F2,docking_support_score,0.8,0.27120805000000003,0.47120805000000004,771,3,827
A0A0T9QH70,docking_support_score,0.8,0.28187340000000005,0.48187340000000006,772,2,827
A0A0H3B283,docking_support_score,0.8,0.28271405,0.48271405,773,2,827
A0ABN5RAC2,docking_support_score,0.8,0.2885152,0.48851520000000004,774,2,827
A0A0T9JTR0,docking_support_score,0.8,0.2860902,0.48609020000000003,775,2,827
A0AA44CKU8,docking_support_score,0.8,0.28736275,0.48736275,776,2,827
A0ABN4CUU3,docking_support_score,0.8,0.29730615,0.49730615,777,2,827
A0ABR4VWZ7,docking_support_score,0.8,0.27321305,0.47321305,778,3,827
A0A0T9RSX1,docking_support_score,0.8,0.2740942,0.4740942,779,2,827
A0A0T9QZG9,docking_support_score,0.8,0.28336880000000003,0.48336880000000004,780,2,827
A0ABY5ULB5,docking_support_score,0.8,0.2659055,0.46590550000000003,781,6,827
A0A0T9KM84,docking_support_score,0.8,0.27931245000000005,0.47931245000000006,782,2,827
A0A0T9QVI5,docking_support_score,0.8,0.28383970000000003,0.48383970000000004,783,2,827
A0A0T9RG16,docking_support_score,0.8,0.2857025,0.48570250000000004,784,2,827
A0ABP2ECT0,docking_support_score,0.8,0.27341875000000004,0.47341875000000005,785,3,827
A0ABM9SZ17,docking_support_score,0.8,0.28213965,0.48213965000000003,786,2,827
A0A0E1NQK2,docking_support_score,0.8,0.26540305000000003,0.46540305000000004,787,6,827
A0AAX2I8P7,docking_support_score,0.8,0.27651020000000004,0.47651020000000005,788,2,827
Q7BTW6,docking_support_score,0.8,0.26315895,0.46315895,789,6,827
A0ABP1ZYW2,docking_support_score,0.8,0.2771321,0.4771321,790,2,827
Q66CW2,docking_support_score,0.8,0.28878430000000005,0.48878430000000006,791,2,827
A0AA36LJG1,docking_support_score,0.8,0.26002445,0.46002445000000003,792,6,827
A0ABM5UH02,docking_support_score,0.8,0.26674225,0.46674225,793,6,827
A0AA36PPQ7,docking_support_score,0.8,0.28709415000000005,0.48709415000000006,794,2,827
A0A0H2YNL1,docking_support_score,0.8,0.2651985,0.4651985,795,6,827
A0AA90XRZ3,docking_support_score,0.8,0.2696963,0.4696963,796,3,827
A0A0T9QD11,docking_support_score,0.8,0.28903135,0.48903135000000003,797,2,827
A0ABP1ZSE7,docking_support_score,0.8,0.26827945000000003,0.46827945000000004,798,4,827
A0ABX6FAJ5,docking_support_score,0.8,0.28746930000000004,0.48746930000000005,799,2,827
A0A0T9UMN3,docking_support_score,0.8,0.28833775,0.48833775,800,2,827
Q8D0C0,docking_support_score,0.8,0.27551780000000003,0.47551780000000005,801,2,827
A0A0T9QMF1,docking_support_score,0.8,0.26891865000000004,0.46891865000000005,802,3,827
A0A0U1R2K8,docking_support_score,0.8,0.2661433,0.46614330000000004,803,6,827
A0AA36LJU6,docking_support_score,0.8,0.28167565000000006,0.48167565000000007,804,2,827
A0AA36LI15,docking_support_score,0.8,0.2947141,0.4947141,805,2,827
A0A0K1H0S6,docking_support_score,0.8,0.25506265,0.45506265,806,8,827
A0A0T9UVK2,docking_support_score,0.8,0.2812658,0.4812658,807,2,827
A0A857F028,docking_support_score,0.8,0.25833635,0.45833635,808,6,827
A0A0H3B6G4,docking_support_score,0.8,0.27156185,0.47156185,809,3,827
A0A208ZVY5,docking_support_score,0.8,0.27828395,0.47828395,810,2,827
A0ABN5RCP6,docking_support_score,0.8,0.26094550000000005,0.46094550000000006,811,6,827
A0A0T9UMW7,docking_support_score,0.8,0.27377275,0.47377275,812,3,827
A0AB72ZRU3,docking_support_score,0.8,0.2648358,0.4648358,813,6,827
A0A0U1HUK9,docking_support_score,0.8,0.26631405,0.46631405000000004,814,6,827
A0ABM7AMA1,docking_support_score,0.8,0.25694725,0.45694725,815,6,827
A0AAV3B6C2,docking_support_score,0.8,0.26571655,0.46571655,816,6,827
A0A380QAJ4,docking_support_score,0.8,0.27098355,0.47098355000000003,817,3,827
A0A0H3AZJ6,docking_support_score,0.8,0.27744260000000004,0.47744260000000005,818,2,827
A0A0T9QI62,docking_support_score,0.8,0.2754818,0.4754818,819,2,827
A0A0H2W0D6,docking_support_score,0.8,0.2645,0.4645,820,6,827
A0A2G4U1S2,docking_support_score,0.8,0.25718925000000004,0.45718925000000005,821,6,827
A0ABM9XV01,docking_support_score,0.8,0.2571026,0.4571026,822,6,827
A0ABX5QXI4,docking_support_score,0.8,0.26236590000000004,0.46236590000000005,823,6,827
A0AB72ZJY3,docking_support_score,0.8,0.26515120000000003,0.46515120000000004,824,6,827
A0A380QTR9,docking_support_score,0.8,0.2657676,0.4657676,825,6,827
A0A0T9UB25,docking_support_score,0.8,0.26371745,0.46371745000000003,826,6,827
A0A0T9U5C6,docking_support_score,0.8,0.2297538,0.4297538,827,200,827
Q9T0Z9,solubility_no_chaperone_score,0.8,0.6993216000000001,0.8993216000000002,1,1,1
A0A7U4GHF9,solubility_no_chaperone_score,0.8,0.4965091,0.6965091,2,2,421
I7K2S1,solubility_no_chaperone_score,0.8,0.4909800000000001,0.6909800000000001,3,2,457
A0A1V0DXW2,solubility_no_chaperone_score,0.8,0.4831751000000001,0.6831751000000001,4,2,517
A0AAD2UYA7,solubility_no_chaperone_score,0.8,0.48391439999999997,0.6839143999999999,5,2,513
S5MLA1,solubility_no_chaperone_score,0.8,0.4902639000000001,0.6902639000000002,6,2,462
A0A0G2PMU5,solubility_no_chaperone_score,0.8,0.48039375000000006,0.6803937500000001,7,2,542
B3VCL5,solubility_no_chaperone_score,0.8,0.47942435000000005,0.6794243500000001,8,2,549
Q858J8,solubility_no_chaperone_score,0.8,0.47592445000000005,0.6759244500000001,9,2,588
A0AAE7V5N4,solubility_no_chaperone_score,0.8,0.4847093500000001,0.6847093500000001,10,2,506
A0A6M3G9R6,solubility_no_chaperone_score,0.8,0.4760344000000001,0.6760344,11,2,585
A0A0P0LE96,solubility_no_chaperone_score,0.8,0.4737365000000001,0.6737365000000002,12,2,614
A0A0H3NKM1,solubility_no_chaperone_score,0.8,0.47864550000000006,0.6786455,13,2,557
A0A0U2DXE3,solubility_no_chaperone_score,0.8,0.47050115000000003,0.67050115,14,2,644
S5M3B5,solubility_no_chaperone_score,0.8,0.47606040000000005,0.6760604000000001,15,2,585
A0A7U4GE98,solubility_no_chaperone_score,0.8,0.48903615,0.68903615,16,2,470
A0AAE9FSZ1,solubility_no_chaperone_score,0.8,0.4759623500000001,0.67596235,17,2,585
A0AAE9FUR5,solubility_no_chaperone_score,0.8,0.46684870000000006,0.6668487000000001,18,2,679
A0AAT9S6U3,solubility_no_chaperone_score,0.8,0.4654506500000001,0.6654506500000001,19,2,693
A0AAX4Q2K6,solubility_no_chaperone_score,0.8,0.4619987000000001,0.6619987,20,2,717
A0A449C531,solubility_no_chaperone_score,0.8,0.46733045000000006,0.6673304500000001,21,2,671
A0AAE7S353,solubility_no_chaperone_score,0.8,0.4551606000000001,0.6551606000000001,22,2,762
A0A9P1PWH0,solubility_no_chaperone_score,0.8,0.4585766,0.6585766,23,2,745
Q858U5,solubility_no_chaperone_score,0.8,0.46101910000000007,0.6610191000000001,24,2,724
A0A7U4JZS3,solubility_no_chaperone_score,0.8,0.4584455,0.6584455,25,2,746
I7LHK5,solubility_no_chaperone_score,0.8,0.45287810000000006,0.6528781000000001,26,2,775
A0A0H3NZ47,solubility_no_chaperone_score,0.8,0.45770175,0.65770175,27,2,751
A0A449C3Z7,solubility_no_chaperone_score,0.8,0.4593157500000001,0.6593157500000001,28,2,736
I7K3G3,solubility_no_chaperone_score,0.8,0.45639245000000006,0.65639245,29,2,757
A0A449C5Q6,solubility_no_chaperone_score,0.8,0.4599284500000001,0.6599284500000001,30,2,732
I6Q9A1,solubility_no_chaperone_score,0.8,0.4491133500000001,0.6491133500000001,31,2,790
A0A7D3UKK9,solubility_no_chaperone_score,0.8,0.45782105000000006,0.6578210500000001,32,2,749
A0A449C440,solubility_no_chaperone_score,0.8,0.4495066000000001,0.6495066,33,2,790
F4N2J8,solubility_no_chaperone_score,0.8,0.46982284999999996,0.66982285,34,2,651
A0A449C5Z2,solubility_no_chaperone_score,0.8,0.44981925000000006,0.6498192500000001,35,2,789
F4N729,solubility_no_chaperone_score,0.8,0.44725899999999996,0.647259,36,2,792
S5ML14,solubility_no_chaperone_score,0.8,0.4558895500000001,0.6558895500000002,37,2,759
I7LHJ5,solubility_no_chaperone_score,0.8,0.44667550000000006,0.6466755000000001,38,2,794
A0A449C555,solubility_no_chaperone_score,0.8,0.44626175000000007,0.6462617500000001,39,2,796
A0AAE9FQ76,solubility_no_chaperone_score,0.8,0.4468513500000001,0.6468513500000002,40,2,794
A0A1V0DXT2,solubility_no_chaperone_score,0.8,0.45871390000000006,0.6587139000000001,41,2,742
I7K324,solubility_no_chaperone_score,0.8,0.4577896,0.6577896000000001,42,2,749
A0A0G2PMY8,solubility_no_chaperone_score,0.8,0.46317445,0.6631744500000001,43,2,709
A0A088F649,solubility_no_chaperone_score,0.8,0.44206700000000004,0.642067,44,2,806
S5M9F2,solubility_no_chaperone_score,0.8,0.44293570000000004,0.6429357,45,2,805
A0AAE7CTI2,solubility_no_chaperone_score,0.8,0.45227435000000005,0.6522743500000001,46,2,777
A0A0B4ZXE3,solubility_no_chaperone_score,0.8,0.4541150000000001,0.6541150000000001,47,2,769
A0A0H3NZ57,solubility_no_chaperone_score,0.8,0.44761070000000003,0.6476107,48,2,792
S5MRA5,solubility_no_chaperone_score,0.8,0.4520019500000001,0.65200195,49,2,778
A0A0B5A4Q9,solubility_no_chaperone_score,0.8,0.4438859500000001,0.64388595,50,2,804
A0A3B8DLH1,solubility_no_chaperone_score,0.8,0.4400060500000001,0.6400060500000001,51,2,807
A0A449C3U4,solubility_no_chaperone_score,0.8,0.45251710000000006,0.6525171000000001,52,2,777
A0AAX4Q199,solubility_no_chaperone_score,0.8,0.44512710000000005,0.6451271000000001,53,2,800
A0A6M3GA37,solubility_no_chaperone_score,0.8,0.43946240000000003,0.6394624,54,2,809
A0A1V0DXR7,solubility_no_chaperone_score,0.8,0.45500125,0.65500125,55,2,764
A0A0G2PMU8,solubility_no_chaperone_score,0.8,0.44366780000000006,0.6436678,56,2,804
A0AAE9JYJ2,solubility_no_chaperone_score,0.8,0.4433294000000001,0.6433294,57,2,805
I7J474,solubility_no_chaperone_score,0.8,0.4422423000000001,0.6422423000000002,58,2,805
I7KR83,solubility_no_chaperone_score,0.8,0.44228625000000005,0.6422862500000001,59,2,805
A0ZXG5,solubility_no_chaperone_score,0.8,0.44107385000000005,0.6410738500000001,60,2,807
A0A449C435,solubility_no_chaperone_score,0.8,0.4399543000000001,0.6399543000000001,61,2,807
A0A7U4K0B3,solubility_no_chaperone_score,0.8,0.4584582,0.6584582,62,2,746
A0AAE9FRM6,solubility_no_chaperone_score,0.8,0.43962045000000005,0.63962045,63,2,809
A0AAE7PDX0,solubility_no_chaperone_score,0.8,0.4443262500000001,0.6443262500000001,64,2,803
A0A2C9CXH4,solubility_no_chaperone_score,0.8,0.4446256500000001,0.64462565,65,2,801
A0A7D3UH03,solubility_no_chaperone_score,0.8,0.4432190000000001,0.6432190000000001,66,2,805
A0AA51VH76,solubility_no_chaperone_score,0.8,0.43705135000000006,0.6370513500000001,67,2,814
A0A2H1UJ87,solubility_no_chaperone_score,0.8,0.43705315000000006,0.6370531500000001,68,2,814
A0A449C528,solubility_no_chaperone_score,0.8,0.4361668500000001,0.6361668500000002,69,2,815
A0A6M3GA49,solubility_no_chaperone_score,0.8,0.4429938500000001,0.6429938500000001,70,2,805
A0A1V0DXD5,solubility_no_chaperone_score,0.8,0.4393809000000001,0.6393809000000001,71,2,809
A0A3B8DLJ2,solubility_no_chaperone_score,0.8,0.4351127000000001,0.6351127000000001,72,2,817
A0AAE7PDK2,solubility_no_chaperone_score,0.8,0.43638840000000007,0.6363884000000001,73,2,815
F4N728,solubility_no_chaperone_score,0.8,0.44776879999999997,0.6477687999999999,74,2,792
A0AAE9JVZ5,solubility_no_chaperone_score,0.8,0.44289475000000006,0.6428947500000001,75,2,805
A0A449C5C7,solubility_no_chaperone_score,0.8,0.44516770000000006,0.6451677,76,2,800
I7LH81,solubility_no_chaperone_score,0.8,0.44381200000000004,0.643812,77,2,804
A0A1V0DXT5,solubility_no_chaperone_score,0.8,0.43568660000000003,0.6356866000000001,78,2,816
A0A6M3G969,solubility_no_chaperone_score,0.8,0.4341369500000001,0.63413695,79,2,817
A0AAX4Q2X2,solubility_no_chaperone_score,0.8,0.45292125000000005,0.6529212500000001,80,2,775
A0A2D0PE70,solubility_no_chaperone_score,0.8,0.4325841,0.6325841000000001,81,2,819
A0A0H3NU58,solubility_no_chaperone_score,0.8,0.44804665000000005,0.6480466500000001,82,2,791
A0A449C3S4,solubility_no_chaperone_score,0.8,0.4316160000000001,0.6316160000000002,83,2,821
S5MRE6,solubility_no_chaperone_score,0.8,0.43496500000000005,0.634965,84,2,817
A0A3B8DL31,solubility_no_chaperone_score,0.8,0.43364340000000007,0.6336434000000001,85,2,817
A0AA86IWK5,solubility_no_chaperone_score,0.8,0.4372702500000001,0.63727025,86,2,814
I7J3W0,solubility_no_chaperone_score,0.8,0.43344525000000006,0.6334452500000001,87,2,817
A0A0B5A4J3,solubility_no_chaperone_score,0.8,0.43443485000000004,0.6344348500000001,88,2,817
A0A449C6D2,solubility_no_chaperone_score,0.8,0.43184730000000005,0.6318473,89,2,820
A0A0B5A2V7,solubility_no_chaperone_score,0.8,0.43223665000000006,0.6322366500000001,90,2,820
A0A449C638,solubility_no_chaperone_score,0.8,0.42824415000000005,0.62824415,91,2,823
A0A449C6B7,solubility_no_chaperone_score,0.8,0.4270826000000001,0.6270826,92,2,824
A0A6M3G916,solubility_no_chaperone_score,0.8,0.42971475000000003,0.62971475,93,2,821
S5M3A7,solubility_no_chaperone_score,0.8,0.43090200000000006,0.6309020000000001,94,2,821
I7K354,solubility_no_chaperone_score,0.8,0.42783855000000004,0.6278385500000001,95,2,824
A0A7D3QKX7,solubility_no_chaperone_score,0.8,0.4324154500000001,0.6324154500000001,96,2,820
A0A449C4D0,solubility_no_chaperone_score,0.8,0.43540635000000005,0.63540635,97,2,817
A0A7D3V1W8,solubility_no_chaperone_score,0.8,0.44325130000000007,0.6432513000000001,98,2,805
A0A0B5A2N3,solubility_no_chaperone_score,0.8,0.4227360500000001,0.6227360500000001,99,2,827
A0A449C3T4,solubility_no_chaperone_score,0.8,0.42569795000000005,0.6256979500000001,100,2,824
A0AAX4M7A4,solubility_no_chaperone_score,0.8,0.42264015000000005,0.6226401500000001,101,2,827
A0AAX4Q2U9,solubility_no_chaperone_score,0.8,0.43831535000000005,0.6383153500000001,102,2,811
A0AAD2UWV2,solubility_no_chaperone_score,0.8,0.4275876,0.6275876,103,2,824
A0A0H3NZ59,solubility_no_chaperone_score,0.8,0.42385530000000005,0.6238553,104,2,825
I7KRU3,solubility_no_chaperone_score,0.8,0.42431520000000006,0.6243152000000001,105,2,825
A0A7D3QQ81,solubility_no_chaperone_score,0.8,0.4290244000000001,0.6290244,106,2,822
A0AAE7V728,solubility_no_chaperone_score,0.8,0.44108165000000005,0.6410816500000001,107,2,807
A0AAE9FLD0,solubility_no_chaperone_score,0.8,0.4256830000000001,0.6256830000000001,108,2,824
A0A1V0DXX1,solubility_no_chaperone_score,0.8,0.42369190000000007,0.6236919000000001,109,2,826
A0AAX4M7M8,solubility_no_chaperone_score,0.8,0.42243975000000006,0.6224397500000001,110,2,827
A0A7T9XU25,solubility_no_chaperone_score,0.8,0.43911915,0.63911915,111,2,809
A0A449C5D9,solubility_no_chaperone_score,0.8,0.42139365000000006,0.6213936500000001,112,2,827
A0A0H3NP24,solubility_no_chaperone_score,0.8,0.42876935000000005,0.62876935,113,2,823
A0A3B8DLI7,solubility_no_chaperone_score,0.8,0.42356570000000004,0.6235657000000001,114,2,827
A0A1V0DXS1,solubility_no_chaperone_score,0.8,0.4288967000000001,0.6288967000000001,115,2,823
A0A2D0PCZ8,solubility_no_chaperone_score,0.8,0.4228571000000001,0.6228571,116,2,827
A0A449C3Q1,solubility_no_chaperone_score,0.8,0.43539020000000006,0.6353902,117,2,817
A0A2D0PE10,solubility_no_chaperone_score,0.8,0.4220576000000001,0.6220576000000001,118,2,827
A0A0H3NSE3,solubility_no_chaperone_score,0.8,0.42891540000000006,0.6289154000000001,119,2,823
A0A2H1X991,solubility_no_chaperone_score,0.8,0.42227710000000007,0.6222771,120,2,827
A0A6M3G8D1,solubility_no_chaperone_score,0.8,0.4284422000000001,0.6284422000000001,121,2,823
A0AAE6YPH1,solubility_no_chaperone_score,0.8,0.4243659000000001,0.6243659000000001,122,2,825
A0AAE9FRR2,solubility_no_chaperone_score,0.8,0.42962445000000005,0.6296244500000001,123,2,821
A0AA51VJM6,solubility_no_chaperone_score,0.8,0.4194959000000001,0.6194959000000001,124,2,827
A0AAE9FQ04,solubility_no_chaperone_score,0.8,0.42661905000000006,0.6266190500000001,125,2,824
A0A6M3G876,solubility_no_chaperone_score,0.8,0.4221344000000001,0.6221344000000001,126,2,827
S5M7B3,solubility_no_chaperone_score,0.8,0.41965205000000005,0.61965205,127,2,827
A0A449C608,solubility_no_chaperone_score,0.8,0.4225915500000001,0.6225915500000001,128,2,827
A0A7D3QML5,solubility_no_chaperone_score,0.8,0.4356367500000001,0.6356367500000001,129,2,816
A0AAX4Q195,solubility_no_chaperone_score,0.8,0.4176468000000001,0.6176468000000002,130,2,827
A0A0B4ZZM3,solubility_no_chaperone_score,0.8,0.42101235000000004,0.62101235,131,2,827
A0A449C619,solubility_no_chaperone_score,0.8,0.41704910000000006,0.6170491,132,2,827
I7LH90,solubility_no_chaperone_score,0.8,0.4259203000000001,0.6259203000000001,133,2,824
A0AAE9FKC7,solubility_no_chaperone_score,0.8,0.4149600000000001,0.6149600000000002,134,2,827
A1JNF1,solubility_no_chaperone_score,0.8,0.41412035,0.6141203500000001,135,2,827
A0A7D3QJ92,solubility_no_chaperone_score,0.8,0.43329000000000006,0.6332900000000001,136,2,818
A0A6M3G874,solubility_no_chaperone_score,0.8,0.41532975000000005,0.6153297500000001,137,2,827
S5ML49,solubility_no_chaperone_score,0.8,0.41539875000000004,0.61539875,138,2,827
A0A449C567,solubility_no_chaperone_score,0.8,0.4147352000000001,0.6147352000000001,139,2,827
A0AAE6YNJ4,solubility_no_chaperone_score,0.8,0.4327982000000001,0.6327982000000001,140,2,818
A0A6M3G8B9,solubility_no_chaperone_score,0.8,0.41909225000000006,0.61909225,141,2,827
A0A3B8DYI1,solubility_no_chaperone_score,0.8,0.42555915000000005,0.6255591500000001,142,2,824
I7K3U3,solubility_no_chaperone_score,0.8,0.4263673500000001,0.6263673500000001,143,2,824
I7KRG5,solubility_no_chaperone_score,0.8,0.41768865000000005,0.6176886500000001,144,2,827
A0A1V0DXW6,solubility_no_chaperone_score,0.8,0.4183483500000001,0.6183483500000001,145,2,827
I7K349,solubility_no_chaperone_score,0.8,0.42558850000000004,0.6255885000000001,146,2,824
A0A449C4X7,solubility_no_chaperone_score,0.8,0.41515405000000005,0.6151540500000001,147,2,827
S5M3D7,solubility_no_chaperone_score,0.8,0.42402065000000005,0.6240206500000001,148,2,825
A0AAE9FSY2,solubility_no_chaperone_score,0.8,0.4332174000000001,0.6332174000000002,149,2,818
A0A7U4GCC7,solubility_no_chaperone_score,0.8,0.4152711,0.6152711,150,2,827
S5M7E4,solubility_no_chaperone_score,0.8,0.4120362000000001,0.6120362000000001,151,2,827
A0A449C3W7,solubility_no_chaperone_score,0.8,0.41466860000000005,0.6146686000000001,152,2,827
A0A449C5Z9,solubility_no_chaperone_score,0.8,0.41702190000000006,0.6170219000000001,153,2,827
S5ML17,solubility_no_chaperone_score,0.8,0.40990660000000007,0.6099066000000001,154,2,827
A0AAE9FRD5,solubility_no_chaperone_score,0.8,0.42707495000000006,0.6270749500000001,155,2,824
A0A2C9CZQ3,solubility_no_chaperone_score,0.8,0.41490050000000006,0.6149005000000001,156,2,827
A0AA86IYU9,solubility_no_chaperone_score,0.8,0.41266005000000006,0.6126600500000001,157,2,827
A0A2C9CYF4,solubility_no_chaperone_score,0.8,0.41883025000000007,0.61883025,158,2,827
A0A3B8E1I5,solubility_no_chaperone_score,0.8,0.42426375000000005,0.6242637500000001,159,2,825
A0A7U4GG50,solubility_no_chaperone_score,0.8,0.41966185,0.61966185,160,2,827
I7J3Y3,solubility_no_chaperone_score,0.8,0.41658610000000007,0.6165861000000001,161,2,827
I7KRT2,solubility_no_chaperone_score,0.8,0.4146558000000001,0.6146558000000001,162,2,827
A0A7D3QKS7,solubility_no_chaperone_score,0.8,0.42182500000000006,0.6218250000000001,163,2,827
A0A1V0DXV4,solubility_no_chaperone_score,0.8,0.4196538000000001,0.6196538,164,2,827
A0A7U4GDH6,solubility_no_chaperone_score,0.8,0.40664815000000004,0.60664815,165,2,827
A0A0H3NQY6,solubility_no_chaperone_score,0.8,0.41566385000000006,0.61566385,166,2,827
A0A449C532,solubility_no_chaperone_score,0.8,0.41716870000000006,0.6171687000000001,167,2,827
A0AAE7TQG4,solubility_no_chaperone_score,0.8,0.40926485000000007,0.6092648500000001,168,2,827
A0A449C648,solubility_no_chaperone_score,0.8,0.40394575000000005,0.6039457500000001,169,2,827
I7LF14,solubility_no_chaperone_score,0.8,0.40819780000000006,0.6081978000000001,170,2,827
A0A3B8DL36,solubility_no_chaperone_score,0.8,0.4186608500000001,0.6186608500000002,171,2,827
A0AAE7TR04,solubility_no_chaperone_score,0.8,0.4069322000000001,0.6069322000000001,172,2,827
A0AAE7PH03,solubility_no_chaperone_score,0.8,0.41376445000000006,0.6137644500000001,173,2,827
A0AAE6YNV4,solubility_no_chaperone_score,0.8,0.41349850000000005,0.6134985000000001,174,2,827
I6Q8T5,solubility_no_chaperone_score,0.8,0.4038170000000001,0.603817,175,2,827
A0A1V0DXR4,solubility_no_chaperone_score,0.8,0.41239070000000005,0.6123907000000001,176,2,827
F4N708,solubility_no_chaperone_score,0.8,0.41852995000000004,0.6185299500000001,177,2,827
A0A449C3X5,solubility_no_chaperone_score,0.8,0.41551670000000007,0.6155167000000001,178,2,827
A0AAE9JXJ1,solubility_no_chaperone_score,0.8,0.4171495500000001,0.6171495500000002,179,2,827
A0A449C469,solubility_no_chaperone_score,0.8,0.4029384000000001,0.6029384000000001,180,2,827
A0A449C5X9,solubility_no_chaperone_score,0.8,0.41928765000000007,0.6192876500000001,181,2,827
A0A449C542,solubility_no_chaperone_score,0.8,0.4060708500000001,0.60607085,182,2,827
A0A3B8DYS4,solubility_no_chaperone_score,0.8,0.4306929500000001,0.63069295,183,2,821
A0A449C597,solubility_no_chaperone_score,0.8,0.4079425000000001,0.6079425,184,2,827
A0A0B5A4M1,solubility_no_chaperone_score,0.8,0.41001705000000005,0.6100170500000001,185,2,827
A0A0B5A2T1,solubility_no_chaperone_score,0.8,0.41249825000000007,0.61249825,186,2,827
A0A7U4GDF9,solubility_no_chaperone_score,0.8,0.40198860000000003,0.6019886000000001,187,2,827
A0A3B8DYH7,solubility_no_chaperone_score,0.8,0.4017019500000001,0.60170195,188,2,827
A0A2D0PDX6,solubility_no_chaperone_score,0.8,0.40198760000000006,0.6019876000000001,189,2,827
S5M7K0,solubility_no_chaperone_score,0.8,0.4049301500000001,0.6049301500000002,190,2,827
A0A7D3UL75,solubility_no_chaperone_score,0.8,0.40280335000000006,0.6028033500000001,191,2,827
A0AAE7V5W0,solubility_no_chaperone_score,0.8,0.4049244000000001,0.6049244,192,2,827
A0A9P1PUV5,solubility_no_chaperone_score,0.8,0.40380995,0.60380995,193,2,827
A0AAE7S224,solubility_no_chaperone_score,0.8,0.4083405500000001,0.6083405500000001,194,2,827
A0ABP1YI01,solubility_no_chaperone_score,0.8,0.40260875,0.60260875,195,2,827
A0A449C541,solubility_no_chaperone_score,0.8,0.39765950000000005,0.5976595,196,2,827
A0A2C9CYV8,solubility_no_chaperone_score,0.8,0.4022946500000001,0.6022946500000002,197,2,827
A0A0B4ZZK4,solubility_no_chaperone_score,0.8,0.39998010000000006,0.5999801,198,2,827
A0ABP1YEP8,solubility_no_chaperone_score,0.8,0.40429085,0.6042908499999999,199,2,827
A0AAE9FQP6,solubility_no_chaperone_score,0.8,0.41044500000000006,0.6104450000000001,200,2,827
A0AAE7V7A7,solubility_no_chaperone_score,0.8,0.3996141000000001,0.5996141000000001,201,2,827
A0AA86J4Z9,solubility_no_chaperone_score,0.8,0.4246432500000001,0.6246432500000001,202,2,825
A0AAX4M766,solubility_no_chaperone_score,0.8,0.40181170000000005,0.6018117000000001,203,2,827
A0AAX4M771,solubility_no_chaperone_score,0.8,0.4097491000000001,0.6097491000000002,204,2,827
A0A0B4ZXG6,solubility_no_chaperone_score,0.8,0.41854860000000005,0.6185486,205,2,827
A0AAE9FPR6,solubility_no_chaperone_score,0.8,0.3979446000000001,0.5979446000000002,206,2,827
A1JK73,solubility_no_chaperone_score,0.8,0.40170290000000003,0.6017029,207,2,827
A0AA86J574,solubility_no_chaperone_score,0.8,0.39604800000000007,0.5960480000000001,208,2,827
I7KRB0,solubility_no_chaperone_score,0.8,0.41603380000000006,0.6160338000000001,209,2,827
A0AAE6YPB5,solubility_no_chaperone_score,0.8,0.39423425000000006,0.5942342500000001,210,2,827
A0A6M3G945,solubility_no_chaperone_score,0.8,0.4043175500000001,0.6043175500000001,211,2,827
S5MRE0,solubility_no_chaperone_score,0.8,0.39146820000000004,0.5914682,212,2,827
A0AAE9FV72,solubility_no_chaperone_score,0.8,0.4045222500000001,0.60452225,213,2,827
A0A3B8E5R1,solubility_no_chaperone_score,0.8,0.3901264000000001,0.5901264000000002,214,2,827
A0AAE9FSV4,solubility_no_chaperone_score,0.8,0.3924755000000001,0.5924755000000002,215,2,827
A0ABP1XZ23,solubility_no_chaperone_score,0.8,0.3996216,0.5996216000000001,216,2,827
I7LEG3,solubility_no_chaperone_score,0.8,0.4187440500000001,0.6187440500000001,217,2,827
A0A9P1UYK8,solubility_no_chaperone_score,0.8,0.39520150000000004,0.5952015,218,2,827
A0ABM9SIE6,solubility_no_chaperone_score,0.8,0.38954315,0.58954315,219,2,827
A0A449C473,solubility_no_chaperone_score,0.8,0.3952823000000001,0.5952823,220,2,827
A0A7U4GE85,solubility_no_chaperone_score,0.8,0.39461075,0.59461075,221,2,827
A0A7D3V4S6,solubility_no_chaperone_score,0.8,0.3945154500000001,0.5945154500000001,222,2,827
A0A2D0PDR4,solubility_no_chaperone_score,0.8,0.39134045000000006,0.5913404500000001,223,2,827
A0A7T9XT11,solubility_no_chaperone_score,0.8,0.3977931,0.5977931000000001,224,2,827
A0AAE9JYN2,solubility_no_chaperone_score,0.8,0.3898007500000001,0.5898007500000001,225,2,827
A1JNA9,solubility_no_chaperone_score,0.8,0.39060745,0.59060745,226,2,827
A0AAE9JW72,solubility_no_chaperone_score,0.8,0.39895575000000005,0.59895575,227,2,827
A0A9P1PT53,solubility_no_chaperone_score,0.8,0.39287760000000005,0.5928776,228,2,827
I7LEN8,solubility_no_chaperone_score,0.8,0.3863413500000001,0.5863413500000001,229,2,827
Q858V3,solubility_no_chaperone_score,0.8,0.4010486000000001,0.6010486000000002,230,2,827
A0ABP1YG46,solubility_no_chaperone_score,0.8,0.3915863,0.5915863,231,2,827
A0A0H3NU55,solubility_no_chaperone_score,0.8,0.39477880000000004,0.5947788,232,2,827
A0A449C3Q7,solubility_no_chaperone_score,0.8,0.41335235000000004,0.61335235,233,2,827
A0A449C610,solubility_no_chaperone_score,0.8,0.39620980000000006,0.5962098,234,2,827
A0ABP1YH51,solubility_no_chaperone_score,0.8,0.3940423,0.5940423,235,2,827
A0A2D0PE26,solubility_no_chaperone_score,0.8,0.3869089500000001,0.5869089500000001,236,2,827
A0A0H5HBD5,solubility_no_chaperone_score,0.8,0.38718615,0.58718615,237,2,827
A0ABM9S2F3,solubility_no_chaperone_score,0.8,0.38891775,0.58891775,238,2,827
A0ABM9S2J3,solubility_no_chaperone_score,0.8,0.38761835,0.5876183500000001,239,2,827
A0A6M3G872,solubility_no_chaperone_score,0.8,0.38959895000000005,0.5895989500000001,240,2,827
A0A0H5GK99,solubility_no_chaperone_score,0.8,0.3961352,0.5961352,241,2,827
A0A0H3NQF5,solubility_no_chaperone_score,0.8,0.38940120000000006,0.5894012000000001,242,2,827
A0AAE9FL40,solubility_no_chaperone_score,0.8,0.40138095000000007,0.60138095,243,2,827
A0A2H1UJ90,solubility_no_chaperone_score,0.8,0.3834348000000001,0.5834348,244,2,827
A0A6M3G8P6,solubility_no_chaperone_score,0.8,0.40939630000000005,0.6093963,245,2,827
A0A0B5A2L0,solubility_no_chaperone_score,0.8,0.38758205000000007,0.5875820500000001,246,2,827
A0A449C6B2,solubility_no_chaperone_score,0.8,0.38134685000000007,0.5813468500000001,247,2,827
A0A0H5H8V4,solubility_no_chaperone_score,0.8,0.38257830000000004,0.5825783,248,2,827
F4N731,solubility_no_chaperone_score,0.8,0.39581355,0.59581355,249,2,827
A0A7U4K299,solubility_no_chaperone_score,0.8,0.37991480000000005,0.5799148000000001,250,2,827
A0A9P1PUI1,solubility_no_chaperone_score,0.8,0.37701925000000003,0.57701925,251,2,827
A0ABM9S1Y8,solubility_no_chaperone_score,0.8,0.37657095,0.57657095,252,2,827
A0AAD2Z2V4,solubility_no_chaperone_score,0.8,0.39233115,0.59233115,253,2,827
A0AAD2Z484,solubility_no_chaperone_score,0.8,0.3837931,0.5837931000000001,254,2,827
A0ABM9SIR4,solubility_no_chaperone_score,0.8,0.39094415000000005,0.5909441500000001,255,2,827
A0A9P1PVU6,solubility_no_chaperone_score,0.8,0.3721185,0.5721185,256,2,827
A0ABP1Y817,solubility_no_chaperone_score,0.8,0.3742875,0.5742875000000001,257,2,827
A0A449C4V3,solubility_no_chaperone_score,0.8,0.40140985000000007,0.60140985,258,2,827
F4N725,solubility_no_chaperone_score,0.8,0.37894495,0.57894495,259,2,827
A0A7U4GDF4,solubility_no_chaperone_score,0.8,0.37922140000000004,0.5792214,260,2,827
A0A3G8F0J9,solubility_no_chaperone_score,0.8,0.3827988500000001,0.5827988500000001,261,2,827
A0A2H1UJE7,solubility_no_chaperone_score,0.8,0.3734273000000001,0.5734273000000001,262,2,827
A0AAD2V1D7,solubility_no_chaperone_score,0.8,0.3782106,0.5782106,263,2,827
A0A0H5H5S4,solubility_no_chaperone_score,0.8,0.37405945,0.57405945,264,2,827
A0A7U0AV15,solubility_no_chaperone_score,0.8,0.36941695,0.56941695,265,2,827
A0A0H5HAG0,solubility_no_chaperone_score,0.8,0.37783320000000004,0.5778332,266,2,827
F2Q846,solubility_no_chaperone_score,0.8,0.37416170000000004,0.5741617000000001,267,2,827
A0AAD2Z5G5,solubility_no_chaperone_score,0.8,0.3776563,0.5776563,268,2,827
A0AAT9S9R9,solubility_no_chaperone_score,0.8,0.39195320000000006,0.5919532000000001,269,2,827
A0A2D0PDA0,solubility_no_chaperone_score,0.8,0.36826965000000006,0.5682696500000001,270,2,827
A0AAD2UW33,solubility_no_chaperone_score,0.8,0.3663155,0.5663155,271,2,827
A0A0H5G2H5,solubility_no_chaperone_score,0.8,0.36997255,0.56997255,272,2,827
A0A7T9XU34,solubility_no_chaperone_score,0.8,0.37151505,0.57151505,273,2,827
A0A0T7P7W8,solubility_no_chaperone_score,0.8,0.3696446,0.5696446,274,2,827
A1JK75,solubility_no_chaperone_score,0.8,0.37111710000000003,0.5711171,275,2,827
A0ABP1Y7A6,solubility_no_chaperone_score,0.8,0.3719314,0.5719314,276,2,827
A0ABM9S4S5,solubility_no_chaperone_score,0.8,0.37240720000000005,0.5724072,277,2,827
A0A7T9XU28,solubility_no_chaperone_score,0.8,0.3763494,0.5763494,278,2,827
A0A7U4GEA5,solubility_no_chaperone_score,0.8,0.373302,0.573302,279,2,827
A0A7U0ASF4,solubility_no_chaperone_score,0.8,0.37799075000000004,0.5779907500000001,280,2,827
A1JMQ3,solubility_no_chaperone_score,0.8,0.37318205000000004,0.57318205,281,2,827
A0ABP1Y442,solubility_no_chaperone_score,0.8,0.36956160000000005,0.5695616000000001,282,2,827
A0A0T7PAJ5,solubility_no_chaperone_score,0.8,0.37702515000000003,0.5770251500000001,283,2,827
A0A9P1V089,solubility_no_chaperone_score,0.8,0.36903185,0.56903185,284,2,827
A0A0H5EYN4,solubility_no_chaperone_score,0.8,0.36636145000000003,0.56636145,285,2,827
A0A0H5GK90,solubility_no_chaperone_score,0.8,0.36135150000000005,0.5613515,286,2,827
A0A9P1PUD9,solubility_no_chaperone_score,0.8,0.3651184,0.5651184,287,2,827
A0A7U4K0Q6,solubility_no_chaperone_score,0.8,0.36399875000000004,0.5639987500000001,288,2,827
A0A0H5H5L7,solubility_no_chaperone_score,0.8,0.36126555000000005,0.5612655500000001,289,2,827
S5M3A2,solubility_no_chaperone_score,0.8,0.38676945000000007,0.58676945,290,2,827
A0A9P1PW91,solubility_no_chaperone_score,0.8,0.35449875000000003,0.55449875,291,2,827
A0ABM9SIJ1,solubility_no_chaperone_score,0.8,0.36269585000000004,0.5626958500000001,292,2,827
A0A7U0AT10,solubility_no_chaperone_score,0.8,0.36011165,0.5601116500000001,293,2,827
A0A7U0AVA4,solubility_no_chaperone_score,0.8,0.37424975,0.57424975,294,2,827
A0A9P1PWI0,solubility_no_chaperone_score,0.8,0.3786487,0.5786487,295,2,827
A1JND9,solubility_no_chaperone_score,0.8,0.36101195,0.56101195,296,2,827
A0A0T7PAK2,solubility_no_chaperone_score,0.8,0.368194,0.5681940000000001,297,2,827
A0A7U0AWS6,solubility_no_chaperone_score,0.8,0.35926240000000004,0.5592624,298,2,827
A0ABP1YED8,solubility_no_chaperone_score,0.8,0.3665468,0.5665468,299,2,827
A0A9P1V3L8,solubility_no_chaperone_score,0.8,0.35645005,0.55645005,300,2,827
A0A9P1PV32,solubility_no_chaperone_score,0.8,0.3710886,0.5710886,301,2,827
A0A449C694,solubility_no_chaperone_score,0.8,0.37936945000000005,0.5793694500000001,302,2,827
A0A7U4K153,solubility_no_chaperone_score,0.8,0.3723143,0.5723142999999999,303,2,827
A0A2H1X986,solubility_no_chaperone_score,0.8,0.3494139500000001,0.5494139500000002,304,2,827
A0A0H5H701,solubility_no_chaperone_score,0.8,0.362004,0.562004,305,2,827
A0ABP1YGH5,solubility_no_chaperone_score,0.8,0.35405915000000004,0.5540591500000001,306,2,827
A0A9P1UYL2,solubility_no_chaperone_score,0.8,0.35715895000000003,0.55715895,307,2,827
A0AAD2Z3Y9,solubility_no_chaperone_score,0.8,0.37436195,0.57436195,308,2,827
A0A0H5HA66,solubility_no_chaperone_score,0.8,0.35084655000000003,0.55084655,309,2,827
A0A0T9PR46,solubility_no_chaperone_score,0.8,0.3511637,0.5511637,310,2,827
A0ABM9S4S8,solubility_no_chaperone_score,0.8,0.36675240000000003,0.5667524,311,2,827
A0A9P1PT68,solubility_no_chaperone_score,0.8,0.3522601,0.5522601,312,2,827
A0A9P1V1H6,solubility_no_chaperone_score,0.8,0.35868855000000005,0.5586885500000001,313,2,827
A0A857F0P1,solubility_no_chaperone_score,0.8,0.34094065,0.54094065,314,2,827
F4N727,solubility_no_chaperone_score,0.8,0.33908765,0.53908765,315,2,827
A0AB73QMA1,solubility_no_chaperone_score,0.8,0.33536485000000005,0.5353648500000001,316,2,827
A0AAD2Z8P4,solubility_no_chaperone_score,0.8,0.35136320000000004,0.5513632,317,2,827
A0A0H5LRI9,solubility_no_chaperone_score,0.8,0.33058145000000005,0.5305814500000001,318,2,827
A0A0B4ZZ77,solubility_no_chaperone_score,0.8,0.3549042500000001,0.5549042500000001,319,2,827
A0AAD2UW21,solubility_no_chaperone_score,0.8,0.33080305,0.53080305,320,2,827
A0A0H5H5S7,solubility_no_chaperone_score,0.8,0.3350174,0.5350174000000001,321,2,827
A0A0T9Q3J3,solubility_no_chaperone_score,0.8,0.3278552,0.5278552000000001,322,2,827
A0A0T9PX62,solubility_no_chaperone_score,0.8,0.32782375,0.52782375,323,2,827
A0AAW7K9U6,solubility_no_chaperone_score,0.8,0.32182515,0.52182515,324,2,827
A0A0H3B5E1,solubility_no_chaperone_score,0.8,0.33244,0.53244,325,2,827
A0A0T9QCI9,solubility_no_chaperone_score,0.8,0.32575165,0.52575165,326,2,827
A0ABX5QXK4,solubility_no_chaperone_score,0.8,0.3248118,0.5248117999999999,327,2,827
A0A0T9RET2,solubility_no_chaperone_score,0.8,0.3287127,0.5287127,328,2,827
A0AAD2Z3C0,solubility_no_chaperone_score,0.8,0.34681490000000004,0.5468149,329,2,827
A0ABM9Y807,solubility_no_chaperone_score,0.8,0.32219645,0.52219645,330,2,827
A0AAV3BI89,solubility_no_chaperone_score,0.8,0.3217317,0.5217317,331,2,827
A0ABM9SSL7,solubility_no_chaperone_score,0.8,0.3209611,0.5209611000000001,332,2,827
A0ABM9TCZ7,solubility_no_chaperone_score,0.8,0.3126975,0.5126975,333,2,827
A0A0H3B6N5,solubility_no_chaperone_score,0.8,0.31942075000000003,0.5194207500000001,334,2,827
A0AA36LLT8,solubility_no_chaperone_score,0.8,0.31752745000000004,0.51752745,335,2,827
A0A0T9UVK0,solubility_no_chaperone_score,0.8,0.32948135,0.52948135,336,2,827
A0A0T9KM81,solubility_no_chaperone_score,0.8,0.32697065000000003,0.52697065,337,2,827
A0ABM9Y805,solubility_no_chaperone_score,0.8,0.3175239,0.5175239,338,2,827
A0AB73PI84,solubility_no_chaperone_score,0.8,0.3102365,0.5102365,339,2,827
A0A0E1NTH1,solubility_no_chaperone_score,0.8,0.31579630000000003,0.5157963000000001,340,2,827
A0ABW9EXB2,solubility_no_chaperone_score,0.8,0.31373455,0.51373455,341,2,827
A0AB72ZKZ2,solubility_no_chaperone_score,0.8,0.31511360000000005,0.5151136000000001,342,2,827
A0A0T9KX64,solubility_no_chaperone_score,0.8,0.3085076,0.5085076,343,2,827
Q66BM0,solubility_no_chaperone_score,0.8,0.31236200000000003,0.512362,344,2,827
A0AAI8ZUU9,solubility_no_chaperone_score,0.8,0.30993375,0.5099337500000001,345,2,827
A0ABM6UUX5,solubility_no_chaperone_score,0.8,0.31281410000000004,0.5128141,346,2,827
A0ABP2EH72,solubility_no_chaperone_score,0.8,0.309388,0.509388,347,2,827
A0A0A8VKM3,solubility_no_chaperone_score,0.8,0.30924965000000004,0.5092496500000001,348,2,827
A0AA36LPU1,solubility_no_chaperone_score,0.8,0.31626625,0.51626625,349,2,827
A0A0T9LS41,solubility_no_chaperone_score,0.8,0.31781285000000004,0.5178128500000001,350,2,827
A0A0H3B6E3,solubility_no_chaperone_score,0.8,0.30692275,0.50692275,351,2,827
A0AB72ZMY1,solubility_no_chaperone_score,0.8,0.30237480000000005,0.5023748000000001,352,2,827
A0A0T9MH64,solubility_no_chaperone_score,0.8,0.3080179,0.5080179,353,2,827
A0A2G4U2G2,solubility_no_chaperone_score,0.8,0.31340895,0.5134089500000001,354,2,827
A0ABX5R0C5,solubility_no_chaperone_score,0.8,0.30316945000000006,0.5031694500000001,355,2,827
A0ABM9XWV8,solubility_no_chaperone_score,0.8,0.301782,0.501782,356,2,827
A0ABM7AH44,solubility_no_chaperone_score,0.8,0.31259770000000003,0.5125977,357,2,827
A0A380PQB1,solubility_no_chaperone_score,0.8,0.30817865,0.5081786500000001,358,2,827
A0ABY5UJG2,solubility_no_chaperone_score,0.8,0.31558285,0.51558285,359,2,827
A0A0H3B4K0,solubility_no_chaperone_score,0.8,0.3031228,0.5031228000000001,360,2,827
A0AA36LNC6,solubility_no_chaperone_score,0.8,0.31080885,0.5108088500000001,361,2,827
A0A0T9TRC6,solubility_no_chaperone_score,0.8,0.30917110000000003,0.5091711000000001,362,2,827
A0A0H3B3D7,solubility_no_chaperone_score,0.8,0.3117991,0.5117991,363,2,827
A0A380PNY7,solubility_no_chaperone_score,0.8,0.31475525000000004,0.5147552500000001,364,2,827
A0ABM6UP52,solubility_no_chaperone_score,0.8,0.30393685000000004,0.5039368500000001,365,2,827
A0A380PNE2,solubility_no_chaperone_score,0.8,0.30910515,0.50910515,366,2,827
A0ABM9TDA6,solubility_no_chaperone_score,0.8,0.30757080000000003,0.5075708000000001,367,2,827
A0ABM9TCS0,solubility_no_chaperone_score,0.8,0.30697510000000006,0.5069751,368,2,827
A0A0H5M9D5,solubility_no_chaperone_score,0.8,0.30438995,0.50438995,369,2,827
A0A085U5Z0,solubility_no_chaperone_score,0.8,0.30712510000000004,0.5071251000000001,370,2,827
A0AAV3B8C3,solubility_no_chaperone_score,0.8,0.30060035,0.50060035,371,2,827
A0A0T9QDU9,solubility_no_chaperone_score,0.8,0.30487425,0.5048742500000001,372,2,827
A1JQS5,solubility_no_chaperone_score,0.8,0.32201905000000003,0.52201905,373,2,827
A0ABW9EYQ1,solubility_no_chaperone_score,0.8,0.30359925000000004,0.50359925,374,2,827
A0AAX2I043,solubility_no_chaperone_score,0.8,0.29950380000000004,0.49950380000000005,375,2,827
A0A208ZSG0,solubility_no_chaperone_score,0.8,0.3086725,0.5086725000000001,376,2,827
A0AA90Y526,solubility_no_chaperone_score,0.8,0.30427740000000003,0.5042774000000001,377,2,827
A0A380QTF7,solubility_no_chaperone_score,0.8,0.30591860000000004,0.5059186,378,2,827
A0A085U317,solubility_no_chaperone_score,0.8,0.30561565,0.50561565,379,2,827
A0A2U2GXH7,solubility_no_chaperone_score,0.8,0.3031611,0.5031611,380,2,827
A0ABR4W9H6,solubility_no_chaperone_score,0.8,0.30440725,0.5044072500000001,381,2,827
A0AB72ZDV0,solubility_no_chaperone_score,0.8,0.30023690000000003,0.5002369,382,2,827
A0ABR4VWS1,solubility_no_chaperone_score,0.8,0.29449400000000003,0.49449400000000004,383,3,827
A0AB73Q5K2,solubility_no_chaperone_score,0.8,0.31747810000000004,0.5174781,384,2,827
A0A0T9UHA7,solubility_no_chaperone_score,0.8,0.30296875,0.50296875,385,2,827
A0A0U1R2N4,solubility_no_chaperone_score,0.8,0.30644435000000003,0.50644435,386,2,827
A0A380PNP9,solubility_no_chaperone_score,0.8,0.29396945,0.49396945000000003,387,3,827
A0A0T9QV26,solubility_no_chaperone_score,0.8,0.3034864,0.5034864,388,2,827
A0ABM9XUV6,solubility_no_chaperone_score,0.8,0.3014584,0.5014584,389,2,827
A0A0T9PYB4,solubility_no_chaperone_score,0.8,0.29914705,0.49914705000000004,390,2,827
A0ABM6BHQ6,solubility_no_chaperone_score,0.8,0.29658290000000004,0.49658290000000005,391,2,827
A0A0H3B678,solubility_no_chaperone_score,0.8,0.305664,0.505664,392,2,827
A0A0U1QVC6,solubility_no_chaperone_score,0.8,0.30008280000000004,0.5000828,393,2,827
A0AA90XZS1,solubility_no_chaperone_score,0.8,0.3001391,0.5001391,394,2,827
A0A0H3B1B9,solubility_no_chaperone_score,0.8,0.30375445,0.50375445,395,2,827
A0AB73Q656,solubility_no_chaperone_score,0.8,0.3018514,0.5018514000000001,396,2,827
A0A209A9L1,solubility_no_chaperone_score,0.8,0.3025724,0.5025724,397,2,827
A0ABM5UHV5,solubility_no_chaperone_score,0.8,0.2924105,0.49241050000000003,398,3,827
A0AB72ZL33,solubility_no_chaperone_score,0.8,0.2944992,0.4944992,399,3,827
A0A2G4TYK3,solubility_no_chaperone_score,0.8,0.2972272,0.49722720000000004,400,2,827
A0ABR4W5R8,solubility_no_chaperone_score,0.8,0.29625085,0.49625085,401,3,827
A0A0A8VDN9,solubility_no_chaperone_score,0.8,0.3149678,0.5149678,402,2,827
A0AAI8ZVG7,solubility_no_chaperone_score,0.8,0.2962137,0.49621370000000004,403,3,827
A0A0H5MHG7,solubility_no_chaperone_score,0.8,0.29597075,0.49597075,404,3,827
A0AAX2I0L3,solubility_no_chaperone_score,0.8,0.2980936,0.4980936,405,2,827
A0AA36PIC1,solubility_no_chaperone_score,0.8,0.29976675,0.49976675000000004,406,2,827
A0AAV3BAT5,solubility_no_chaperone_score,0.8,0.29542510000000005,0.49542510000000006,407,3,827
A0ABM6UW81,solubility_no_chaperone_score,0.8,0.29727345,0.49727345,408,2,827
A0ABX5R0V5,solubility_no_chaperone_score,0.8,0.31131295000000003,0.51131295,409,2,827
A0A0T9MSU1,solubility_no_chaperone_score,0.8,0.30058185,0.50058185,410,2,827
A0ABP1Z8F7,solubility_no_chaperone_score,0.8,0.29942585,0.49942585,411,2,827
A0AB73QHN9,solubility_no_chaperone_score,0.8,0.30408465,0.50408465,412,2,827
A0AB73NKW1,solubility_no_chaperone_score,0.8,0.30031945000000004,0.5003194500000001,413,2,827
A0AAV3B8C2,solubility_no_chaperone_score,0.8,0.3167936,0.5167936,414,2,827
A0AB73PP81,solubility_no_chaperone_score,0.8,0.29490275000000005,0.49490275000000006,415,3,827
A0A0T9LN66,solubility_no_chaperone_score,0.8,0.28774185,0.48774185000000003,416,6,827
A0ABM7AGN3,solubility_no_chaperone_score,0.8,0.29091925,0.49091925000000003,417,4,827
A0ABM5U8M7,solubility_no_chaperone_score,0.8,0.29767140000000003,0.49767140000000004,418,2,827
A0ABN4CNM4,solubility_no_chaperone_score,0.8,0.30411005,0.50411005,419,2,827
A0A0T9RQ76,solubility_no_chaperone_score,0.8,0.2882205,0.4882205,420,6,827
A0ABX6FH78,solubility_no_chaperone_score,0.8,0.29326825,0.49326825,421,3,827
A0A380PNA2,solubility_no_chaperone_score,0.8,0.29178360000000003,0.49178360000000004,422,3,827
A0AA44I1R7,solubility_no_chaperone_score,0.8,0.29496145,0.49496145,423,3,827
A0ABP2DZT0,solubility_no_chaperone_score,0.8,0.28759435,0.48759435,424,6,827
A0ABY5UX71,solubility_no_chaperone_score,0.8,0.2859468,0.4859468,425,6,827
A0AB73QFS4,solubility_no_chaperone_score,0.8,0.30040685,0.5004068500000001,426,2,827
A0A380PUT3,solubility_no_chaperone_score,0.8,0.28915670000000004,0.48915670000000006,427,5,827
A0A085U7Z9,solubility_no_chaperone_score,0.8,0.29439315000000005,0.49439315000000006,428,3,827
A0A208ZSG3,solubility_no_chaperone_score,0.8,0.30121235,0.5012123500000001,429,2,827
A0ABM9TGV0,solubility_no_chaperone_score,0.8,0.2934415,0.49344150000000003,430,3,827
A0AA44CPT5,solubility_no_chaperone_score,0.8,0.29736685,0.49736685,431,2,827
A0A0T9KLV1,solubility_no_chaperone_score,0.8,0.29844855000000003,0.49844855000000005,432,2,827
A0ABW9ETP4,solubility_no_chaperone_score,0.8,0.29821765,0.49821765,433,2,827
A0A0E1NNL7,solubility_no_chaperone_score,0.8,0.29388925,0.49388925,434,3,827
A0A0U1QWC7,solubility_no_chaperone_score,0.8,0.29377125000000004,0.49377125000000005,435,3,827
A0ABM9STX9,solubility_no_chaperone_score,0.8,0.2943966,0.4943966,436,3,827
A0A380QTH7,solubility_no_chaperone_score,0.8,0.28860620000000003,0.48860620000000005,437,6,827
A0ABM6UUN8,solubility_no_chaperone_score,0.8,0.29441955000000003,0.49441955000000004,438,3,827
A0A2G4U293,solubility_no_chaperone_score,0.8,0.29093965,0.49093965,439,4,827
A0ABM5SR09,solubility_no_chaperone_score,0.8,0.28909270000000004,0.48909270000000005,440,5,827
Q666T9,solubility_no_chaperone_score,0.8,0.2968153,0.4968153,441,2,827
A0A0T9QEA5,solubility_no_chaperone_score,0.8,0.3050814,0.5050814,442,2,827
A0AA44CIX0,solubility_no_chaperone_score,0.8,0.30525355000000004,0.50525355,443,2,827
A0ABM7ANK9,solubility_no_chaperone_score,0.8,0.28619715,0.48619715,444,6,827
A0ABR4VY47,solubility_no_chaperone_score,0.8,0.29558395000000004,0.49558395000000005,445,3,827
A0A0H2W1J5,solubility_no_chaperone_score,0.8,0.29029175,0.49029175,446,4,827
A0AB73PZQ4,solubility_no_chaperone_score,0.8,0.2996641,0.4996641,447,2,827
A0ABP1YSK3,solubility_no_chaperone_score,0.8,0.2947782,0.4947782,448,3,827
A0AAW7JSQ1,solubility_no_chaperone_score,0.8,0.29019725,0.49019725000000003,449,5,827
A0ABM9YBE2,solubility_no_chaperone_score,0.8,0.28697385000000003,0.48697385000000004,450,6,827
A0ABM9TGR4,solubility_no_chaperone_score,0.8,0.29025135,0.49025135000000003,451,5,827
A0ABY5UV58,solubility_no_chaperone_score,0.8,0.287267,0.487267,452,6,827
A0ABP1ZGZ5,solubility_no_chaperone_score,0.8,0.2893024,0.4893024,453,5,827
A0A0H2YKF3,solubility_no_chaperone_score,0.8,0.28886755000000003,0.48886755000000004,454,6,827
A0AA44CIM3,solubility_no_chaperone_score,0.8,0.2877963,0.4877963,455,6,827
Q66BC8,solubility_no_chaperone_score,0.8,0.28177605000000006,0.48177605000000007,456,9,827
A0ABM9SZ95,solubility_no_chaperone_score,0.8,0.28169725,0.48169725,457,9,827
A0AA36LM82,solubility_no_chaperone_score,0.8,0.2848251,0.4848251,458,6,827
A0AB73PEI7,solubility_no_chaperone_score,0.8,0.28289245,0.48289245000000003,459,9,827
A0A380PP39,solubility_no_chaperone_score,0.8,0.29374320000000004,0.49374320000000005,460,3,827
A0A0T9RKA1,solubility_no_chaperone_score,0.8,0.2910554,0.49105540000000003,461,3,827
A0A0H3B6E0,solubility_no_chaperone_score,0.8,0.28901975,0.48901975000000003,462,6,827
A0ABM5U8N2,solubility_no_chaperone_score,0.8,0.29327915000000004,0.49327915000000006,463,3,827
A0ABW9EWX0,solubility_no_chaperone_score,0.8,0.29101350000000004,0.49101350000000005,464,3,827
A0ABP1Y7W3,solubility_no_chaperone_score,0.8,0.2849087,0.4849087,465,6,827
A0ABN4PWA2,solubility_no_chaperone_score,0.8,0.29171995,0.49171995,466,3,827
A0ABM5UH14,solubility_no_chaperone_score,0.8,0.28799465,0.48799465000000003,467,6,827
A0A0T9KKA0,solubility_no_chaperone_score,0.8,0.28907355,0.48907355,468,5,827
Q66CW5,solubility_no_chaperone_score,0.8,0.28912245000000003,0.48912245000000004,469,5,827
A0A380Q814,solubility_no_chaperone_score,0.8,0.2803352,0.4803352,470,10,827
A0A0E1NX19,solubility_no_chaperone_score,0.8,0.29698845,0.49698845,471,2,827
A0ABM9Y7R4,solubility_no_chaperone_score,0.8,0.27941955,0.47941955,472,11,827
A0ABN4PV81,solubility_no_chaperone_score,0.8,0.29171015,0.49171015,473,3,827
A0ABM7ALJ4,solubility_no_chaperone_score,0.8,0.29091120000000004,0.49091120000000005,474,4,827
A0A857EWU7,solubility_no_chaperone_score,0.8,0.28724735,0.48724735,475,6,827
A0A0T9UMM8,solubility_no_chaperone_score,0.8,0.2874161,0.4874161,476,6,827
A0A0A8VIE2,solubility_no_chaperone_score,0.8,0.2924089,0.49240890000000004,477,3,827
A0ABP1YWJ1,solubility_no_chaperone_score,0.8,0.29703490000000005,0.49703490000000006,478,2,827
A0A0H3AWU3,solubility_no_chaperone_score,0.8,0.28818895,0.48818895,479,6,827
A0AA90XTP7,solubility_no_chaperone_score,0.8,0.28644020000000003,0.48644020000000004,480,6,827
A0ABR4W506,solubility_no_chaperone_score,0.8,0.2785791,0.47857910000000004,481,12,827
A0A0T9KYN8,solubility_no_chaperone_score,0.8,0.27953555,0.47953555000000003,482,10,827
A0A0E1NTB1,solubility_no_chaperone_score,0.8,0.280754,0.480754,483,9,827
A0AAW7JU40,solubility_no_chaperone_score,0.8,0.28688555000000004,0.48688555000000006,484,6,827
A0ABM5U8P4,solubility_no_chaperone_score,0.8,0.2858086,0.48580860000000003,485,6,827
A0ABM9TMK5,solubility_no_chaperone_score,0.8,0.27828845,0.47828845000000003,486,12,827
A0AA36LQN9,solubility_no_chaperone_score,0.8,0.2860828,0.48608280000000004,487,6,827
A0ABR4W522,solubility_no_chaperone_score,0.8,0.28157065000000003,0.48157065000000004,488,9,827
A0AB73P4D7,solubility_no_chaperone_score,0.8,0.28902505,0.48902505,489,6,827
A0A380Q9X7,solubility_no_chaperone_score,0.8,0.2842468,0.48424680000000003,490,7,827
A0AAW7K6S3,solubility_no_chaperone_score,0.8,0.2916076,0.49160760000000003,491,3,827
A0A0T9PX89,solubility_no_chaperone_score,0.8,0.27697610000000006,0.47697610000000007,492,12,827
A0A0T9LN06,solubility_no_chaperone_score,0.8,0.28438385,0.48438385,493,7,827
A0A0T9KYN4,solubility_no_chaperone_score,0.8,0.2932496,0.4932496,494,3,827
A0ABM9TUX3,solubility_no_chaperone_score,0.8,0.2800979,0.4800979,495,10,827
A0AA44CIL6,solubility_no_chaperone_score,0.8,0.27740315000000004,0.47740315000000005,496,12,827
A0A0U1QX07,solubility_no_chaperone_score,0.8,0.28409585000000004,0.48409585000000005,497,7,827
A0A380Q7B5,solubility_no_chaperone_score,0.8,0.28408565,0.48408565000000003,498,7,827
A0A208ZGJ0,solubility_no_chaperone_score,0.8,0.27817015,0.47817015,499,12,827
A0A0T9LN23,solubility_no_chaperone_score,0.8,0.2819723,0.4819723,500,9,827
A0ABM6UP56,solubility_no_chaperone_score,0.8,0.28657950000000004,0.48657950000000005,501,6,827
A0A0T9QDA1,solubility_no_chaperone_score,0.8,0.2838489,0.4838489,502,8,827
Q666U1,solubility_no_chaperone_score,0.8,0.29247615000000005,0.49247615000000006,503,3,827
A0ABM7ANU6,solubility_no_chaperone_score,0.8,0.28434245,0.48434245000000004,504,7,827
A0AAV3BFB4,solubility_no_chaperone_score,0.8,0.28344030000000003,0.48344030000000004,505,8,827
A0AA44I1K4,solubility_no_chaperone_score,0.8,0.27663905,0.47663905,506,12,827
A0AB73Q1P8,solubility_no_chaperone_score,0.8,0.28207275000000004,0.48207275000000005,507,9,827
A0A0H2YL52,solubility_no_chaperone_score,0.8,0.27688965,0.47688965,508,12,827
A0A0T9QE48,solubility_no_chaperone_score,0.8,0.28324995000000003,0.48324995000000004,509,8,827
Q66CW9,solubility_no_chaperone_score,0.8,0.28265815000000005,0.48265815000000006,510,9,827
A0ABM6UNY3,solubility_no_chaperone_score,0.8,0.2799641,0.4799641,511,10,827
A0ABX5R0U9,solubility_no_chaperone_score,0.8,0.28149810000000003,0.48149810000000004,512,9,827
A0A0H3AYM7,solubility_no_chaperone_score,0.8,0.28091935,0.48091935,513,9,827
A0A0T9UM98,solubility_no_chaperone_score,0.8,0.28228855,0.48228855000000004,514,9,827
A0ABR4W6F7,solubility_no_chaperone_score,0.8,0.28650905000000004,0.48650905000000005,515,6,827
A0A0H2Y6N9,solubility_no_chaperone_score,0.8,0.2809913,0.4809913,516,9,827
A0AA44CKU4,solubility_no_chaperone_score,0.8,0.28680785000000003,0.48680785000000004,517,6,827
A0ABW9EXU6,solubility_no_chaperone_score,0.8,0.2825535,0.4825535,518,9,827
A0A0H3B0A7,solubility_no_chaperone_score,0.8,0.27986955,0.47986955000000003,519,10,827
Q66BF1,solubility_no_chaperone_score,0.8,0.28207875000000004,0.48207875000000006,520,9,827
A0AB73NKK6,solubility_no_chaperone_score,0.8,0.27133945000000004,0.47133945000000005,521,17,827
A0ABM6UX29,solubility_no_chaperone_score,0.8,0.28831125,0.48831125000000003,522,6,827
A0A380Q8N6,solubility_no_chaperone_score,0.8,0.2719718,0.4719718,523,17,827
A0ABX6FD19,solubility_no_chaperone_score,0.8,0.28184420000000004,0.48184420000000006,524,9,827
A0A857EWT6,solubility_no_chaperone_score,0.8,0.28872620000000004,0.48872620000000006,525,6,827
A0ABP1ZEA7,solubility_no_chaperone_score,0.8,0.29657005000000003,0.49657005000000004,526,2,827
A0A380Q4G1,solubility_no_chaperone_score,0.8,0.2778327,0.4778327,527,12,827
A0ABN4FAB0,solubility_no_chaperone_score,0.8,0.28777455,0.48777455000000003,528,6,827
Q66BC4,solubility_no_chaperone_score,0.8,0.27426645,0.47426645,529,16,827
A0ABY5UJR0,solubility_no_chaperone_score,0.8,0.2747356,0.47473560000000004,530,16,827
A0A0T9LR98,solubility_no_chaperone_score,0.8,0.27906345,0.47906345,531,11,827
A0ABX5QYD3,solubility_no_chaperone_score,0.8,0.30181600000000003,0.501816,532,2,827
A0AB73NQS2,solubility_no_chaperone_score,0.8,0.2817025,0.48170250000000003,533,9,827
A0A0T9N2B7,solubility_no_chaperone_score,0.8,0.27671795000000005,0.47671795000000006,534,12,827
A0AAI8ZTY6,solubility_no_chaperone_score,0.8,0.27607625,0.47607625000000003,535,12,827
A0ABP1YVJ3,solubility_no_chaperone_score,0.8,0.27636890000000003,0.47636890000000004,536,12,827
A0ABM6UTV9,solubility_no_chaperone_score,0.8,0.2788452,0.4788452,537,11,827
A0A0T9Q3M1,solubility_no_chaperone_score,0.8,0.2692737,0.4692737,538,19,827
A0A857F2M2,solubility_no_chaperone_score,0.8,0.29297095,0.49297095,539,3,827
Q8D1M8,solubility_no_chaperone_score,0.8,0.2701595,0.4701595,540,18,827
A0A0T9PT88,solubility_no_chaperone_score,0.8,0.27973595,0.47973595,541,10,827
A0A0T9KM71,solubility_no_chaperone_score,0.8,0.28285750000000004,0.48285750000000005,542,9,827
A0A0T9RK55,solubility_no_chaperone_score,0.8,0.2770957,0.4770957,543,12,827
A0A5P8YE56,solubility_no_chaperone_score,0.8,0.2787853,0.4787853,544,11,827
A0A0T9QGW8,solubility_no_chaperone_score,0.8,0.2706739,0.47067390000000003,545,17,827
A0ABP1ZLC4,solubility_no_chaperone_score,0.8,0.28669185,0.48669185000000004,546,6,827
A0A0T9QY81,solubility_no_chaperone_score,0.8,0.27738035,0.47738035,547,12,827
A0ABR4W4S9,solubility_no_chaperone_score,0.8,0.29236875,0.49236875,548,3,827
A0ABM5U8N9,solubility_no_chaperone_score,0.8,0.284957,0.484957,549,6,827
A0AA36PLD9,solubility_no_chaperone_score,0.8,0.28127800000000003,0.48127800000000004,550,9,827
A0ABX6F3U1,solubility_no_chaperone_score,0.8,0.28508075000000005,0.48508075000000006,551,6,827
A0A0H2W3V2,solubility_no_chaperone_score,0.8,0.27090460000000005,0.47090460000000006,552,17,827
A0AA36LNQ9,solubility_no_chaperone_score,0.8,0.2755918,0.4755918,553,16,827
A0A2G4U6E8,solubility_no_chaperone_score,0.8,0.28089295000000003,0.48089295000000004,554,9,827
A0ABN4CUZ1,solubility_no_chaperone_score,0.8,0.27383575000000004,0.47383575000000006,555,16,827
A0ABW9EZG0,solubility_no_chaperone_score,0.8,0.27480015,0.47480015000000003,556,16,827
A0A0U1QUW3,solubility_no_chaperone_score,0.8,0.278111,0.478111,557,12,827
A0ABX6F9M0,solubility_no_chaperone_score,0.8,0.2831889,0.48318890000000003,558,8,827
A0ABN4F8Y2,solubility_no_chaperone_score,0.8,0.27332835,0.47332835,559,17,827
A0AA90XTS9,solubility_no_chaperone_score,0.8,0.27853295000000006,0.47853295000000007,560,12,827
A0AA44CL49,solubility_no_chaperone_score,0.8,0.27384045,0.47384045,561,16,827
A0AA36LIH7,solubility_no_chaperone_score,0.8,0.28663965,0.48663965000000003,562,6,827
A0A0T9KXM0,solubility_no_chaperone_score,0.8,0.29196825000000004,0.49196825000000005,563,3,827
Q66BN2,solubility_no_chaperone_score,0.8,0.27568000000000004,0.47568000000000005,564,16,827
A0ABM9XUU0,solubility_no_chaperone_score,0.8,0.27265065,0.47265065,565,17,827
A0ABP2DXX8,solubility_no_chaperone_score,0.8,0.27799605,0.47799605,566,12,827
A0A208ZSF8,solubility_no_chaperone_score,0.8,0.2920053,0.49200530000000003,567,3,827
A0A208ZSS5,solubility_no_chaperone_score,0.8,0.28088905000000003,0.48088905000000004,568,9,827
A0A380PTJ1,solubility_no_chaperone_score,0.8,0.2673787,0.46737870000000004,569,19,827
A0AA36LSX5,solubility_no_chaperone_score,0.8,0.27447425000000003,0.47447425000000004,570,16,827
A0A0T9PTD3,solubility_no_chaperone_score,0.8,0.26800715,0.46800715000000004,571,19,827
A0ABM6BHL4,solubility_no_chaperone_score,0.8,0.27471385000000004,0.47471385000000005,572,16,827
A0AA36PL17,solubility_no_chaperone_score,0.8,0.2879031,0.48790310000000003,573,6,827
A0A380Q3T2,solubility_no_chaperone_score,0.8,0.27379705000000004,0.47379705000000005,574,16,827
A0A0T9PR09,solubility_no_chaperone_score,0.8,0.2929984,0.4929984,575,3,827
A0A2G4U6D9,solubility_no_chaperone_score,0.8,0.27558540000000004,0.47558540000000005,576,16,827
A0ABP1Z7N4,solubility_no_chaperone_score,0.8,0.27725705,0.47725705,577,12,827
A0ABM9SY22,solubility_no_chaperone_score,0.8,0.26676140000000004,0.46676140000000005,578,21,827
A0AAV3BFY5,solubility_no_chaperone_score,0.8,0.2691332,0.46913320000000003,579,19,827
A0ABM9TCW2,solubility_no_chaperone_score,0.8,0.27594245,0.47594245,580,15,827
B6CGX2,solubility_no_chaperone_score,0.8,0.2690224,0.4690224,581,19,827
A0A380PPA0,solubility_no_chaperone_score,0.8,0.2864527,0.4864527,582,6,827
A0A2G4U294,solubility_no_chaperone_score,0.8,0.27261725000000003,0.47261725000000004,583,17,827
A0ABX6F8L7,solubility_no_chaperone_score,0.8,0.28696910000000003,0.48696910000000004,584,6,827
A0A0T9QCY7,solubility_no_chaperone_score,0.8,0.26834630000000004,0.46834630000000005,585,19,827
A0ABN4PWW7,solubility_no_chaperone_score,0.8,0.2793893,0.4793893,586,11,827
A0ABM6BJY1,solubility_no_chaperone_score,0.8,0.2905706,0.4905706,587,4,827
A0A0H3B5G2,solubility_no_chaperone_score,0.8,0.27673010000000003,0.47673010000000005,588,12,827
A0ABM5Q137,solubility_no_chaperone_score,0.8,0.27495865,0.47495865000000004,589,16,827
A0ABM5SKZ0,solubility_no_chaperone_score,0.8,0.27524855000000004,0.47524855000000005,590,16,827
A0A0U1QW74,solubility_no_chaperone_score,0.8,0.26656655,0.46656655,591,21,827
A0ABY5UJQ0,solubility_no_chaperone_score,0.8,0.2641178,0.4641178,592,22,827
A0A0U1HX05,solubility_no_chaperone_score,0.8,0.28969735,0.48969735000000003,593,5,827
A0AAX2HZP5,solubility_no_chaperone_score,0.8,0.2737449,0.4737449,594,16,827
A0A0T9KKF4,solubility_no_chaperone_score,0.8,0.27254670000000003,0.47254670000000004,595,17,827
A0A0T9QHF4,solubility_no_chaperone_score,0.8,0.27878015,0.47878015,596,11,827
A0A0U1R055,solubility_no_chaperone_score,0.8,0.2683736,0.4683736,597,19,827
A0AB72ZSW9,solubility_no_chaperone_score,0.8,0.29228925,0.49228925,598,3,827
A0A2A7VG50,solubility_no_chaperone_score,0.8,0.27555735000000003,0.47555735000000005,599,16,827
A0ABM5Q0I6,solubility_no_chaperone_score,0.8,0.27298215000000003,0.47298215000000005,600,17,827
A0A380PP26,solubility_no_chaperone_score,0.8,0.27498985000000004,0.47498985000000005,601,16,827
A0ABM5UGZ3,solubility_no_chaperone_score,0.8,0.26736615,0.46736615000000004,602,19,827
A0ABM9TW88,solubility_no_chaperone_score,0.8,0.28268005,0.48268005,603,9,827
A0ABP1YW71,solubility_no_chaperone_score,0.8,0.27355035000000005,0.47355035000000006,604,17,827
A0A0T9QDB9,solubility_no_chaperone_score,0.8,0.28272905000000004,0.48272905000000005,605,9,827
A0ABP2E2L7,solubility_no_chaperone_score,0.8,0.27813715,0.47813715,606,12,827
A0ABM9Y7W9,solubility_no_chaperone_score,0.8,0.27848480000000003,0.47848480000000004,607,12,827
A0ABW9EY82,solubility_no_chaperone_score,0.8,0.28477220000000003,0.48477220000000004,608,6,827
A0AA44CMJ6,solubility_no_chaperone_score,0.8,0.26762595,0.46762595,609,19,827
A0AB73P877,solubility_no_chaperone_score,0.8,0.2747817,0.47478170000000003,610,16,827
A0AA90XYJ4,solubility_no_chaperone_score,0.8,0.28464245,0.48464245,611,7,827
A0ABM9XWU7,solubility_no_chaperone_score,0.8,0.27215435000000004,0.47215435000000006,612,17,827
A0A0T9N293,solubility_no_chaperone_score,0.8,0.272137,0.47213700000000003,613,17,827
A0AB73NNK1,solubility_no_chaperone_score,0.8,0.2724279,0.4724279,614,17,827
A0AA44CQ33,solubility_no_chaperone_score,0.8,0.27516065,0.47516065,615,16,827
A0ABW9ETP1,solubility_no_chaperone_score,0.8,0.28429980000000005,0.48429980000000006,616,7,827
A0ABR4W680,solubility_no_chaperone_score,0.8,0.26584775000000005,0.46584775000000006,617,21,827
A0A0T9RK20,solubility_no_chaperone_score,0.8,0.27230925,0.47230925,618,17,827
A0A380PRV1,solubility_no_chaperone_score,0.8,0.2673875,0.4673875,619,19,827
A0A0T9KKH2,solubility_no_chaperone_score,0.8,0.26341665000000003,0.46341665000000004,620,22,827
A0A380QJL7,solubility_no_chaperone_score,0.8,0.26256425,0.46256425,621,23,827
A0ABM6BJA0,solubility_no_chaperone_score,0.8,0.2715451,0.4715451,622,17,827
A0A0H3B592,solubility_no_chaperone_score,0.8,0.27069295000000004,0.47069295000000005,623,17,827
A0ABN4H4Y5,solubility_no_chaperone_score,0.8,0.2675096,0.4675096,624,19,827
A0A0T9TRH4,solubility_no_chaperone_score,0.8,0.26291295000000003,0.46291295000000005,625,23,827
A0ABM6BHF9,solubility_no_chaperone_score,0.8,0.27341960000000004,0.47341960000000005,626,17,827
A0A209AAW7,solubility_no_chaperone_score,0.8,0.27109005,0.47109005000000004,627,17,827
A0AA91BG92,solubility_no_chaperone_score,0.8,0.2684343,0.4684343,628,19,827
A0A380Q9K9,solubility_no_chaperone_score,0.8,0.28162665000000003,0.48162665000000005,629,9,827
A0ABM5SPQ0,solubility_no_chaperone_score,0.8,0.2607374,0.4607374,630,25,827
A0ABM5ST74,solubility_no_chaperone_score,0.8,0.2752368,0.4752368,631,16,827
A0AAV3BFT4,solubility_no_chaperone_score,0.8,0.26815005000000003,0.46815005000000004,632,19,827
Q66BC6,solubility_no_chaperone_score,0.8,0.27797315,0.47797315,633,12,827
A0A0T9RLX7,solubility_no_chaperone_score,0.8,0.27064320000000003,0.47064320000000004,634,17,827
A0ABN4CQH5,solubility_no_chaperone_score,0.8,0.261151,0.46115100000000003,635,24,827
A0AB73Q5E6,solubility_no_chaperone_score,0.8,0.27017565,0.47017565,636,18,827
A0A0U1QXU2,solubility_no_chaperone_score,0.8,0.26951115000000003,0.46951115000000004,637,19,827
A0AB73PBS8,solubility_no_chaperone_score,0.8,0.26704985000000003,0.46704985000000004,638,20,827
A0ABM5Q1D7,solubility_no_chaperone_score,0.8,0.26700965000000004,0.46700965000000005,639,20,827
A0ABP1Z8M7,solubility_no_chaperone_score,0.8,0.27770255,0.47770255,640,12,827
A0A380QDK2,solubility_no_chaperone_score,0.8,0.26847555,0.46847555,641,19,827
Q7CIG2,solubility_no_chaperone_score,0.8,0.27680055000000003,0.47680055000000005,642,12,827
A0ABP2ED01,solubility_no_chaperone_score,0.8,0.2807065,0.48070650000000004,643,9,827
A0ABX5QZM3,solubility_no_chaperone_score,0.8,0.27149895,0.47149895000000003,644,17,827
A0ABM9ST81,solubility_no_chaperone_score,0.8,0.2828203,0.48282030000000004,645,9,827
A0AB73NFU9,solubility_no_chaperone_score,0.8,0.27094280000000004,0.47094280000000005,646,17,827
A0AA44CIR8,solubility_no_chaperone_score,0.8,0.2714728,0.4714728,647,17,827
A0ABP1Y756,solubility_no_chaperone_score,0.8,0.26951970000000003,0.46951970000000004,648,19,827
Q66BM2,solubility_no_chaperone_score,0.8,0.28038235,0.48038235,649,10,827
A0AAX2I0V1,solubility_no_chaperone_score,0.8,0.26660985000000004,0.46660985000000005,650,21,827
A0ABM5UH09,solubility_no_chaperone_score,0.8,0.26329845,0.46329845000000003,651,22,827
A0A0T9UVW1,solubility_no_chaperone_score,0.8,0.26537700000000003,0.46537700000000004,652,22,827
A0A0T9KME1,solubility_no_chaperone_score,0.8,0.270527,0.47052700000000003,653,17,827
A0A0T9RC84,solubility_no_chaperone_score,0.8,0.26317565,0.46317565,654,22,827
A0ABM9XX67,solubility_no_chaperone_score,0.8,0.26517305,0.46517305000000003,655,22,827
A0A0T9KKM2,solubility_no_chaperone_score,0.8,0.27007615,0.47007615,656,18,827
A0ABM5PZP9,solubility_no_chaperone_score,0.8,0.27895805,0.47895805,657,11,827
A0ABP2EGX4,solubility_no_chaperone_score,0.8,0.2703508,0.4703508,658,18,827
A0AB73NNV4,solubility_no_chaperone_score,0.8,0.25998125000000005,0.45998125000000006,659,25,827
A0A0T9PN75,solubility_no_chaperone_score,0.8,0.26699895,0.46699895,660,20,827
A0AB72ZRU6,solubility_no_chaperone_score,0.8,0.26174620000000004,0.46174620000000005,661,24,827
A0ABW9EZJ2,solubility_no_chaperone_score,0.8,0.26436065000000003,0.46436065000000004,662,22,827
A0AB73PN87,solubility_no_chaperone_score,0.8,0.2759298,0.4759298,663,15,827
A0A0T9RLI7,solubility_no_chaperone_score,0.8,0.27007955,0.47007955,664,18,827
A0ABM6BKQ9,solubility_no_chaperone_score,0.8,0.266652,0.466652,665,21,827
A0A0T9KM28,solubility_no_chaperone_score,0.8,0.27099660000000003,0.47099660000000004,666,17,827
A0ABM9SYN9,solubility_no_chaperone_score,0.8,0.2735658,0.47356580000000004,667,17,827
Q66CW3,solubility_no_chaperone_score,0.8,0.26549955000000003,0.46549955000000004,668,21,827
A0AB73NNI1,solubility_no_chaperone_score,0.8,0.2689456,0.4689456,669,19,827
Q66CW8,solubility_no_chaperone_score,0.8,0.25937380000000004,0.45937380000000005,670,26,827
A0ABM9TBF6,solubility_no_chaperone_score,0.8,0.26677735,0.46677735000000004,671,21,827
A0AAW7K4V6,solubility_no_chaperone_score,0.8,0.2599551,0.4599551,672,25,827
A0ABM6UUY9,solubility_no_chaperone_score,0.8,0.2653151,0.46531510000000004,673,22,827
A0ABM9SSJ6,solubility_no_chaperone_score,0.8,0.25838135,0.45838135,674,31,827
A0ABM6BHZ0,solubility_no_chaperone_score,0.8,0.274699,0.47469900000000004,675,16,827
A0A0T9P2Y6,solubility_no_chaperone_score,0.8,0.2738781,0.4738781,676,16,827
A0ABM9TZ37,solubility_no_chaperone_score,0.8,0.27489805,0.47489805,677,16,827
A0AA36LM41,solubility_no_chaperone_score,0.8,0.2593666,0.4593666,678,26,827
A0ABP1ZYM0,solubility_no_chaperone_score,0.8,0.2625388,0.4625388,679,23,827
A0A380QV68,solubility_no_chaperone_score,0.8,0.26324395,0.46324395,680,22,827
A0A380QB56,solubility_no_chaperone_score,0.8,0.2759268,0.47592680000000004,681,15,827
A0ABP1Y4A2,solubility_no_chaperone_score,0.8,0.26473080000000004,0.46473080000000005,682,22,827
A0AA44HZF8,solubility_no_chaperone_score,0.8,0.2585989,0.45859890000000003,683,28,827
A0ABM5Q168,solubility_no_chaperone_score,0.8,0.2547739,0.4547739,684,38,827
A0A0T9UVB9,solubility_no_chaperone_score,0.8,0.27054485,0.47054485,685,17,827
A0A0K1H0L3,solubility_no_chaperone_score,0.8,0.2662365,0.4662365,686,21,827
A0AA44CIT3,solubility_no_chaperone_score,0.8,0.2692966,0.4692966,687,19,827
A0ABM9SWE1,solubility_no_chaperone_score,0.8,0.26220305,0.46220305,688,23,827
A0A380PNK7,solubility_no_chaperone_score,0.8,0.26559625000000003,0.46559625000000004,689,21,827
A0A0T9RLY2,solubility_no_chaperone_score,0.8,0.25429935000000004,0.45429935000000005,690,38,827
A0AA36PKW6,solubility_no_chaperone_score,0.8,0.27502505,0.47502505,691,16,827
A0A0T9UVI4,solubility_no_chaperone_score,0.8,0.25334140000000005,0.45334140000000006,692,39,827
A0AA36LMJ6,solubility_no_chaperone_score,0.8,0.26289595,0.46289595,693,23,827
A0ABX5QZN1,solubility_no_chaperone_score,0.8,0.25998805,0.45998805000000004,694,25,827
A0A208ZGJ5,solubility_no_chaperone_score,0.8,0.27677405,0.47677405,695,12,827
A0A857F0P9,solubility_no_chaperone_score,0.8,0.26374495000000003,0.46374495000000004,696,22,827
A0A0T9KLZ3,solubility_no_chaperone_score,0.8,0.25952985,0.45952985,697,26,827
A0A0T9TRJ0,solubility_no_chaperone_score,0.8,0.275188,0.475188,698,16,827
A0ABM7ANH7,solubility_no_chaperone_score,0.8,0.26999995000000004,0.46999995000000006,699,18,827
A0ABN5RBQ6,solubility_no_chaperone_score,0.8,0.25975045,0.45975045000000003,700,26,827
A0A0T9RKV0,solubility_no_chaperone_score,0.8,0.278611,0.478611,701,12,827
A0A0T9UMV0,solubility_no_chaperone_score,0.8,0.27387155,0.47387155000000003,702,16,827
A0ABX5QZY2,solubility_no_chaperone_score,0.8,0.26642025,0.46642025000000004,703,21,827
A0A0T9KZA2,solubility_no_chaperone_score,0.8,0.26114095000000004,0.46114095000000005,704,24,827
A0AB72ZN12,solubility_no_chaperone_score,0.8,0.25870405,0.45870405000000003,705,28,827
A0ABN4F2B0,solubility_no_chaperone_score,0.8,0.27615710000000004,0.47615710000000006,706,12,827
A0ABN4PY35,solubility_no_chaperone_score,0.8,0.26566670000000003,0.46566670000000004,707,21,827
A0A380PRL5,solubility_no_chaperone_score,0.8,0.26041295000000003,0.46041295000000004,708,25,827
A0ABM6UNY7,solubility_no_chaperone_score,0.8,0.27105005000000004,0.47105005000000005,709,17,827
A0A380PNL7,solubility_no_chaperone_score,0.8,0.25414235,0.45414235000000003,710,38,827
A0A0T9UVN8,solubility_no_chaperone_score,0.8,0.2793735,0.4793735,711,11,827
A0A0T9QEH2,solubility_no_chaperone_score,0.8,0.25512595000000005,0.45512595000000006,712,37,827
A0A2R4NRD1,solubility_no_chaperone_score,0.8,0.27035370000000003,0.47035370000000004,713,18,827
A0AA36LLP1,solubility_no_chaperone_score,0.8,0.26363415,0.46363415,714,22,827
A0AB73Q6N8,solubility_no_chaperone_score,0.8,0.26727855,0.46727855,715,20,827
A0ABW9EZD5,solubility_no_chaperone_score,0.8,0.27636950000000005,0.47636950000000006,716,12,827
A0ABM9TKC9,solubility_no_chaperone_score,0.8,0.25923765000000004,0.45923765000000005,717,27,827
A0ABX5QX18,solubility_no_chaperone_score,0.8,0.25876580000000005,0.45876580000000006,718,27,827
A0AAV3BF90,solubility_no_chaperone_score,0.8,0.26718240000000004,0.46718240000000005,719,20,827
A0A0T9QWS2,solubility_no_chaperone_score,0.8,0.25509195,0.45509195,720,37,827
A0ABP1YDG7,solubility_no_chaperone_score,0.8,0.25361165,0.45361165000000003,721,39,827
A0ABR4W6J9,solubility_no_chaperone_score,0.8,0.26405465000000006,0.46405465000000007,722,22,827
A0A0T9UVJ2,solubility_no_chaperone_score,0.8,0.25676920000000003,0.45676920000000004,723,34,827
A0A0T9RMJ4,solubility_no_chaperone_score,0.8,0.25867670000000004,0.45867670000000005,724,28,827
A0A0T9RLS7,solubility_no_chaperone_score,0.8,0.25775925,0.45775925,725,33,827
A0ABP1YU38,solubility_no_chaperone_score,0.8,0.25565580000000004,0.45565580000000006,726,36,827
A0A0T9UMT9,solubility_no_chaperone_score,0.8,0.25775820000000005,0.45775820000000006,727,33,827
A0ABN4PP01,solubility_no_chaperone_score,0.8,0.26068615,0.46068615,728,25,827
A0A0T9QQ84,solubility_no_chaperone_score,0.8,0.2768956,0.47689560000000003,729,12,827
A0A0H5LRG1,solubility_no_chaperone_score,0.8,0.27444845,0.47444845,730,16,827
A0A0H5LRI4,solubility_no_chaperone_score,0.8,0.25421335,0.45421335,731,38,827
A0A0T9QYU5,solubility_no_chaperone_score,0.8,0.25746990000000003,0.45746990000000004,732,34,827
A0A0T9KZ32,solubility_no_chaperone_score,0.8,0.25309315000000004,0.45309315000000006,733,39,827
A0A2G4U3T2,solubility_no_chaperone_score,0.8,0.2581984,0.4581984,734,31,827
A0A0U1HXL6,solubility_no_chaperone_score,0.8,0.25355015000000003,0.45355015000000004,735,39,827
A0ABN4PNK0,solubility_no_chaperone_score,0.8,0.25565445000000003,0.45565445000000004,736,36,827
A0AA44CMJ2,solubility_no_chaperone_score,0.8,0.2573356,0.4573356,737,34,827
A0A0T9RLV1,solubility_no_chaperone_score,0.8,0.26163240000000004,0.46163240000000005,738,24,827
A0AA36LNC2,solubility_no_chaperone_score,0.8,0.2710403,0.4710403,739,17,827
A0A0T9RPC1,solubility_no_chaperone_score,0.8,0.26732715,0.46732715,740,20,827
A0AA36LUV4,solubility_no_chaperone_score,0.8,0.25815855000000004,0.45815855000000005,741,31,827
A0A0H3B0N5,solubility_no_chaperone_score,0.8,0.26245450000000003,0.46245450000000005,742,23,827
A0ABP1YU19,solubility_no_chaperone_score,0.8,0.25365265000000004,0.45365265000000005,743,39,827
A0A0T9KKL7,solubility_no_chaperone_score,0.8,0.26827290000000004,0.46827290000000005,744,19,827
A0ABP2E0A1,solubility_no_chaperone_score,0.8,0.26611645,0.46611645,745,21,827
A0ABW9EZ05,solubility_no_chaperone_score,0.8,0.25073120000000004,0.45073120000000005,746,44,827
A0ABM6UY29,solubility_no_chaperone_score,0.8,0.2546337,0.45463370000000003,747,38,827
A0A380PUP1,solubility_no_chaperone_score,0.8,0.2502085,0.4502085,748,44,827
A0A380QEC0,solubility_no_chaperone_score,0.8,0.2568343,0.4568343,749,34,827
A0A857EZE8,solubility_no_chaperone_score,0.8,0.2669887,0.46698870000000003,750,20,827
A0A3G5LJP4,solubility_no_chaperone_score,0.8,0.27189860000000005,0.47189860000000006,751,17,827
A0A085U312,solubility_no_chaperone_score,0.8,0.26034095,0.46034095,752,25,827
A0ABM6BL24,solubility_no_chaperone_score,0.8,0.25317865,0.45317865,753,39,827
A0ABM9SU56,solubility_no_chaperone_score,0.8,0.26627470000000003,0.46627470000000004,754,21,827
A0ABM5Q170,solubility_no_chaperone_score,0.8,0.25915385,0.45915385000000003,755,27,827
A0ABM6BR49,solubility_no_chaperone_score,0.8,0.24963765,0.44963765,756,45,827
A0A0T9QWQ1,solubility_no_chaperone_score,0.8,0.26320150000000003,0.46320150000000004,757,22,827
A0A0H2YGI6,solubility_no_chaperone_score,0.8,0.2585499,0.4585499,758,29,827
A0A0H3B4F8,solubility_no_chaperone_score,0.8,0.2719129,0.4719129,759,17,827
A0AB73P3H5,solubility_no_chaperone_score,0.8,0.24533435000000003,0.44533435000000005,760,54,827
A0A0T9JTP2,solubility_no_chaperone_score,0.8,0.25895670000000004,0.45895670000000005,761,27,827
A0A0T9R7L9,solubility_no_chaperone_score,0.8,0.26129050000000004,0.46129050000000005,762,24,827
A0A0H3AZK0,solubility_no_chaperone_score,0.8,0.2508419,0.4508419,763,44,827
A0A0T9TSE5,solubility_no_chaperone_score,0.8,0.24495675,0.44495675,764,56,827
A0AB72ZFA0,solubility_no_chaperone_score,0.8,0.25133305,0.45133305,765,44,827
A0ABM7ANY7,solubility_no_chaperone_score,0.8,0.26731535,0.46731535,766,20,827
A0AA36LKR2,solubility_no_chaperone_score,0.8,0.26037235000000003,0.46037235000000004,767,25,827
A0ABN5RAB4,solubility_no_chaperone_score,0.8,0.25886125000000004,0.45886125000000005,768,27,827
A0A380Q790,solubility_no_chaperone_score,0.8,0.26564665000000004,0.46564665000000005,769,21,827
A0ABX6FDR8,solubility_no_chaperone_score,0.8,0.26844300000000004,0.46844300000000005,770,19,827
A0A2G4U6F2,solubility_no_chaperone_score,0.8,0.26167165000000003,0.46167165000000004,771,24,827
A0A0T9QH70,solubility_no_chaperone_score,0.8,0.251247,0.451247,772,44,827
A0A0H3B283,solubility_no_chaperone_score,0.8,0.25017605000000004,0.45017605000000005,773,44,827
A0ABN5RAC2,solubility_no_chaperone_score,0.8,0.2444558,0.4444558,774,57,827
A0A0T9JTR0,solubility_no_chaperone_score,0.8,0.2471328,0.4471328,775,51,827
A0AA44CKU8,solubility_no_chaperone_score,0.8,0.24566655,0.44566655,776,54,827
A0ABN4CUU3,solubility_no_chaperone_score,0.8,0.23555675,0.43555675000000005,777,86,827
A0ABR4VWZ7,solubility_no_chaperone_score,0.8,0.25733685,0.45733685,778,34,827
A0A0T9RSX1,solubility_no_chaperone_score,0.8,0.25676740000000003,0.45676740000000005,779,34,827
A0A0T9QZG9,solubility_no_chaperone_score,0.8,0.2440622,0.4440622,780,58,827
A0ABY5ULB5,solubility_no_chaperone_score,0.8,0.2630349,0.4630349,781,23,827
A0A0T9KM84,solubility_no_chaperone_score,0.8,0.25071505,0.45071505,782,44,827
A0A0T9QVI5,solubility_no_chaperone_score,0.8,0.24542030000000004,0.44542030000000005,783,54,827
A0A0T9RG16,solubility_no_chaperone_score,0.8,0.2435293,0.4435293,784,61,827
A0ABP2ECT0,solubility_no_chaperone_score,0.8,0.25526695,0.45526695,785,36,827
A0ABM9SZ17,solubility_no_chaperone_score,0.8,0.24613825,0.44613825,786,54,827
A0A0E1NQK2,solubility_no_chaperone_score,0.8,0.26132925,0.46132925,787,24,827
A0AAX2I8P7,solubility_no_chaperone_score,0.8,0.250587,0.450587,788,44,827
Q7BTW6,solubility_no_chaperone_score,0.8,0.26219435,0.46219435000000003,789,23,827
A0ABP1ZYW2,solubility_no_chaperone_score,0.8,0.24797850000000002,0.44797850000000006,790,48,827
Q66CW2,solubility_no_chaperone_score,0.8,0.2369687,0.4369687,791,82,827
A0AA36LJG1,solubility_no_chaperone_score,0.8,0.26402605,0.46402605,792,22,827
A0ABM5UH02,solubility_no_chaperone_score,0.8,0.25598385,0.45598385,793,35,827
A0AA36PPQ7,solubility_no_chaperone_score,0.8,0.23599095000000003,0.43599095000000004,794,84,827
A0A0H2YNL1,solubility_no_chaperone_score,0.8,0.2562161,0.4562161,795,35,827
A0AA90XRZ3,solubility_no_chaperone_score,0.8,0.2509363,0.4509363,796,44,827
A0A0T9QD11,solubility_no_chaperone_score,0.8,0.23252295,0.43252295,797,98,827
A0ABP1ZSE7,solubility_no_chaperone_score,0.8,0.25183485000000005,0.45183485000000007,798,44,827
A0ABX6FAJ5,solubility_no_chaperone_score,0.8,0.2333771,0.4333771,799,94,827
A0A0T9UMN3,solubility_no_chaperone_score,0.8,0.23260135,0.43260135,800,97,827
Q8D0C0,solubility_no_chaperone_score,0.8,0.2444376,0.4444376,801,57,827
A0A0T9QMF1,solubility_no_chaperone_score,0.8,0.25110385,0.45110385000000003,802,44,827
A0A0U1R2K8,solubility_no_chaperone_score,0.8,0.2528649,0.4528649,803,41,827
A0AA36LJU6,solubility_no_chaperone_score,0.8,0.23845425,0.43845425000000005,804,78,827
A0AA36LI15,solubility_no_chaperone_score,0.8,0.22548970000000002,0.4254897,805,123,827
A0A0K1H0S6,solubility_no_chaperone_score,0.8,0.26318985,0.46318985,806,22,827
A0A0T9UVK2,solubility_no_chaperone_score,0.8,0.23784960000000002,0.43784960000000006,807,79,827
A0A857F028,solubility_no_chaperone_score,0.8,0.25906455,0.45906455,808,27,827
A0A0H3B6G4,solubility_no_chaperone_score,0.8,0.24648385,0.44648385,809,53,827
A0A208ZVY5,solubility_no_chaperone_score,0.8,0.23758875000000002,0.43758875,810,79,827
A0ABN5RCP6,solubility_no_chaperone_score,0.8,0.2526029,0.45260290000000003,811,41,827
A0A0T9UMW7,solubility_no_chaperone_score,0.8,0.23971155000000002,0.43971155000000006,812,74,827
A0AB72ZRU3,solubility_no_chaperone_score,0.8,0.24714860000000002,0.4471486,813,51,827
A0A0U1HUK9,solubility_no_chaperone_score,0.8,0.24640065,0.44640065,814,53,827
A0ABM7AMA1,solubility_no_chaperone_score,0.8,0.25209485000000004,0.45209485000000005,815,43,827
A0AAV3B6C2,solubility_no_chaperone_score,0.8,0.24219675000000002,0.44219675,816,69,827
A0A380QAJ4,solubility_no_chaperone_score,0.8,0.23782355000000002,0.43782355000000006,817,79,827
A0A0H3AZJ6,solubility_no_chaperone_score,0.8,0.2291832,0.4291832,818,106,827
A0A0T9QI62,solubility_no_chaperone_score,0.8,0.2289846,0.42898460000000005,819,107,827
A0A0H2W0D6,solubility_no_chaperone_score,0.8,0.23875340000000003,0.43875340000000007,820,78,827
A0A2G4U1S2,solubility_no_chaperone_score,0.8,0.24183525000000003,0.44183525,821,70,827
A0ABM9XV01,solubility_no_chaperone_score,0.8,0.23966940000000003,0.43966940000000004,822,74,827
A0ABX5QXI4,solubility_no_chaperone_score,0.8,0.23164430000000003,0.43164430000000004,823,101,827
A0AB72ZJY3,solubility_no_chaperone_score,0.8,0.22806300000000002,0.428063,824,112,827
A0A380QTR9,solubility_no_chaperone_score,0.8,0.2237396,0.4237396,825,129,827
A0A0T9UB25,solubility_no_chaperone_score,0.8,0.22357785000000002,0.42357785000000003,826,130,827
A0A0T9U5C6,solubility_no_chaperone_score,0.8,0.2482562,0.4482562,827,47,827
Q9T0Z9,global_engineering_residual_score,0.95,0.819216,0.8692160000000001,1,1,1
A0A7U4GHF9,global_engineering_residual_score,0.95,0.5684922,0.6184922,2,2,46
I7K2S1,global_engineering_residual_score,0.95,0.5600814000000001,0.6100814000000001,3,2,70
A0A1V0DXW2,global_engineering_residual_score,0.95,0.5583762000000001,0.6083762000000001,4,2,79
A0AAD2UYA7,global_engineering_residual_score,0.95,0.5533237999999999,0.6033238,5,2,92
S5MLA1,global_engineering_residual_score,0.95,0.5527218,0.6027218000000001,6,2,92
A0A0G2PMU5,global_engineering_residual_score,0.95,0.553435,0.603435,7,2,92
B3VCL5,global_engineering_residual_score,0.95,0.5543290000000001,0.6043290000000001,8,2,90
Q858J8,global_engineering_residual_score,0.95,0.5539608,0.6039608000000001,9,2,91
A0AAE7V5N4,global_engineering_residual_score,0.95,0.5511308,0.6011308000000001,10,2,99
A0A6M3G9R6,global_engineering_residual_score,0.95,0.5494344000000001,0.5994344000000001,11,2,109
A0A0P0LE96,global_engineering_residual_score,0.95,0.5516444,0.6016444000000001,12,2,96
A0A0H3NKM1,global_engineering_residual_score,0.95,0.5479558000000001,0.5979558000000001,13,2,115
A0A0U2DXE3,global_engineering_residual_score,0.95,0.5479198000000001,0.5979198000000001,14,2,115
S5M3B5,global_engineering_residual_score,0.95,0.5485126,0.5985126000000001,15,2,111
A0A7U4GE98,global_engineering_residual_score,0.95,0.5443266,0.5943266,16,2,128
A0AAE9FSZ1,global_engineering_residual_score,0.95,0.5448300000000001,0.5948300000000002,17,2,124
A0AAE9FUR5,global_engineering_residual_score,0.95,0.5420754000000001,0.5920754000000001,18,2,134
A0AAT9S6U3,global_engineering_residual_score,0.95,0.5443314000000001,0.5943314000000002,19,2,128
A0AAX4Q2K6,global_engineering_residual_score,0.95,0.5373674,0.5873674000000001,20,2,156
A0A449C531,global_engineering_residual_score,0.95,0.5382892,0.5882892000000001,21,2,154
A0AAE7S353,global_engineering_residual_score,0.95,0.5354348000000001,0.5854348000000001,22,2,162
A0A9P1PWH0,global_engineering_residual_score,0.95,0.5278726,0.5778726000000001,23,2,187
Q858U5,global_engineering_residual_score,0.95,0.5289068000000001,0.5789068000000002,24,2,184
A0A7U4JZS3,global_engineering_residual_score,0.95,0.5276008,0.5776008,25,2,189
I7LHK5,global_engineering_residual_score,0.95,0.5280132000000001,0.5780132000000001,26,2,187
A0A0H3NZ47,global_engineering_residual_score,0.95,0.5278628000000001,0.5778628000000001,27,2,187
A0A449C3Z7,global_engineering_residual_score,0.95,0.5256984,0.5756984,28,2,193
I7K3G3,global_engineering_residual_score,0.95,0.5312624,0.5812624000000001,29,2,177
A0A449C5Q6,global_engineering_residual_score,0.95,0.5257778000000001,0.5757778000000001,30,2,191
I6Q9A1,global_engineering_residual_score,0.95,0.5282850000000001,0.5782850000000002,31,2,186
A0A7D3UKK9,global_engineering_residual_score,0.95,0.526621,0.576621,32,2,189
A0A449C440,global_engineering_residual_score,0.95,0.5236824000000001,0.5736824000000001,33,2,196
F4N2J8,global_engineering_residual_score,0.95,0.5243726,0.5743726,34,2,195
A0A449C5Z2,global_engineering_residual_score,0.95,0.5230102000000001,0.5730102000000001,35,2,198
F4N729,global_engineering_residual_score,0.95,0.5237286,0.5737286,36,2,196
S5ML14,global_engineering_residual_score,0.95,0.5277302,0.5777302000000001,37,2,188
I7LHJ5,global_engineering_residual_score,0.95,0.5210948000000001,0.5710948000000001,38,2,206
A0A449C555,global_engineering_residual_score,0.95,0.5231016,0.5731016000000001,39,2,198
A0AAE9FQ76,global_engineering_residual_score,0.95,0.5224444,0.5724444000000001,40,2,202
A0A1V0DXT2,global_engineering_residual_score,0.95,0.5251300000000001,0.5751300000000001,41,2,193
I7K324,global_engineering_residual_score,0.95,0.5264496000000001,0.5764496000000001,42,2,189
A0A0G2PMY8,global_engineering_residual_score,0.95,0.519993,0.5699930000000001,43,2,208
A0A088F649,global_engineering_residual_score,0.95,0.5215598000000001,0.5715598000000002,44,2,204
S5M9F2,global_engineering_residual_score,0.95,0.5183134,0.5683134000000001,45,3,213
A0AAE7CTI2,global_engineering_residual_score,0.95,0.5161530000000001,0.5661530000000001,46,3,221
A0A0B4ZXE3,global_engineering_residual_score,0.95,0.5229220000000001,0.5729220000000002,47,2,198
A0A0H3NZ57,global_engineering_residual_score,0.95,0.5215056,0.5715056000000001,48,2,204
S5MRA5,global_engineering_residual_score,0.95,0.516518,0.5665180000000001,49,3,221
A0A0B5A4Q9,global_engineering_residual_score,0.95,0.5150570000000001,0.5650570000000001,50,3,225
A0A3B8DLH1,global_engineering_residual_score,0.95,0.5140756000000001,0.5640756000000001,51,3,228
A0A449C3U4,global_engineering_residual_score,0.95,0.5154928000000001,0.5654928000000001,52,3,224
A0AAX4Q199,global_engineering_residual_score,0.95,0.5156056000000001,0.5656056000000002,53,3,224
A0A6M3GA37,global_engineering_residual_score,0.95,0.5122524,0.5622524000000001,54,3,233
A0A1V0DXR7,global_engineering_residual_score,0.95,0.5146176,0.5646176,55,3,227
A0A0G2PMU8,global_engineering_residual_score,0.95,0.5127114,0.5627114000000001,56,3,233
A0AAE9JYJ2,global_engineering_residual_score,0.95,0.5144200000000001,0.5644200000000001,57,3,227
I7J474,global_engineering_residual_score,0.95,0.5152462000000001,0.5652462000000001,58,3,225
I7KR83,global_engineering_residual_score,0.95,0.5116842,0.5616842000000001,59,3,239
A0ZXG5,global_engineering_residual_score,0.95,0.5160362000000001,0.5660362000000001,60,3,221
A0A449C435,global_engineering_residual_score,0.95,0.5109110000000001,0.5609110000000002,61,3,240
A0A7U4K0B3,global_engineering_residual_score,0.95,0.511656,0.561656,62,3,239
A0AAE9FRM6,global_engineering_residual_score,0.95,0.5121340000000001,0.5621340000000001,63,3,234
A0AAE7PDX0,global_engineering_residual_score,0.95,0.5143630000000001,0.5643630000000002,64,3,227
A0A2C9CXH4,global_engineering_residual_score,0.95,0.5128228000000001,0.5628228000000002,65,3,233
A0A7D3UH03,global_engineering_residual_score,0.95,0.512603,0.5626030000000001,66,3,233
A0AA51VH76,global_engineering_residual_score,0.95,0.5137932000000001,0.5637932000000001,67,3,229
A0A2H1UJ87,global_engineering_residual_score,0.95,0.5149954000000001,0.5649954000000001,68,3,225
A0A449C528,global_engineering_residual_score,0.95,0.5094178,0.5594178000000001,69,4,242
A0A6M3GA49,global_engineering_residual_score,0.95,0.5147140000000001,0.5647140000000002,70,3,226
A0A1V0DXD5,global_engineering_residual_score,0.95,0.5090926,0.5590926,71,4,242
A0A3B8DLJ2,global_engineering_residual_score,0.95,0.508861,0.558861,72,4,242
A0AAE7PDK2,global_engineering_residual_score,0.95,0.5091774000000001,0.5591774000000002,73,4,242
F4N728,global_engineering_residual_score,0.95,0.5100708,0.5600708000000001,74,4,241
A0AAE9JVZ5,global_engineering_residual_score,0.95,0.509735,0.5597350000000001,75,4,242
A0A449C5C7,global_engineering_residual_score,0.95,0.5091188000000001,0.5591188000000001,76,4,242
I7LH81,global_engineering_residual_score,0.95,0.5092316000000001,0.5592316000000002,77,4,242
A0A1V0DXT5,global_engineering_residual_score,0.95,0.5067332000000001,0.5567332000000002,78,5,246
A0A6M3G969,global_engineering_residual_score,0.95,0.5100348000000001,0.5600348000000002,79,4,241
A0AAX4Q2X2,global_engineering_residual_score,0.95,0.5077456,0.5577456000000001,80,5,245
A0A2D0PE70,global_engineering_residual_score,0.95,0.5111102000000001,0.5611102000000001,81,3,239
A0A0H3NU58,global_engineering_residual_score,0.95,0.5073316000000001,0.5573316000000001,82,5,246
A0A449C3S4,global_engineering_residual_score,0.95,0.5055042000000001,0.5555042000000001,83,5,247
S5MRE6,global_engineering_residual_score,0.95,0.50826,0.5582600000000001,84,5,244
A0A3B8DL31,global_engineering_residual_score,0.95,0.5052834,0.5552834000000001,85,5,247
A0AA86IWK5,global_engineering_residual_score,0.95,0.5051310000000001,0.5551310000000002,86,5,247
I7J3W0,global_engineering_residual_score,0.95,0.5054430000000001,0.5554430000000001,87,5,247
A0A0B5A4J3,global_engineering_residual_score,0.95,0.5036608,0.5536608000000001,88,7,248
A0A449C6D2,global_engineering_residual_score,0.95,0.5058794000000001,0.5558794000000001,89,5,247
A0A0B5A2V7,global_engineering_residual_score,0.95,0.5044040000000001,0.5544040000000001,90,5,247
A0A449C638,global_engineering_residual_score,0.95,0.5043646,0.5543646000000001,91,5,247
A0A449C6B7,global_engineering_residual_score,0.95,0.5041274000000001,0.5541274000000002,92,6,247
A0A6M3G916,global_engineering_residual_score,0.95,0.5020948000000001,0.5520948000000001,93,10,251
S5M3A7,global_engineering_residual_score,0.95,0.5022208000000001,0.5522208000000002,94,10,251
I7K354,global_engineering_residual_score,0.95,0.5015412,0.5515412000000001,95,11,256
A0A7D3QKX7,global_engineering_residual_score,0.95,0.5021708,0.5521708000000001,96,10,251
A0A449C4D0,global_engineering_residual_score,0.95,0.5002080000000001,0.5502080000000001,97,12,259
A0A7D3V1W8,global_engineering_residual_score,0.95,0.5007168000000001,0.5507168000000001,98,12,257
A0A0B5A2N3,global_engineering_residual_score,0.95,0.5014792000000001,0.5514792000000002,99,11,256
A0A449C3T4,global_engineering_residual_score,0.95,0.5011114000000001,0.5511114000000001,100,12,257
A0AAX4M7A4,global_engineering_residual_score,0.95,0.49958320000000006,0.5495832,101,12,259
A0AAX4Q2U9,global_engineering_residual_score,0.95,0.49926800000000005,0.5492680000000001,102,13,263
A0AAD2UWV2,global_engineering_residual_score,0.95,0.5000962,0.5500962,103,12,259
A0A0H3NZ59,global_engineering_residual_score,0.95,0.5001554,0.5501554000000001,104,12,259
I7KRU3,global_engineering_residual_score,0.95,0.4995220000000001,0.5495220000000001,105,12,261
A0A7D3QQ81,global_engineering_residual_score,0.95,0.4982942000000001,0.5482942000000001,106,14,263
A0AAE7V728,global_engineering_residual_score,0.95,0.49956800000000007,0.5495680000000001,107,12,259
A0AAE9FLD0,global_engineering_residual_score,0.95,0.4973100000000001,0.5473100000000001,108,16,265
A0A1V0DXX1,global_engineering_residual_score,0.95,0.49756040000000007,0.5475604000000001,109,16,265
A0AAX4M7M8,global_engineering_residual_score,0.95,0.49797900000000006,0.5479790000000001,110,14,263
A0A7T9XU25,global_engineering_residual_score,0.95,0.49601120000000004,0.5460112,111,16,265
A0A449C5D9,global_engineering_residual_score,0.95,0.49916060000000007,0.5491606000000001,112,13,263
A0A0H3NP24,global_engineering_residual_score,0.95,0.49666620000000006,0.5466662000000001,113,16,265
A0A3B8DLI7,global_engineering_residual_score,0.95,0.4967636000000001,0.5467636000000001,114,16,265
A0A1V0DXS1,global_engineering_residual_score,0.95,0.49591360000000007,0.5459136000000001,115,16,265
A0A2D0PCZ8,global_engineering_residual_score,0.95,0.500426,0.5504260000000001,116,12,258
A0A449C3Q1,global_engineering_residual_score,0.95,0.5019064000000001,0.5519064000000001,117,10,255
A0A2D0PE10,global_engineering_residual_score,0.95,0.5011380000000001,0.5511380000000001,118,11,257
A0A0H3NSE3,global_engineering_residual_score,0.95,0.49839920000000004,0.5483992000000001,119,14,263
A0A2H1X991,global_engineering_residual_score,0.95,0.5005412,0.5505412000000001,120,12,258
A0A6M3G8D1,global_engineering_residual_score,0.95,0.4959398000000001,0.5459398000000001,121,16,265
A0AAE6YPH1,global_engineering_residual_score,0.95,0.4944856000000001,0.5444856000000001,122,17,269
A0AAE9FRR2,global_engineering_residual_score,0.95,0.4948042000000001,0.5448042000000001,123,17,268
A0AA51VJM6,global_engineering_residual_score,0.95,0.4982578000000001,0.5482578000000001,124,14,263
A0AAE9FQ04,global_engineering_residual_score,0.95,0.4945482000000001,0.5445482000000001,125,17,269
A0A6M3G876,global_engineering_residual_score,0.95,0.4965550000000001,0.5465550000000001,126,16,265
S5M7B3,global_engineering_residual_score,0.95,0.4935636000000001,0.5435636000000001,127,19,271
A0A449C608,global_engineering_residual_score,0.95,0.4935286000000001,0.5435286000000001,128,19,271
A0A7D3QML5,global_engineering_residual_score,0.95,0.49433400000000005,0.5443340000000001,129,17,270
A0AAX4Q195,global_engineering_residual_score,0.95,0.4933778000000001,0.5433778000000001,130,19,272
A0A0B4ZZM3,global_engineering_residual_score,0.95,0.49512360000000005,0.5451236,131,16,267
A0A449C619,global_engineering_residual_score,0.95,0.49137480000000006,0.5413748,132,20,276
I7LH90,global_engineering_residual_score,0.95,0.4922192000000001,0.5422192000000001,133,19,274
A0AAE9FKC7,global_engineering_residual_score,0.95,0.4921152000000001,0.5421152000000001,134,19,274
A1JNF1,global_engineering_residual_score,0.95,0.48857920000000005,0.5385792,135,20,281
A0A7D3QJ92,global_engineering_residual_score,0.95,0.4920880000000001,0.5420880000000001,136,19,274
A0A6M3G874,global_engineering_residual_score,0.95,0.49196680000000004,0.5419668000000001,137,20,274
S5ML49,global_engineering_residual_score,0.95,0.49096220000000007,0.5409622000000001,138,20,276
A0A449C567,global_engineering_residual_score,0.95,0.49139600000000005,0.5413960000000001,139,20,276
A0AAE6YNJ4,global_engineering_residual_score,0.95,0.49068180000000006,0.5406818000000001,140,20,279
A0A6M3G8B9,global_engineering_residual_score,0.95,0.4893698000000001,0.5393698000000001,141,20,280
A0A3B8DYI1,global_engineering_residual_score,0.95,0.4909140000000001,0.5409140000000001,142,20,276
I7K3U3,global_engineering_residual_score,0.95,0.4898990000000001,0.5398990000000001,143,20,279
I7KRG5,global_engineering_residual_score,0.95,0.4899076000000001,0.5399076000000002,144,20,279
A0A1V0DXW6,global_engineering_residual_score,0.95,0.4903324000000001,0.5403324000000002,145,20,279
I7K349,global_engineering_residual_score,0.95,0.4914006000000001,0.5414006000000001,146,20,276
A0A449C4X7,global_engineering_residual_score,0.95,0.4886884000000001,0.5386884000000001,147,20,281
S5M3D7,global_engineering_residual_score,0.95,0.4887068000000001,0.5387068000000002,148,20,281
A0AAE9FSY2,global_engineering_residual_score,0.95,0.4883662000000001,0.5383662000000001,149,20,283
A0A7U4GCC7,global_engineering_residual_score,0.95,0.4903158,0.5403158,150,20,279
S5M7E4,global_engineering_residual_score,0.95,0.48912060000000007,0.5391206000000001,151,20,280
A0A449C3W7,global_engineering_residual_score,0.95,0.48977240000000005,0.5397724,152,20,279
A0A449C5Z9,global_engineering_residual_score,0.95,0.48802960000000006,0.5380296000000001,153,21,283
S5ML17,global_engineering_residual_score,0.95,0.4856686000000001,0.5356686000000002,154,22,284
A0AAE9FRD5,global_engineering_residual_score,0.95,0.4858476000000001,0.5358476000000001,155,22,284
A0A2C9CZQ3,global_engineering_residual_score,0.95,0.48557240000000007,0.5355724000000001,156,22,284
A0AA86IYU9,global_engineering_residual_score,0.95,0.4849106000000001,0.5349106000000001,157,23,284
A0A2C9CYF4,global_engineering_residual_score,0.95,0.4880592000000001,0.5380592000000001,158,21,283
A0A3B8E1I5,global_engineering_residual_score,0.95,0.4912250000000001,0.5412250000000001,159,20,276
A0A7U4GG50,global_engineering_residual_score,0.95,0.4859538,0.5359538,160,22,284
I7J3Y3,global_engineering_residual_score,0.95,0.4845658000000001,0.5345658000000001,161,23,286
I7KRT2,global_engineering_residual_score,0.95,0.48956420000000006,0.5395642,162,20,279
A0A7D3QKS7,global_engineering_residual_score,0.95,0.4837216000000001,0.5337216000000001,163,23,290
A0A1V0DXV4,global_engineering_residual_score,0.95,0.4863796000000001,0.5363796000000001,164,22,284
A0A7U4GDH6,global_engineering_residual_score,0.95,0.4810476,0.5310476000000001,165,24,293
A0A0H3NQY6,global_engineering_residual_score,0.95,0.48381500000000005,0.533815,166,23,289
A0A449C532,global_engineering_residual_score,0.95,0.48271880000000006,0.5327188,167,23,290
A0AAE7TQG4,global_engineering_residual_score,0.95,0.4831388000000001,0.5331388000000001,168,23,290
A0A449C648,global_engineering_residual_score,0.95,0.4844298000000001,0.5344298000000001,169,23,286
I7LF14,global_engineering_residual_score,0.95,0.4819246000000001,0.5319246000000001,170,23,291
A0A3B8DL36,global_engineering_residual_score,0.95,0.4820302000000001,0.5320302000000001,171,23,291
A0AAE7TR04,global_engineering_residual_score,0.95,0.4820904000000001,0.5320904000000001,172,23,291
A0AAE7PH03,global_engineering_residual_score,0.95,0.4857530000000001,0.5357530000000001,173,22,284
A0AAE6YNV4,global_engineering_residual_score,0.95,0.4827684000000001,0.5327684000000001,174,23,290
I6Q8T5,global_engineering_residual_score,0.95,0.4850514000000001,0.5350514000000001,175,23,284
A0A1V0DXR4,global_engineering_residual_score,0.95,0.4805382000000001,0.5305382000000001,176,24,296
F4N708,global_engineering_residual_score,0.95,0.4776682,0.5276682,177,30,300
A0A449C3X5,global_engineering_residual_score,0.95,0.48054300000000005,0.5305430000000001,178,24,296
A0AAE9JXJ1,global_engineering_residual_score,0.95,0.4793468000000001,0.5293468000000001,179,24,299
A0A449C469,global_engineering_residual_score,0.95,0.4814436000000001,0.5314436000000001,180,23,292
A0A449C5X9,global_engineering_residual_score,0.95,0.4850502000000001,0.5350502000000001,181,23,284
A0A449C542,global_engineering_residual_score,0.95,0.48113400000000006,0.5311340000000001,182,24,293
A0A3B8DYS4,global_engineering_residual_score,0.95,0.4787696000000001,0.5287696000000001,183,25,300
A0A449C597,global_engineering_residual_score,0.95,0.4793134000000001,0.5293134000000002,184,24,299
A0A0B5A4M1,global_engineering_residual_score,0.95,0.4777566000000001,0.5277566000000001,185,29,300
A0A0B5A2T1,global_engineering_residual_score,0.95,0.4791704000000001,0.5291704000000002,186,24,299
A0A7U4GDF9,global_engineering_residual_score,0.95,0.47512560000000004,0.5251256000000001,187,36,304
A0A3B8DYH7,global_engineering_residual_score,0.95,0.47872900000000007,0.5287290000000001,188,25,300
A0A2D0PDX6,global_engineering_residual_score,0.95,0.48187080000000004,0.5318708000000001,189,23,291
S5M7K0,global_engineering_residual_score,0.95,0.47577420000000004,0.5257742000000001,190,34,303
A0A7D3UL75,global_engineering_residual_score,0.95,0.4757760000000001,0.5257760000000001,191,34,303
A0AAE7V5W0,global_engineering_residual_score,0.95,0.4762218000000001,0.5262218000000001,192,33,303
A0A9P1PUV5,global_engineering_residual_score,0.95,0.478102,0.5281020000000001,193,26,300
A0AAE7S224,global_engineering_residual_score,0.95,0.4747764000000001,0.5247764000000001,194,36,305
A0ABP1YI01,global_engineering_residual_score,0.95,0.4758716,0.5258716,195,33,303
A0A449C541,global_engineering_residual_score,0.95,0.4727608000000001,0.5227608000000001,196,42,305
A0A2C9CYV8,global_engineering_residual_score,0.95,0.4734708000000001,0.5234708000000001,197,39,305
A0A0B4ZZK4,global_engineering_residual_score,0.95,0.47257980000000005,0.5225798,198,42,305
A0ABP1YEP8,global_engineering_residual_score,0.95,0.47350400000000004,0.5235040000000001,199,39,305
A0AAE9FQP6,global_engineering_residual_score,0.95,0.47291040000000006,0.5229104000000001,200,42,305
A0AAE7V7A7,global_engineering_residual_score,0.95,0.47213800000000006,0.5221380000000001,201,43,307
A0AA86J4Z9,global_engineering_residual_score,0.95,0.4724902000000001,0.5224902000000001,202,42,306
A0AAX4M766,global_engineering_residual_score,0.95,0.4740228000000001,0.5240228000000001,203,37,305
A0AAX4M771,global_engineering_residual_score,0.95,0.47184440000000005,0.5218444000000001,204,43,308
A0A0B4ZXG6,global_engineering_residual_score,0.95,0.47136940000000005,0.5213694000000001,205,45,308
A0AAE9FPR6,global_engineering_residual_score,0.95,0.4704836000000001,0.5204836000000002,206,46,310
A1JK73,global_engineering_residual_score,0.95,0.46991440000000007,0.5199144000000001,207,47,311
A0AA86J574,global_engineering_residual_score,0.95,0.4691776000000001,0.5191776000000001,208,47,312
I7KRB0,global_engineering_residual_score,0.95,0.46895520000000007,0.5189552000000001,209,47,312
A0AAE6YPB5,global_engineering_residual_score,0.95,0.46819060000000007,0.5181906000000001,210,48,312
A0A6M3G945,global_engineering_residual_score,0.95,0.46873120000000007,0.5187312000000001,211,47,312
S5MRE0,global_engineering_residual_score,0.95,0.4704322000000001,0.5204322000000001,212,46,310
A0AAE9FV72,global_engineering_residual_score,0.95,0.46749720000000006,0.5174972000000001,213,48,312
A0A3B8E5R1,global_engineering_residual_score,0.95,0.46981700000000004,0.5198170000000001,214,47,311
A0AAE9FSV4,global_engineering_residual_score,0.95,0.46663760000000004,0.5166376,215,48,312
A0ABP1XZ23,global_engineering_residual_score,0.95,0.46720380000000006,0.5172038000000001,216,48,312
I7LEG3,global_engineering_residual_score,0.95,0.46715760000000006,0.5171576000000001,217,48,312
A0A9P1UYK8,global_engineering_residual_score,0.95,0.46717220000000004,0.5171722000000001,218,48,312
A0ABM9SIE6,global_engineering_residual_score,0.95,0.46418800000000005,0.5141880000000001,219,60,313
A0A449C473,global_engineering_residual_score,0.95,0.46715960000000006,0.5171596,220,48,312
A0A7U4GE85,global_engineering_residual_score,0.95,0.46681480000000003,0.5168148,221,48,312
A0A7D3V4S6,global_engineering_residual_score,0.95,0.46582920000000005,0.5158292000000001,222,51,312
A0A2D0PDR4,global_engineering_residual_score,0.95,0.47111120000000006,0.5211112000000001,223,45,309
A0A7T9XT11,global_engineering_residual_score,0.95,0.46577180000000007,0.5157718000000001,224,51,313
A0AAE9JYN2,global_engineering_residual_score,0.95,0.4640698000000001,0.5140698000000001,225,61,313
A1JNA9,global_engineering_residual_score,0.95,0.4633812,0.5133812,226,62,313
A0AAE9JW72,global_engineering_residual_score,0.95,0.4647050000000001,0.5147050000000001,227,57,313
A0A9P1PT53,global_engineering_residual_score,0.95,0.46473420000000004,0.5147342,228,56,313
I7LEN8,global_engineering_residual_score,0.95,0.46541580000000005,0.5154158000000001,229,53,313
Q858V3,global_engineering_residual_score,0.95,0.46297620000000006,0.5129762000000001,230,62,313
A0ABP1YG46,global_engineering_residual_score,0.95,0.46302960000000004,0.5130296000000001,231,62,313
A0A0H3NU55,global_engineering_residual_score,0.95,0.46191180000000004,0.5119118,232,67,314
A0A449C3Q7,global_engineering_residual_score,0.95,0.46212260000000005,0.5121226000000001,233,67,314
A0A449C610,global_engineering_residual_score,0.95,0.4620084000000001,0.5120084000000001,234,67,314
A0ABP1YH51,global_engineering_residual_score,0.95,0.462181,0.512181,235,66,314
A0A2D0PE26,global_engineering_residual_score,0.95,0.4659158000000001,0.5159158000000001,236,51,312
A0A0H5HBD5,global_engineering_residual_score,0.95,0.45815300000000003,0.5081530000000001,237,81,316
A0ABM9S2F3,global_engineering_residual_score,0.95,0.4610362,0.5110362,238,70,314
A0ABM9S2J3,global_engineering_residual_score,0.95,0.461778,0.5117780000000001,239,67,314
A0A6M3G872,global_engineering_residual_score,0.95,0.4617036000000001,0.5117036000000001,240,67,314
A0A0H5GK99,global_engineering_residual_score,0.95,0.46062800000000004,0.5106280000000001,241,71,314
A0A0H3NQF5,global_engineering_residual_score,0.95,0.45996780000000004,0.5099678000000001,242,73,315
A0AAE9FL40,global_engineering_residual_score,0.95,0.4587304000000001,0.5087304000000001,243,80,315
A0A2H1UJ90,global_engineering_residual_score,0.95,0.4635218000000001,0.5135218000000001,244,62,313
A0A6M3G8P6,global_engineering_residual_score,0.95,0.4583248000000001,0.5083248000000001,245,80,315
A0A0B5A2L0,global_engineering_residual_score,0.95,0.45745100000000005,0.5074510000000001,246,82,317
A0A449C6B2,global_engineering_residual_score,0.95,0.4565534000000001,0.5065534000000002,247,84,318
A0A0H5H8V4,global_engineering_residual_score,0.95,0.45339240000000003,0.5033924000000001,248,93,319
F4N731,global_engineering_residual_score,0.95,0.4539672,0.5039672000000001,249,92,318
A0A7U4K299,global_engineering_residual_score,0.95,0.45225560000000004,0.5022556,250,93,321
A0A9P1PUI1,global_engineering_residual_score,0.95,0.45196460000000005,0.5019646000000001,251,96,321
A0ABM9S1Y8,global_engineering_residual_score,0.95,0.4514362,0.5014362,252,99,321
A0AAD2Z2V4,global_engineering_residual_score,0.95,0.45192980000000005,0.5019298000000001,253,96,321
A0AAD2Z484,global_engineering_residual_score,0.95,0.452085,0.502085,254,96,321
A0ABM9SIR4,global_engineering_residual_score,0.95,0.44929260000000004,0.49929260000000003,255,110,322
A0A9P1PVU6,global_engineering_residual_score,0.95,0.4479054,0.4979054,256,116,325
A0ABP1Y817,global_engineering_residual_score,0.95,0.4495444,0.4995444,257,109,321
A0A449C4V3,global_engineering_residual_score,0.95,0.45065780000000005,0.5006578,258,102,321
F4N725,global_engineering_residual_score,0.95,0.4475798,0.4975798,259,116,325
A0A7U4GDF4,global_engineering_residual_score,0.95,0.44953000000000004,0.49953000000000003,260,109,321
A0A3G8F0J9,global_engineering_residual_score,0.95,0.4520372000000001,0.5020372000000001,261,96,321
A0A2H1UJE7,global_engineering_residual_score,0.95,0.4528940000000001,0.5028940000000001,262,93,319
A0AAD2V1D7,global_engineering_residual_score,0.95,0.45179480000000005,0.5017948000000001,263,97,321
A0A0H5H5S4,global_engineering_residual_score,0.95,0.44434440000000003,0.4943444,264,128,329
A0A7U0AV15,global_engineering_residual_score,0.95,0.4451446,0.4951446,265,124,326
A0A0H5HAG0,global_engineering_residual_score,0.95,0.44338500000000003,0.493385,266,131,329
F2Q846,global_engineering_residual_score,0.95,0.4502252,0.5002252,267,104,321
A0AAD2Z5G5,global_engineering_residual_score,0.95,0.4417628,0.4917628,268,136,330
A0AAT9S9R9,global_engineering_residual_score,0.95,0.4445974000000001,0.4945974000000001,269,126,328
A0A2D0PDA0,global_engineering_residual_score,0.95,0.44950160000000006,0.49950160000000005,270,110,321
A0AAD2UW33,global_engineering_residual_score,0.95,0.44298460000000006,0.49298460000000005,271,132,329
A0A0H5G2H5,global_engineering_residual_score,0.95,0.44089580000000006,0.49089580000000005,272,142,331
A0A7T9XU34,global_engineering_residual_score,0.95,0.44570380000000004,0.4957038,273,124,325
A0A0T7P7W8,global_engineering_residual_score,0.95,0.4437276,0.4937276,274,129,329
A1JK75,global_engineering_residual_score,0.95,0.44510600000000006,0.49510600000000005,275,125,326
A0ABP1Y7A6,global_engineering_residual_score,0.95,0.4432634,0.49326339999999996,276,132,329
A0ABM9S4S5,global_engineering_residual_score,0.95,0.44089900000000004,0.49089900000000003,277,142,331
A0A7T9XU28,global_engineering_residual_score,0.95,0.4394884,0.4894884,278,149,332
A0A7U4GEA5,global_engineering_residual_score,0.95,0.4416432,0.4916432,279,136,330
A0A7U0ASF4,global_engineering_residual_score,0.95,0.4383848,0.4883848,280,154,334
A1JMQ3,global_engineering_residual_score,0.95,0.4388244,0.4888244,281,151,332
A0ABP1Y442,global_engineering_residual_score,0.95,0.44082200000000005,0.49082200000000004,282,142,331
A0A0T7PAJ5,global_engineering_residual_score,0.95,0.4376492,0.4876492,283,157,335
A0A9P1V089,global_engineering_residual_score,0.95,0.4385502,0.4885502,284,154,332
A0A0H5EYN4,global_engineering_residual_score,0.95,0.4347268,0.4847268,285,166,344
A0A0H5GK90,global_engineering_residual_score,0.95,0.4342342,0.4842342,286,168,345
A0A9P1PUD9,global_engineering_residual_score,0.95,0.43242620000000004,0.4824262,287,173,350
A0A7U4K0Q6,global_engineering_residual_score,0.95,0.4345848,0.4845848,288,166,344
A0A0H5H5L7,global_engineering_residual_score,0.95,0.43377340000000003,0.4837734,289,169,345
S5M3A2,global_engineering_residual_score,0.95,0.4339320000000001,0.4839320000000001,290,168,345
A0A9P1PW91,global_engineering_residual_score,0.95,0.4306206,0.4806206,291,180,354
A0ABM9SIJ1,global_engineering_residual_score,0.95,0.4308856,0.48088559999999997,292,180,353
A0A7U0AT10,global_engineering_residual_score,0.95,0.43394,0.48394,293,168,345
A0A7U0AVA4,global_engineering_residual_score,0.95,0.4314118,0.4814118,294,178,353
A0A9P1PWI0,global_engineering_residual_score,0.95,0.43146260000000003,0.4814626,295,177,353
A1JND9,global_engineering_residual_score,0.95,0.4293726,0.4793726,296,182,358
A0A0T7PAK2,global_engineering_residual_score,0.95,0.4291516,0.4791516,297,185,358
A0A7U0AWS6,global_engineering_residual_score,0.95,0.42956920000000004,0.47956920000000003,298,182,358
A0ABP1YED8,global_engineering_residual_score,0.95,0.4300412,0.4800412,299,182,356
A0A9P1V3L8,global_engineering_residual_score,0.95,0.42673400000000006,0.47673400000000005,300,190,373
A0A9P1PV32,global_engineering_residual_score,0.95,0.4255166,0.4755166,301,194,377
A0A449C694,global_engineering_residual_score,0.95,0.4268280000000001,0.4768280000000001,302,190,372
A0A7U4K153,global_engineering_residual_score,0.95,0.4269148,0.47691479999999997,303,190,372
A0A2H1X986,global_engineering_residual_score,0.95,0.4305926000000001,0.4805926000000001,304,180,355
A0A0H5H701,global_engineering_residual_score,0.95,0.42189340000000003,0.4718934,305,204,392
A0ABP1YGH5,global_engineering_residual_score,0.95,0.425022,0.475022,306,195,379
A0A9P1UYL2,global_engineering_residual_score,0.95,0.421107,0.471107,307,207,397
A0AAD2Z3Y9,global_engineering_residual_score,0.95,0.4211806,0.4711806,308,206,397
A0A0H5HA66,global_engineering_residual_score,0.95,0.4225188,0.4725188,309,202,391
A0A0T9PR46,global_engineering_residual_score,0.95,0.4195034000000001,0.46950340000000007,310,211,402
A0ABM9S4S8,global_engineering_residual_score,0.95,0.4202136,0.4702136,311,209,399
A0A9P1PT68,global_engineering_residual_score,0.95,0.42225900000000005,0.47225900000000004,312,203,391
A0A9P1V1H6,global_engineering_residual_score,0.95,0.41581060000000003,0.4658106,313,224,420
A0A857F0P1,global_engineering_residual_score,0.95,0.41060620000000003,0.4606062,314,242,449
F4N727,global_engineering_residual_score,0.95,0.41219140000000004,0.46219140000000003,315,234,441
A0AB73QMA1,global_engineering_residual_score,0.95,0.4068776,0.4568776,316,247,479
A0AAD2Z8P4,global_engineering_residual_score,0.95,0.40824000000000005,0.45824000000000004,317,245,468
A0A0H5LRI9,global_engineering_residual_score,0.95,0.40390800000000004,0.45390800000000003,318,249,505
A0A0B4ZZ77,global_engineering_residual_score,0.95,0.40769780000000005,0.45769780000000004,319,246,474
A0AAD2UW21,global_engineering_residual_score,0.95,0.4023026,0.4523026,320,251,516
A0A0H5H5S7,global_engineering_residual_score,0.95,0.4022818,0.4522818,321,251,516
A0A0T9Q3J3,global_engineering_residual_score,0.95,0.398281,0.448281,322,264,548
A0A0T9PX62,global_engineering_residual_score,0.95,0.3979518,0.4479518,323,264,551
A0AAW7K9U6,global_engineering_residual_score,0.95,0.39833680000000005,0.44833680000000004,324,264,547
A0A0H3B5E1,global_engineering_residual_score,0.95,0.3956078,0.4456078,325,267,574
A0A0T9QCI9,global_engineering_residual_score,0.95,0.3946738,0.4446738,326,269,584
A0ABX5QXK4,global_engineering_residual_score,0.95,0.3946366,0.4446366,327,269,584
A0A0T9RET2,global_engineering_residual_score,0.95,0.3994228,0.4494228,328,263,537
A0AAD2Z3C0,global_engineering_residual_score,0.95,0.39452000000000004,0.44452,329,270,585
A0ABM9Y807,global_engineering_residual_score,0.95,0.39133460000000003,0.4413346,330,277,616
A0AAV3BI89,global_engineering_residual_score,0.95,0.3927162,0.4427162,331,275,605
A0ABM9SSL7,global_engineering_residual_score,0.95,0.3895906,0.4395906,332,280,631
A0ABM9TCZ7,global_engineering_residual_score,0.95,0.38831540000000003,0.4383154,333,284,639
A0A0H3B6N5,global_engineering_residual_score,0.95,0.38853820000000006,0.43853820000000004,334,283,638
A0AA36LLT8,global_engineering_residual_score,0.95,0.3875740000000001,0.4375740000000001,335,285,646
A0A0T9UVK0,global_engineering_residual_score,0.95,0.38597480000000006,0.43597480000000005,336,285,666
A0A0T9KM81,global_engineering_residual_score,0.95,0.3858824,0.4358824,337,285,667
A0ABM9Y805,global_engineering_residual_score,0.95,0.38490160000000007,0.43490160000000005,338,285,672
A0AB73PI84,global_engineering_residual_score,0.95,0.3860962,0.4360962,339,285,664
A0A0E1NTH1,global_engineering_residual_score,0.95,0.3870182,0.43701819999999997,340,285,654
A0ABW9EXB2,global_engineering_residual_score,0.95,0.38652020000000004,0.4365202,341,285,660
A0AB72ZKZ2,global_engineering_residual_score,0.95,0.3863628,0.4363628,342,285,661
A0A0T9KX64,global_engineering_residual_score,0.95,0.3855694,0.4355694,343,285,671
Q66BM0,global_engineering_residual_score,0.95,0.381784,0.431784,344,292,694
A0AAI8ZUU9,global_engineering_residual_score,0.95,0.38313040000000004,0.4331304,345,291,685
A0ABM6UUX5,global_engineering_residual_score,0.95,0.38310340000000004,0.4331034,346,291,686
A0ABP2EH72,global_engineering_residual_score,0.95,0.38841780000000004,0.4384178,347,283,639
A0A0A8VKM3,global_engineering_residual_score,0.95,0.38438479999999997,0.43438479999999996,348,287,675
A0AA36LPU1,global_engineering_residual_score,0.95,0.38305540000000005,0.43305540000000003,349,291,686
A0A0T9LS41,global_engineering_residual_score,0.95,0.38273480000000004,0.43273480000000003,350,291,690
A0A0H3B6E3,global_engineering_residual_score,0.95,0.3833858,0.4333858,351,291,682
A0AB72ZMY1,global_engineering_residual_score,0.95,0.3823584,0.4323584,352,292,690
A0A0T9MH64,global_engineering_residual_score,0.95,0.37861520000000004,0.42861520000000003,353,301,710
A0A2G4U2G2,global_engineering_residual_score,0.95,0.3820912,0.4320912,354,292,692
A0ABX5R0C5,global_engineering_residual_score,0.95,0.38061340000000005,0.43061340000000004,355,296,700
A0ABM9XWV8,global_engineering_residual_score,0.95,0.3797612,0.4297612,356,298,705
A0ABM7AH44,global_engineering_residual_score,0.95,0.3788012,0.4288012,357,301,710
A0A380PQB1,global_engineering_residual_score,0.95,0.37996440000000004,0.4299644,358,298,703
A0ABY5UJG2,global_engineering_residual_score,0.95,0.38078460000000003,0.4307846,359,295,699
A0A0H3B4K0,global_engineering_residual_score,0.95,0.37721760000000004,0.42721760000000003,360,301,725
A0AA36LNC6,global_engineering_residual_score,0.95,0.3803924,0.4303924,361,297,701
A0A0T9TRC6,global_engineering_residual_score,0.95,0.37867340000000005,0.42867340000000004,362,301,710
A0A0H3B3D7,global_engineering_residual_score,0.95,0.3784846,0.4284846,363,301,712
A0A380PNY7,global_engineering_residual_score,0.95,0.3765026,0.4265026,364,304,729
A0ABM6UP52,global_engineering_residual_score,0.95,0.37901640000000003,0.4290164,365,301,708
A0A380PNE2,global_engineering_residual_score,0.95,0.3785754,0.4285754,366,301,710
A0ABM9TDA6,global_engineering_residual_score,0.95,0.3753116,0.4253116,367,305,734
A0ABM9TCS0,global_engineering_residual_score,0.95,0.3788346,0.4288346,368,301,709
A0A0H5M9D5,global_engineering_residual_score,0.95,0.3780178,0.4280178,369,301,714
A0A085U5Z0,global_engineering_residual_score,0.95,0.37752080000000005,0.42752080000000003,370,301,723
A0AAV3B8C3,global_engineering_residual_score,0.95,0.37898580000000004,0.42898580000000003,371,301,708
A0A0T9QDU9,global_engineering_residual_score,0.95,0.3778578,0.4278578,372,301,718
A1JQS5,global_engineering_residual_score,0.95,0.37837620000000005,0.42837620000000004,373,301,712
A0ABW9EYQ1,global_engineering_residual_score,0.95,0.3764078,0.4264078,374,304,729
A0AAX2I043,global_engineering_residual_score,0.95,0.37626360000000003,0.4262636,375,304,730
A0A208ZSG0,global_engineering_residual_score,0.95,0.37277140000000003,0.4227714,376,306,746
A0AA90Y526,global_engineering_residual_score,0.95,0.37478700000000004,0.424787,377,306,736
A0A380QTF7,global_engineering_residual_score,0.95,0.37618340000000006,0.42618340000000005,378,304,730
A0A085U317,global_engineering_residual_score,0.95,0.3775578,0.4275578,379,301,722
A0A2U2GXH7,global_engineering_residual_score,0.95,0.3748884,0.4248884,380,306,736
A0ABR4W9H6,global_engineering_residual_score,0.95,0.37406540000000005,0.42406540000000004,381,306,741
A0AB72ZDV0,global_engineering_residual_score,0.95,0.3706432,0.4206432,382,311,755
A0ABR4VWS1,global_engineering_residual_score,0.95,0.37202260000000004,0.4220226,383,308,750
A0AB73Q5K2,global_engineering_residual_score,0.95,0.3716702,0.4216702,384,309,753
A0A0T9UHA7,global_engineering_residual_score,0.95,0.374091,0.424091,385,306,741
A0A0U1R2N4,global_engineering_residual_score,0.95,0.372575,0.422575,386,306,748
A0A380PNP9,global_engineering_residual_score,0.95,0.37151900000000004,0.42151900000000003,387,309,754
A0A0T9QV26,global_engineering_residual_score,0.95,0.376764,0.426764,388,303,728
A0ABM9XUV6,global_engineering_residual_score,0.95,0.373219,0.423219,389,306,743
A0A0T9PYB4,global_engineering_residual_score,0.95,0.36936660000000004,0.41936660000000003,390,313,762
A0ABM6BHQ6,global_engineering_residual_score,0.95,0.3725232,0.4225232,391,306,749
A0A0H3B678,global_engineering_residual_score,0.95,0.3728904,0.4228904,392,306,746
A0A0U1QVC6,global_engineering_residual_score,0.95,0.369448,0.419448,393,313,762
A0AA90XZS1,global_engineering_residual_score,0.95,0.3707132,0.4207132,394,311,755
A0A0H3B1B9,global_engineering_residual_score,0.95,0.37513700000000005,0.42513700000000004,395,305,734
A0AB73Q656,global_engineering_residual_score,0.95,0.3688686,0.4188686,396,313,765
A0A209A9L1,global_engineering_residual_score,0.95,0.37151100000000004,0.421511,397,309,754
A0ABM5UHV5,global_engineering_residual_score,0.95,0.37003660000000005,0.42003660000000004,398,312,757
A0AB72ZL33,global_engineering_residual_score,0.95,0.37145920000000004,0.42145920000000003,399,309,754
A0A2G4TYK3,global_engineering_residual_score,0.95,0.3733516,0.4233516,400,306,742
A0ABR4W5R8,global_engineering_residual_score,0.95,0.3717262,0.4217262,401,309,753
A0A0A8VDN9,global_engineering_residual_score,0.95,0.3678888,0.4178888,402,313,768
A0AAI8ZVG7,global_engineering_residual_score,0.95,0.36695500000000003,0.416955,403,313,773
A0A0H5MHG7,global_engineering_residual_score,0.95,0.37423300000000004,0.424233,404,306,739
A0AAX2I0L3,global_engineering_residual_score,0.95,0.36753840000000004,0.41753840000000003,405,313,771
A0AA36PIC1,global_engineering_residual_score,0.95,0.36671040000000005,0.41671040000000004,406,313,776
A0AAV3BAT5,global_engineering_residual_score,0.95,0.3684288,0.4184288,407,313,767
A0ABM6UW81,global_engineering_residual_score,0.95,0.369521,0.419521,408,312,760
A0ABX5R0V5,global_engineering_residual_score,0.95,0.3666788,0.4166788,409,313,776
A0A0T9MSU1,global_engineering_residual_score,0.95,0.373184,0.423184,410,306,743
A0ABP1Z8F7,global_engineering_residual_score,0.95,0.36615620000000004,0.41615620000000003,411,313,777
A0AB73QHN9,global_engineering_residual_score,0.95,0.36576600000000004,0.415766,412,314,778
A0AB73NKW1,global_engineering_residual_score,0.95,0.367108,0.417108,413,313,772
A0AAV3B8C2,global_engineering_residual_score,0.95,0.366078,0.416078,414,313,777
A0AB73PP81,global_engineering_residual_score,0.95,0.3685682,0.4185682,415,313,766
A0A0T9LN66,global_engineering_residual_score,0.95,0.36685,0.41685,416,313,775
A0ABM7AGN3,global_engineering_residual_score,0.95,0.36546300000000004,0.415463,417,314,778
A0ABM5U8M7,global_engineering_residual_score,0.95,0.3647088,0.4147088,418,314,781
A0ABN4CNM4,global_engineering_residual_score,0.95,0.36985500000000004,0.41985500000000003,419,312,757
A0A0T9RQ76,global_engineering_residual_score,0.95,0.3681296,0.4181296,420,313,767
A0ABX6FH78,global_engineering_residual_score,0.95,0.3638698,0.4138698,421,314,781
A0A380PNA2,global_engineering_residual_score,0.95,0.36743760000000003,0.4174376,422,313,771
A0AA44I1R7,global_engineering_residual_score,0.95,0.366703,0.416703,423,313,776
A0ABP2DZT0,global_engineering_residual_score,0.95,0.36185160000000005,0.41185160000000004,424,315,787
A0ABY5UX71,global_engineering_residual_score,0.95,0.3647088,0.4147088,425,314,781
A0AB73QFS4,global_engineering_residual_score,0.95,0.3628816,0.4128816,426,314,785
A0A380PUT3,global_engineering_residual_score,0.95,0.36396880000000004,0.4139688,427,314,781
A0A085U7Z9,global_engineering_residual_score,0.95,0.3628848,0.4128848,428,314,785
A0A208ZSG3,global_engineering_residual_score,0.95,0.3636492,0.4136492,429,314,782
A0ABM9TGV0,global_engineering_residual_score,0.95,0.3623058,0.4123058,430,314,786
A0AA44CPT5,global_engineering_residual_score,0.95,0.36526580000000003,0.4152658,431,314,778
A0A0T9KLV1,global_engineering_residual_score,0.95,0.36207500000000004,0.412075,432,315,786
A0ABW9ETP4,global_engineering_residual_score,0.95,0.3651664,0.4151664,433,314,779
A0A0E1NNL7,global_engineering_residual_score,0.95,0.36520400000000003,0.415204,434,314,778
A0A0U1QWC7,global_engineering_residual_score,0.95,0.3616934,0.4116934,435,315,787
A0ABM9STX9,global_engineering_residual_score,0.95,0.361057,0.411057,436,315,789
A0A380QTH7,global_engineering_residual_score,0.95,0.36465780000000003,0.4146578,437,314,781
A0ABM6UUN8,global_engineering_residual_score,0.95,0.363918,0.413918,438,314,781
A0A2G4U293,global_engineering_residual_score,0.95,0.3637396,0.4137396,439,314,782
A0ABM5SR09,global_engineering_residual_score,0.95,0.3603044,0.4103044,440,316,790
Q666T9,global_engineering_residual_score,0.95,0.36590700000000004,0.415907,441,313,778
A0A0T9QEA5,global_engineering_residual_score,0.95,0.3611602,0.4111602,442,315,788
A0AA44CIX0,global_engineering_residual_score,0.95,0.3608618,0.4108618,443,315,789
A0ABM7ANK9,global_engineering_residual_score,0.95,0.3634892,0.4134892,444,314,782
A0ABR4VY47,global_engineering_residual_score,0.95,0.362536,0.412536,445,314,786
A0A0H2W1J5,global_engineering_residual_score,0.95,0.3600486,0.4100486,446,316,790
A0AB73PZQ4,global_engineering_residual_score,0.95,0.3601318,0.4101318,447,316,790
A0ABP1YSK3,global_engineering_residual_score,0.95,0.3625664,0.4125664,448,314,786
A0AAW7JSQ1,global_engineering_residual_score,0.95,0.36016780000000004,0.4101678,449,316,790
A0ABM9YBE2,global_engineering_residual_score,0.95,0.35875280000000004,0.4087528,450,316,793
A0ABM9TGR4,global_engineering_residual_score,0.95,0.364406,0.414406,451,314,781
A0ABY5UV58,global_engineering_residual_score,0.95,0.3580194,0.4080194,452,317,793
A0ABP1ZGZ5,global_engineering_residual_score,0.95,0.35792060000000003,0.4079206,453,317,794
A0A0H2YKF3,global_engineering_residual_score,0.95,0.35868140000000004,0.40868140000000003,454,316,793
A0AA44CIM3,global_engineering_residual_score,0.95,0.35995220000000006,0.40995220000000004,455,316,790
Q66BC8,global_engineering_residual_score,0.95,0.36158900000000005,0.41158900000000004,456,315,787
A0ABM9SZ95,global_engineering_residual_score,0.95,0.3582898,0.4082898,457,316,793
A0AA36LM82,global_engineering_residual_score,0.95,0.3600388,0.4100388,458,316,790
A0AB73PEI7,global_engineering_residual_score,0.95,0.35763960000000006,0.40763960000000005,459,318,794
A0A380PP39,global_engineering_residual_score,0.95,0.3586268,0.4086268,460,316,793
A0A0T9RKA1,global_engineering_residual_score,0.95,0.36108840000000003,0.4110884,461,315,788
A0A0H3B6E0,global_engineering_residual_score,0.95,0.35741,0.40741,462,318,794
A0ABM5U8N2,global_engineering_residual_score,0.95,0.36004420000000004,0.4100442,463,316,790
A0ABW9EWX0,global_engineering_residual_score,0.95,0.3596942,0.4096942,464,316,791
A0ABP1Y7W3,global_engineering_residual_score,0.95,0.3580224,0.4080224,465,317,793
A0ABN4PWA2,global_engineering_residual_score,0.95,0.36031060000000004,0.4103106,466,316,790
A0ABM5UH14,global_engineering_residual_score,0.95,0.35864240000000003,0.4086424,467,316,793
A0A0T9KKA0,global_engineering_residual_score,0.95,0.3586298,0.4086298,468,316,793
Q66CW5,global_engineering_residual_score,0.95,0.3598872,0.4098872,469,316,790
A0A380Q814,global_engineering_residual_score,0.95,0.3561376,0.4061376,470,319,797
A0A0E1NX19,global_engineering_residual_score,0.95,0.3564098,0.4064098,471,319,796
A0ABM9Y7R4,global_engineering_residual_score,0.95,0.357873,0.407873,472,317,794
A0ABN4PV81,global_engineering_residual_score,0.95,0.35571820000000004,0.40571820000000003,473,319,797
A0ABM7ALJ4,global_engineering_residual_score,0.95,0.3576632,0.4076632,474,318,794
A0A857EWU7,global_engineering_residual_score,0.95,0.3586992,0.4086992,475,316,793
A0A0T9UMM8,global_engineering_residual_score,0.95,0.36221480000000006,0.41221480000000005,476,314,786
A0A0A8VIE2,global_engineering_residual_score,0.95,0.3552322,0.4052322,477,319,798
A0ABP1YWJ1,global_engineering_residual_score,0.95,0.3559544,0.4059544,478,319,797
A0A0H3AWU3,global_engineering_residual_score,0.95,0.3578922,0.4078922,479,317,794
A0AA90XTP7,global_engineering_residual_score,0.95,0.35822360000000003,0.4082236,480,317,793
A0ABR4W506,global_engineering_residual_score,0.95,0.3582858,0.4082858,481,316,793
A0A0T9KYN8,global_engineering_residual_score,0.95,0.3541868,0.4041868,482,319,804
A0A0E1NTB1,global_engineering_residual_score,0.95,0.3582638,0.4082638,483,316,793
A0AAW7JU40,global_engineering_residual_score,0.95,0.35467380000000004,0.40467380000000003,484,319,803
A0ABM5U8P4,global_engineering_residual_score,0.95,0.3559166,0.4059166,485,319,797
A0ABM9TMK5,global_engineering_residual_score,0.95,0.35404,0.40404,486,319,805
A0AA36LQN9,global_engineering_residual_score,0.95,0.3566634,0.4066634,487,319,796
A0ABR4W522,global_engineering_residual_score,0.95,0.35718520000000004,0.4071852,488,318,794
A0AB73P4D7,global_engineering_residual_score,0.95,0.3570432,0.4070432,489,318,794
A0A380Q9X7,global_engineering_residual_score,0.95,0.35421060000000004,0.40421060000000003,490,319,804
A0AAW7K6S3,global_engineering_residual_score,0.95,0.35361980000000004,0.40361980000000003,491,320,807
A0A0T9PX89,global_engineering_residual_score,0.95,0.3552196,0.4052196,492,319,799
A0A0T9LN06,global_engineering_residual_score,0.95,0.35650580000000004,0.40650580000000003,493,319,796
A0A0T9KYN4,global_engineering_residual_score,0.95,0.35353060000000003,0.4035306,494,320,807
A0ABM9TUX3,global_engineering_residual_score,0.95,0.356024,0.406024,495,319,797
A0AA44CIL6,global_engineering_residual_score,0.95,0.3553178,0.4053178,496,319,798
A0A0U1QX07,global_engineering_residual_score,0.95,0.35597300000000004,0.40597300000000003,497,319,797
A0A380Q7B5,global_engineering_residual_score,0.95,0.35566400000000004,0.405664,498,319,797
A0A208ZGJ0,global_engineering_residual_score,0.95,0.35201540000000003,0.4020154,499,322,809
A0A0T9LN23,global_engineering_residual_score,0.95,0.3558546,0.4058546,500,319,797
A0ABM6UP56,global_engineering_residual_score,0.95,0.3524318,0.4024318,501,320,809
A0A0T9QDA1,global_engineering_residual_score,0.95,0.3518076,0.4018076,502,322,809
Q666U1,global_engineering_residual_score,0.95,0.35481080000000004,0.4048108,503,319,801
A0ABM7ANU6,global_engineering_residual_score,0.95,0.3552984,0.4052984,504,319,798
A0AAV3BFB4,global_engineering_residual_score,0.95,0.355173,0.405173,505,319,799
A0AA44I1K4,global_engineering_residual_score,0.95,0.3533006,0.4033006,506,320,807
A0AB73Q1P8,global_engineering_residual_score,0.95,0.35139180000000003,0.4013918,507,322,809
A0A0H2YL52,global_engineering_residual_score,0.95,0.35455400000000004,0.404554,508,319,803
A0A0T9QE48,global_engineering_residual_score,0.95,0.35120740000000006,0.40120740000000005,509,322,809
Q66CW9,global_engineering_residual_score,0.95,0.35429360000000004,0.40429360000000003,510,319,803
A0ABM6UNY3,global_engineering_residual_score,0.95,0.3527922,0.4027922,511,320,809
A0ABX5R0U9,global_engineering_residual_score,0.95,0.3527928,0.4027928,512,320,809
A0A0H3AYM7,global_engineering_residual_score,0.95,0.35446540000000004,0.40446540000000003,513,319,803
A0A0T9UM98,global_engineering_residual_score,0.95,0.3524108,0.4024108,514,320,809
A0ABR4W6F7,global_engineering_residual_score,0.95,0.35168200000000005,0.40168200000000004,515,322,809
A0A0H2Y6N9,global_engineering_residual_score,0.95,0.3511202,0.4011202,516,322,809
A0AA44CKU4,global_engineering_residual_score,0.95,0.35089620000000005,0.40089620000000004,517,322,811
A0ABW9EXU6,global_engineering_residual_score,0.95,0.3540376,0.4040376,518,319,805
A0A0H3B0A7,global_engineering_residual_score,0.95,0.3529336,0.4029336,519,320,808
Q66BF1,global_engineering_residual_score,0.95,0.3501946,0.4001946,520,322,812
A0AB73NKK6,global_engineering_residual_score,0.95,0.34961320000000007,0.39961320000000006,521,322,812
A0ABM6UX29,global_engineering_residual_score,0.95,0.351421,0.401421,522,322,809
A0A380Q8N6,global_engineering_residual_score,0.95,0.35334620000000005,0.40334620000000004,523,320,807
A0ABX6FD19,global_engineering_residual_score,0.95,0.35259440000000003,0.4025944,524,320,809
A0A857EWT6,global_engineering_residual_score,0.95,0.3532968,0.4032968,525,320,807
A0ABP1ZEA7,global_engineering_residual_score,0.95,0.3502078,0.4002078,526,322,812
A0A380Q4G1,global_engineering_residual_score,0.95,0.34890560000000004,0.3989056,527,323,813
A0ABN4FAB0,global_engineering_residual_score,0.95,0.34964500000000004,0.39964500000000003,528,322,812
Q66BC4,global_engineering_residual_score,0.95,0.34898460000000003,0.3989846,529,323,813
A0ABY5UJR0,global_engineering_residual_score,0.95,0.34877060000000004,0.39877060000000003,530,323,813
A0A0T9LR98,global_engineering_residual_score,0.95,0.3490816,0.3990816,531,323,813
A0ABX5QYD3,global_engineering_residual_score,0.95,0.34964340000000005,0.39964340000000004,532,322,812
A0AB73NQS2,global_engineering_residual_score,0.95,0.35097300000000003,0.400973,533,322,810
A0A0T9N2B7,global_engineering_residual_score,0.95,0.35136880000000004,0.4013688,534,322,809
A0AAI8ZTY6,global_engineering_residual_score,0.95,0.3472312,0.3972312,535,326,814
A0ABP1YVJ3,global_engineering_residual_score,0.95,0.34848160000000006,0.39848160000000005,536,323,814
A0ABM6UTV9,global_engineering_residual_score,0.95,0.3512314,0.4012314,537,322,809
A0A0T9Q3M1,global_engineering_residual_score,0.95,0.3502284,0.4002284,538,322,812
A0A857F2M2,global_engineering_residual_score,0.95,0.3486068,0.3986068,539,323,813
Q8D1M8,global_engineering_residual_score,0.95,0.3519668,0.4019668,540,322,809
A0A0T9PT88,global_engineering_residual_score,0.95,0.3509818,0.4009818,541,322,810
A0A0T9KM71,global_engineering_residual_score,0.95,0.3478628,0.3978628,542,326,814
A0A0T9RK55,global_engineering_residual_score,0.95,0.3496608,0.3996608,543,322,812
A0A5P8YE56,global_engineering_residual_score,0.95,0.3507042,0.4007042,544,322,812
A0A0T9QGW8,global_engineering_residual_score,0.95,0.35578540000000003,0.4057854,545,319,797
A0ABP1ZLC4,global_engineering_residual_score,0.95,0.34767820000000005,0.39767820000000004,546,326,814
A0A0T9QY81,global_engineering_residual_score,0.95,0.3469162,0.3969162,547,326,814
A0ABR4W4S9,global_engineering_residual_score,0.95,0.3474442,0.39744419999999997,548,326,814
A0ABM5U8N9,global_engineering_residual_score,0.95,0.3477312,0.3977312,549,326,814
A0AA36PLD9,global_engineering_residual_score,0.95,0.3468422,0.3968422,550,326,814
A0ABX6F3U1,global_engineering_residual_score,0.95,0.34621140000000006,0.39621140000000005,551,326,814
A0A0H2W3V2,global_engineering_residual_score,0.95,0.3481942,0.3981942,552,325,814
A0AA36LNQ9,global_engineering_residual_score,0.95,0.3493064,0.3993064,553,323,812
A0A2G4U6E8,global_engineering_residual_score,0.95,0.34662940000000003,0.3966294,554,326,814
A0ABN4CUZ1,global_engineering_residual_score,0.95,0.34605260000000004,0.39605260000000003,555,326,814
A0ABW9EZG0,global_engineering_residual_score,0.95,0.3486482,0.3986482,556,323,813
A0A0U1QUW3,global_engineering_residual_score,0.95,0.3493162,0.3993162,557,323,812
A0ABX6F9M0,global_engineering_residual_score,0.95,0.3458956,0.3958956,558,326,815
A0ABN4F8Y2,global_engineering_residual_score,0.95,0.34564140000000004,0.39564140000000003,559,326,815
A0AA90XTS9,global_engineering_residual_score,0.95,0.3453646,0.3953646,560,327,816
A0AA44CL49,global_engineering_residual_score,0.95,0.34830340000000004,0.39830340000000003,561,324,814
A0AA36LIH7,global_engineering_residual_score,0.95,0.34574900000000003,0.395749,562,326,815
A0A0T9KXM0,global_engineering_residual_score,0.95,0.34549640000000004,0.3954964,563,327,815
Q66BN2,global_engineering_residual_score,0.95,0.3466788,0.3966788,564,326,814
A0ABM9XUU0,global_engineering_residual_score,0.95,0.34704,0.39704,565,326,814
A0ABP2DXX8,global_engineering_residual_score,0.95,0.34809480000000004,0.3980948,566,325,814
A0A208ZSF8,global_engineering_residual_score,0.95,0.3479678,0.3979678,567,325,814
A0A208ZSS5,global_engineering_residual_score,0.95,0.3445126,0.3945126,568,330,816
A0A380PTJ1,global_engineering_residual_score,0.95,0.3475334,0.3975334,569,326,814
A0AA36LSX5,global_engineering_residual_score,0.95,0.34368560000000004,0.3936856,570,330,817
A0A0T9PTD3,global_engineering_residual_score,0.95,0.3466496,0.3966496,571,326,814
A0ABM6BHL4,global_engineering_residual_score,0.95,0.34640600000000005,0.39640600000000004,572,326,814
A0AA36PL17,global_engineering_residual_score,0.95,0.3439066,0.3939066,573,330,817
A0A380Q3T2,global_engineering_residual_score,0.95,0.3489782,0.3989782,574,323,813
A0A0T9PR09,global_engineering_residual_score,0.95,0.3445722,0.3945722,575,329,816
A0A2G4U6D9,global_engineering_residual_score,0.95,0.3456946,0.3956946,576,326,815
A0ABP1Z7N4,global_engineering_residual_score,0.95,0.34570900000000004,0.39570900000000003,577,326,815
A0ABM9SY22,global_engineering_residual_score,0.95,0.3439514,0.3939514,578,330,817
A0AAV3BFY5,global_engineering_residual_score,0.95,0.3471078,0.3971078,579,326,814
A0ABM9TCW2,global_engineering_residual_score,0.95,0.34723440000000005,0.39723440000000004,580,326,814
B6CGX2,global_engineering_residual_score,0.95,0.3439512,0.3939512,581,330,817
A0A380PPA0,global_engineering_residual_score,0.95,0.34467420000000004,0.39467420000000003,582,327,816
A0A2G4U294,global_engineering_residual_score,0.95,0.3453544,0.3953544,583,327,816
A0ABX6F8L7,global_engineering_residual_score,0.95,0.3438894,0.3938894,584,330,817
A0A0T9QCY7,global_engineering_residual_score,0.95,0.34332540000000006,0.39332540000000005,585,330,817
A0ABN4PWW7,global_engineering_residual_score,0.95,0.3452214,0.3952214,586,327,816
A0ABM6BJY1,global_engineering_residual_score,0.95,0.34398460000000003,0.3939846,587,330,817
A0A0H3B5G2,global_engineering_residual_score,0.95,0.342472,0.392472,588,331,817
A0ABM5Q137,global_engineering_residual_score,0.95,0.34362020000000004,0.39362020000000003,589,330,817
A0ABM5SKZ0,global_engineering_residual_score,0.95,0.34326300000000004,0.39326300000000003,590,330,817
A0A0U1QW74,global_engineering_residual_score,0.95,0.34526660000000003,0.3952666,591,327,816
A0ABY5UJQ0,global_engineering_residual_score,0.95,0.3416576,0.3916576,592,331,818
A0A0U1HX05,global_engineering_residual_score,0.95,0.3427332,0.3927332,593,330,817
A0AAX2HZP5,global_engineering_residual_score,0.95,0.34586540000000005,0.39586540000000003,594,326,815
A0A0T9KKF4,global_engineering_residual_score,0.95,0.34539580000000003,0.3953958,595,327,816
A0A0T9QHF4,global_engineering_residual_score,0.95,0.344816,0.394816,596,327,816
A0A0U1R055,global_engineering_residual_score,0.95,0.34416900000000006,0.39416900000000005,597,330,817
A0AB72ZSW9,global_engineering_residual_score,0.95,0.34054260000000003,0.3905426,598,332,820
A0A2A7VG50,global_engineering_residual_score,0.95,0.34393280000000004,0.3939328,599,330,817
A0ABM5Q0I6,global_engineering_residual_score,0.95,0.34519,0.39519,600,327,816
A0A380PP26,global_engineering_residual_score,0.95,0.34474940000000004,0.39474940000000003,601,327,816
A0ABM5UGZ3,global_engineering_residual_score,0.95,0.3429076,0.39290759999999997,602,330,817
A0ABM9TW88,global_engineering_residual_score,0.95,0.341971,0.391971,603,331,818
A0ABP1YW71,global_engineering_residual_score,0.95,0.342334,0.392334,604,331,817
A0A0T9QDB9,global_engineering_residual_score,0.95,0.34201980000000004,0.39201980000000003,605,331,817
A0ABP2E2L7,global_engineering_residual_score,0.95,0.341285,0.391285,606,332,819
A0ABM9Y7W9,global_engineering_residual_score,0.95,0.3414228,0.3914228,607,331,819
A0ABW9EY82,global_engineering_residual_score,0.95,0.34166320000000006,0.39166320000000004,608,331,818
A0AA44CMJ6,global_engineering_residual_score,0.95,0.3409938,0.3909938,609,332,820
A0AB73P877,global_engineering_residual_score,0.95,0.3406826,0.3906826,610,332,820
A0AA90XYJ4,global_engineering_residual_score,0.95,0.3415386,0.3915386,611,331,819
A0ABM9XWU7,global_engineering_residual_score,0.95,0.3436888,0.3936888,612,330,817
A0A0T9N293,global_engineering_residual_score,0.95,0.34153100000000003,0.391531,613,331,819
A0AB73NNK1,global_engineering_residual_score,0.95,0.34224980000000005,0.39224980000000004,614,331,817
A0AA44CQ33,global_engineering_residual_score,0.95,0.340243,0.390243,615,332,820
A0ABW9ETP1,global_engineering_residual_score,0.95,0.34052740000000004,0.3905274,616,332,820
A0ABR4W680,global_engineering_residual_score,0.95,0.340953,0.390953,617,332,820
A0A0T9RK20,global_engineering_residual_score,0.95,0.34383280000000005,0.39383280000000004,618,330,817
A0A380PRV1,global_engineering_residual_score,0.95,0.3435694,0.3935694,619,330,817
A0A0T9KKH2,global_engineering_residual_score,0.95,0.3394958,0.3894958,620,333,820
A0A380QJL7,global_engineering_residual_score,0.95,0.340336,0.390336,621,332,820
A0ABM6BJA0,global_engineering_residual_score,0.95,0.3437078,0.3937078,622,330,817
A0A0H3B592,global_engineering_residual_score,0.95,0.34310620000000003,0.3931062,623,330,817
A0ABN4H4Y5,global_engineering_residual_score,0.95,0.340025,0.390025,624,332,820
A0A0T9TRH4,global_engineering_residual_score,0.95,0.34195180000000003,0.3919518,625,331,818
A0ABM6BHF9,global_engineering_residual_score,0.95,0.34304700000000005,0.39304700000000004,626,330,817
A0A209AAW7,global_engineering_residual_score,0.95,0.33905260000000004,0.3890526,627,333,820
A0AA91BG92,global_engineering_residual_score,0.95,0.34049880000000005,0.39049880000000003,628,332,820
A0A380Q9K9,global_engineering_residual_score,0.95,0.34085580000000004,0.39085580000000003,629,332,820
A0ABM5SPQ0,global_engineering_residual_score,0.95,0.33851820000000005,0.38851820000000004,630,334,820
A0ABM5ST74,global_engineering_residual_score,0.95,0.34063,0.39063,631,332,820
A0AAV3BFT4,global_engineering_residual_score,0.95,0.3387926,0.3887926,632,333,820
Q66BC6,global_engineering_residual_score,0.95,0.33884480000000006,0.38884480000000005,633,333,820
A0A0T9RLX7,global_engineering_residual_score,0.95,0.33865160000000005,0.38865160000000004,634,333,820
A0ABN4CQH5,global_engineering_residual_score,0.95,0.33772080000000004,0.38772080000000003,635,336,820
A0AB73Q5E6,global_engineering_residual_score,0.95,0.3375996,0.3875996,636,336,820
A0A0U1QXU2,global_engineering_residual_score,0.95,0.341166,0.391166,637,332,819
A0AB73PBS8,global_engineering_residual_score,0.95,0.336928,0.386928,638,338,820
A0ABM5Q1D7,global_engineering_residual_score,0.95,0.3376978,0.3876978,639,336,820
A0ABP1Z8M7,global_engineering_residual_score,0.95,0.3376096,0.3876096,640,336,820
A0A380QDK2,global_engineering_residual_score,0.95,0.3374336,0.3874336,641,337,820
Q7CIG2,global_engineering_residual_score,0.95,0.33702940000000003,0.3870294,642,337,820
A0ABP2ED01,global_engineering_residual_score,0.95,0.3372966,0.3872966,643,337,820
A0ABX5QZM3,global_engineering_residual_score,0.95,0.33986740000000004,0.38986740000000003,644,332,820
A0ABM9ST81,global_engineering_residual_score,0.95,0.33660160000000006,0.38660160000000005,645,338,821
A0AB73NFU9,global_engineering_residual_score,0.95,0.33706440000000004,0.38706440000000003,646,337,820
A0AA44CIR8,global_engineering_residual_score,0.95,0.3369286,0.3869286,647,338,820
A0ABP1Y756,global_engineering_residual_score,0.95,0.3359278,0.3859278,648,342,821
Q66BM2,global_engineering_residual_score,0.95,0.3369854,0.3869854,649,338,820
A0AAX2I0V1,global_engineering_residual_score,0.95,0.3397992,0.3897992,650,332,820
A0ABM5UH09,global_engineering_residual_score,0.95,0.3360734,0.3860734,651,341,821
A0A0T9UVW1,global_engineering_residual_score,0.95,0.3365116,0.3865116,652,339,821
A0A0T9KME1,global_engineering_residual_score,0.95,0.3357806,0.3857806,653,343,821
A0A0T9RC84,global_engineering_residual_score,0.95,0.3388584,0.3888584,654,333,820
A0ABM9XX67,global_engineering_residual_score,0.95,0.33635780000000004,0.38635780000000003,655,340,821
A0A0T9KKM2,global_engineering_residual_score,0.95,0.3362136,0.3862136,656,340,821
A0ABM5PZP9,global_engineering_residual_score,0.95,0.33604660000000003,0.3860466,657,341,821
A0ABP2EGX4,global_engineering_residual_score,0.95,0.33933040000000003,0.3893304,658,333,820
A0AB73NNV4,global_engineering_residual_score,0.95,0.3355342,0.3855342,659,344,821
A0A0T9PN75,global_engineering_residual_score,0.95,0.33827720000000006,0.38827720000000004,660,336,820
A0AB72ZRU6,global_engineering_residual_score,0.95,0.33625320000000003,0.3862532,661,340,821
A0ABW9EZJ2,global_engineering_residual_score,0.95,0.33719600000000005,0.38719600000000004,662,337,820
A0AB73PN87,global_engineering_residual_score,0.95,0.33565500000000004,0.385655,663,343,821
A0A0T9RLI7,global_engineering_residual_score,0.95,0.3376648,0.3876648,664,336,820
A0ABM6BKQ9,global_engineering_residual_score,0.95,0.33732340000000005,0.38732340000000004,665,337,820
A0A0T9KM28,global_engineering_residual_score,0.95,0.3371634,0.3871634,666,337,820
A0ABM9SYN9,global_engineering_residual_score,0.95,0.3367962,0.3867962,667,338,821
Q66CW3,global_engineering_residual_score,0.95,0.33483060000000003,0.3848306,668,345,821
A0AB73NNI1,global_engineering_residual_score,0.95,0.33481400000000006,0.38481400000000004,669,345,821
Q66CW8,global_engineering_residual_score,0.95,0.3377388,0.3877388,670,336,820
A0ABM9TBF6,global_engineering_residual_score,0.95,0.33694060000000003,0.3869406,671,338,820
A0AAW7K4V6,global_engineering_residual_score,0.95,0.3331536,0.3831536,672,347,822
A0ABM6UUY9,global_engineering_residual_score,0.95,0.33711840000000004,0.38711840000000003,673,337,820
A0ABM9SSJ6,global_engineering_residual_score,0.95,0.3335422,0.3835422,674,346,822
A0ABM6BHZ0,global_engineering_residual_score,0.95,0.3338838,0.3838838,675,346,822
A0A0T9P2Y6,global_engineering_residual_score,0.95,0.3334142,0.3834142,676,346,822
A0ABM9TZ37,global_engineering_residual_score,0.95,0.33383820000000003,0.3838382,677,346,822
A0AA36LM41,global_engineering_residual_score,0.95,0.3331792,0.3831792,678,347,822
A0ABP1ZYM0,global_engineering_residual_score,0.95,0.33568620000000005,0.38568620000000003,679,343,821
A0A380QV68,global_engineering_residual_score,0.95,0.33296400000000004,0.382964,680,350,822
A0A380QB56,global_engineering_residual_score,0.95,0.3327858,0.3827858,681,350,822
A0ABP1Y4A2,global_engineering_residual_score,0.95,0.3329246,0.3829246,682,350,822
A0AA44HZF8,global_engineering_residual_score,0.95,0.33209920000000004,0.3820992,683,352,822
A0ABM5Q168,global_engineering_residual_score,0.95,0.3343044,0.3843044,684,346,822
A0A0T9UVB9,global_engineering_residual_score,0.95,0.33427860000000004,0.3842786,685,346,822
A0A0K1H0L3,global_engineering_residual_score,0.95,0.33573020000000003,0.3857302,686,343,821
A0AA44CIT3,global_engineering_residual_score,0.95,0.33230160000000003,0.3823016,687,352,822
A0ABM9SWE1,global_engineering_residual_score,0.95,0.3317026,0.3817026,688,354,823
A0A380PNK7,global_engineering_residual_score,0.95,0.33374780000000004,0.38374780000000003,689,346,822
A0A0T9RLY2,global_engineering_residual_score,0.95,0.3311432,0.3811432,690,354,824
A0AA36PKW6,global_engineering_residual_score,0.95,0.33184240000000004,0.3818424,691,353,822
A0A0T9UVI4,global_engineering_residual_score,0.95,0.3314682,0.3814682,692,354,824
A0AA36LMJ6,global_engineering_residual_score,0.95,0.3347394,0.3847394,693,345,822
A0ABX5QZN1,global_engineering_residual_score,0.95,0.331315,0.381315,694,354,824
A0A208ZGJ5,global_engineering_residual_score,0.95,0.3306374,0.3806374,695,355,824
A0A857F0P9,global_engineering_residual_score,0.95,0.3308246,0.3808246,696,354,824
A0A0T9KLZ3,global_engineering_residual_score,0.95,0.3297088,0.3797088,697,359,824
A0A0T9TRJ0,global_engineering_residual_score,0.95,0.330608,0.380608,698,356,824
A0ABM7ANH7,global_engineering_residual_score,0.95,0.32993000000000006,0.37993000000000005,699,358,824
A0ABN5RBQ6,global_engineering_residual_score,0.95,0.3332142,0.3832142,700,347,822
A0A0T9RKV0,global_engineering_residual_score,0.95,0.32979780000000003,0.3797978,701,358,824
A0A0T9UMV0,global_engineering_residual_score,0.95,0.3302714,0.3802714,702,357,824
A0ABX5QZY2,global_engineering_residual_score,0.95,0.3301064,0.3801064,703,357,824
A0A0T9KZA2,global_engineering_residual_score,0.95,0.33311120000000005,0.38311120000000004,704,348,822
A0AB72ZN12,global_engineering_residual_score,0.95,0.32972440000000003,0.3797244,705,359,824
A0ABN4F2B0,global_engineering_residual_score,0.95,0.3288242,0.3788242,706,362,824
A0ABN4PY35,global_engineering_residual_score,0.95,0.32938300000000004,0.379383,707,359,824
A0A380PRL5,global_engineering_residual_score,0.95,0.332042,0.382042,708,353,822
A0ABM6UNY7,global_engineering_residual_score,0.95,0.3289536,0.3789536,709,361,824
A0A380PNL7,global_engineering_residual_score,0.95,0.3280444,0.3780444,710,368,824
A0A0T9UVN8,global_engineering_residual_score,0.95,0.32850080000000004,0.3785008,711,366,824
A0A0T9QEH2,global_engineering_residual_score,0.95,0.3275252,0.3775252,712,371,824
A0A2R4NRD1,global_engineering_residual_score,0.95,0.3279576,0.3779576,713,369,824
A0AA36LLP1,global_engineering_residual_score,0.95,0.32812440000000004,0.3781244,714,368,824
A0AB73Q6N8,global_engineering_residual_score,0.95,0.32777680000000003,0.3777768,715,370,824
A0ABW9EZD5,global_engineering_residual_score,0.95,0.32849740000000005,0.37849740000000004,716,366,824
A0ABM9TKC9,global_engineering_residual_score,0.95,0.3272224,0.3772224,717,372,824
A0ABX5QX18,global_engineering_residual_score,0.95,0.3279482,0.3779482,718,369,824
A0AAV3BF90,global_engineering_residual_score,0.95,0.32779600000000003,0.377796,719,370,824
A0A0T9QWS2,global_engineering_residual_score,0.95,0.32684880000000005,0.37684880000000004,720,373,824
A0ABP1YDG7,global_engineering_residual_score,0.95,0.3275814,0.3775814,721,370,824
A0ABR4W6J9,global_engineering_residual_score,0.95,0.32783,0.37783,722,370,824
A0A0T9UVJ2,global_engineering_residual_score,0.95,0.327942,0.377942,723,369,824
A0A0T9RMJ4,global_engineering_residual_score,0.95,0.3273474,0.3773474,724,372,824
A0A0T9RLS7,global_engineering_residual_score,0.95,0.3263708,0.3763708,725,376,825
A0ABP1YU38,global_engineering_residual_score,0.95,0.32708880000000007,0.37708880000000006,726,373,824
A0A0T9UMT9,global_engineering_residual_score,0.95,0.3257126,0.3757126,727,378,825
A0ABN4PP01,global_engineering_residual_score,0.95,0.32593520000000004,0.3759352,728,378,825
A0A0T9QQ84,global_engineering_residual_score,0.95,0.327079,0.377079,729,373,824
A0A0H5LRG1,global_engineering_residual_score,0.95,0.32665320000000003,0.3766532,730,374,825
A0A0H5LRI4,global_engineering_residual_score,0.95,0.32537040000000006,0.37537040000000005,731,378,826
A0A0T9QYU5,global_engineering_residual_score,0.95,0.3250942,0.3750942,732,380,826
A0A0T9KZ32,global_engineering_residual_score,0.95,0.3280052,0.3780052,733,369,824
A0A2G4U3T2,global_engineering_residual_score,0.95,0.32440460000000004,0.37440460000000003,734,382,826
A0A0U1HXL6,global_engineering_residual_score,0.95,0.324113,0.374113,735,383,826
A0ABN4PNK0,global_engineering_residual_score,0.95,0.33283460000000004,0.3828346,736,350,822
A0AA44CMJ2,global_engineering_residual_score,0.95,0.32437600000000005,0.37437600000000004,737,382,826
A0A0T9RLV1,global_engineering_residual_score,0.95,0.3242762,0.3742762,738,382,826
A0AA36LNC2,global_engineering_residual_score,0.95,0.32421140000000004,0.3742114,739,383,826
A0A0T9RPC1,global_engineering_residual_score,0.95,0.32509720000000003,0.3750972,740,380,826
A0AA36LUV4,global_engineering_residual_score,0.95,0.32383320000000004,0.37383320000000003,741,385,826
A0A0H3B0N5,global_engineering_residual_score,0.95,0.32599,0.37599,742,378,825
A0ABP1YU19,global_engineering_residual_score,0.95,0.3225616,0.3725616,743,391,826
A0A0T9KKL7,global_engineering_residual_score,0.95,0.3230806,0.3730806,744,388,826
A0ABP2E0A1,global_engineering_residual_score,0.95,0.32325200000000004,0.37325200000000003,745,386,826
A0ABW9EZ05,global_engineering_residual_score,0.95,0.3226878,0.3726878,746,390,826
A0ABM6UY29,global_engineering_residual_score,0.95,0.32299960000000005,0.37299960000000004,747,388,826
A0A380PUP1,global_engineering_residual_score,0.95,0.3218104,0.3718104,748,393,826
A0A380QEC0,global_engineering_residual_score,0.95,0.3226376,0.3726376,749,390,826
A0A857EZE8,global_engineering_residual_score,0.95,0.3222604,0.3722604,750,392,826
A0A3G5LJP4,global_engineering_residual_score,0.95,0.3229788,0.3729788,751,388,826
A0A085U312,global_engineering_residual_score,0.95,0.32199200000000006,0.37199200000000004,752,393,826
A0ABM6BL24,global_engineering_residual_score,0.95,0.321601,0.371601,753,395,826
A0ABM9SU56,global_engineering_residual_score,0.95,0.3218162,0.3718162,754,393,826
A0ABM5Q170,global_engineering_residual_score,0.95,0.32091400000000003,0.370914,755,398,826
A0ABM6BR49,global_engineering_residual_score,0.95,0.3201718,0.3701718,756,400,826
A0A0T9QWQ1,global_engineering_residual_score,0.95,0.320579,0.370579,757,400,826
A0A0H2YGI6,global_engineering_residual_score,0.95,0.31950880000000004,0.3695088,758,403,826
A0A0H3B4F8,global_engineering_residual_score,0.95,0.31974020000000003,0.3697402,759,402,826
A0AB73P3H5,global_engineering_residual_score,0.95,0.31892960000000004,0.3689296,760,405,826
A0A0T9JTP2,global_engineering_residual_score,0.95,0.31966180000000005,0.36966180000000004,761,402,826
A0A0T9R7L9,global_engineering_residual_score,0.95,0.319651,0.369651,762,402,826
A0A0H3AZK0,global_engineering_residual_score,0.95,0.3195156,0.3695156,763,403,826
A0A0T9TSE5,global_engineering_residual_score,0.95,0.3177628,0.3677628,764,410,827
A0AB72ZFA0,global_engineering_residual_score,0.95,0.3176956,0.3676956,765,410,827
A0ABM7ANY7,global_engineering_residual_score,0.95,0.3191544,0.3691544,766,405,826
A0AA36LKR2,global_engineering_residual_score,0.95,0.319103,0.369103,767,405,826
A0ABN5RAB4,global_engineering_residual_score,0.95,0.318643,0.368643,768,406,826
A0A380Q790,global_engineering_residual_score,0.95,0.3184562,0.3684562,769,407,827
A0ABX6FDR8,global_engineering_residual_score,0.95,0.31783480000000003,0.3678348,770,410,827
A0A2G4U6F2,global_engineering_residual_score,0.95,0.31809600000000005,0.36809600000000003,771,409,827
A0A0T9QH70,global_engineering_residual_score,0.95,0.31687360000000003,0.3668736,772,414,827
A0A0H3B283,global_engineering_residual_score,0.95,0.31707440000000003,0.3670744,773,413,827
A0ABN5RAC2,global_engineering_residual_score,0.95,0.3168886,0.3668886,774,414,827
A0A0T9JTR0,global_engineering_residual_score,0.95,0.31616940000000004,0.36616940000000003,775,418,827
A0AA44CKU8,global_engineering_residual_score,0.95,0.3159266,0.3659266,776,420,827
A0ABN4CUU3,global_engineering_residual_score,0.95,0.3149814,0.3649814,777,426,827
A0ABR4VWZ7,global_engineering_residual_score,0.95,0.31672300000000003,0.366723,778,415,827
A0A0T9RSX1,global_engineering_residual_score,0.95,0.31517320000000004,0.36517320000000003,779,425,827
A0A0T9QZG9,global_engineering_residual_score,0.95,0.31711700000000004,0.367117,780,412,827
A0ABY5ULB5,global_engineering_residual_score,0.95,0.31501140000000005,0.36501140000000004,781,426,827
A0A0T9KM84,global_engineering_residual_score,0.95,0.31384660000000003,0.3638466,782,433,827
A0A0T9QVI5,global_engineering_residual_score,0.95,0.31336620000000004,0.36336620000000003,783,436,827
A0A0T9RG16,global_engineering_residual_score,0.95,0.3130852,0.3630852,784,436,827
A0ABP2ECT0,global_engineering_residual_score,0.95,0.31319420000000003,0.3631942,785,436,827
A0ABM9SZ17,global_engineering_residual_score,0.95,0.3114986,0.3614986,786,446,827
A0A0E1NQK2,global_engineering_residual_score,0.95,0.3128322,0.3628322,787,438,827
A0AAX2I8P7,global_engineering_residual_score,0.95,0.31186440000000004,0.36186440000000003,788,443,827
Q7BTW6,global_engineering_residual_score,0.95,0.31108060000000004,0.36108060000000003,789,448,827
A0ABP1ZYW2,global_engineering_residual_score,0.95,0.31045160000000005,0.36045160000000004,790,450,827
Q66CW2,global_engineering_residual_score,0.95,0.3097132,0.3597132,791,459,827
A0AA36LJG1,global_engineering_residual_score,0.95,0.30957640000000003,0.3595764,792,460,827
A0ABM5UH02,global_engineering_residual_score,0.95,0.3089272,0.3589272,793,460,827
A0AA36PPQ7,global_engineering_residual_score,0.95,0.3067416,0.3567416,794,480,827
A0A0H2YNL1,global_engineering_residual_score,0.95,0.3079236,0.3579236,795,472,827
A0AA90XRZ3,global_engineering_residual_score,0.95,0.30668120000000004,0.35668120000000003,796,480,827
A0A0T9QD11,global_engineering_residual_score,0.95,0.3052288,0.3552288,797,495,827
A0ABP1ZSE7,global_engineering_residual_score,0.95,0.3062726,0.3562726,798,483,827
A0ABX6FAJ5,global_engineering_residual_score,0.95,0.3049462,0.3549462,799,497,827
A0A0T9UMN3,global_engineering_residual_score,0.95,0.30469440000000003,0.3546944,800,498,827
Q8D0C0,global_engineering_residual_score,0.95,0.3048814,0.3548814,801,497,827
A0A0T9QMF1,global_engineering_residual_score,0.95,0.3046852,0.3546852,802,498,827
A0A0U1R2K8,global_engineering_residual_score,0.95,0.3056504,0.3556504,803,492,827
A0AA36LJU6,global_engineering_residual_score,0.95,0.304279,0.354279,804,502,827
A0AA36LI15,global_engineering_residual_score,0.95,0.30398959999999997,0.35398959999999996,805,506,827
A0A0K1H0S6,global_engineering_residual_score,0.95,0.3041672,0.3541672,806,504,827
A0A0T9UVK2,global_engineering_residual_score,0.95,0.30306700000000003,0.353067,807,511,827
A0A857F028,global_engineering_residual_score,0.95,0.3039658,0.3539658,808,506,827
A0A0H3B6G4,global_engineering_residual_score,0.95,0.30285680000000004,0.3528568,809,512,827
A0A208ZVY5,global_engineering_residual_score,0.95,0.30080480000000004,0.3508048,810,530,827
A0ABN5RCP6,global_engineering_residual_score,0.95,0.3010218,0.3510218,811,527,827
A0A0T9UMW7,global_engineering_residual_score,0.95,0.3009388,0.3509388,812,529,827
A0AB72ZRU3,global_engineering_residual_score,0.95,0.2992188,0.3492188,813,540,827
A0A0U1HUK9,global_engineering_residual_score,0.95,0.29848220000000003,0.3484822,814,547,827
A0ABM7AMA1,global_engineering_residual_score,0.95,0.29600920000000003,0.3460092,815,569,827
A0AAV3B6C2,global_engineering_residual_score,0.95,0.29540900000000003,0.345409,816,576,827
A0A380QAJ4,global_engineering_residual_score,0.95,0.29434,0.34434,817,587,827
A0A0H3AZJ6,global_engineering_residual_score,0.95,0.2919994,0.3419994,818,610,827
A0A0T9QI62,global_engineering_residual_score,0.95,0.2916,0.3416,819,614,827
A0A0H2W0D6,global_engineering_residual_score,0.95,0.2911594,0.3411594,820,619,827
A0A2G4U1S2,global_engineering_residual_score,0.95,0.28686320000000004,0.33686320000000003,821,659,827
A0ABM9XV01,global_engineering_residual_score,0.95,0.28478400000000004,0.334784,822,675,827
A0ABX5QXI4,global_engineering_residual_score,0.95,0.28167200000000003,0.331672,823,696,827
A0AB72ZJY3,global_engineering_residual_score,0.95,0.2818406,0.3318406,824,695,827
A0A380QTR9,global_engineering_residual_score,0.95,0.2767484,0.3267484,825,729,827
A0A0T9UB25,global_engineering_residual_score,0.95,0.2753932,0.3253932,826,734,827
A0A0T9U5C6,global_engineering_residual_score,0.95,0.26850240000000003,0.3185024,827,767,827
